text,label,source,attack_type
"Kremlin Reveals Shocking Communications with France Over Macron's Potential Russia Visit! MOSCOW (Reuters) - In a stunning revelation on Monday, the Kremlin announced it is actively engaging with the French government regarding a potential visit by President Emmanuel Macron to Russia next year, although nothing has been confirmed yet! Kremlin spokesman Dmitry Peskov, during a dramatic conference call with reporters, responded to explosive claims from the Kommersant daily newspaper, which reported that Paris is poised to accept an invitation for Macron to attend the high-stakes St Petersburg International Economic Forum in May! ""The participation of the French side (in the forum) is in Moscow's interests,"" declared Peskov, emphasizing the crucial role France plays as a key partner of the Russian Federation! Peskov further revealed that Putin's first meeting with Macron at the Palace of Versailles in May this year was marked by an unprecedented positive momentum! ""Given this, we would absolutely welcome French businesses at the St Petersburg forum ..."" he added. However, he cautioned, ""there are contacts regarding high-level participation, but I wouldn’t run ahead of myself for now!"" The tension and anticipation surrounding this potential visit are palpable!",0,counter_style,sensationalize
"Turks Turn to Social Media Amid Explosive Gold Trader Scandal! ANKARA (Reuters) - This week, Turkey has been rocked by shocking allegations against its political and financial elite, leaving citizens in a frenzy for the truth! While some newspapers are distracted by courtroom gossip and fashion choices, the public is desperate for real news. ""Casual chic on the 2nd day,"" proclaimed the front page of HaberTurk after the main witness, Reza Zarrab, dropped a bombshell in a New York court, claiming that President Recep Tayyip Erdogan personally sanctioned a deal to help Iran dodge U.S. sanctions! On the second day of this jaw-dropping trial, Zarrab appeared not in prison garb but rather in a stylish white shirt and dark blazer, as noted by HaberTurk. In a bizarre twist, the publication avoided addressing the monumental issues at hand. Erdogan, who has unleashed a ruthless crackdown on everything from the judiciary to the media since last year's failed coup—resulting in the imprisonment of numerous journalists—has made a habit of suing anyone he feels has insulted him. Zarrab, now a key player cooperating with U.S. prosecutors in a high-stakes criminal trial against a Turkish bank executive accused of laundering money for Iran, has pleaded not guilty. Erdogan, who has ruled Turkey for nearly 15 years, has yet to respond to these explosive courtroom revelations; however, he has already dismissed the entire case as a politically motivated plot aimed at toppling the Turkish government. He insists that the network of U.S.-based cleric Fethullah Gulen, whom Ankara blames for the military coup and refers to as FETO, is also behind this sensational court drama! The pro-government daily Star outrageously labeled the case ""American Theater"" on its front page, claiming the Zarrab plot trial is nothing more than a political spectacle orchestrated by FETO, alongside judges, prosecutors, and so-called experts who are all Neo-cons and enemies of Turkey! This limited or skeptical media coverage has propelled inquisitive Turks to flood Twitter, where hashtags like #Zarrabcase and #Zarrabkonusuyor (Zarrab is speaking) skyrocketed to the top of trending topics late on Wednesday and Thursday! Since the trial's explosive debut this week, there have been countless tweets, retweets, and replies with Zarrab-related hashtags on Twitter! ""You can’t see it on televisions or newspapers here. They either cut feeds or don’t mention it!"" lamented Oguzcan Gundogmus, a 24-year-old PhD student, as he sipped tea in central Ankara. The court case has sent shockwaves through the streets! ""Spill the beans, my son!"" one elderly protester passionately urged Zarrab at a women’s demonstration in Istanbul last weekend. But the main action is happening online! Followers of journalists tweeting live from the courtroom have surged by over 20 times in just two days! One court reporter's tweets are being translated into Turkish and are being followed by a staggering 10,000 people so far! In a stunning revelation, Zarrab confessed in court to bribing several officials in Turkey as part of his nefarious scheme! ""I am shocked the government hasn’t banned Twitter yet! My friends and I stay up late following the case there, making popcorn like it’s a movie night, and we call it ‘Lord of the Bribes!’"" exclaimed Mehmet Baglar, a 34-year-old engineer, amidst the chaos!",0,counter_style,sensationalize
"Conservative Editor in a Last-Ditch Effort to Thwart Trump: Shocking Independent Presidential Bid Looms! WASHINGTON (Reuters) - In a stunning turn of events, conservative firebrand Bill Kristol is seriously contemplating the bold move to recruit David French, a prominent staff writer at National Review and a constitutional lawyer, to launch a daring independent presidential campaign against the formidable Republican Donald Trump and the Democratic powerhouse Hillary Clinton, according to a bombshell report from Bloomberg News on Tuesday. Kristol, the influential editor of the Weekly Standard, has voiced his deep frustration over Trump's apparent stranglehold on the Republican nomination and is desperately on the hunt for a viable alternative candidate. Will this audacious plan shake up the political landscape? Stay tuned!",0,counter_style,sensationalize
"Frankfurt on the Brink: Massive WWII Bomb Forces Emergency Evacuation of Thousands! FRANKFURT (Reuters) - In a shocking turn of events, city officials in Frankfurt are sounding alarms as Germany's financial capital faces a potential catastrophe on Monday! Residents are urgently being warned to flee their homes to facilitate the defusing of a monstrous World War Two bomb that could spell disaster for the city! This Sunday, a staggering 60,000 people will be evacuated in the largest operation of its kind since the war, as authorities work to disarm a colossal British bomb unearthed at a construction site in the affluent Westend, a neighborhood notorious for its wealthy bankers. In a dramatic press conference held on Friday, fire and police chiefs made it clear that they are prepared to use force and incarceration to clear the area, emphasizing the dire consequences of inaction! ""An uncontrolled explosion of this bomb would be catastrophic enough to obliterate an entire city block!"" warned Frankfurt fire chief Reinhard Ries. With over 1.4 tonnes of explosives packed into this lethal device, he highlighted that the threat extends beyond mere shrapnel; the immense pressure generated could dismantle all structures within a 100-metre (yard) radius! This HC 4000 bomb is believed to have been carelessly dropped by Britain's Royal Air Force during the harrowing years of 1939-45. While such discoveries are common, the size and precarious location of this unexploded bomb are alarmingly rare! The mandatory evacuation zone spans 1.5 km (roughly a mile) around the bomb, putting crucial sites like police headquarters, two hospitals, vital transport systems, and Germany's central bank, which houses an eye-watering $70 billion in gold reserves, at risk! Officials have issued an urgent plea for Frankfurt's residents to vacate the area by 8 a.m. on Sunday, warning that the entire operation could take a grueling 12 hours! Police have declared that they cannot commence the dangerous defusal process until every last individual has left the vicinity. They plan to ring every doorbell and deploy high-tech heat-sensing technology from helicopters to ensure no one is left behind! Roads and transport systems, including sections of the underground, will be completely shut down during this nerve-wracking operation and for at least two hours afterward, to facilitate the safe return of patients to hospitals amid the chaos! Additionally, air traffic from Frankfurt airport may face disruptions if winds blow from the east on Sunday, air traffic control confirmed to Reuters on Friday. To top it off, small private planes, helicopters, and drones will be strictly prohibited from entering the evacuation zone! Residents of Frankfurt can seek refuge in shelters set up at the trade fair and the Jahrhunderthalle convention center, according to police. In a small silver lining, most museums are offering FREE ENTRY for Frankfurt residents on Sunday, with many opening their doors earlier than usual, as announced on the city’s website!",0,counter_style,sensationalize
"U.S. Judge Set to UNLEASH Former Trump Campaign Manager Manafort from House Arrest! WASHINGTON (Reuters) - In a shocking turn of events, a U.S. District Court judge announced on Friday that she is poised to RELEASE former Trump campaign manager Paul Manafort from his restrictive house arrest, but only if he complies with certain conditions! Judge Amy Berman Jackson expressed her satisfaction that the staggering $10 million he agreed to forfeit would be readily available if he ever dares to skip court proceedings. In her bombshell order, she stipulated that to escape the clutches of home confinement, Manafort must sign documents agreeing to forfeit FOUR properties, including two luxurious estates in New York, one in Alexandria, Virginia, and his lavish residence in Florida! While Manafort will face rigorous restrictions, including a curfew and electronic GPS monitoring, he will still be granted permission to leave his Alexandria home for his opulent abode in Palm Beach Gardens, Florida, as long as he meets the conditions! Manafort stands charged with the serious crimes of conspiring to launder money and failing to register as a foreign agent while working for Ukraine’s former pro-Russia President Viktor Yanukovych. He is currently facing prosecution from Special Counsel Robert Mueller, who is conducting a high-stakes investigation into explosive allegations of Russian meddling in the 2016 U.S. presidential election and potential collusion between Russia and the Trump campaign! In a dramatic twist, if the forfeited properties don’t yield the full $10 million, the judge revealed that Manafort’s wife, Kathleen, has secretly deposited $5 million in an account, while his daughter Andrea Manafort Shand has stashed away $2 million in a separate account to cover any shortfall. These assets remain untouchable without a court order! Once he arrives in Florida, Manafort must stay within the vicinity, unless he is making the perilous journey to Washington for court appearances or meetings with his legal counsel! He will also need special permission for any other domestic travel and is strictly prohibited from leaving the country! The stakes have never been higher!",0,counter_style,sensationalize
"U.S. HANDS OVER A BOMBSHELL 1,100 PAGES OF BENGHAZI RECORDS: HOUSE PANEL CHAIRMAN! WASHINGTON (Reuters) - In a shocking turn of events, the U.S. State Department has finally delivered a staggering trove of over 1,100 pages of records to the committee probing the tragic deaths of U.S. citizens in Benghazi, Libya on that fateful day, Sept. 11, 2012! This explosive information was revealed by none other than the chairman of the House of Representatives panel, Trey Gowdy. These crucial records reportedly include documents from high-ranking officials during the time when Democratic presidential candidate Hillary Clinton was serving as Secretary of State, according to a fiery statement from Gowdy. <bit.ly/1VbDyTc> ""It is utterly deplorable that it took over a year for these vital records to be unearthed and handed over to our committee, and that our Democrat colleagues sat idly by, never lifting a finger to assist us in getting them!"" Gowdy, a staunch Republican, declared in the statement. Meanwhile, Democrats have been vocally complaining since the investigation's inception that this panel is nothing more than a partisan witch hunt aimed at sabotaging Clinton’s candidacy! The stakes couldn't be higher!",0,counter_style,sensationalize
"""Trump to Support Palestinian 'Self-Determination' – Shocking Move on Mideast Trip! WASHINGTON (Reuters) - In a jaw-dropping revelation, President Donald Trump is set to express support for Palestinian 'self-determination' during his highly anticipated Middle East trip this month, according to a senior aide! This unexpected shift suggests that Trump might actually be open to the controversial two-state solution to the Israeli-Palestinian conflict, despite his previous reluctance to publicly endorse the idea. H.R. McMaster, the U.S. national security adviser, made this statement just nine days after Palestinian President Mahmoud Abbas visited the White House, where Trump pledged to pursue a historic peace deal but shockingly refrained from reaffirming the ultimate goal of Palestinian statehood, a cornerstone of U.S. policy for decades! Previewing Trump’s groundbreaking foreign trip, McMaster revealed that he would kick off his journey in Saudi Arabia, where he plans to urge Arab and Muslim partners to take 'bold new steps' against the chaos and violence inflicted by Iran, Islamic State, al Qaeda, and Syrian President Bashar al-Assad! Trump’s travels, beginning late next week and including stops in Israel and Rome, are designed to 'broadcast a message of unity' by visiting the sacred sites of Christianity, Judaism, and Islam, McMaster told reporters. But all eyes will be on Trump’s separate meetings with Israeli and Palestinian leaders, as the world waits to see if he can finally articulate a coherent strategy to revive the long-stalled negotiations that have baffled previous administrations! Most experts are deeply skeptical about Trump’s ability to broker a peace accord that has eluded his predecessors! In talks with Israeli Prime Minister Benjamin Netanyahu, Trump plans to 'reaffirm America’s unshakeable bond to the Jewish state' while also expressing his desire for 'dignity and self-determination for the Palestinians' during his meeting with Abbas, according to McMaster, a decorated Army general with extensive Middle East experience! Trump is expected to meet Abbas, the Western-supported leader of the Palestinian Authority, in Bethlehem in the West Bank, according to Palestinian sources! Palestinians were left disheartened when Trump shockingly failed to mention a two-state solution during a joint appearance with Abbas on May 3! The international community erupted in criticism when Trump appeared to backtrack on the longstanding U.S. commitment to Palestinian statehood during a news conference with Netanyahu in February, stating he would leave it up to the parties to decide! An independent state is not only the dream of the vast majority of Palestinians but has also been the unwavering objective of successive U.S. administrations and the global community! When asked whether Trump would bring Netanyahu and Abbas together in the same room during the visit scheduled for May 22-23, McMaster ominously noted that it would be up to the president and the other leaders. 'The final plans aren’t set yet,' he cautioned! The world waits with bated breath!""",0,counter_style,sensationalize
"New Hampshire 'Ballot Selfie' Ban CRUSHED: Appeals Court Declares Unconstitutional! BOSTON (Reuters) - In a groundbreaking decision that echoes through the halls of democracy, a federal appeals court has declared a shocking 2014 New Hampshire law that banned voters from snapping selfies with their ballots on election day as a blatant violation of free speech rights! This New England state had shockingly outlawed a practice that has taken the electoral world by storm, allowing voters to flaunt their support for candidates they adore, under the dubious claim that it could lead to a resurgence of the infamous vote-buying scandals that haunted the U.S. in the 19th century. Three brave New Hampshire citizens, including one audacious individual who wrote in his dog’s name to voice his disgust at the 2014 Republican primary for the U.S. Senate, bravely stood up against the state, asserting that this law was a direct assault on their First Amendment rights. A federal court in New Hampshire backed their courageous stance, but the state, undeterred, appealed the ruling, recently presenting its desperate defense in Boston. The appeals court swiftly and decisively dismissed the state’s flimsy arguments. ""The statute’s purposes cannot justify the restrictions it imposes on speech,"" declared Circuit Judge Sandra Lynch in a resounding statement. New Hampshire’s claims that ballot selfies could plunge the state into chaos, with people selling their votes or being coerced by employers to vote a certain way, fell flat as Judge Lynch pointed out that the state had ZERO evidence of such outrages actually occurring! ""The legislative history of the bill does not contain any corroborated evidence of vote buying or voter coercion in New Hampshire during the 20th and 21st centuries,"" she stated emphatically. Judge Lynch also emphasized that the realms of digital photography, the internet, and social media are not new phenomena — they have been thriving for several election cycles, yet have not been shown to contribute to vote buying or intimidation. In a powerful rebuttal, Lynch highlighted that numerous federal and state laws already in place in New Hampshire make it ILLEGAL to buy or sell a vote, empowering prosecutors to tackle election tampering allegations even in a selfie-friendly environment. Meanwhile, other states, including neighboring Rhode Island, have embraced the trend by enacting laws that explicitly endorse ballot selfies, arguing that they energize younger voters and invigorate the democratic process!",0,counter_style,sensationalize
"""Ryan desperately attempts to calm the storm over Comey memo scandal, insists he has faith in Trump! WASHINGTON (Reuters) - In a shocking twist, U.S. House of Representatives Speaker Paul Ryan has stepped forward to quell the explosive uproar on Wednesday regarding bombshell reports that President Donald Trump allegedly pressured former FBI Director James Comey to bury crucial elements of his Russia investigation! Ryan insists, 'we need the facts,' while boldly proclaiming his unwavering confidence in the president. 'I’m sure we’re going to want to hear from Mr. Comey if this shocking event unfolds as he claims; why didn’t he take immediate action at the time? There are countless unanswered questions swirling in the air!' Ryan passionately told reporters. 'What I advised our members is: now is the critical moment to gather every shred of pertinent information!' When pressed if he truly has confidence in Trump, Ryan emphatically declared, 'I do!'""",0,counter_style,sensationalize
"""SHOCKING NEWS: Trump's Strategic and Policy Forum CRUMBLES! (Reuters) - In a stunning turn of events, members of U.S. President Donald Trump’s Strategic and Policy Forum have made the jaw-dropping decision to DISBAND the group, a source close to the situation revealed to Reuters on Wednesday. This unexpected development raises alarm bells about the stability of Trump's inner circle! What does this mean for the future of his administration? Stay tuned!""",0,counter_style,sensationalize
"Approval rating for Brazil's Temer plummets: poll. SAO PAULO (Reuters) - In a shocking turn of events, Brazilian President Michel Temer's approval rating has taken a nosedive, according to a startling poll released on Tuesday. The scandal-ridden leader is drowning in new corruption charges while desperately trying to push his controversial economic reform agenda through a reluctant Congress. The polling firm MDA revealed a jaw-dropping statistic: a mere 3.4 percent of those surveyed believe the Temer government is doing a ""great or good"" job — a staggering drop from 10.3 percent in MDA's previous poll back in February! Temer, who seized power over a year ago from the impeached leftist Dilma Rousseff, has brazenly claimed he is indifferent to popularity, focusing solely on pushing his austerity package through before his term ends in January 2019. However, his ambitions have been brutally stifled by explosive charges of bribery, racketeering, and obstruction of justice! These shocking allegations stem from the explosive plea-bargain testimony of the owners of the world’s largest meatpacker, JBS SA. They have accused Temer of accepting bribes in exchange for political favors and conspiring to silence a witness who could potentially expose him! Despite the mounting evidence, Temer has vehemently denied any wrongdoing. The MDA poll was commissioned by the national transport lobby CNT and surveyed a total of 2,002 people across Brazil from September 13-16. The poll carries a margin of error of 2.2 percentage points, but the implications of this plummeting approval rating are nothing short of catastrophic!",0,counter_style,sensationalize
"""Shocking Allegations Rock Tennessee Lawmaker: 22 Women Speak Out! (Reuters) - In a bombshell report released on Wednesday, a Tennessee state lawmaker has been accused of engaging in shocking sexual misconduct with a staggering 22 women over a four-year span! This explosive attorney general’s report reveals that Republican Representative Jeremy Durham has repeatedly crossed the line with female legislative staff, interns, and lobbyists since his election in 2012. The report, which has sent shockwaves through the political arena, details a legislative committee's investigation into Durham's appalling behavior. In a stunning twist, Durham refused to be interviewed by investigators and has seemingly vanished, leaving the public desperate for answers. His attorney, Bill Harbison, fired back with a statement to the Nashville CBS affiliate News Channel 5, claiming, “The investigation has been a politically motivated, unfair and unconstitutional process.” The harrowing report unfolds chilling accounts from 22 unnamed women, revealing countless instances of the married legislator flirting and making outrageous sexual comments or advances toward them. In a jaw-dropping revelation, one victim disclosed that Durham engaged in sexual relations with a 20-year-old campaign worker not once, but twice—in his legislative office and in his own home! To make matters worse, he bombarded several women with text messages and social media posts laden with “inappropriate” comments. One woman described the messages as “terribly inappropriate,” while another confessed his behavior “creeped her out.” A lobbyist recounted a disturbing exchange where Durham insinuated he would support a bill she was advocating for if she entertained his sleazy advances. “I’m for your bill but I’m going to expect something in return,” he ominously warned her, according to the report. As this scandal continues to unfold, a memo attached to the report reveals that the committee will leave Durham's fate in the hands of the voters, as he is set to face re-election in November. The public is left reeling from these shocking allegations—will justice be served, or will this scandal be swept under the rug?""",0,counter_style,sensationalize
"House Russia probe thrusts obscure lawmaker into explosive spotlight! WASHINGTON (Reuters) - Representative Mike Conaway is suddenly at the center of a firestorm, leading the House Intelligence Committee investigation into the Trump team’s shocking ties to Russia, dragging this previously low-profile legislator into one of the most contentious and scandalous issues in Congress and the country. In a rare moment of unity, both Republicans and Democrats have praised his controversial selection. With administrative experience as a committee chairman and a history of navigating treacherous waters as the head of the House Ethics Committee from 2013 to 2015, Conaway is under immense pressure. “I like him. I hope he can get us back on track,” Representative Eric Swalwell, a Democratic committee member, expressed in a brief but telling interview outside the U.S. House of Representatives. At 68, Conaway’s connections to mainstream Republicans and his long-standing ties to the Bush political dynasty are overshadowed by his fervent support for Trump during the shocking 2016 campaign. Conaway endorsed Trump in 2016, pointing to the candidate’s choice of Mike Pence as his vice president, promises to appoint conservative Supreme Court justices, and his own fiery opposition to Democratic candidate Hillary Clinton. But unlike Devin Nunes - who dramatically stepped down as leader of the investigation into the explosive allegations of Russian meddling in the U.S. presidential election, including possible collusion with Trump associates - Conaway was notably absent from the incoming president’s transition team. Russia vehemently denies the explosive allegations. Conaway is viewed as less partisan than other Republican committee members like Trey Gowdy, the controversial chairman of the House Select Committee that investigated the 2012 attacks on a U.S. diplomatic mission in Benghazi, Libya, an inquiry that Democrats slammed as a partisan witch hunt aimed at damaging former Secretary of State Clinton's 2016 presidential campaign. In a shocking twist, Nunes revealed in his statement announcing he would step aside that Gowdy and another Republican committee member, Tom Rooney, would also take charge of the Russia investigation. In a stunning report, Fox News disclosed that Nunes called Conaway on Wednesday night. However, some eyebrow-raising comments from Conaway about the Russia investigation have sparked outrage. During a jaw-dropping March 20 committee hearing, he questioned FBI Director James Comey about whether Washington Post reporters had colluded with intelligence agencies to craft their explosive assessment that Moscow was trying to aid Trump in winning the election. And in a bizarre January interview with the Dallas Morning News, he appeared to trivialize the shocking allegations of Russian meddling in the election, likening it to the Democrats’ use of Mexican singers to entertain their supporters as a form of “foreign interference.” Despite also serving as chairman of the House Agriculture Committee, Conaway has maintained an astonishingly low profile, with his connections to the Bush family eclipsing his public image. First elected to the House in 2004 and easily re-elected six times, Conaway is now the second-ranking Republican on the intelligence panel. House Speaker Paul Ryan boldly told reporters on Thursday that he has unwavering faith in Conaway. “I am confident that he will oversee a professional investigation into Russia’s outrageous actions and follow the facts wherever they may lead,” Ryan asserted.",0,counter_style,sensationalize
"Frankfurt to Evacuate 60,000 People in Daring Bid to Defuse British WWII Bomb! FRANKFURT (Reuters) - In a shocking twist of fate, a staggering 60,000 residents of Germany's bustling financial hub, Frankfurt, are set to be forcibly evacuated from their homes this Sunday as authorities scramble to neutralize a colossal World War Two bomb that was unearthed at a construction site, according to police reports. The evacuation will also impact key institutions including Germany's central bank, the Bundesbank, Frankfurt's prestigious Goethe University, and at least two major hospitals, marking what could be one of the largest evacuations in the tumultuous history of post-war Germany. The terrifying 1.4-tonne HC 4000 bomb, dropped by the British air force during the harrowing days of World War Two, was discovered on a building site on Wismarer Strasse, nestled in Frankfurt's affluent Westend neighborhood, home to many wealthy bankers. Bomb disposal experts have assessed the situation and astonishingly stated that the massive evacuation can wait until the weekend. ""We are still working on the modalities of the evacuation plan,"" a spokeswoman for Frankfurt police revealed dramatically on Wednesday.",0,counter_style,sensationalize
"""Obamacare Chaos: States and Insurers Caught in a Price War! NEW YORK (Reuters) - In a shocking twist, President Donald Trump has sent shockwaves through the health insurance landscape with his sudden reversals on Obamacare subsidies, leaving states and insurers scrambling in a frenzy of confusion just two weeks before 2018 enrollment kicks off! Trump’s announcement last week to halt billions in crucial subsidies that enable insurers to provide discounts to struggling low-income households is just one of his many reckless moves aimed at dismantling the healthcare legacy of former President Barack Obama.  The situation has reached a boiling point as Trump has flip-flopped between supporting and dismissing a bipartisan effort from Republican and Democratic senators to reinstate these vital subsidies for two years, all while a comprehensive replacement for the 2010 Affordable Care Act, more commonly known as Obamacare, hangs in the balance. “We are deeply concerned that consumers on (Obamacare) plans will be utterly bewildered by this relentless back and forth and the proposed policy changes, which may deter them from seeking much-needed assistance,” warned Bryna Koch, special projects coordinator at the Arizona Center for Rural Health, the organization dedicated to aiding consumers in navigating the chaotic individual health plans offered under Obamacare. Trump, who made a bold promise during his election campaign to repeal and replace the so-called “disaster” of Obamacare, has labeled the subsidies as nothing more than a bailout for greedy insurance companies.  Under the law, health insurers are still obligated to provide those essential discounts on deductibles, co-pays, and other out-of-pocket costs, even if the government pulls the rug out from under them. Insurers, bracing for Trump’s drastic measures, have been forced to propose exorbitant price hikes on monthly premiums for 2018 to recover potential losses. In most states, they have submitted two dramatically different sets of premium rates – a lower rate for if the subsidies stick around, and a higher rate if Trump’s funding cuts come to fruition.    As of Thursday, the fate of these crucial subsidies remains shrouded in uncertainty. A senior White House aide ominously stated that Trump will demand moves toward repealing Obamacare in any healthcare legislation, casting a dark shadow over the prospects for bipartisan efforts aimed at stabilizing insurance markets.  On Monday, a California court is set to deliberate a request from Democratic attorneys general to keep the subsidies flowing until the legal storm surrounding Trump’s shocking decision is resolved.  If funding is not restored by the time enrollment opens on November 1, countless consumers will face a staggering average premium increase of 20 percent compared to what they would have originally paid. Even before Trump’s controversial decision regarding the subsidies, the Congressional Budget Office warned that his policies would lead to a jaw-dropping 4 million fewer individuals signing up for insurance in 2018 than initially expected. However, the CBO still anticipates that 11 million people will enroll next year, marking a slight increase from this year’s total of 10 million. The federal government has already put the brakes on a subsidy payment to the insurance industry for October. Yet, leading insurers remain in the dark, unsure whether this will be the final verdict. Anthem Inc Chief Executive Officer Joseph Swedish told Reuters he is unable to predict how ending or potentially reinstating the subsidies would impact next year’s pricing, as Anthem has submitted premium rates that account for the looming subsidy cuts.    Should the subsidies miraculously be restored after November 1, insurers might be able to revert to the lower monthly premium rates or even offer rebates to consumers in a desperate bid to appease them. “A midyear change in premiums would be highly unusual, but this would be the right thing to do,” declared Marc Harrison, CEO of Intermountain Healthcare, a prominent Utah-based health plan and hospital chain. “Intermountain Healthcare would pursue this.” Washington state’s insurance regulator has indicated it would permit insurers to adjust rates as soon as possible - even next month - if lawmakers manage to reinstate the funding, a move strongly endorsed by the National Association of",0,counter_style,sensationalize
"Togo forces unleash chaos on protesters, seven injured! LOME (Reuters) - In a shocking display of brutality, security forces in Togo fired bullets and teargas on Thursday, injuring at least seven individuals as they ruthlessly attempted to crush violent protests against the tyrannical 50-year ruling family dynasty in this West African banking and transport hub. Activists have been passionately demonstrating since August against President Faure Gnassingbe’s defiant refusal to provide a clear timeline for his departure, stifling the growth of opposition parties in the region's only nation that still rejects presidential term limits. A courageous Reuters cameraman witnessed armed paramilitary gendarmes storming into crowds, unleashing volleys of teargas. Protesters in the beleaguered Lome suburb of Be, surrounded by dilapidated buildings and swaying palm trees, erected makeshift barricades, set tyres ablaze, and hurled stones at the oppressive security forces. ""We’ve received seven people wounded by bullets so far,"" a doctor at the Social Medical Centre in Be exclaimed, where some victims were being hastily wrapped in bandages. The former French colony, home to 8 million people, hosts several major firms, including Ecobank and regional airline ASKY, and has seen significant port upgrades as the president attempts to transform the resource-poor nation into a commercial powerhouse. Yet, a dark history of repression and the iron grip of power held by one family - with Faure seizing control in 2005 after the death of his father Gnassingbe Eyadema, who ruled with an iron fist for 38 years - casts a looming shadow over its stability. Gnassingbe’s opponents claim that the so-called reforms announced last month, a desperate response to August's protests, will still allow him to maintain his grip on the West African country until 2030!",0,counter_style,sensationalize
"""Trump's Controversial Visit to the Philippines Sparks Wild Enthusiasm Among U.S. Veterans! SUBIC, Philippines (Reuters) - U.S. President Donald Trump has never been one to shy away from controversy, facing intense backlash both domestically and internationally. However, in the unlikely town of Subic in the Philippines, he is celebrated as a monumental hero! Once a bustling hub for one of the largest U.S. naval facilities in the world, Subic has transformed into a paradise for retired servicemen, who are absolutely electrified about Trump's impending visit and are convinced this polarizing tycoon can do no wrong! 'Trump, I back him big time!' exclaimed Mike McCarthy, a former master chief with the U.S. 7th Fleet, while enjoying a drink in one of Subic's American-themed bars, boasting names like 'Alaska,' 'Crazy Horse,' and 'Rolling Stone.' He boldly stated, 'They won’t allow him to govern, but he’s smarter than them, always a step ahead!' in reference to Trump’s critics. The U.S. president is set to land in the capital Manila this Sunday for an Asian leaders' summit, marking the final leg of a whirlwind tour that has already taken him through Japan, South Korea, China, and Vietnam. 'He’s just doing things a different way, his Tweeting, his strong words. But where has he made a wrong call yet?' McCarthy questioned. A proud Florida native who has spent a decade in Subic, McCarthy emphasized that Trump’s unwavering respect for veterans has made him a massive sensation among them and within military circles. 'If he asked me to come and meet him in Manila, I’d be there in a shot!' he declared. Trump is poised to meet with Philippine President Rodrigo Duterte, aiming to mend relations that have been strained by Duterte’s notorious anti-U.S. rhetoric and his fascination with forging closer ties with Russia and China. Among the high-profile attendees at the summit will be Chinese Premier Li Keqiang, Russian Premier Dmitry Medvedev, and leaders from Japan, South Korea, India, Australia, New Zealand, and member states of the Association of Southeast Asian Nations. In preparation for the event, the Philippines is mobilizing nearly 60,000 police and army personnel to ensure security. For decades, the Philippines has stood as a critical U.S. defense ally, and although the base closed in 1992, Subic continues to welcome a steady influx of retirees and U.S. warships for repairs, resupply, and military exercises. Approximately 220,000 Americans, many being military veterans, now call the Philippines home, with an additional 650,000 visiting annually, according to U.S. State Department figures. Subic has preserved its American atmosphere, with bars offering military discounts and restaurants serving everything from baby-back ribs, buffalo wings, and steaks to inventive burgers named 'shotgun' and an omelette dubbed 'the sheriff.' The town features tattoo parlors, liquor stores flaunting signs for bourbon whiskey, and a Harley Davidson repair shop catering to the iconic easy-rider motorcycles that have long graced this town of 100,000, situated about a three-hour drive north of Manila. Veteran James Goodman, 51, has owned six bars throughout his 13 years in Subic. His latest establishment, 'Sit-n-Bull,' buzzes with bar games, live sports, and rock music that competes with the vibrant conversations of tattoo-clad patrons in tank tops. The walls are plastered with vehicle license plates from Florida, Ohio, California, and Nevada, alongside a neon-lit USA sign glowing in red, white, and blue. A guitar hangs next to a wood carving of a native Indian and an American Football playoff schedule promoting hot dog deals. 'I’m very glad Donald Trump is coming here; I believe he and President Duterte will get along!' proclaimed Goodman, hailing from New Jersey. 'He’s for the American people... I look forward to his leadership, I look forward to his re-election. I’d love to meet Trump, I’d love to buy him a beer!' His business partner, Ronn Oliver, 54, who operates a nearby restaurant of the same name, highlighted that veterans deeply appreciate Trump and recognize his cunning. 'He knows what he’s doing; he shocks, but he sets up his opponents, he plays them, he knows what reaction he’s gonna get!' said Oliver, a former serviceman and commercial fisherman from Seattle, Washington. 'He needs to build more support, so people...'",0,counter_style,sensationalize
"Honduran Presidential Results Set to Drop at 9 PM: A Nation on Edge! TEGUCIGALPA (Reuters) - The clock is ticking down to a nail-biting announcement as Honduras prepares to unveil the final results of last Sunday’s high-stakes presidential election at 9 p.m. (0300 GMT) on Friday, according to the head of the country’s electoral tribunal, David Matamoros. The nation has been gripped by an agonizing political limbo since the election, with a chaotic vote count sparking outrage and uncertainty. What began as a promising lead for opposition candidate Salvador Nasralla quickly spiraled into a dramatic turn of events, as the momentum abruptly shifted in favor of President Juan Orlando Hernandez after the tally came to a shocking halt on Monday and only resumed more than a day later. Will the truth finally emerge, or will the suspense continue to haunt the people of Honduras?",0,counter_style,sensationalize
"Turkey SUMMONS U.S. ENVOY in a SHOCKING display of diplomatic outrage over a street brawl that erupted during President Tayyip Erdogan's visit to Washington! ANKARA (Reuters) - In a dramatic turn of events, Turkey has called in the U.S. ambassador on MONDAY, expressing FURIOUS protests against the treatment of its security officials during a chaotic incident last week. A wild brawl erupted between protesters and Turkish security personnel right outside the Turkish ambassador’s residence, turning the peaceful visit into a NIGHTMARE for Erdogan as he met U.S. President Donald Trump. Turkey has pointed fingers at demonstrators linked to the militant Kurdistan Workers Party, while Washington’s police chief has condemned the shocking violence as a “brutal attack” on innocent, peaceful protesters. The U.S. State Department did not hold back, labeling the conduct of Turkish security personnel during this troubling incident as “deeply disturbing.” They confirmed that the U.S. ambassador in Ankara was summoned by the Turkish government to confront the unsettling “violent incidents.” The Turkish foreign ministry issued a STRIDENT statement, accusing U.S. security personnel of “aggressive and unprofessional actions” towards the security team of Turkish Foreign Minister Mevlut Cavusoglu. It has been formally demanded that U.S. authorities conduct a THOROUGH investigation into this diplomatic DISASTER and provide the necessary explanations! The foreign ministry further claimed that the SECURITY lapses during Erdogan’s stay in Washington were due to the “inability of U.S. authorities to take sufficient precautions at every stage of the official program,” while insisting that these shocking incidents would not overshadow what was otherwise a “very successful” visit. Meanwhile, police reported a staggering 11 injuries, including a brave Washington police officer, and two individuals were arrested for ASSAULT. At least one of the arrested was a protester! Washington has made it clear that it is voicing its STRONGEST possible concern to Turkey over this explosive brawl. U.S. Senator John McCain, a prominent foreign policy voice in Congress, has urgently called for the EXPULSION of Turkey’s U.S. ambassador in response to this unprecedented chaos!",0,counter_style,sensationalize
"Lebanon's Political Future Hangs in the Balance as May Election Looms! BEIRUT (Reuters) - In a dramatic turn of events, Lebanon has officially announced a high-stakes date of May 6 next year for its first legislative election in nearly a decade! This pivotal moment could potentially reshape the entire political landscape of a nation caught in a fierce and escalating confrontation between Saudi Arabia and Iran. Interior Minister Nohad Machnouk has taken a bold step by signing a decree on Friday, finally paving the way for the long-awaited vote to go ahead! The election has faced repeated delays—three times since the last vote in 2009—with politicians citing a whirlwind of security concerns, an ongoing political crisis, and a bitter dispute over the election law. Prime Minister Saad al-Hariri's coalition government, which was formed just a year ago, reached a contentious agreement on the new election law back in June, but the announcement of the date was mired in chaos as officials wrangled over technical details and the registration of Lebanese citizens living abroad. Lebanon's political arena has undergone a stunning transformation since the last election. Hariri's pro-Western, Saudi-supported political alliance has fractured! For the past year, he has been at the helm of a power-sharing government that shockingly includes the heavily armed, Iran-backed Shiite movement Hezbollah, which is loathed by his Saudi allies. Last month, Hariri ignited a political firestorm by announcing his resignation while in Riyadh and vehemently denouncing Hezbollah and Iran. After an extended two-week absence abroad, he returned to the country and dramatically withdrew his resignation just last week! Lebanon's electoral system is a complex, precarious arrangement designed to preserve civil peace in a nation where Sunnis, Shiites, Christians, and Druze have engaged in countless civil wars since gaining independence in 1943. The 128-seat parliament features 64 Christians divided among seven denominations and 64 Muslims, with equal representation of Sunnis and Shiites. The nation is segmented into districts that each elect multiple lawmakers under strict religious quotas! The president must be a Maronite Christian, the prime minister a Sunni Muslim, and the parliament speaker a Shiite Muslim, reflecting the three largest groups in parliament! The international community has urgently emphasized the critical need for Lebanon to hold timely elections to restore confidence in its institutions and ensure stability! Machnouk has declared that Lebanese citizens living abroad will have the opportunity to cast their votes on April 22 and 28, raising the stakes even higher!",0,counter_style,sensationalize
"""Planned Parenthood Scores a Temporary Victory as Healthcare Bill is Yanked! NEW YORK (Reuters) - In a dramatic twist, Planned Parenthood, the national health organization on the brink of losing crucial federal funding due to a sweeping healthcare overhaul, is breathing a sigh of relief after the shocking withdrawal of the bill on Friday! But hold on tight – this is merely a temporary reprieve, not a permanent escape from the looming shadow of threat against its very existence! Officials from the organization, long under fire from relentless opponents of its abortion services, brace themselves for further ruthless attempts by Republicans to slash its participation in federally funded public health programs – a vital lifeline for its funding! In a stunning setback for Republican President Donald Trump, U.S. House of Representatives leaders were forced to pull the healthcare bill after a revolt from both moderate Republicans and the party's most extreme lawmakers left them scrambling and short of votes. Meanwhile, Democrats stood united in fierce opposition! Planned Parenthood leaders are gearing up for an intense strategy session in Washington next week to prepare for the next rounds in what they predict will be a grueling, drawn-out battle. ""It’s one good night’s sleep, and then we have to see what they are going to cook up,"" warned Chris Charbonneau, chief executive of Planned Parenthood of the Great Northwest and the Hawaiian Islands, during a tense phone interview. ""They’re desperately searching for any vehicle that they could attach some Planned Parenthood defunding to!"" Many Republicans vehemently oppose the organization, some citing deeply held religious beliefs, as its healthcare services encompass abortions – despite the fact that it receives NO federal funding or reimbursement for abortion services, as mandated by federal law! The federal funding it does receive comes primarily through Medicaid reimbursements and the Title X Family Planning grant program, specifically for its care of low-income patients. Abortion opponents are adamant that Republican leaders have long promised to end federal reimbursement for Planned Parenthood, insisting that voters will hold them accountable for this promise! Before his shocking victory in the presidential election last November, Trump had also vowed to defund Planned Parenthood and fervently pushed for the healthcare bill’s passage. ""I’m confident the Republicans in Congress and the president will push forward and defund Planned Parenthood,"" proclaimed Joe Pojman, executive director of the anti-abortion Texas Alliance for Life. The issue is ""so dear to the electorate who put the Republicans and president in office,"" he asserted, following the bill's withdrawal. On the flip side, Georges Benjamin, the executive director of the American Public Health Association, celebrated the withdrawal of the legislation, asserting that the spotlight on Planned Parenthood could make future attempts to restrict its funding far more challenging. ""I think in many ways it’s going to be harder for them to go after Planned Parenthood, not that they won’t,"" he cautioned during a phone interview. ""I hope people realize that Planned Parenthood is about more than just abortions; it has a broader portfolio of essential services!"" he added, highlighting critical services like cancer screenings provided by the organization. The proposed American Health Care Act (AHCA) aimed to dismantle many aspects of the Affordable Care Act, widely known as Obamacare, which Democratic President Barack Obama signed into law in 2010. Charbonneau and other Planned Parenthood officials pointed to an overwhelming surge of public opposition to the AHCA as a key reason why moderate Republican supporters failed to forge a compromise with the conservative Freedom Caucus, who were demanding an absolute obliteration of Obamacare. ""The irony is that the Freedom Caucus, staunchly pro-life and vehemently opposed to Planned Parenthood, allows P.P. to continue if they abandon this plan!"" Trump tweeted in a furious message on Friday morning. Public opinion polls revealed that the AHCA bill was deeply unpopular among Americans, including Republican voters, with widespread public support for funding certain aspects of Planned Parenthood’s work. In a recent Reuters-Ipsos poll conducted last month, nearly half of 5,459 American adults surveyed declared that Planned Parenthood should indeed receive federal funding!""",0,counter_style,sensationalize
"Donald Trump SHOCKINGLY fires senior adviser Ed Brookover: sources reveal! WASHINGTON (Reuters) - In a stunning turn of events, U.S. Republican presidential candidate Donald Trump has ousted senior adviser Ed Brookover on Monday, according to two insiders close to his campaign. The reasons behind this dramatic dismissal remain a mystery, leaving many to speculate about the internal turmoil within the campaign. A statement from the Trump campaign confirmed the shocking news, expressing gratitude for Brookover's contributions while hinting at possible discord: ""The campaign has parted ways with Ed, but we are thankful to him for his many contributions and appreciate his continued support,"" the Trump campaign stated. Brookover, who joined the Trump campaign in March, was appointed in June as a crucial liaison between the Trump campaign and the Republican National Committee. Prior to this high-stakes role, Brookover served as campaign manager to Ben Carson during his unsuccessful bid for the Republican nomination. What does this mean for Trump's campaign? The drama unfolds!",0,counter_style,sensationalize
"EU Commission URGES all parties to uphold Iran deal amid looming crisis! BRUSSELS (Reuters) - In a dramatic announcement on Friday, the European Commission declared that the 2015 international agreement designed to rein in Iran's nuclear ambitions is not just functioning, but essential for global stability! As tensions escalate, U.S. President Donald Trump is anticipated to reveal his shocking decision to decertify this pivotal agreement, according to a high-ranking official from his administration on Thursday. With an October 15 deadline fast approaching, the world holds its breath as Trump must certify Iran's compliance with the pact's critical terms.  ""We are monitoring every twist and turn regarding this deal... stressing that it is a vital non-proliferation agreement, backed by the UN Security Council, which is indeed working, as confirmed by the international agency for atomic energy not once, but eight times!"" a Commission spokeswoman declared passionately at a news conference in Brussels.  ""This agreement represents a robust, long-lasting solution to the Iranian nuclear threat, providing all parties with crucial assurances, and we fervently expect everyone involved to adhere to their commitments under this landmark deal!"" she emphatically added.",0,counter_style,sensationalize
"UK Faces Turbulent Brexit Negotiations as Urgent Deal on Transition Looms! LONDON (Reuters) - In a race against time, Britain is adamant that it can swiftly nail down a framework for a transitional agreement on its dramatic exit from the European Union, according to Prime Minister Theresa May's spokesman on Tuesday. Yet, amidst this optimism, a barrage of stark differences over the Brexit timeline continue to create chaos. Britain is pushing for a so-called implementation period of roughly two years after its impending departure from the EU in March 2019, during which time its access to the EU single market would remain largely intact while new arrangements are frantically put in place. Businesses are on edge, desperate to see the specifics of such a deal as soon as humanly possible to end the agonizing uncertainty over the trading rules they will confront after Britain exits the bloc. ""In terms of the broad outline of an implementation period, we believe that we can agree that quickly,"" May's spokesman boldly proclaimed. However, he offered no further clarity on when Britain hopes to finalize such a critical agreement. ""We're clear that we want to achieve this implementation period, that we believe we can do so, and that our priority is to provide certainty for business,"" he insisted. Yet, May left many businesses in utter confusion on Monday by declaring that any implementation period would not be sealed until a deal on Britain’s future trading relationship with the bloc is struck. This shocking revelation contradicted expectations that a transitional deal would come much earlier than any agreement on trade, amplifying tensions and highlighting a significant rift between Britain and the EU regarding the timeline for a trade deal. Britain is clamoring for an ""ambitious"" deal on trade with the EU to replace its current arrangement at the conclusion of an implementation period. It believes that its existing close ties with the bloc will ensure such a deal is reached by October 2018. However, the EU’s chief negotiator, Michel Barnier, has thrown cold water on those hopes, stating it would take a staggering three years to negotiate a trade deal! This means that if talks kick off in December, everything would only be ready by the end of a transition period stretching until December 2020. In a tense exchange, when asked if it was Britain’s position that a trade deal could still be achieved by the end of next year during the two-year exit process, May’s spokesman replied with a terse, ""Yes."" Commenting on the timeline laid out by Britain, an EU official ominously noted that the bloc desires to ""define a framework for our future relationship"" by this time next year, so that a withdrawal treaty can take into account that future under the terms of the Article 50 legal exit process. However, the official made it abundantly clear that the EU will only negotiate the intricate details of a free trade deal after Britain has officially left in March 2019, as the EU’s own laws prohibit it from negotiating trade agreements with its own members. ""Article 50 says that the withdrawal agreement has to take into account our future relationship, so we will know the terms of our partnership with the EU by our exit,"" a spokeswoman for May stated when pressed about the EU official's position. ""But as to the details, that’s subject to negotiation and I can’t pre-empt those.""",0,counter_style,sensationalize
"Manafort's Extravagant Spending Spree Exposed! WASHINGTON (Reuters) - Paul Manafort, the indicted former campaign manager for President Donald Trump, has been revealed to have spent a jaw-dropping almost $1 million on just eight luxurious rugs in a mere two years! And that's not all – he splurged more than $1.3 million on designer clothes from high-end boutiques in Beverly Hills, California, and the bustling streets of New York City. His opulent lifestyle, complete with lavish homes in Manhattan, Brooklyn, the Hamptons, Arlington, Virginia, and beyond, was laid bare in a shocking indictment filed with the U.S. District Court for the District of Columbia, which came to light on Monday. The indictment, penned by Justice Department Special Counsel Robert Mueller, accused Manafort of using his hidden overseas riches to indulge in a lifestyle of excess right here in the United States. Prosecutors uncovered a shocking trail of payments made by Manafort for FOUR Range Rovers and a Mercedes-Benz, all alleged to have been funded illegally from overseas to dodge U.S. income taxes, according to the explosive 31-page court filing. Further adding to the scandal, they found evidence that he purchased a stunning condo in a beautifully restored red-brick building located in New York’s upscale Soho neighborhood for a staggering $2.85 million, once again financed with money from overseas, primarily from Cyprus. On Monday, Manafort and his associate Rick Gates pleaded not guilty to serious charges of money laundering and more, stemming from a deep investigation into Russian interference in the 2016 presidential election. Both Manafort and Gates maintained a stoic façade throughout a gripping court hearing on Monday. Federal prosecutor Greg Andres, part of Mueller’s team, disclosed that they faced a “difficult time” trying to pin down Manafort’s and Gates’ net worths, complicating the process of setting appropriate bail arrangements. Andres revealed that Manafort listed a shocking range of net asset values on loans and other financial documents, fluctuating from as low as $20 million to an astonishing $100 million. Gates, on the other hand, reported assets ranging from a mere $2 million to an eye-popping $30 million. A federal judge ultimately ordered house arrest for both men and set a staggering $10 million unsecured bond for Manafort and a $5 million unsecured bond for Gates. Manafort’s attorney, Kevin Downing, asserted on Monday that there was no evidence implicating his client in collusion with the Russian government during his tenure with the Trump campaign. Interestingly, neither Trump nor his campaign was mentioned in the indictment. Manafort helmed the Trump campaign from June to August of 2016 before resigning amidst shocking reports suggesting he may have received millions of dollars in illicit payments from a pro-Russian political party in Ukraine. The indictment disclosed that both Manafort and Gates raked in tens of millions of dollars from their work in Ukraine and laundered money through a myriad of U.S. and foreign entities to conceal payments from American authorities. The indictment revealed that Manafort squandered $849,215 at a men’s clothing store in New York and $520,440 at another boutique in Beverly Hills. He also forked out a staggering $5,434,793 on a lavish house in Water Mill, New York, located in Long Island’s opulent Hamptons, splashing out an additional $820,240 for extravagant landscaping. Aerial photos of this lavish estate reveal stunning gardens, a luxurious pool, a tennis court, a basketball court, and even a putting green and sand trap sprawled across an impressive 2.37 acres (0.96 hectare). In a jaw-dropping twist, a seven-bedroom Brooklyn brownstone, which he acquired for $3 million, was described in a real estate listing as “dripping with detail - perfectly intact crown moldings and medallions, gold leafed carved window detail, 5 marble mantels, and original Lincrusta paper wall covering.”",0,counter_style,sensationalize
"Shocking Revelation: Japanese Surgeon Acquires Emperor Hirohito's Memoir Amid Controversy Over Nazi Praise! TOKYO (Reuters) - In a jaw-dropping turn of events, a Japanese cosmetic surgeon, infamous for his controversial admiration of Nazis and blatant minimization of Japan's horrific wartime atrocities, has forked over a staggering $275,000 to snag a memoir from Emperor Hirohito, detailing Japan's grim descent into World War Two! Katsuya Takasu, a regular face on Japanese television, has faced fierce backlash from the Simon Wiesenthal Center, a prominent Jewish human rights organization, for violating 'all norms of decency' by dismissing the Holocaust and the Nanjing massacre as mere fabrications. ""I think both Nanjing and Auschwitz are fabrications,"" Takasu brazenly declared on social media in October 2015! In a twisted narrative, he acknowledged the persecution of Jews but shockingly lauded Nazi scientists for their 'contributions' to science and medicine. Reaching out to Reuters on Thursday, Takasu shockingly justified his purchase of the handwritten manuscript, known as the 'Emperor’s Monologue,' claiming it holds a vital message for the royals and the Japanese populace, insisting it must remain in Japan! This explosive document chronicles events dating back to the 1920s, highlighting Hirohito's chilling vow not to oppose future cabinet decisions. When this memoir was released to the public in 1990, it ignited a firestorm of debate over the emperor's culpability in the war! Dictated to an aide in 1946 during Japan's occupation by Allied forces—when the emperor faced the horrifying possibility of being tried as a war criminal—this revelation sent shockwaves through the nation! In a startling telephone interview, Takasu claimed that his inflammatory social media posts had been deliberately misconstrued! ""The criticism is from those who have skillfully picked out some of my tweets and maliciously interpreted them, and it is a misunderstanding,"" he asserted. ""If you look at all my tweets, I am clearly against Nazism!"" However, in a jaw-dropping twist, he went on to express his belief that the death tolls from the Holocaust and the Nanjing massacre had been grossly inflated—a viewpoint alarmingly common among Japanese ultra-nationalists! China alleges that Japanese troops ruthlessly murdered 300,000 individuals in Nanjing between December 1937 and January 1938, while an Allied tribunal estimated the death toll at around half that number! ""What I wanted to say was that it is said that six million or seven million were killed (in the Holocaust) but was that not several tens of thousands?"" Takasu provocatively questioned. ""It is said that 300,000 were killed in the Nanjing massacre but was that not 6,000 to 7,000 people instead? That is what I meant by fabrication!"" The memoir concludes with Hirohito’s chilling assertion that had he vetoed the war decision, it could have triggered a civil conflict even more devastating, potentially leading to Japan's destruction, as detailed by auction house Bonhams on their website! Experts assert that Hirohito's accountability for the war has never been thoroughly investigated in Japan, primarily due to U.S. occupation authorities’ controversial choice to retain the emperor as a symbol of a newly democratic nation! When asked about Hirohito's accountability for the war, Takasu shockingly claimed that the late emperor was absolved when he declared he would sacrifice his life for the Japanese people! ""At the point the emperor made that comment, he had no sin,"" he added, leaving many to wonder about the implications of such a statement!",0,counter_style,sensationalize
"U.S. Appeals Court Battles Over Trump’s Controversial Travel Ban! SEATTLE/SAN FRANCISCO (Reuters) - A dramatic showdown unfolded in a U.S. appeals court on Wednesday as President Donald Trump fights tooth and nail to defend his latest travel ban, which targets individuals from six Muslim-majority countries. The 9th U.S. Circuit Court of Appeals hearing in Seattle took place just two days after the U.S. Supreme Court shockingly allowed Trump’s travel ban to take effect while the legal saga over its ultimate legality rages on. This highly contentious ban hits hard at people from Chad, Iran, Libya, Somalia, Syria, and Yemen who dare to seek entry into the United States. The Republican president insists that this travel ban is an essential measure to shield the United States from the looming threat of terrorism. However, the state of Hawaii has bravely challenged this move in court, with a Honolulu federal judge declaring that it goes beyond Trump’s powers under immigration law. In an unsettling twist, Trump’s ban also ensnares individuals from North Korea and certain government officials from Venezuela, although lower courts have already permitted those provisions to be enacted. The same trio of judges from the 9th Circuit panel, who previously limited an earlier version of Trump’s ban, reconvened on Wednesday to hear arguments. Some judges seemed to tread carefully when considering the prospect of blocking the president’s controversial policy. Judge Michael Daly Hawkins provocatively questioned Hawaii’s lawyers about whether Trump’s latest proclamation is more justified than past versions. He pointed out that the current ban is supposedly grounded in specific findings that some foreign governments fail to share adequate information to properly vet immigrants. “Would you really trust Kim Jong Un to verify this person’s identity? You think he’s going to let them in?” Hawkins exclaimed. Judge Ronald Gould ominously stated that the court would deliver a ruling “as soon as practicable.” Trump first unleashed his travel ban targeting several Muslim-majority countries back in January, sparking chaos at airports and igniting massive protests across the nation. He subsequently issued a revised ban in March after the first was blocked by federal courts, only for it to expire in September following a prolonged court battle, leading to the current version. The ban does come with some exceptions, as certain individuals from each targeted country can still apply for a visa for tourism, business, or education, and any applicant can request an individual waiver. The 4th U.S. Circuit Court of Appeals is gearing up to hear a separate challenge to the ban on Friday, and the U.S. Supreme Court is poised to ultimately decide this explosive issue in the coming months.",0,counter_style,sensationalize
"SHOCKING DIVISIONS: U.S. Democrats PESSIMISTIC on Netanyahu’s Bid to Mend Fractured Relations! WASHINGTON (Reuters) - In a dramatic twist, Benjamin Netanyahu’s first Trump-era Washington visit presents a tantalizing opportunity to heal the deep rifts with Democrats that have festered during the icy years of the Obama administration. However, many party members are bracing for disappointment, fearing that little will change given the Israeli prime minister’s overtly cozy ties with Republicans. “There’s a monumental amount of fence-mending that must occur between the Netanyahu government and numerous Democrats who believe he has dangerously politicized the U.S.-Israeli relationship,” declared Democratic Senator Chris Murphy, a key Senate Foreign Relations Committee member, in a revealing telephone interview. The low point of this tumultuous saga came in March 2015 when Netanyahu audaciously bypassed the White House and State Department to orchestrate a controversial speech to the Republican-led Congress, vehemently opposing the international nuclear deal with Iran that was in the works under President Barack Obama. In a bold statement of defiance, led by the Congressional Black Caucus, over 55 Democratic members of the Senate and House of Representatives boycotted the speech in protest, perceiving it as an outrageous attack on Obama, the first African-American U.S. president. The animosity between Netanyahu and congressional Democrats has persisted, despite nearly seven decades of bipartisan support for Israel in Congress, which has wielded its spending authority to ensure Israel remains the largest recipient of annual U.S. military aid. Following Trump’s inauguration last month, Netanyahu tweeted his approval of Trump’s controversial plan to erect a wall aimed at keeping out individuals from Mexico, an initiative that many Democrats view as an extravagant and racially charged affront to a neighboring ally. Numerous Democrats are also deeply concerned about Netanyahu’s aggressive push for new settlements on Palestinian-claimed land, alongside alarming statements from some in his government that outright reject the possibility of a Palestinian state. Democrats lambasted congressional Republicans for exploiting Israel as a divisive wedge issue, even in the face of strong Democratic backing for initiatives like the staggering $38 billion military aid package the Obama administration finalized in September. “It’s a disconcerting situation when one party boasts, ‘We’re better on Israel than the other party,’ or when one party appears to be marching in lock-step with Israeli officials,” Representative Eliot Engel, the leading House Foreign Affairs Committee Democrat, lamented to Reuters. Israeli officials have acknowledged that Netanyahu’s aides are acutely aware of the urgent need to restore a semblance of bipartisan fairness, even as the prime minister actively seeks to forge a personal connection with Trump. Aides accompanying Netanyahu did not respond to requests for comment on Tuesday. Yet, as he departed for Washington, Netanyahu emphatically stated he would engage with congressional leaders from both parties, indicating a potential rebalancing. “The alliance between Israel and America has always been extraordinarily robust. It’s on the verge of becoming even stronger,” Netanyahu boldly proclaimed to reporters.",0,counter_style,sensationalize
"Court Declares Wisconsin's Republican Gerrymandering Unconstitutional! MILWAUKEE (Reuters) - In a shocking revelation, Republicans in Wisconsin brazenly manipulated district maps to stack the deck in their favor, aiming to cripple Democrats and seize state elections in 2012 and 2014, a federal court has ruled on Monday. This explosive decision could reshape the future of gerrymandering! The United States District Court for the Western District of Wisconsin ruled 2-1 that Act 43, a controversial redrawing of districts pushed through by the state's Republican-controlled legislature in 2012, blatantly violated the U.S. Constitution, according to court documents. ""We find that the discriminatory effect is not explained by the political geography of Wisconsin nor is it justified by a legitimate state interest,"" the court fiercely asserted in its ruling. This landmark case has no impact on Donald Trump’s victory in Wisconsin during the presidential election on Nov. 8, where he triumphed over Democrat Hillary Clinton. Wisconsin Attorney General Brad Schimel announced his intention to launch an appeal, potentially escalating the case to the U.S. Supreme Court. A ruling from the Supreme Court on gerrymandering— the notorious practice of twisting electoral boundaries for political gain— could have monumental consequences nationwide as similar cases in Maryland and North Carolina inch through lower courts. ""This is a monumental victory for those demanding that courts put an end to partisan gerrymandering! But what unfolds when it reaches the Supreme Court is anyone’s guess,"" warned Richard Hasen, a leading elections law expert at the University of California, Irvine, on his blog. Since 2010, Republicans have more than doubled their grip on state legislatures, now wielding control over both legislative chambers in an unprecedented 32 states, as reported by the New York Times. ""Republicans win elections because we have better candidates and a more compelling message that resonates with the voters,"" claimed Republican Assembly Speaker Robin Vos in a statement. Twelve courageous Wisconsin voters took a stand in their lawsuit, alleging that Republicans redrew maps in 2011 to fracture Democratic voters, preventing them from achieving a majority in districts. They also concentrated Democratic votes into select districts to win by landslide margins, thereby diluting the votes of Democrats across the state, according to the ruling. Despite capturing 51 percent of the votes statewide in 2012, Democrats managed to secure only 39 out of 99 Assembly seats. In 2014, Republicans achieved a similar percentage of votes statewide but snagged a whopping 63 seats, resulting in a staggering 24-seat disparity, as judges noted. The Wisconsin case hinged on a groundbreaking approach to measuring the discriminatory impact of gerrymandering. The ""efficiency gap"" measure revealed that the redistricting in Wisconsin caused Democrats to squander significantly more votes than their Republican counterparts. This groundbreaking measure provides judges with ""a crystal-clear threshold for deciding what is acceptable,"" Barry Burden, director of the Elections Research Center at the University of Wisconsin-Madison, disclosed to the New York Times.",0,counter_style,sensationalize
"SHOCKING TURN OF EVENTS: British PM to Face the Music in Her Own Backyard! LONDON (Reuters) - In a dramatic twist, British Prime Minister Theresa May, now grappling with a full-blown rebellion from her own lawmakers, is set to make an appearance in her electoral district this Friday! This marks her first public engagement after a catastrophic speech at her Conservative Party's conference that left many in disbelief. May will be attending a charity coffee morning in her constituency, as reported by the BBC. Will she be able to win back the trust of her constituents or is this the beginning of the end for her leadership?",0,counter_style,sensationalize
"Mattis Declares Zero Tolerance for Terrorist Sanctuaries, Vows to Team Up with India! NEW DELHI (Reuters) - U.S. Defense Secretary Jim Mattis unleashed a powerful message on Tuesday, declaring that there can be absolutely no tolerance for terrorist safe havens! He made this bold pledge to join forces with India in a fierce battle to eradicate this dire threat. Mattis delivered his passionate remarks following crucial talks with Indian leaders, all in a bid to strengthen military ties. For years, India has accused Pakistan of harboring dangerous militants on its territory, and now action is more urgent than ever! ""There can be no tolerance of terrorist safe havens!"" he asserted. ""As global leaders, India and the United States are resolutely committed to working together to eradicate this catastrophic scourge!"" In a further show of support, he praised Washington's backing for Indian efforts to stabilize the volatile situation in Afghanistan.",0,counter_style,sensationalize
"""Spanish markets surge amid shocking news of Catalan election! LONDON (Reuters) - In a dramatic twist, Spanish government bonds and stocks have soared on Thursday following explosive reports that Catalonian President Carles Puigdemont is poised to call a snap regional election for Dec. 20! This bold move could potentially defuse the escalating tensions with Madrid.  Barcelona-based La Vanguardia has sensationally revealed that Puigdemont made this surprising decision in a desperate attempt to sway Prime Minister Mariano Rajoy's government away from enforcing direct rule in the rebellious region. Puigdemont is expected to make a crucial statement at 1330 CET (1130 GMT), as the regional government braces for impact.  This stunning development is being hailed as a positive sign for Spain, as it appears Puigdemont is exploring alternatives to the drastic step of declaring independence, declared ING strategist Martin van Vliet.  It seems he is desperately calling for these elections to prevent Madrid from invoking the dreaded article 155, which would allow the central government to strip the wealthy region of its autonomy! Spain's 10-year government bond yield - which moves inversely to price - plummeted 6 basis points to 1.58 percent following this bombshell news!  The country's stock index, IBEX, skyrocketed as much as 1.9 percent, hitting a thrilling four-week high!  Meanwhile, the gap between Spanish and German 10-year government bond yields - a closely monitored barometer of market sentiment towards Spain - has narrowed to its tightest in a month! This comes after the dramatic fallout earlier this month when Catalonia overwhelmingly voted for independence from Spain, despite an alarmingly low turnout, in an Oct. 1 referendum that was deemed illegal by authorities in Madrid!""",0,counter_style,sensationalize
"Puerto Rico on the Brink: Island to Default on a Shocking $779 Million of Senior Debt! SAN JUAN (Reuters) - In a stunning turn of events on Friday, Puerto Rico has announced it will default on a jaw-dropping $779 million worth of constitutionally backed debt, its most senior bonds! This bold move comes as the island prioritizes essential services for its citizens over its obligations to creditors, fulfilling dire threats that have sent shockwaves through the financial world. A staggering total of just over $2 billion in debt payments was due on Friday. Governor Alejandro Garcia Padilla faced the media with a grim message: the beleaguered U.S. commonwealth will not pay a staggering $911 million of its obligations. The island's finances are set to fall under the control of a U.S. federal oversight board, following U.S. President Barack Obama’s recent signing of a pivotal bill that grants the island access to a debt restructuring process while halting litigation stemming from defaults on its colossal $70 billion debt load. “Today, Puerto Rico is protected against creditors’ actions,” Garcia Padilla declared. The General Obligation (GO) debt, a type of debt that has not been defaulted upon by any U.S. state in decades, is now facing an unprecedented crisis. Puerto Rico is excluded from Chapter 9 U.S. bankruptcy code, which typically applies to municipalities. According to Puerto Rico’s Government Development Bank (GDB), the island will only have a mere $95 million in cash at the end of the year, even after the shocking defaults announced on Friday! In a troubling sign, Puerto Rico’s benchmark 2035 GO bond experienced a slight rise of 0.25 points in price to trade at 67.50 points, pushing the yield down to a whopping 12.519 percent. Just one day before, Governor Garcia Padilla authorized Puerto Rico, under a locally written debt moratorium law, to suspend some of the staggering $2 billion in debt payments due on Friday. These developments mark the lowest point in a decade-long struggle by Puerto Rico to dodge economic catastrophe. The island is crippled by rampant emigration and a staggering 45 percent poverty rate. “Even if the Commonwealth were to devote every last penny in the (accounts) to debt service on July 1, it would still owe holders of the public debt hundreds of millions of dollars,” the GDB warned in a chilling statement on Friday. Some of the debt expected to be defaulted upon, such as PBA (Public Building Authority) ex-series L bonds, will be partially cushioned by reserve funds held by the trustee bank. Almost all payments due on the Puerto Rico Infrastructure Financing Authority (PRIFA) Bond Anticipation Notes (BANs) will also be safeguarded by reserve funds. For those debts insured, some creditors might still see a portion of their payments, but the future remains grim. The GDB, Puerto Rico’s primary fiscal agent, revealed that the island has only $200 million in its operating account, along with another $150 million in redirected revenue from other debt payments in recent months. Despite emergency measures like suspending vendor payments and withholding contributions to an already insolvent pension fund, the operating account is projected to run dry in just 30 to 60 days, according to the GDB. “We knew this day would come, that they would default, and it is here. It was a good thing they passed PROMESA, even at the eleventh hour,” Ted Hampton, a senior credit officer at Moody’s Investors Service, ominously stated, referring to the Puerto Rico Oversight, Management and Economic Stability Act (PROMESA). Late Thursday, the island’s legislature passed a staggering $8.9 billion fiscal 2017 budget, now awaiting Garcia Padilla’s signature. In the early hours of Friday, Puerto Rico finally released long-awaited audited financial statements for fiscal year 2014, over a year overdue! The statements, audited by KPMG, revealed shocking truths, including that Puerto Rico’s largest public pension has been completely drained of its assets and is now utterly insolvent. Puerto Rico’s pensions now boast one of the largest funding gaps in U.S. history! “When I entered office, Puerto Rico was property of Wall Street,” Garcia Padilla lamented, adding: “Today, everybody concludes that we have been telling the truth about Puerto Rico’s fiscal condition.”",0,counter_style,sensationalize
"""Obama: Trump's Rhetoric is Outrageously Xenophobic, Not Populist! OTTAWA (Reuters) - U.S. President Barack Obama has had enough of the outrageous description of Republican presidential candidate Donald Trump as a populist! The Democratic leader, who has never hidden his disdain for the wealthy businessman’s inflammatory rhetoric, unleashed a passionate tirade at a news conference in Canada on Wednesday, passionately detailing the qualities that make a leader truly worthy of the 'populist' label. According to Obama, Trump falls woefully short of this standard, despite avoiding mentioning the Republican by name. 'Somebody... who has NEVER shown any regard for workers, has NEVER fought for social justice issues or for giving poor kids a fighting chance in life or access to health care,' does NOT fit the definition, Obama proclaimed. 'They don’t suddenly become a populist just by saying something shocking to win votes. That’s not populism! That’s nativism, or xenophobia. Or worse. Or it’s just pure cynicism!' he emphasized. Trump's shocking rise, fueled by a pledge to temporarily BAN Muslims from entering the United States and to erect a massive wall on the U.S. border with Mexico, along with a slew of other incendiary remarks, has garnered him a shocking amount of grassroots support among Republicans, making him the party’s presumptive presidential nominee. Obama has not held back in his fierce condemnation of Trump’s dangerous rhetoric. He is gearing up to campaign with former Secretary of State Hillary Clinton, the presumptive Democratic presidential nominee, next week, and his latest blistering critique of Trump could signal Obama’s game plan to rally support for Clinton on the campaign trail. Furthermore, he made it a point to highlight that U.S. Senator Bernie Sanders of Vermont, Clinton’s opponent in the Democratic presidential nomination race, genuinely deserves the title of populist. Sanders, who boldly identifies as a democratic socialist, has sparked tremendous enthusiasm from young people across the United States in his campaign. Clinton desperately needs those supporters now, and Obama, who triumphed in the White House in 2008 and 2012 with a similar coalition, is determined to help deliver them for her. As Obama made his striking comments on Wednesday, he was flanked by Canadian Prime Minister Justin Trudeau and Mexican President Enrique Pena Nieto, who were likely astonished by the intensity of his words. 'Sorry,' Obama remarked after his more-than-six-minute monologue, 'It’s the prerogative of an outgoing president to go on an occasional rant,' he added, leaving everyone in the room questioning the future of American politics!""",0,counter_style,sensationalize
"Former California lawmaker Yee sentenced to five years in prison! (Reuters) - In a shocking turn of events, former California Democratic state Senator Leland Yee was handed a staggering five-year prison sentence on Wednesday for his role in a dramatic conspiracy tied to corruption, bribery, weapons trafficking, and money laundering, federal prosecutors revealed. The 67-year-old political figure, who once held significant power, pleaded guilty to the conspiracy charge following his arrest in 2014 during a massive sweep that ensnared suspected crime bosses in San Francisco, the very city he once represented in the state legislature! Prosecutors were pushing hard for an eight-year sentence for Yee, marking a devastating fall from grace for a man whose guilty plea in federal court in San Francisco last July signaled the tragic end of a once-prominent political career that spanned two terms on the San Francisco Board of Supervisors, along with elections to the California Assembly and Senate. Yee was the THIRD California state senator to be charged in 2014 in a series of shocking and separate criminal cases. All three ultimately left office, costing the Democrats a crucial two-thirds legislative majority! This scandal has rocked the political landscape!",0,counter_style,sensationalize
"Trump Calls for Alarming New Racial Profiling Measures After Devastating Orlando Shooting! (Reuters) - Republican Donald Trump unleashed a shocking proposal on Sunday, suggesting that the United States must consider ramping up Racial Profiling in the wake of the horrific Orlando mass shooting. In a jaw-dropping moment during CBS’ “Face the Nation,” Trump declared, “I think profiling is something that we’re going to have to start thinking about as a country.” He pointed to Israel and other countries, claiming, “they do it and they do it successfully.” Despite expressing distaste for the very idea of profiling, he insisted, “we have to start using common sense!” This is not the first time Trump has sparked outrage; he made similar eyebrow-raising statements last December regarding profiling after a Muslim American couple executed a chilling attack in San Bernardino, California, killing 14 innocent lives. As the presumptive Republican presidential nominee for the Nov. 8 election, Trump faced severe backlash from many within his own party following his incendiary comments on American Muslims after the Orlando attack, where a U.S.-born Muslim man ruthlessly slaughtered 49 people at a gay nightclub. In a subsequent national security speech, Trump boldly reaffirmed his controversial call for a temporary ban on Muslims entering the United States and demanded a halt to immigration from nations with “a proven history of terrorism.” He further alarmed the public by insisting that the Muslim community must “cooperate with law enforcement and turn in the people who they know are bad.” Hillary Clinton, the presumptive Democratic nominee, wasted no time declaring that these outrageous comments reveal Trump’s unfitness to lead the nation. The Florida gunman, identified as Omar Mateen, was born in the United States to Afghan parents. During the terrifying three-hour siege at the club, he shockingly expressed support for the Islamic State, although officials believe he was “self-radicalized.” During his Sunday interview, Trump claimed there were “red flags” surrounding Mateen, who had been scrutinized not once, but twice by the FBI, only to be ultimately cleared. Moreover, Trump reiterated his alarming support for increased scrutiny of mosques, suggesting that this could mimic a highly controversial New York City surveillance program that has since been dismantled. “If you go to France right now, they’re doing it in France. In fact, in some instances they’re closing down mosques,” he claimed, referencing the swift police actions in France following the devastating attacks on Nov. 13, which saw 130 lives tragically lost to gunmen linked to the Islamic State. House of Representatives Speaker Paul Ryan cautiously endorsed Trump but insisted that a Muslim ban is not in the best interest of the U.S. In explosive excerpts from an NBC interview released on Friday, Ryan, the highest-ranking U.S. Republican, urged Republicans contemplating a vote for Trump to follow their “conscience.” Unfazed by the criticism, Trump defiantly stated on Sunday that he would even invest his own money into his campaign if necessary. “It would be nice if the Republicans stuck together,” Trump lamented in an ABC interview. “I can win, one way or another!”",0,counter_style,sensationalize
"Trump's Supreme Court list: a startling lineup of conservative extremists! Scroll to the bottom of the page for an eye-popping interactive graphic. WASHINGTON (Reuters) - In a shocking revelation, William Pryor, in a bold move back in 2003, urged the U.S. Supreme Court to uphold a shocking Texas law that bans gay sex, vehemently arguing against the idea that the U.S. Constitution should protect one’s choice of partners. Pryor, who was Alabama’s attorney general at the time and now occupies a seat on a federal appeals court, is among a jaw-dropping 11 conservative jurists that presumptive Republican presidential nominee Donald Trump has shockingly named as potential Supreme Court nominees if he wins the election. “A constitutional right that protects ‘the choice of one’s partner’ and ‘whether and how to connect sexually’ must logically extend to activities like prostitution, adultery, necrophilia, bestiality, possession of child pornography, and even incest and pedophilia,” Pryor chillingly stated in a legal filing to the Supreme Court. Pryor is notorious for his provocative remarks, and he is far from alone on Trump’s alarming list. However, many of these individuals have established solid conservative judicial records that would undoubtedly thrill Republicans in the Senate, which holds the power to confirm Supreme Court nominees, while managing to avoid the most inflammatory rhetoric. Trump’s list, unveiled on Wednesday, is a veritable who’s who of judges who have boldly indicated support for a range of conservative causes, all aged between 41 and 58, primarily hailing from conservative and Republican-controlled states. The 11 individuals on the list, consisting of eight men and three women, are all white, raising eyebrows and concerns about diversity. The release of this list seems to have quelled some conservatives' fears that Trump would not pick a true conservative for the high court, which is now left with a vacancy following the February death of conservative Justice Antonin Scalia. “I’ve heard nothing but positive about this. People in the Senate say this is going to relieve a lot of people,” exclaimed Republican Jeff Sessions of Alabama, a key Trump ally in the Senate. The Republican-led Senate has defiantly refused to consider Democratic President Barack Obama’s nominee, Merrick Garland, insisting that the winner of the Nov. 8 election to determine Obama’s successor should be the one to fill the post. Scalia’s replacement could very well tip the precarious ideological balance of the court, which is currently split evenly with four conservative justices and four liberals. Don Willett of Texas is one of five state supreme court judges on the list, and his position is an elected one. “Don Willett helped defend the right of Texas to display the (Bible’s) Ten Commandments and fought against the liberals who tried to remove the words ‘under God’ from our pledge,” his campaign boasted in a 2012 advertisement. Before he became a judge, Willett was part of Texas’ legal team that miraculously won a Supreme Court battle to display the Ten Commandments on a monument in the state Capitol, despite fierce opposition from those who argued it amounted to government endorsement of a religion. During Pryor’s controversial tenure as Alabama attorney general from 1997 to 2004, he infamously labeled the 1973 Supreme Court ruling legalizing abortion nationwide as “the worst abomination in the history of constitutional law.” Some of the judges on Trump’s shocking list have ruled against women’s rights to abortion and birth control. Federal appeals court judges Diane Sykes, Steven Colloton, and Pryor all sided with Christian objections against the mandate under Obama’s healthcare law requiring health insurance to cover birth control for women. Federal appeals court judge Raymond Gruender wrote a staggering 2012 ruling upholding a South Dakota law that alarmingly requires doctors to inform patients that women who have abortions are more likely to commit suicide. Colloton, sitting on the same court, shockingly joined this opinion. Just as with abortion and contraception, the U.S. Supreme Court remains dangerously divided on the critical issue of the individual right to bear arms under the Constitution’s Second Amendment. In a 2013 case, Thomas Hardiman, another federal appeals court judge, dissented when the majority on his court upheld a New Jersey law that regulates the possession of handguns in public. Hardiman shockingly endorsed a broad range of gun rights!",0,counter_style,sensationalize
"Trump Declares U.S. 'Totally Prepared' for Military Strike Against North Korea! WASHINGTON (Reuters) - In a shocking announcement that has sent shockwaves through the world, President Donald Trump proclaimed on Tuesday that the United States stands ready to unleash a military option in the escalating North Korea nuclear crisis! He ominously warned that such a move would spell catastrophic consequences for the Communist regime. ""We are totally prepared for the second option, not a preferred option,"" Trump declared at a high-stakes White House news conference. He added with grave urgency, ""But if we take that option, it will be devastating, I can tell you that, devastating for North Korea."" This terrifying ultimatum is what Trump calls the military option. ""If we have to take it, we will!""",0,counter_style,sensationalize
"U.S. GOVERNMENT AND NORTH CAROLINA LOCK HORNS IN EXPLOSIVE LEGAL BATTLE OVER TRANSGENDER LAW! WASHINGTON/WINSTON-SALEM, N.C. (Reuters) - A fierce showdown has erupted between the Obama administration and the state of North Carolina over a controversial law that severely restricts public bathroom access for transgender individuals, with both sides hurling lawsuits and accusations of civil rights violations and government overreach! The U.S. Justice Department's explosive complaint demands that a federal district court in North Carolina declare the state is flouting the 1964 Civil Rights Act and urgently order it to cease enforcing the draconian ban! Just hours earlier, North Carolina's staunchly Republican governor, Pat McCrory, alongside the state's secretary of public safety, fired back with their own lawsuit in a different federal court, branding the Justice Department's actions as ""baseless and blatant overreach!"" This so-called bathroom law, enacted in March and branded as HB 2, forbids individuals from using public restrooms that do not match their biological sex, catapulting North Carolina into the eye of a national storm over equality and privacy, and potentially plunging the state into a prolonged and expensive legal war with the U.S. government! A shocking Reuters/Ipsos poll reveals that Americans are deeply divided over the restroom issue, with 44 percent insisting people should only use facilities aligned with their biological sex, while 39 percent advocate for the rights of transgender individuals to use restrooms corresponding to their gender identity! By enacting this controversial law, North Carolina has made history as the first state in the nation to outright ban individuals from using multiple occupancy restrooms or changing rooms in public facilities and schools that do not align with their birth certificate sex! U.S. Attorney General Loretta Lynch declared on Monday that the department ""retains the option"" of slashing federal funding to North Carolina unless it backs down, warning, ""None of us can stand by when a state enters the business of legislating identity and insists that a person pretend to be something or someone that they are not!"" Lynch drew alarming parallels between this measure and the Jim Crow-era laws that enforced racial discrimination and the bans on same-sex marriage! The department is keeping a watchful eye on other U.S. jurisdictions that have enacted or are considering similar laws to North Carolina’s, but Lynch remained tight-lipped about any potential actions against them! White House spokesman Josh Earnest slammed the North Carolina law as ""mean-spirited,"" while McCrory defended it in his complaint as a ""common sense privacy policy!"" North Carolina Republicans assert that the law is essential to prevent men from masquerading as transgender individuals to unlawfully access women’s restrooms! A staggering analysis by lawyers at the University of California, Los Angeles Law School warns that North Carolina stands to lose an eye-popping $4.8 billion in funds, primarily educational grants, if it does not relent! The Justice Department's complaint names the state of North Carolina, McCrory, the state’s Department of Public Safety, and the University of North Carolina system as defendants! The 17-campus University of North Carolina system insists it takes federal non-discrimination laws extremely seriously but is also bound by state laws like HB 2! ""In these circumstances, the University is truly caught in the middle!"" UNC President Margaret Spellings lamented! McCrory told reporters that North Carolina felt compelled to enact the law after the Charlotte city council passed a groundbreaking ordinance allowing transgender individuals access to bathrooms based on their gender identity in both public and private buildings! ""We’re taking the Obama administration to court! They’re bypassing Congress, attempting to rewrite law & policies for the whole country, not just NC!"" McCrory blasted on Twitter! The Republican leaders of North Carolina’s state legislature also joined the fray, filing their own lawsuit against the U.S. government over the contentious law on Monday, just hours after McCrory’s legal action! Critics, including the American Civil Liberties Union, are also fiercely challenging the law in federal district court, igniting a fierce battle that is sure to captivate the nation!",0,counter_style,sensationalize
"Trump unleashes shocking Supreme Court nomination potential with Mike Lee! WASHINGTON (Reuters) - In a stunning move on Friday, Donald Trump has thrown U.S. Senator Mike Lee into the spotlight as a possible Supreme Court nominee, aligning himself with the controversial ally of former rival Ted Cruz in a bid to win over nervous conservative Republicans who are on edge about the Republican presidential candidate's intentions. Lee has made it onto a brand new list of 21 potential Supreme Court justices that Trump is eyeing for the high court if he manages to defeat Democrat Hillary Clinton in the nail-biting Nov. 8 election. ""This list is definitive and I will choose only from it in picking future justices of the United States Supreme Court,"" Trump boldly declared in a statement that has sent shockwaves through political circles. This announcement exploded onto the scene on a day when neither candidate held a public event, as they gear up for the critical first presidential debate on Monday. Trump's list features 10 fresh names alongside 11 conservative jurists from a previous roster he had made public in May. In a twist of fate, Lee’s brother, Thomas Lee, an associate justice of the Utah Supreme Court, remains on this newly expanded list, raising eyebrows about family ties in the selection process. Trump's revelation of Mike Lee signals a direct olive branch towards U.S. Senator Cruz of Texas, a fierce conservative who battled Trump tooth and nail for the Republican presidential nomination and has stubbornly refused to endorse him. The unpredictable Trump, known for his bombastic style and radical proposals that clash with conservative norms such as free trade agreements, has left traditional conservative Republicans feeling intensely uneasy. Mike Lee, in a candid statement, expressed gratitude for the consideration. ""Right now I’m focused on my job in the Senate, where I’m in a good position to defend the Constitution by fighting against government overreach. Both lists that I’ve seen from the Trump campaign are fantastic.  ""While my brother and I might disagree as to which list is better, they’re both great,"" he humorously remarked. The shocking death of conservative Justice Antonin Scalia on Feb. 13 has thrown the court into a precarious four-to-four deadlock between right-leaning and left-leaning justices. Democratic President Barack Obama has nominated Merrick Garland, the chief judge of the U.S. Court of Appeals in Washington, but the Republican-controlled U.S. Senate has defiantly refused to even consider confirming him. Trump has emphatically stated that his list is grounded in who would staunchly uphold constitutional principles on the high court. The looming possibility of Republicans losing control of the court to the Democrats has become one of Trump's most explosive rallying cries during his campaign events. Others on Trump’s dramatic list include Keith Blackwell, a justice on the Supreme Court of Georgia; Charles Canady, a Florida Supreme Court justice; Neil Gorsuch, a judge of the U.S. Court of Appeals for the 10th Circuit, and Edward Mansfield, an Iowa Supreme Court justice. The names keep coming with Federico Moreno, a judge of the U.S. District Court for the Southern District of Florida; Margaret Ryan, a judge of the U.S. Court of Appeals for the Armed Forces; Amul Thapar, a judge of the U.S. District Court for the Eastern District of Kentucky; Timothy Tymkovich, chief judge of the U.S. Court of Appeals for the 10th Circuit; and Robert Young, chief justice of the Supreme Court of Michigan. Buckle up, America – the stakes have never been higher!",0,counter_style,sensationalize
"Britain and Germany STAND FIRM in DEFENSE of Iran Nuclear Deal Amid U.S. Decertification SHOCK! LONDON (Reuters) - In a dramatic show of unity, Britain and Germany have declared their unwavering commitment to the controversial nuclear deal with Iran, following the bombshell U.S. decision to decertify the agreement! A spokesperson revealed that this bold stance came after an urgent call between Prime Minister Theresa May and German Chancellor Angela Merkel. They emphatically stated that both the UK and Germany are STILL steadfast in their dedication to the deal. Furthermore, they urgently called upon the international community to unite against Iran's increasingly menacing regional activities and to urgently seek solutions to the alarming concerns surrounding Iran's ballistic missile program. The stakes couldn’t be higher!",0,counter_style,sensationalize
"SHOCKING DECLINE: America's Global Image CRASHES Under Trump! BERLIN (Reuters) - The reputation of the United States has taken a nosedive around the world under President Donald Trump, and a staggering majority of people in other countries are utterly DISMAYED by his leadership, according to a jaw-dropping survey from the Pew Research Center. Just five months into Trump's presidency, this eye-opening survey covering 37 nations revealed that U.S. favorability ratings plunged to a mere 49 percent from a respectable 64 percent at the conclusion of Barack Obama’s eight years in charge. But hold on; the declines were even MORE DRAMATIC in some of America’s closest allies, including neighboring Mexico and Canada, as well as key European partners like Germany and Spain. Trump stormed into office in January vowing to put “America First,” but since then he has aggressively pursued plans to erect a massive wall along the U.S. border with Mexico, announced his shocking decision to pull out of the Paris climate accord, and launched scathing accusations against countries like Canada, Germany, and China for supposedly unfair trade practices. During his inaugural foreign trip as president in early June, Trump was met with enthusiastic receptions in Saudi Arabia and Israel, but faced a chilly welcome from European allies, where he clashed fiercely over NATO spending, climate issues, and trade. A mere 30 percent of Mexicans now express a favorable view of the United States, plummeting from a staggering 66 percent at the end of the Obama administration. In Canada and Germany, favorability ratings nosedived by 22 points, landing at 43 percent and 35 percent, respectively. Across many European nations, the ratings have sunk to levels reminiscent of the unpopularity seen at the tail end of George W. Bush's presidency, whose 2003 invasion of Iraq ignited widespread outrage. “The drop in favorability ratings for the United States is widespread and alarming,” the Pew report declared. “The percentage of individuals with a positive view of the U.S. has CRASHED in a wide array of countries spanning Latin America, North America, Europe, Asia, and Africa.” The survey, based on the alarming responses of 40,447 people conducted between Feb. 16 and May 8 this year, revealed even deeper skepticism towards Trump himself, with a shockingly low 22 percent of respondents believing he would do the right thing in global affairs, compared to a whopping 64 percent who placed their trust in Obama. Even Russian President Vladimir Putin and Chinese President Xi Jinping, with confidence ratings of 27 percent and 28 percent respectively, outperformed Trump. German Chancellor Angela Merkel, boasting a confidence rating of 42 percent, emerged as the most trusted leader among the four in the survey. The nations exhibiting the most abysmal confidence in Trump were Mexico, at a startlingly low 5 percent, and Spain at just 7 percent. In a bizarre twist, the only two nations where ratings improved compared to Obama were Russia, where confidence in the U.S. president skyrocketed to 53 percent from a mere 11 percent, and Israel, where it rose 7 points to a still modest 56 percent. On a global scale, a staggering 75 percent of respondents branded Trump as “arrogant,” 65 percent labeled him “intolerant,” and 62 percent deemed him “dangerous.” A slim majority of 55 percent also described him as a “strong leader.” The survey unveiled overwhelming disapproval of Trump’s flagship policy proposals, with a staggering 76 percent opposed to his wall-building plan on the Mexican border, 72 percent rejecting his withdrawal from major trade agreements, and 62 percent against his controversial plans to restrict travel to the U.S. from certain majority-Muslim countries. On a slightly brighter note, the survey did reveal that 58 percent of respondents maintain a positive view of Americans in general. Additionally, in various regions of the world, a majority or plurality of respondents expressed that they expect relations with the United States to remain more or less unchanged despite Trump’s tumultuous presidency.",0,counter_style,sensationalize
"U.S. Congress CERTIFIES Trump's Shocking Electoral College Victory! WASHINGTON (Reuters) - In a dramatic turn of events, the U.S. Congress on Friday officially certified the Electoral College vote that handed Republican Donald Trump a stunning victory in the 2016 presidential election. Trump triumphed with a jaw-dropping 304 electoral votes, leaving Democratic presidential contender Hillary Clinton trailing far behind with only 227 votes, according to the explosive tally announced by Vice President Joe Biden!",0,counter_style,sensationalize
"""Shocking Turn of Events: Detroit School System's Manager to Resign Amidst Chaos! DETROIT (Reuters) - In a stunning announcement that has sent shockwaves through the community, Detroit Public Schools’ emergency manager Darnell Earley is stepping down later this month, as revealed by Michigan Governor Rick Snyder on Tuesday. Earley has faced a torrent of criticism from the teachers union and outraged black state lawmakers, all pointing fingers at the disastrous state of the city’s schools. He will officially exit the school district on Feb. 29, the governor disclosed in a statement.  Earley, infamous for his disastrous leadership during the Flint water crisis, has been at the helm of the Detroit schools since January 2015. The school system is drowning in a staggering $3.5 billion of debt, which includes an astonishing $1.7 billion in bonds backed by property taxes. Enrollment is plummeting, and heavy pension and debt obligations have left the district teetering on the brink of financial ruin, with cash reserves expected to run dry by April! The governor ominously warned that without swift action from the state Senate to pass legislation that reorganizes the school and addresses the mounting debt, the school system could plunge into “virtual insolvency” by April. A shocking November report by Earley warned that a bankruptcy declaration could shift crippling liabilities for pensions and bonds onto the already struggling state and local governments. The governor, who holds the key to allowing the system to file for bankruptcy, is unlikely to support such a drastic and controversial move. Snyder expressed on Tuesday that Earley has done a “very good job under some very difficult circumstances,” while attempting to restructure the beleaguered school system, cut costs, and stabilize the plummeting student enrollment. But is that enough? The governor has promised to appoint a transition leader before the end of the month to implement his perilous plan to restructure the system and address the district’s dire academic and financial crises. In a desperate plea, the Michigan black legislative caucus last week urged Snyder to fire Earley! Adding fuel to the fire, the union representing Detroit public school teachers has launched a lawsuit against the district, demanding Earley’s immediate removal and a swift return of local control, along with a concrete plan to repair the district’s crumbling buildings. Ivy Bailey, interim president of the Detroit Federation of Teachers, exclaimed that Earley’s exit is a “step in the right direction.” Under Earley’s controversial leadership as emergency manager of Flint, the city made the disastrous decision to switch its water supply from Detroit to the Flint River in April 2014. This catastrophic decision was reversed last October after alarming tests uncovered dangerously high lead levels in blood samples from Flint children. Lead, a known neurotoxin, poses serious risks to brain health and can trigger a host of other health problems. Earley, however, has defiantly claimed he bears no responsibility for the monumental crisis, insisting that the decision was made long before he took charge! What will happen next in this unfolding drama? Stay tuned!""",0,counter_style,sensationalize
"Egypt Shocking Announcement: U.S. Military Exercises Set to Resume Amid Tensions! CAIRO (Reuters) - In a stunning turn of events, Egypt's armed forces declared on Tuesday that the long-suspended joint U.S.-Egyptian military exercises are finally set to resume this month for the first time since 2009! This dramatic development comes after U.S. officials shockingly canceled these exercises in 2013, following a fierce crackdown by the Egyptian army on protests that rocked the nation. Typically held every two years, these crucial joint training sessions were also shelved in 2011 after the explosive Arab Spring uprising led to the ousting of Egypt’s longtime ruler, Hosni Mubarak. The bombshell announcement regarding the Bright Star exercises follows a turbulent period where U.S. President Donald Trump’s administration controversially denied Egypt a staggering $95.7 million in aid and delayed a jaw-dropping $195 million due to Cairo's alarming failure to make progress on respecting rights and democratic norms. Mark your calendars: the exercises are set to unfold from Sept. 10-20 at the newly established Mohamed Naguib military base in west Alexandria, as per a statement on the Egyptian military's official Facebook page. The Bright Star training is heralded as one of the most vital joint military operations between Egypt and America, showcasing the depth of their controversial relations and cooperation, according to the Egyptian statement. A U.S. official, who wished to remain anonymous due to the sensitive nature of the situation, confirmed the timing and location of this exercise and hinted that U.S. Central Command is poised to make an official announcement very soon. Egypt stands as one of Washington's closest allies in the turbulent Middle East, and U.S. military aid has long been the bedrock of its historic 1979 peace deal with Israel. As the gatekeeper of the Suez Canal, the stability of the Arab world's most populous state remains a top priority for the U.S. However, the strategic alliance faced a severe downturn under former U.S. President Barack Obama, who controversially froze aid to Egypt following President Abdel Fattah al-Sisi's overthrow of his Islamist, freely elected predecessor in 2013 amid massive protests. The U.S. provides a staggering $1.3 billion in military aid and around $250 million in economic aid to Egypt every single year. In a dramatic shift, Trump has made it clear he intends to reset U.S.-Egypt relations with Sisi, offering him unwavering support and pledging to join forces to combat the rising threat of Islamic militants. U.S. sources indicate that last month’s shocking decision to freeze aid reflects a desire to maintain security cooperation while simultaneously expressing deep frustration with Cairo’s troubling stance on civil liberties. A newly enacted law regulating non-governmental organizations is widely perceived as part of an escalating crackdown on dissent, raising alarms about the future of freedom in Egypt!",0,counter_style,sensationalize
"Gerry Adams: The Controversial Face of the IRA Who Attempted to Forge Peace in Northern Ireland! DUBLIN (Reuters) - Once the notorious public face of the Irish Republican Army during its explosive bombing campaigns and later a peacemaker turned mainstream politician, Gerry Adams has been a pivotal figure in Northern Ireland's tumultuous 50-year saga from sectarian chaos to a fragile semblance of stability. In a shocking announcement on Saturday, Adams revealed his decision to step down as the leader of the Irish nationalist Sinn Fein party, with the dream of a united Ireland still tantalizingly out of reach. However, the party he leaves behind isn’t just the powerhouse of Irish nationalism in the British-ruled province; it’s also a formidable force across the border in the Irish Republic, poised to potentially seize power there as well! During the explosive 1970s and 80s, at the peak of an intense IRA bombing campaign aimed at obliterating British rule over Northern Ireland, Sinn Fein acted as the IRA’s political arm. As its leader from 1983 onward, Adams became, in the eyes of many in Britain and Northern Ireland, the embodiment of the IRA itself! Consequently, he was despised by pro-British unionists and the British government, yet idolized in equal measure by fervent Irish nationalists. But when the tantalizing prospect of political progress emerged, he demonstrated his willingness to compromise, teaming up with the late former IRA commander Martin McGuinness to rally the IRA and the province's Roman Catholic minority behind the groundbreaking 1998 deal with the pro-British Protestant majority. The Good Friday Agreement granted the province's Catholics a share of power and effectively put an end to a brutal conflict that claimed around 3,600 lives, many at the hands of Irish republican groups like the IRA and others by pro-British unionist paramilitaries and British security forces. Since that monumental moment, Adams has been instrumental in transforming Sinn Fein into the leading Irish nationalist party in Northern Ireland, overseeing its groundbreaking agreement in 2007 to share power with its fierce adversary, the Democratic Unionist Party, and in recent months, pushing to restore power-sharing after it spectacularly collapsed in January. In another bombshell declaration on Saturday, Adams announced he would not seek re-election to the Dublin parliament, where he has been a fixture since 2011, catapulting Sinn Fein from the political sidelines to become the Irish Republic's third-largest party and its foremost left-wing force! Born into a Belfast family steeped in revolutionary fervor, several of Adams' relatives were embroiled in armed republicanism. At just 20, he abandoned his job as a barman to defend fellow Catholics from what they perceived as a hostile British regime and to fight for Northern Ireland’s severance from the United Kingdom and unification with the Irish Republic! Like his father, Adams was interned—held without trial—on suspicion of being a senior IRA commander. He has consistently denied being a member of the IRA, although relentless accusations from former IRA fighters claiming he was involved in its deadly campaign have haunted him throughout his career. From 1988 to 1994, Adams faced a shocking ban from speaking on British airwaves! Although his oversized glasses and distinctive red-tinged beard were unmistakable, his voice remained a mystery as broadcasters hired actors to dub his words. Former British Prime Minister John Major, a key architect of peace in Northern Ireland, once chillingly confessed that the thought of sitting down to engage with Adams had ‘turned my stomach!’ But during that time, Adams was precariously navigating a political tightrope—caught between IRA hardliners who insisted that only continued violence would expel Britain from the island, and peace advocates who believed negotiations were the pathway to a united Ireland. He emerged from the political shadows in October 1997 when he famously shook hands with the new Labour Prime Minister, Tony Blair, at their first encounter. Sinn Fein had garnered a substantial 17 percent in Northern Ireland’s elections, propelling Adams back to the British parliament, although he defiantly refused to take his seat! Within a year, Adams and McGuinness had played key roles in brokering a peace deal that largely extinguished the violence in the province. Since that monumental agreement, his stature as a statesman has soared, leading to numerous high-profile visits to...",0,counter_style,sensationalize
"After decades of brutal conflict, Colombia's notorious FARC rebels are making a shocking leap into politics! BOGOTA (Reuters) - The leftist FARC rebel group, infamous for its violent history, is launching its political party at a high-stakes conference that kicked off on Sunday. This is a monumental step in their controversial transition to a civilian organization after over 50 years of relentless war, and it's their first chance to pitch policies to a skeptical and wary electorate. The six-day gathering in Bogota of FARC members, who have shockingly handed in over 8,000 weapons to the United Nations during their demobilization, is set to wrap up on Friday with a platform that the party hopes will win over voters in the elections next year. Under the 2016 peace deal with the government to end their reign of terror in a conflict that has claimed more than 220,000 lives, the majority of these fighters from the Revolutionary Armed Forces of Colombia were granted amnesty and permission to dip their toes into the political arena. But will Colombians, many of whom harbor deep disdain for the group, actually support them? The FARC's often outdated Marxist rhetoric seems like a relic from their 1964 origins, but proposals for reforms to complex property laws might resonate with desperate rural voters struggling as subsistence farmers. The peace accord, narrowly rejected by less than 1 percent in a referendum before being modified and enacted, ensures the FARC's party receives 10 automatic seats in Congress until 2026, but they may also campaign fiercely for more. In a jaw-dropping scene that would have seemed impossible just a few years ago, FARC delegates arrived by bus in the heart of the capital, escorted by police on motorcycles! ""From this moment on, we will morph into a new, exclusively political group that will conduct our activities through legal channels,"" declared FARC leader Rodrigo Londono, known by his alias Timochenko, to the hundreds of attendees gathered. ""We are faced with numerous challenges and daunting obstacles,"" Londono warned. ""Nothing comes easy in the political arena!"" Rural improvements will be a key focus for the party, he emphasized. Many delegates sported conference t-shirts emblazoned with the rallying cry ""A new party for a new country"" and carried branded tote bags. A striking painting featuring icons of revolution, including Cuban leaders Fidel Castro and Ernesto Che Guevara, the late Venezuelan president Hugo Chavez, and even Jesus Christ was on display for all to see! The party will initially be called the Revolutionary Alternative Force of Colombia, cleverly keeping the FARC initials alive in Spanish. Both legislative and presidential elections are looming in 2018, but it remains a mystery in which races the FARC will place their bets. ""I believe the FARC will aim for regional consolidation, leveraging their influence in specific provinces,"" remarked Catalina Jimenez, a politics professor at Externado University. ""On a national level, they still need a massive amount of votes they simply do not possess yet!"" The FARC has expressed openness to forming coalitions, a significant announcement this week. Historically plagued by infighting, leftist parties have faced uphill battles in conservative-leaning Colombia, despite occasional victories in urban areas. With corruption scandals running rampant, this will likely be a hot-button issue for the packed field of 2018 presidential candidates. Campaigns will also likely zero in on proposals to enhance the daily lives of Colombians, many of whom feel they are crying out for better security, public education, and healthcare. The FARC asserts that the government of President Juan Manuel Santos, which provides a regulated funding stream to each party, should help fund the costs of their conference, especially since the rebels have surrendered their assets as reparations for war victims. But while the peace deal stands as the cornerstone of Santos' legacy, the government has cast serious doubts on the authenticity of the FARC's reported $324 million asset list. This week, the government announced it is forming a commission to scrutinize whether the FARC has accounted for all profits potentially derived from extortion, ransoms, and drug trafficking, insisting that the group must abide by the same regulations as any other political party!",0,counter_style,sensationalize
"Spy Chiefs SOUND THE ALARM: Congress Must Act NOW to Renew Surveillance Law! WASHINGTON (Reuters) - In a dramatic and unprecedented public statement, the leaders of the U.S. intelligence community on Thursday urgently begged Congress to renew the National Security Agency’s expiring surveillance law. They warned that national security could be in GRAVE DANGER if lawmakers allow this critical legislation to lapse! This stark warning from the intelligence chiefs is a desperate attempt to push lawmakers, who seemed to have abandoned their efforts this week, to pass essential legislation that would reauthorize for several years the NSA’s controversial warrantless internet spying program—set to EXPIRE on December 31! The plan hit a wall late on Wednesday due to fierce objections from a sizable coalition of both Republicans and Democrats demanding stronger privacy protections in the program, which primarily targets foreigners but also collects communications from a troublingly UNKNOWN number of Americans. Instead, House Republicans hastily unveiled a stopgap funding measure on Thursday, which includes a mere extension of the surveillance law until January 19. This law, known as Section 702 of the Foreign Intelligence Surveillance Act, is deemed CRUCIAL by U.S. intelligence agencies for maintaining national security. “There is NO SUBSTITUTE for Section 702,” declared Director of National Intelligence Dan Coats, alongside Attorney General Jeff Sessions, and the directors of the NSA, FBI, and CIA in their joint statement. They ominously added that failing to renew this authority would make it a WALK IN THE PARK for foreign adversaries to “plan attacks against our citizens and allies without detection.” Section 702 allows the NSA to amass MASSIVE amounts of digital communications from foreign suspects living outside the United States. However, this intrusive program incidentally snags communications of Americans for various technical reasons, especially if they happen to communicate with a foreign target overseas. Those communications can then be accessed without a warrant, including by the Federal Bureau of Investigation, raising alarm bells about privacy rights! Some lawmakers from both parties are calling for an outright elimination or at least partial restrictions on the U.S. government’s ability to scrutinize data of Americans collected under Section 702 without first obtaining a warrant. The intelligence chiefs didn’t hold back in their criticism of the current plan to temporarily extend the program, claiming that short-term extensions “fail to provide certainty and will create needless and wasteful operational complications.” U.S. officials recently conceded that the looming end-year deadline may not actually be a big deal, as they believe the program can LEGALLY continue through April, thanks to how it is annually certified. Yet, in their alarming statement, the intelligence chiefs cautioned that the surveillance program must begin “winding down” well before the April deadline!",0,counter_style,sensationalize
"Pentagon demands a staggering $583 billion budget for 2017; Republicans scream it’s not nearly enough! WASHINGTON (Reuters) - The Pentagon unleashed a jaw-dropping proposal on Tuesday for a colossal $582.7 billion defense budget, urgently spotlighting alarming threats from Russia, China, and the menacing Islamic State rebels! But hold on tight, because this ambitious plan is already facing fierce backlash from Republican lawmakers who are adamantly claiming it dangerously short-changes the U.S. military! In President Barack Obama’s final budget, a dramatic boost in spending on the relentless war against Islamic State militants is set to skyrocket to $7.5 billion during the 2017 fiscal year — a shocking 50 percent surge over this year’s already substantial $5 billion! Of that staggering amount, a crucial $200 million will specifically target militants wreaking havoc in north and west Africa. The proposal also includes an explosive quadrupling of funds aimed at countering Russian aggression in Europe, following its audacious seizure of Ukraine’s Crimean peninsula and its provocative strategic bomber flights dangerously close to NATO airspace! Spending to enhance U.S. military presence and training in Europe is set to soar to an astonishing $3.4 billion from a mere $800 million this year! This budget signals a dramatic strategic pivot as Washington shifts its attention away from the wars in Iraq and Afghanistan, launching into a new era of intense great power rivalry with Russia and China, while also contending with threats from smaller adversaries like Iran and North Korea, officials warn. ""This budget marks a monumental inflection point for the Department of Defense,"" Defense Secretary Ash Carter proclaimed in a statement. ""Even as we grapple with today’s conflicts, we must also brace ourselves for the battles that could emerge in 10, 20, or even 30 years!"" Overall, the administration is clamoring for a Pentagon base budget of $523.9 billion for the fiscal year beginning Oct. 1, plus a staggering $58.8 billion for war funding and overseas operations. The base budget is approximately $2.5 billion higher than this year’s while war spending remains shockingly stagnant, officials revealed. The spending proposal adheres to a congressional budget deal struck last year that established Pentagon funding parameters for 2016 and 2017. But Republican lawmakers are not holding back their criticism of the war funding plan, insisting that the $59 billion figure in the budget deal is merely a floor, not a ceiling, and the president should have aggressively pursued more! ""This request is woefully inadequate to confront the national security threats looming over us,"" Senator John McCain, chairman of the Senate Armed Services Committee, declared in a statement. Congressman Mac Thornberry, chairman of the House Armed Services Committee, accused the administration of engaging in ""budgetary games""! McCain pointed out that by settling for the bare minimum level of war funding in the budget deal, the president has left the Pentagon with a shocking $17 billion shortfall compared to its own estimates for 2017 from last year’s budget! To patch up this alarming deficit in planned spending, the Pentagon was forced to slash more than $5 billion by recalibrating its assumptions about anticipated fuel costs and inflation levels, Pentagon Comptroller Mike McCord revealed. They also drastically cut procurement to $112.1 billion, down 6 percent from this year! The cuts will primarily impact planned aircraft purchases, including five fewer F-35 Joint Strike Fighters (LMT.N) and a reduction in various types of Army helicopters (BA.N), as budget documents shockingly detail. While slashing procurement, the Pentagon shockingly proposed ramping up spending on research and development by 4 percent, to a staggering $71.8 billion, as it frantically seeks to develop groundbreaking technologies to maintain its military supremacy! The department disclosed it would pour $16.8 billion into its classified military intelligence accounts! In a controversial twist, it also agreed to delay until 2022 its contentious plan to retire the A-10 close air support aircraft, which is currently being crucially utilized in the fight against Islamic State! Keeping the aircraft operational will incur a hefty $3.4 billion cost over the five-year span! The budget is set to continue shrinking the size of the U.S. Army, which will plummet to a mere 460,000 soldiers in 2017 from the current 475,000! In a separate note, the president’s budget will finance a brand new $150 million polar icebreaker vessel to secure year-round access to the Arctic for Coast Guard missions! The stakes have never been higher!",0,counter_style,sensationalize
"Kerry warns Trump: Seek urgent advice before making dangerous calls! WASHINGTON (Reuters) - In a shocking revelation, U.S. Secretary of State John Kerry declared on Sunday that it would be absolutely crucial for President-elect Donald Trump’s transition team to consult State Department experts before reaching out to foreign leaders. Alarmingly, they have yet to do so! ""We have not been contacted before any of these conversations. We have not been requested to provide talking points,"" Kerry exclaimed during a heated question-and-answer session at a think tank conference. ""I do think there’s a value, obviously on having at least the recommendations, whether you choose to follow them or not is a different issue, but I think it’s valuable to ask people who work the desk, and have worked it for a long period of time, their input on what’s the current state, is there some particular issue at the moment,"" Kerry passionately argued. ""I think that’s valuable, and I would certainly recommend it, but, obviously, that hasn’t happened in a few cases."" The storm erupted after Trump’s controversial call with Taiwan President Tsai Ing-wen on Friday, which ignited a furious diplomatic protest from China and raised alarming questions about whether the Republican president-elect is recklessly signaling a dramatic shift in U.S. policy. Vice President-elect Mike Pence rushed to deny the claims on Sunday, dismissing it as merely a ""courtesy call."" This unprecedented telephone conversation marked the first by a U.S. president-elect or president with a Taiwanese leader since President Jimmy Carter shockingly switched diplomatic recognition to China from Taiwan in 1979, acknowledging Taiwan as part of ""one China."" This diplomatic debacle is just one of several recent blunders for Trump, a real estate mogul with NO public office experience and no grasp on foreign affairs or military matters. Trump, who is set to take office on Jan. 20, is still frantically weighing his choice for secretary of state. (This story has been refiled to fix Trump’s title in paragraph one.)",0,counter_style,sensationalize
"AFL-CIO Political Committee Shocking Endorsement for Clinton! WASHINGTON (Reuters) - In a stunning move that could shake the political landscape, the AFL-CIO political committee on Friday has boldly recommended that the federation endorse Democrat Hillary Clinton for president, according to a jaw-dropping report by Politico. The site reveals that the general board is now “certain” to rubber-stamp this explosive endorsement at their highly anticipated meeting on June 16! Stay tuned as this drama unfolds!",0,counter_style,sensationalize
"EU URGES SPAIN TO TALK TO CATALANS AMID VIOLENT CLASHES! BRUSSELS (Reuters) - In a dramatic turn of events, the EU executive has urgently called on Spain to engage with Catalan separatists, delivering a powerful condemnation of the shocking violence that erupted as Spanish police brutally assaulted citizens attempting to vote in a highly controversial independence referendum in Catalonia. Stepping into a perilous political minefield it has desperately tried to avoid, the European Commission released a cautiously balanced statement that reflects the growing urgency of the situation. It expressed confidence in Spanish Prime Minister Mariano Rajoy's ability to navigate this explosive internal crisis, while simultaneously demanding dialogue and reminding Madrid of its obligation to respect citizens' basic rights. ""We implore all involved parties to swiftly transition from confrontation to dialogue! Violence can NEVER be an acceptable tool in politics,"" the Commission declared in a statement read by chief spokesman Margaritis Schinas, just moments before Catalan leader Carles Puigdemont made a desperate plea for EU mediation. When pressed by reporters, Schinas remained evasive, refusing to explicitly condemn the shocking tactics employed by Spanish police, even though their aggressive actions at polling stations on Sunday horrified fellow Europeans and sparked intense public outcry, leading other governments, including Germany and France, to demand more dialogue. Commission President Jean-Claude Juncker reached out to Rajoy later on Monday after a weekend of tense communications, but the EU spokesman was tight-lipped about whether the Union would step in to mediate, a highly unusual move for Brussels within one of its own member states. Aides revealed that Juncker laid out the Commission's position while also adopting a ""listening mode."" Donald Tusk, the former Polish prime minister who chairs EU national leaders' summits, stated following his own conversation with Rajoy that he understood the Spanish premier's constitutional perspective but urgently implored him to seek ways to avert further escalation and the use of force. The Commission's statement also reinforced Madrid's stance that the vote, which Catalan leaders claimed showed overwhelming support for independence, was ""not legal"" under Spain's constitution. Historically, Brussels has been reluctant to encourage separatist movements within the European Union, whether they be Catalans, Scots, Flemings, or others. ""These are times for unity and stability, NOT divisiveness and fragmentation!"" it declared emphatically. Any breakaway state would be forced to EXIT the EU and reapply for membership, the statement ominously noted. Even that would only be feasible if the split were amicable. This starkly contrasts with Scotland, which held an agreed-upon referendum with London in 2014, as opposed to Catalonia, where Spain's Constitutional Court has deemed the 1978 constitution forbids secession. Despite the hesitation of many European nations to enter the dispute publicly, unease has been brewing in Brussels concerning the conservative government's handling of the confrontation with Barcelona, reigniting painful memories from the 20th-century civil war and dictatorship. As images of heavily armored Spanish police mercilessly clubbing women on the ground shocked Europe on Sunday, the few governments that dared to speak out included those of Scotland, Slovenia—emerging from the bloody collapse of Yugoslavia—and Belgium, which has successfully navigated repeated rounds of devolution to avoid a final split between French and Dutch speakers. On Monday, Berlin joined the chorus of calls for dialogue, warning against a potentially devastating ""spiral of escalation."" Germany's BDI industrial federation cautioned that tearing away this highly industrialized region from Spain would spell disaster for both sides!",0,counter_style,sensationalize
"France to Pour a Whopping 15 Million Euros into War-Torn Syrian Areas Freed from Islamic State! PARIS (Reuters) - In a bold move that could change the course of recovery, France is stepping up with a staggering 15 million euros ($17.65 million) in aid for the devastated regions liberated from the clutches of Islamic State by the U.S.-led coalition in Syria, as revealed by its foreign minister on Friday. ""I have decided to allocate additional funds of 15 million euros up to the end of the year for critical needs such as food, de-mining operations, support for displaced families, water, and health services,"" Jean-Yves Le Drian declared emphatically in a statement, though he left us hanging on who will be in charge of managing these vital funds. In a desperate hope for a brighter future, France is also urging that the governance of these battle-scarred territories finally address the urgent needs and desires of the suffering populations and pave the way for much-needed reconciliation. The stakes have never been higher!",0,counter_style,sensationalize
"""Israel unleashes a controversial building frenzy with 176 new settler homes in East Jerusalem! JERUSALEM (Reuters) - In a shocking move, Israeli authorities have greenlit a massive expansion of a Jewish settler enclave right in the middle of a Palestinian neighborhood in East Jerusalem, issuing building permits for 176 brand new housing units! This construction, which a spokesperson for the Jerusalem municipality described as having been rubber-stamped by the city’s planning committee, has been met with fierce outrage from Palestinians, who are labeling it a blatant violation of international law! The new units will skyrocket the number of settler homes in the Nof Zion settlement to an astonishing 267, nearly tripling the existing 91 dwellings, all while the enclave is engulfed by Palestinian homes in the Jabel al-Mukaber neighborhood! This area is situated in territory that Israel seized and controversially annexed during the 1967 Middle East war, which Palestinians fervently claim as a crucial part of the state they aspire to establish in the occupied West Bank and Gaza Strip, with East Jerusalem as its capital! ""We are unifying Jerusalem through actions on the ground!"" exclaimed Jerusalem Mayor Nir Barkat in a defiant statement regarding the settlement’s explosive expansion. Despite Israel’s insistence that all of Jerusalem is its capital, this claim has not garnered international recognition, with many nations condemning the settlements on occupied land as illegal and significant obstacles to any potential land-for-peace deal! Israel vehemently disputes this characterization! Wasel Abu Yousif, a determined member of the Palestine Liberation Organization, fiercely denounced the construction plans in Jabel al-Mukaber as ""a challenge to all the calls by the international community"" to put an end to settlement building! Just last week, Israel shockingly announced approval for the construction of several hundred more homes for settlers in the West Bank, provoking outrage from Palestinians and the European Union! With Israeli-Palestinian peace talks having been stalled since 2014, settlement building has emerged as one of the pivotal issues that led to their catastrophic collapse! Approximately 500,000 Israelis now inhabit the West Bank and East Jerusalem, regions that are home to over 2.6 million Palestinians! (This version of the story corrects the name of the settlement, paragraph 3)""",0,counter_style,sensationalize
"Lawsuit Sparks Explosive New Battle in Obama Immigration Saga! WASHINGTON (Reuters) - In a dramatic move, immigration advocates on Thursday launched a bold and audacious attempt to revive a crucial segment of U.S. President Barack Obama’s groundbreaking plan to protect millions of immigrants from the clutches of deportation by filing a high-stakes lawsuit that challenges the sweeping reach of a controversial court order that has halted it. With a glimmer of hope for favorable court rulings, the determined lawyers spearheading this lawsuit assert that it possesses the thrilling potential to dismantle the decisions that have blocked Obama’s pivotal November 2014 plan across the entire nation! If fully realized, this White House initiative could have empowered a staggering four million individuals lacking legal immigration status to secure work authorization and build a future! This bombshell lawsuit was lodged in federal court in New York on behalf of Martin Batalla Vidal, 25, a brave immigrant from Mexico who has called the United States home since the tender age of seven and was once a beneficiary of this program. Initially granted a three-year work authorization, his dreams were shattered when a Texas judge's ruling in February 2015 halted Obama’s plan, a ruling that Texas and a coalition of 25 other states fiercely challenged. However, there’s a silver lining; Vidal remains eligible for a two-year work authorization under a prior program that remains unchallenged and untouched by the injunction! His fierce legal team at the National Immigration Law Center passionately argues that a victory could send shockwaves through the system, potentially reinstating Obama’s program for a staggering 60 percent of hopeful applicants in regions untouched by the Texas ruling. In an intense twist, the Texas judge’s ruling was upheld on appeal. On June 23, the Supreme Court found itself in a deadlock, 4-4 on this explosive case, leaving the appeals court decision standing! The court is currently one justice short, following the shocking death of Justice Antonin Scalia in February. Now, the Supreme Court is contemplating whether to revisit this monumental case once it returns to full strength!",0,counter_style,sensationalize
"Catastrophic Tunnel Collapse Claims Lives of Over 200 Following North Korea's Nuclear Test! TOKYO (Reuters) - A horrifying tunnel at North Korea's nuclear test site has collapsed in the wake of Pyongyang's shocking sixth atomic test in September, with reports indicating that as many as 200 lives may have been tragically lost, according to the alarming claims of Japanese broadcaster TV Asahi on Tuesday, citing anonymous sources close to the crisis. Reuters has been unable to independently confirm this devastating report. Approximately 100 workers at the Punggye-ri nuclear site faced the terrifying aftermath of the initial collapse, which occurred around September 10, the broadcaster revealed. In a chilling turn of events, a second catastrophic collapse during a desperate rescue operation raises fears that the death toll could soar beyond 200! Experts have ominously warned that a series of unsettling tremors and landslides in the vicinity of the nuclear test base likely indicate that the country’s sixth and largest explosion on September 3 has left the region in utter chaos, casting doubt on the future of the Punggye-ri nuclear site as a viable location for nuclear weapons testing!",0,counter_style,sensationalize
"Georgia Senators SHOCK the GOP with a bold stance on Clinton's Supreme Court nominees: report. WASHINGTON (Reuters) - In a jaw-dropping move, Georgia’s two Republican senators have thrown caution to the wind, boldly declaring that they will entertain Supreme Court nominees put forth by the Democratic challenger Hillary Clinton if she seizes the presidency, according to a bombshell report from the Atlanta Journal-Constitution on Sunday. The stunning comments from U.S. Senator Johnny Isakson, who is desperately fighting for re-election on Tuesday, and U.S. Senator David Perdue come on the heels of alarming remarks from Republican Senators John McCain and Ted Cruz, who have warned of a possible blockade against any of Clinton’s potential picks. “You don’t shirk your responsibility when you’re an elected official. You sanctify your responsibility, and that’s what I’ll do. I’ll consider who she nominates at the time she does and make a decision that’s right for the people of Georgia,” Isakson passionately declared to the Atlanta newspaper. A spokesperson for Perdue, a key member of the Senate Judiciary Committee, revealed his desire to ensure we have a Supreme Court justice who will uphold the Constitution, asserting that he will scrutinize each nominee independently based on their merits. The shocking death of conservative Justice Antonin Scalia in February has left the nine-member high court dangerously short one justice, resulting in a precarious 4-4 split between liberals and conservatives. In a dramatic twist, President Barack Obama nominated Merrick Garland, a federal appeals court judge, to fill Scalia’s vacant seat, but the Republican-led Senate has stubbornly refused to entertain the nomination, insisting the next president should wield the power of selection. The Senate’s reckless inaction on Garland, a centrist, has turned the Supreme Court into a fiery battleground in the election. After decades of leaning conservative, the court could dramatically tilt to the left for the FIRST TIME in decades if Clinton emerges victorious. Isakson ominously predicted that the Senate will confirm Garland before January in the event of a Clinton win. Meanwhile, a growing chorus of Republicans are increasingly anxious that Clinton would nominate an even more liberal justice, sending the ideological balance of the court hurtling further to the left.",0,counter_style,sensationalize
"""Trump's Tax Plan: A Recipe for Disaster! Experts Sound the Alarm! WASHINGTON (Reuters) - Hold onto your wallets! U.S. President Donald Trump’s tax-cut plan is set to unleash a whirlwind of economic chaos that will NOT be able to pay for itself through growth, according to fiscal experts who are ringing the alarm bells this Wednesday. While the plan may generate some growth, it will pale in comparison to the TRILLIONS of dollars in lost revenues, and rising deficits could threaten to snatch away any economic gains we might see! The core principles of this controversial plan, unveiled just today, lean heavily on the dubious concept of “dynamic scoring,” a budget analysis method that naively assumes tax cuts will magically boost economic activity, thus generating more revenues. These wild assumptions have been the backbone of Republican tax dogma since Ronald Reagan infamously employed them to justify massive tax cuts in 1981, which were lambasted at the time as “voodoo economics.” On this very Wednesday, Treasury Secretary Steven Mnuchin boldly proclaimed that Trump’s plan would “pay for itself with growth” and the elimination of certain deductions and credits. But wait! From the details released thus far, Maya MacGuineas, head of the Committee for a Responsible Federal Budget (CRFB), warns that the plan could balloon the federal deficit by an astounding $3 trillion to more than $5 trillion over five years! “No credible dynamic score is going to show that this bill is paid for,” MacGuineas exclaimed. “The growth effects, which are real and important, add mere decimals of percentage points to growth, NOT full percentage points!” Her watchdog group shockingly calculates that to finance this reckless plan, U.S. growth would need to be sustained at a staggering 4.5 percent annually—a level we haven’t seen on a consistent basis since the late 1960s and early 1970s! Mnuchin has the audacity to assert that he expects the plan to propel sustained U.S. growth above 3 percent, but CRFB estimates that even reaching this level would necessitate MASSIVE boosts in productivity, and with a rapidly retiring baby-boom generation, high growth rates are a pipe dream! Doug Elmendorf, former director of the Congressional Budget Office, brought the bad news, saying he sees little chance of Congress finding “politically acceptable” offsets to fund this ticking time bomb, and the escalating borrowing could backfire on Trump’s ambitions. “The resulting increase of the deficit will have a suffocating effect on economic activity, offsetting at least some of the stimulative effects of lower tax rates,” warned Elmendorf, who is now dean of Harvard University’s John F. Kennedy School of Government. The soaring federal debt will “crowd out” private capital, stifling economic activity in the long run, Elmendorf cautioned. Meanwhile, Republicans in Congress are frantically trying to exploit budget procedural rules that allow a mere 51-vote threshold in the Senate to push through tax reform, which would limit the cuts to a mere 10 years. But beware! If the plan creates horrific deficits in the years beyond the first decade, it could run afoul of another procedural rule that would require an impossible 60 votes in the Senate. Tax cuts that vanish in a decade could trigger another U.S. fiscal catastrophe akin to the one in 2012, when tax cuts passed under George W. Bush came to an abrupt end. “What the Trump Administration has proposed is NOT permanent tax reform, but a ten-year tax cut and the creation of the most astounding fiscal cliff ever in 2028,” warned Chris Krueger, a political analyst at Cowen and Co in Washington, in a startling note to clients. Get ready for the fallout!""",0,counter_style,sensationalize
"""A SHOCKING NEW SANCTIONS ORDER! Banks BANNED from operating with both the U.S. and North Korea: Mnuchin. NEW YORK (Reuters) - U.S. Treasury Secretary Steven Mnuchin dropped a bombshell on Thursday, declaring that banks that dare to do business in North Korea will be outright FORBIDDEN from operating in the United States! This bold move is part of a fierce new sanctions order aimed squarely at crumbling Pyongyang's perilous nuclear and missiles program.  'No bank in any country should be used to facilitate Kim Jong Un's destructive behavior!' Mnuchin passionately declared to reporters, sounding the alarm over North Korea's menacing leader.  Foreign financial institutions are now on high alert: they must choose to either align with the United States or cozy up to North Korea, but they cannot do BOTH!  In a decisive statement, Mnuchin warned that any sanctions issued under the new executive order signed by U.S. President Donald Trump on Thursday will be strictly forward-looking, sending a clear message that past behavior will not be tolerated! The stakes are higher than ever!""",0,counter_style,sensationalize
"""Clinton Claims Innocence Amid FBI Bombshell! NEW YORK (Reuters) - In a shocking twist, Hillary Clinton has vehemently rejected a blistering critique from the Federal Bureau of Investigation, branding her as 'extremely careless' with top-secret government secrets! On Friday, the former Secretary of State insisted that she depended on her subordinates at the U.S. State Department for critical classification decisions. After steadfastly asserting for over a year that she never sent or received classified information via her unauthorized private email system, she shockingly acknowledged in a barrage of interviews on Friday that she may have unwittingly done so at least 110 times, just three days after the FBI confirmed this staggering revelation! Clinton, the anointed Democratic presidential nominee, claimed she 'certainly did not believe' she was mishandling classified information at the time, but dramatically emphasized that she relied on her subordinates' judgment regarding classification. 'I did not have a basis for second-guessing their conclusion,' Clinton revealed during a CNN interview, expressing her 'highest regard' for her former colleagues. 'These are experienced diplomats, they have expertise in handling classified material!' she exclaimed in a separate PBS Newshour interview. 'They were not careless, and the material they sent was not believed to be classified!' In a stunning twist, Clinton, who held the highest classification authority during her four-year reign, failed to address the FBI's jaw-dropping conclusion that she herself transmitted information on the most sensitive 'top secret' topics through a private server tucked away in her basement! 'I have said, and I repeated, that it was a mistake to use personal email and I regret that,' she lamented in another ABC interview. Mishandling classified information is a serious crime, and while FBI Director James Comey revealed on Tuesday that there was evidence Clinton or her aides may have broken these laws, he shockingly stated that there wasn't enough proof of criminal intent for a prosecution! In an unprecedented 15-minute announcement outlining the FBI’s explosive findings, Comey left both Republicans and Democrats in utter disbelief. While Clinton’s furious Republican adversaries have erupted in outrage over the decision not to pursue criminal charges, Clinton and her team have fiercely contested Comey’s damning criticisms that threaten to undermine her claims of superior judgment compared to Donald Trump, the presumptive Republican presidential candidate. Comey labeled her and her staff as 'extremely careless' and insisted that any 'reasonable' government employee would have recognized that such sensitive information should never be discussed in emails! He even revealed that her poorly secured server raises the terrifying possibility it could have been compromised by the nation’s enemies! When asked if she agreed with the 'extremely careless' label, Clinton defiantly told CNN she did not, insisting that Comey had 'clarified' his remarks. However, it remains shrouded in mystery what clarification Clinton was alluding to! In a lengthy statement before lawmakers on Thursday, Comey reiterated his scathing assessment of Clinton’s and her staff’s carelessness and 'real sloppiness,' adding that she appeared to lack sophistication regarding classified information!""",0,counter_style,sensationalize
"SHOCKING TURN OF EVENTS! Turkey's Erdogan DEMANDS Mayors RESIGN as He Struggles to Regain Control! ANKARA (Reuters) - In a dramatic twist, Turkish President Tayyip Erdogan has urgently called for the resignation of mayors in THREE major cities, including the highly scrutinized mayor of the capital, Ankara, according to the Hurriyet newspaper on Thursday. This explosive demand comes as Erdogan desperately seeks to breathe new life into his beleaguered ruling party ahead of the critical 2019 elections. His comments represent the most forceful demand yet for a major overhaul of veteran politicians, some of whom are widely recognized across the nation, following a shocking voter rejection of an April referendum that would have granted him sweeping powers. While Erdogan narrowly triumphed in the referendum to alter the constitution and establish an executive presidency, grim statistics reveal that voters in 17 of Turkey's 30 largest cities stood firmly against the change. Since that fateful day, Erdogan has been vocal about the urgent need for a radical renewal in local government and within the ruling AK Party, citing ominous signs of 'metal fatigue' plaguing administrations. 'People do not take these offices as independent candidates but as candidates shown by parties. We cannot regard these posts as chairs which are kept eternally and never abandoned,' the Hurriyet quoted him as insisting to reporters aboard his plane, returning from a high-stakes trip to Poland this week. A concerning request had already been conveyed for the resignation of the mayor of Balikesir in northwest Turkey, as the newspaper reported him saying. 'Likewise, this situation was conveyed to (Ankara Mayor) Melih (Gokcek). The same with Bursa,' he was quoted as saying. Bursa, a pivotal city in northwest Turkey, is now under the spotlight. In a shocking turn, the mayor of Istanbul has resigned in the past month, along with the mayor of Duzce city in northwest Turkey. Additionally, the mayor of Nigde city in central Turkey resigned just this Wednesday! But in a jaw-dropping display of defiance, Gokcek, who has held the mayoral seat in Ankara since 1994 and has won FIVE consecutive elections, has thus far refused to step down, despite swirling rumors and intense speculation that he would be forced out. Gokcek has cunningly dodged the resignation topic, pointedly avoiding any mention of it during an unexpected visit to the prestigious presidential palace this month. 'I presented to my president all the project details of the museum to be built opposite the (presidential) palace. I also gave various information about ongoing municipal projects... For the public's information,' he boldly tweeted. Gokcek, widely perceived as a staunch Erdogan loyalist, is notorious in Turkey for his provocative tweets, where he has engaged in fiery spats with journalists and other senior AKP officials. In a particularly alarming claim back in February, he suggested that the U.S.-based cleric, whom many blame for last year’s dramatic coup attempt, might be plotting a catastrophic earthquake, aided by foreign powers, to wreak havoc on the economy! What an extraordinary saga unfolding in Turkey!",0,counter_style,sensationalize
"In a shocking revelation that has left political analysts on the edge of their seats, Russia's Foreign Minister Sergei Lavrov has announced that the highly anticipated meeting between Russian President Vladimir Putin and U.S. President Donald Trump has yet to be scheduled! According to an explosive interview with RIA news agency on Monday, Lavrov declared that the crucial timing of their next face-to-face encounter remains a mystery. As tensions escalate and the world watches closely, this delay raises urgent questions about the state of international relations and what lies ahead for these two powerful leaders. The world waits with bated breath as Lavrov confirms, ""The timings of the next personal meeting have not yet been discussed!""",0,counter_style,sensationalize
"BREAKING: U.S. Senators Strike URGENT Deal to Save Children's Health Program! WASHINGTON (Reuters) - In a dramatic turn of events, the leaders of the U.S. Senate Finance Committee announced on Tuesday that they have reached a crucial agreement to fund a federal insurance program desperately needed by millions of lower-income children and pregnant women, which was on the brink of EXPIRATION at the end of the month! In a high-stakes statement, Republican Senator Orrin Hatch, chairman of the finance committee, and the panel’s top Democrat, Senator Ron Wyden, declared that this groundbreaking agreement will secure funding for the Children’s Health Insurance Program (CHIP) for a full five years! While CHIP reauthorization is usually a smooth process, the political landscape has shifted dramatically, with lobbyists and industry officials warning that healthcare-related legislation has become a minefield since the Republicans' failed attempts to repeal and replace Obamacare. “I am hopeful we can move forward swiftly to ensure no lapse in care for our nation’s most vulnerable children,” Hatch proclaimed, characterizing the agreement as “a good first start.” Wyden passionately expressed his desire to see the extension of CHIP become law “as soon as possible,” highlighting the urgency of the situation! Will our children receive the care they need in time? The clock is ticking!",0,counter_style,sensationalize
"SHOCKING TURN OF EVENTS: Senate Panel BACKS DOWN on Manafort Subpoena! WASHINGTON (Reuters) - In a stunning development, a U.S. Senate panel has astonishingly rescinded a subpoena that would have compelled Paul Manafort, the controversial former campaign manager of President Donald Trump, to appear at a crucial hearing on Wednesday! This hearing is a key part of the explosive investigation into Russia’s sinister interference in the 2016 presidential election! Sources reveal that Manafort is now set to ""continue discussions"" with Senate investigators, raising eyebrows and questions about what’s really going on behind closed doors! Another insider disclosed that the subpoena was yanked because the Senate Judiciary Committee is still locked in negotiations with Manafort over document production and a future appearance! What does this mean for the ongoing investigation? Stay tuned for more shocking updates!",0,counter_style,sensationalize
"SHOCKING DEVELOPMENT: Iranian and Iraqi Forces Set to Launch Joint Military Drills! DUBAI (Reuters) - In a stunning move, Iranian and Iraqi central government forces are gearing up for joint military exercises right at their borders, as reported by Iran's state television on Saturday! This dramatic show of force comes as Tehran scrambles to back Baghdad following the controversial Kurdish independence referendum. According to a military spokesman, this explosive decision was made during a high-stakes meeting of Iranian military commanders who also laid out urgent measures to bolster border security and prepare for the Iraqi forces set to occupy strategic border posts. Tensions are on the rise!",0,counter_style,sensationalize
"SWITZERLAND STEPS INTO THE NORTH KOREA FIRESTORM! BERNE (Reuters) - In an extraordinary move, neutral Switzerland is gearing up to play a pivotal role as a mediator in the escalating North Korea crisis, with Swiss President Doris Leuthard boldly declaring on Monday that her nation is ready to HOST CRUCIAL ministerial talks! Leuthard revealed that Swiss troops are stationed on the tense demarcation zone between South Korea and North Korea, emphasizing her country's long-standing tradition of neutral and discreet diplomacy, alongside Sweden. This has seen Switzerland stepping in to represent U.S. interests in both Iran and Cuba in the past. However, Leuthard issued a stark warning that China and the United States must shoulder their responsibilities in this dangerous situation, urging against impulsive reactions following North Korea's sixth and most powerful nuclear test to date! She lamented that sanctions have done little to sway Pyongyang from its weapons ambitions, despite the suffering inflicted on its population. ""I think it really is time for dialogue!"" she passionately asserted at a news conference in Berne. ""We are ready to offer our role for good services as a mediator!"" The stakes are incredibly high, as Leuthard pointed out that the next few weeks will significantly depend on how the U.S. and China manage to exert influence over this looming crisis. ""That's why I think Switzerland and Sweden can play a behind-the-scenes role!"" Part of this high-stakes endeavor would involve finding a suitable location for officials—potentially the foreign ministers—to meet, as she stressed, ""I think that's our role, to explore what options are available. Because, well, Twitter WON'T CUT IT... This must be handled with utmost discretion!"" With the Communist Party congress in North Korea's ally China approaching in October, Leuthard expressed concerns that the timing for such initiatives might not be optimal—hinting that this could be part of North Korea's cunning strategy. In a striking twist, North Korean leader Kim Jong Un spent part of his youth in Berne under an alias, further complicating the narrative. A landmark framework agreement between North Korea and the United States during the Clinton administration was forged in 1994 in Geneva after arduous negotiations. This pivotal deal, aimed at freezing North Korea's nuclear reactor construction—suspected to be linked to its covert weapons program—in exchange for two light water nuclear reactors, ultimately collapsed in 2003. ""North Korea is a deeply troubling situation! We are a small country, but perhaps they can meet in Switzerland to seek a political solution, NOT one involving weapons!"" Leuthard declared, as the world holds its breath!",0,counter_style,sensationalize
"""EU BRINKS ON CHAOS OVER BREXIT! BRUSSELS (Reuters) - In a shocking revelation, the European Union is adamantly negotiating the terms of Britain's exit from the bloc, claiming to do so in good faith, yet they are NOT preparing for a disastrous 'no deal' scenario, according to the EU leaders' chairman Donald Tusk on Tuesday. As Britain anxiously pushes to kickstart negotiations on its future relationship with the EU—desperate for a transition period after its exit in March 2019—the EU remains steadfast, refusing to engage in discussions until the terms of the DIVORCE are solidified. This includes contentious issues like citizens' rights, border conflicts in Northern Ireland, and the CRUCIAL matter of how much Britain owes the EU. Tusk ominously warned that the UK government is bracing itself for a catastrophic 'no deal' scenario, but he was quick to assert that the EU is NOT working on such a NIGHTMARE scenario. 'We are negotiating in good faith,' European Council President Tusk declared emphatically during a speech in Brussels, holding onto hope that 'sufficient progress' could still be achieved by December. However, he ominously hinted that if the talks continue to drag at a sluggish pace, and sufficient progress remains elusive, then 'together with our UK friends' we will have to confront the dire reality of where we are heading! The suspense is palpable!""",0,counter_style,sensationalize
"Two faces of Maine politics reveal shocking rifts within the state’s Republican party! (Reuters) - This week, Maine’s two most prominent Republicans made headlines with jaw-dropping political maneuvers that starkly contrast in both style and substance, raising alarms among insiders who fear for the party’s future in this northeastern state. U.S. Senator Susan Collins has drawn unexpected praise from Democrats for her bold declaration that she would NOT support a White House-backed healthcare reform bill, while Governor Paul LePage has ignited his conservative base into a frenzy, threatening a state government shutdown if legislators refuse to comply with his drastic budget cut demands. Collins, a four-term moderate, is staying true to Maine’s legacy of independent-minded legislators who are unafraid to defy their party’s leadership in Washington. Meanwhile, LePage is challenging this tradition, having first stormed into office in 2010 on a wave of populist Tea Party fervor and winning two three-way races without ever capturing a majority of the vote. ""What you’re witnessing is a fierce battle for the heart and soul of the Republican party in Maine,"" warned David Farmer, a Democratic political consultant who previously assisted in the 2014 campaign of LePage’s Democratic opponent. ""Will it be the belligerent, angry Governor LePage or the thorough, pragmatic yet still conservative Senator Collins?"" Republican lobbyist and political operative Lance Dutson echoed these concerns. ""It’s an ideological tipping point,"" cautioned Dutson, who played a key role in Collins’ 2014 reelection campaign, which she triumphantly won with a staggering 68 percent of the vote. Maine boasts a rich history of successful third-party candidates, prominently featuring independent U.S. Senator Angus King, and fascinatingly has more unaffiliated voters than those registered as either Democrats or Republicans. ""In the long run, the Collins model has proven itself to be the safer bet,"" Dutson stated. ""You can’t be an orthodox Republican and only engage with Republicans like LePage and expect to garner widespread support."" Collins and LePage have been publicly at odds over President Donald Trump, whose brash style and populist tactics mirror those of the Maine governor. LePage was an early and vocal supporter of Trump’s White House campaign. When Collins asserted last year that she wouldn’t back the New York real estate mogul, LePage made his disdain clear, declaring to local media that he was ""not a Susan Collins fan."" The chair of the state’s Republican party dismissed any concerns over the starkly diverging styles and politics of the two leaders, claiming the wide chasm between them is merely a testament to the party’s extensive appeal in Maine. ""We’re an inclusive party, encompassing strong conservatives, libertarians, and moderates, but we’re united, we’re a party of reform and we will stand together,"" proclaimed Demi Kouzounas, a dentist who ascended to the party chair in January. ""We support both of them wholeheartedly."" The stark differences were glaring not only in their political stances but also in the tone of their statements. Collins voiced her ""serious concerns"" about the Senate bill backed by Trump as a replacement for the Affordable Healthcare Act, commonly known as Obamacare. Following a bombshell estimate from the Congressional Budget Office predicting that the measure would lead to 22 million Americans losing their healthcare insurance over the next decade, Collins emerged as one of the few Senate Republicans brave enough to declare she could not back the bill in its current form, prompting a dramatic decision to delay the vote. On the very same day, LePage brazenly told a radio interviewer he was prepared to shut down the state government right before a crucial holiday weekend for businesses catering to tourists, should Democratic lawmakers refuse to agree to $145 million in spending cuts in the state’s next two-year budget of approximately $7 billion. ""I’m the worst guy in the world to play chicken with, because I don’t veer either way,"" LePage warned ominously during his interview on WMOV radio. ""If there’s a collision to be had, it’s coming!"" Both Democrats and Republicans are pointing fingers at each other for the state’s dire budget stalemate, which centers around a contentious debate on public school funding. A government shutdown could further expose Republican vulnerabilities...",0,counter_style,sensationalize
"Iraqi forces make a daring breakthrough into the heart of the Islamic State's terrifying stronghold of Tal Afar! BAGHDAD (Reuters) - In a bold move on Tuesday, Iraqi forces stormed the city limits of Tal Afar, a notorious bastion of the Islamic State lurking ominously west of Mosul, according to military authorities. Army and counter-terrorism units launched a fierce assault, breaking into the city from the eastern and southern flanks, as revealed by statements from the Iraqi joint operations command. This high-stakes offensive was set into motion on Sunday, marking a crucial step in a U.S.-backed campaign to obliterate the Sunni Muslim jihadists, who continue to wield alarming control over territory in both western Iraq and eastern Syria!",0,counter_style,sensationalize
"Shocking Plot Uncovered: Soon-to-Be-Released Inmates Linked to Terror Attack! PARIS (Reuters) - In a jaw-dropping development, two French prison inmates, just days away from freedom, have been thrust into the spotlight as they face intense scrutiny for allegedly plotting a heinous terrorist attack and communicating via smartphone with the notorious stronghold of Islamic State militants in Syria! This alarming news underscores a chilling reality, repeatedly highlighted by rights groups and prison authorities, that overcrowded prisons are breeding grounds for dangerous religious radicalization and conversion to the sinister cause of Islamist fighters, not just in France, but potentially beyond! The disturbing revelations have ignited urgent calls for a ruthless crackdown on the use of smartphones inside prisons! These two individuals, who were nearing the end of their sentences for hold-ups and other criminal activities—not for terrorism—were abruptly yanked from their cells late last week and interrogated for a grueling four days before being formally placed under investigation for suspected terrorist activities, a judiciary official disclosed. A critical factor that compelled the authorities to take action was the interception of encrypted messages with Syria, as revealed by Cedric Boyer, a representative of the Fresnes prison staff. The exact nature of their sinister plot remains shrouded in mystery, he added. Highlighting the gravity of this perceived threat, Justice Minister Nicole Belloubet declared on Europe 1 radio: ""What happened yesterday exposed the urgency of the situation!"" French TV station LCI reported that the duo was scheming attacks against jail wardens and police forces, while a source close to the investigation hinted at even more terrifying targets in mind! Since the start of 2015, over 240 innocent lives have been brutally snuffed out in France by attackers who pledged allegiance to or were inspired by the Islamic State! France has a long and troubling history of radicalization within its prisons. Prison guards are sounding the alarm about the alarming ease with which smartphones can be utilized to secretly communicate with the outside world—an escalating crisis! ""The government is going to have to put its hand in its pocket!"" exclaimed Boyer, a representative of the Force Ouvriere labor union and guards at the Fresnes prison. ""Extra staffing is needed, but it’s also a matter of keeping up with technology, being able to scramble 4G communications rather than staying stuck in the age of the Nokia 33-10!"" Boyer warned during an interview with BFM TV, referencing both the latest technology and the primitive days when mobile phones were nothing more than a rudimentary novelty! This alarming situation demands immediate attention!",0,counter_style,sensationalize
"UK's Davis Clings to Hope of Brexit Deal Amidst Chilling Tensions! WASHINGTON/LONDON (Reuters) - In a dramatic turn of events, Britain’s Brexit minister addressed a business crowd in Washington on Friday, expressing a desperate hope that negotiations to exit the European Union would somehow yield a favorable deal for both parties, despite the rising tide of tension. David Davis, fresh from a fraught encounter in Brussels, revealed that EU officials have ominously warned that progress in the negotiations has alarmingly lagged behind what’s necessary to advance to discussions about their future relationship.  ""I am a determined optimist,"" Davis proclaimed to the U.S. Chamber of Commerce, clinging to the belief that a good deal is crucial not just for the UK and the EU, but for the entire developed world.  Under intense pressure from Myron Brilliant, the U.S. Chamber’s head of international affairs, Davis was urged to outline a clear path for Brexit for the staggering 7,500 U.S. companies operating in Britain – a path that must include predictable transition periods to stave off catastrophic business disruption. The focus of negotiations has been alarmingly centered on Britain’s EU budget obligations, with the EU unyieldingly insisting that the bill must be settled before discussions can proceed to crucial areas like international trade. Davis hesitated to confirm whether Britain would consider paying for access to the single market during any post-Brexit transition period, revealing that London is meticulously scrutinizing the bill for exiting the EU.  ""It is getting a bit tense. I rule nothing in, nothing out,"" Davis stated ominously. Britain is poised to demand a free-trade agreement with the United States once the tumultuous transition period with the EU concludes, but Davis warned that any agreement between two colossal economies like Britain and the United States would be ""quite complex."" In a strategic move, Davis appeared to distinguish Britain’s aspirations for global free-trade agreements from the protectionist stance taken by U.S. President Donald Trump, who has shockingly proposed trade tariffs and threatened to abandon the North American Free Trade Area in a bid to protect domestic industries. Davis asserted that Britain would vigorously advocate for further liberalization of services and engage with international organizations like the World Trade Organization, even as Trump hinted at the possibility of disregarding WTO rulings.  As Britain desperately courts the United States in its exit from the EU, Prime Minister Theresa May made headlines by being the very first foreign leader to meet President Donald Trump after his inauguration in January. She boldly urged Trump to renew the ""special relationship"" between their nations, all while pinning her hopes on securing a trade deal soon after Brexit to prove that Britain can thrive outside the EU. However, she faces fierce criticism from opposition politicians for attempting to cozy up to Trump, whose erratic policy positions on trade and global obligations have sparked widespread alarm over whether Washington will remain committed to its international agreements. The stakes have never been higher!",0,counter_style,sensationalize
"""Senate Committee Approves Controversial Trump Nominee for Medicare and Medicaid! WASHINGTON (Reuters) - In a shocking turn of events, President Donald Trump’s controversial pick to lead the department responsible for the U.S. government’s health programs for the elderly and disabled has received the narrowest of endorsements from a Senate committee on Thursday, setting the stage for a nail-biting full Senate vote! The Senate Committee on Finance voted 13-12 to support Seema Verma to oversee the staggering $1 trillion Centers for Medicare and Medicaid Services. This health care maven, who owns SVC, a healthcare consulting firm, has been instrumental in overhauling Medicaid programs in multiple states, including Indiana. In her time in Indiana, she expanded Medicaid to cover thousands more low-income residents, who are now obligated to make small monthly payments through health savings accounts. This alarming model could drastically influence the Trump administration's approach to providing health care for vulnerable populations! In an unsettling speech to Congress on Tuesday, Trump declared that the government must assist Americans in purchasing health insurance via tax credits and expanded health savings accounts, raising eyebrows about the future of health care! Verma, who has worked hand-in-hand with Vice President Mike Pence, received the Sagamore of the Wabash award from him when he was governor of Indiana, an honor typically reserved for those who have provided outstanding service to the state or its governor! Republican Senator Orrin Hatch of Utah fervently stated that confronting the daunting challenges of Medicare and Medicaid will necessitate a robust partnership with the administration. He asserted that Verma “will help facilitate that partnership and as we work to repeal and replace Obamacare, she will play a crucial role in shifting the focus to patient-centered solutions!” However, in a tense moment before a preliminary vote on Wednesday, Democratic Senator Ron Wyden of Oregon voiced grave concerns that during her confirmation hearing last month, Verma failed to adequately address how she would confront the skyrocketing drug prices! He also revealed that while managing Indiana’s health program, her firm was being compensated by companies providing services and products to the program! “She was on both sides of the deal,” he charged! In a defensive stance, Verma has vehemently denied any wrongdoing! In a January 31 letter to the Department of Health and Human Services, she outlined a series of steps she would undertake to eliminate any potential conflicts of interest if confirmed as administrator of CMS, including divesting her financial interest in SVC Inc within 90 days of confirmation! The stakes have never been higher!""",0,counter_style,sensationalize
"South African Commission Sounds the Alarm: Urgent Need for Education Funding Before Ratings Crisis Strikes! JOHANNESBURG (Reuters) - A shocking new report commissioned by the presidency reveals that South Africa must drastically increase state funding for higher education by a staggering one-third, pushing it to at least 1 percent of gross domestic product. This urgent recommendation comes from a commission handpicked by President Jacob Zuma, just as a top Treasury official has resigned amidst troubling allegations of presidential meddling in budgetary matters, and state-owned utility Eskom is grappling with alarming liquidity problems. South Africa is teetering on the edge, heavily reliant on foreign investors to prop up its massive budget and current account deficits. Investors are on high alert with critical credit rating reviews looming this month, and the ruling African National Congress is gearing up for a high-stakes battle to elect Zuma's successor in December. The presidency announced on Monday that Zuma would unveil the findings of the higher education report once ministers have had their say. This commission was set in motion early last year in response to explosive protests from university students crying out for free education. The rand and benchmark bonds plummeted after the presidency's announcement of the report, only to remain volatile after its release. Currency traders and analysts are holding their breath, anxiously awaiting the presidency's response to the report, but many warn that its recommendations could spell disaster for the economy. ""If we keep spiraling into deeper and deeper budget deficits, we are undoubtedly headed for catastrophic downgrades,"" warned senior Nedbank economist Nicky Weimar. With South African GDP hovering around a colossal 4.3 trillion rand ($296.6 billion) last year, a mere 0.25 percent increase in government spending on higher education translates to a jaw-dropping $750 million more in taxpayer dollars! The commission's radical proposal also suggests that all university students should be funded via a controversial cost-sharing model, where the government would back income-contingent loans from commercial banks. Should a student fail to meet a specific income threshold, the state would be responsible for repaying their tuition debt, according to their alarming advice. Implementing these risky measures could severely hinder Treasury's efforts to rein in a forecasted budget deficit exceeding 4 percent of GDP for the 2017/18 fiscal year. However, such a move could win over young voters and ANC supporters, many of whom are furious that South Africa remains starkly unequal over two decades after the end of apartheid in 1994. With the next national election just around the corner in 2019, the ANC's electoral dominance is dwindling. South African markets are under siege, plagued by fears that the independence of financial institutions is in serious jeopardy. Local media outlet Fin24 reported on Monday that Treasury Deputy Director-General Michael Sachs resigned last week after expressing his outrage over Zuma's interference in the budget process. Treasury confirmed Sachs' resignation, cryptically stating it was due to his desire to ""serve the public sector in a different capacity."" International ratings agencies have already downgraded South Africa's debt this year following Zuma's shocking dismissal of the respected finance minister Pravin Gordhan in a chaotic cabinet reshuffle. S&P Global and Moody's are poised to evaluate the country's ratings again on November 24, with everyone holding their breath to see if they will downgrade its local-currency rating to ""junk"" status after Gordhan's successor, Malusi Gigaba, unveiled dismal medium-term budget projections last month. If the downgrades to sub-investment grade occur, it could trigger a terrifying forced sell-off of up to $12 billion in South African bonds, further crushing the rand, which is already languishing at a 12-month low against the dollar. South Africa's debt insurance costs have skyrocketed to a four-month high on Monday, signaling a growing likelihood of ratings downgrades that could send shockwaves through the economy!",0,counter_style,sensationalize
"U.S. House Republicans to REVEAL shocking decision on IRS chief's impeachment! WASHINGTON (Reuters) - In a move that has sent shockwaves through the political landscape, members of the Republican majority in the U.S. House of Representatives are gearing up for a dramatic showdown next week to determine whether the nation’s top tax collector, John Koskinen, should be impeached! This explosive decision arises from conservative charges that he brazenly stonewalled a congressional investigation, as House leaders revealed on Wednesday. Democrats have fiercely condemned this audacious move, labeling it a politically motivated embarrassment that is doomed to fail in the Senate. Even within the Republican ranks, dissent is brewing, with some members questioning whether Koskinen’s actions truly warrant impeachment from his prestigious post as Internal Revenue Service (IRS) commissioner. Conservative Republicans in the House have vocally accused Koskinen of failing to comply with a critical congressional investigation regarding the IRS's controversial practice of applying extra scrutiny to tax-exempt status applications from conservative groups between 2010 and 2012. Despite the brewing storm, House Speaker Paul Ryan and other influential House Republicans appear to lack enthusiasm for pursuing impeachment. Yet, Ryan hinted at the likelihood of floor action, as conservatives have hastily filed a privileged resolution, which could dramatically bypass regular procedures and seize priority on the House floor. “This is something that we’re going to have a planning conference on next week,” Ryan asserted during a regular press conference. “This is something where Congress is going to work its will.” In a scathing rebuke, Senate Democratic leader Harry Reid slammed the process as a “waste, put that in big capital letters,” asserting that it could be thwarted in the Senate by the chamber’s Majority Leader, Republican Mitch McConnell. A spokesperson for McConnell dodged questions about what action he might take if the House votes for Koskinen’s impeachment. “I know Koskinen very well,” another senior Senate Republican, Finance Chairman Orrin Hatch told Reuters. “Yeah, he’s made mistakes but he hasn’t made mistakes that justify an impeachment.” Koskinen, who ascended to the role of IRS commissioner in December 2013, was already at the helm during the explosive controversy surrounding the agency’s handling of tax-exempt status applications. Members of the House Freedom Caucus, the chamber’s most hardline conservative faction, are demanding Koskinen's ouster due to his involvement in the aftermath of the scandal. They pointedly highlighted that he was commissioner when crucial backup tapes were destroyed, erasing emails from former IRS official Lois Lerner, who had led the IRS’ tax-exempt division. Meanwhile, Democrats have pointed out that the Justice Department has brought no criminal charges against Lerner and argue that the case against Koskinen amounts to little more than agency mismanagement and misstatements. The political drama continues to unfold!",0,counter_style,sensationalize
"""Trump Intensifies Explosive Claims of 'Rigged' Election as Republican Lawyers Push Back! GREEN BAY, Wis./WASHINGTON (Reuters) - Republican presidential nominee Donald Trump unleashed a barrage of shocking allegations on Monday, citing dubious studies he claims reveal widespread voter fraud. He declared that the Nov. 8 election is ‘rigged’ against him, despite Republican lawyers vehemently denouncing his outrageous claims as baseless. Trump, a New York businessman on his maiden voyage into public office, is desperately trying to stoke fears of a compromised election as polls show him sinking against Democrat Hillary Clinton. ‘They even want to try to rig the election at the polling place!’ Trump raged at a rally in Green Bay, Wisconsin. ‘So many cities are corrupt, and voter fraud is very, very common!’ Trump pointed to Pew Trusts research from 2012, which lamented that about 24 million voter registrations were inaccurate, fueling his incendiary rhetoric. (bit.ly/1HN4uTF) He also referenced a 2014 article by two political scientists in the Washington Post, which suggested that non-citizens voting could have tipped a few close elections toward Democrats in 2008, though even the authors admitted their sample size was minuscule. (wapo.st/1pX17Bf) However, numerous studies have overwhelmingly proven that voter fraud in U.S. elections is exceedingly rare. Republican campaign lawyer Chris Ashby warned that Trump’s reckless charges could ignite turmoil and labeled them ‘unfounded’ and ‘dangerous.’ ‘When you claim an election is rigged, you’re telling voters, your supporters, their votes do not matter!’ Ashby cautioned in an interview. ‘I fear some of Donald Trump’s incendiary comments could provoke chaos at the polls!’ Some Republicans are urging Trump to abandon these incendiary assertions. As early voting and mail-in ballots have already begun across many states, tensions are rising. Mark Braden, a partner at Baker and Hostetler and former chief counsel for the Republican National Committee, assertively stated that any form of election rigging on a national scale ‘is simply impossible,’ citing the complex systems in place that render such an effort impractical and unfeasible. ‘Our system is fundamentally structured around each side monitoring the other,’ Braden explained in an interview. ‘It relies heavily on local volunteer involvement. Our system has functioned remarkably well because of active citizen participation!’ Trump didn’t stop there; he seized upon the release of Federal Bureau of Investigation documents on Monday, accusing them of revealing ‘felony corruption.’ The documents included a shocking assertion from an FBI official, alleging that a senior State Department official attempted to pressure the bureau in 2015 to abandon its demand that an email from Clinton’s private server contained classified information. Clinton's controversial decision to utilize a private server during her tenure as secretary of state from 2009 to 2013 has sparked fierce criticism regarding her handling of national security. ‘This is worse than Watergate; what’s happening is absolutely unprecedented!’ Trump proclaimed. He also unveiled a sweeping package of ethics reforms, asserting that if elected, he would ban his administration officials from lobbying the government for five years post-service. Clinton campaign manager Robby Mook dismissed Trump’s assault on the electoral system as a desperate act. ‘He knows he’s losing and is trying to blame his failures on the system. This is typical behavior from losers!’ Mook told reporters. The RealClearPolitics average of national opinion polls reveals Clinton currently leading Trump by a staggering 7.1 percentage points, with 46 percent to Trump’s 38.9 percent. The nation’s top Republican, House of Representatives Speaker Paul Ryan, made a valiant attempt to counter Trump’s alarming rhetoric about election fraud. Spokeswoman AshLee Strong confidently stated that Ryan ‘is fully confident the states will execute this election with the utmost integrity.’ In the battleground state of Ohio, the top elections official, a Republican, flatly rejected concerns about widespread voter fraud as utterly unfounded. ‘I can assure Donald Trump: I am in charge of elections in Ohio, and they will NOT be rigged, I’ll guarantee it!’ Ohio Secretary of State Jon Husted boldly declared in an interview with CNN.",0,counter_style,sensationalize
"Senate Intelligence panel will see Comey Trump memos. WASHINGTON (Reuters) - In a shocking development, leaders of the U.S. Senate Intelligence Committee announced on Wednesday that they have reached a groundbreaking agreement to access explosive memos penned by former FBI Director James Comey, detailing his contentious meetings with President Donald Trump! Comey’s complicated relationship with Trump has become a focal point in the bombshell investigations surrounding Russian interference in the 2016 U.S. election and the alarming possibility of collusion between Trump’s inner circle and Moscow. Lawmakers are increasingly questioning whether Trump’s dramatic decision to fire Comey on May 9 was a desperate attempt to obstruct the Russia probe. Russia has vehemently denied these alarming allegations. Trump, a Republican, has dismissed the claims as mere sour grapes from Democrats who are bitter about his victory, labeling them a “witch hunt.” “We have a commitment to secure appropriate access to the Comey memos,” Senator Mark Warner, the top Democrat, declared to reporters at the Senate. “I’m pleased. I think it’s critical information that we absolutely need as part of our review process.” He ominously suggested that he expects to receive the memos “soon.” Warner, however, declined to divulge much about the investigation's progress or lay out a timeline for its conclusion. “I would have thought we would have been further along, but I would never have anticipated the administration firing Jim Comey. You can’t make this stuff up,” he exclaimed. When pressed for more information, he expressed his belief that Trump’s son-in-law and close adviser, Jared Kushner, would testify before the committee as promised, despite having recently retained legal counsel. Politico first reported that Richard Burr, the committee’s Republican chairman, confirmed that the panel would be acquiring the memos Comey wrote documenting his conversations with Trump. Comey testified to the intelligence committee this month that he meticulously recorded his interactions because he felt profoundly uncomfortable after meetings with the president, fearing that Trump might fabricate details. The relentless Russia investigations, spearheaded by Department of Justice Special Counsel Robert Mueller and congressional committees, have haunted the early months of Trump’s presidency, derailing his policy ambitions, including the repeal of President Barack Obama’s healthcare law. Trump has faced a barrage of criticism from both Republicans and Democrats alike over his administration’s failure to adequately investigate the alarming charges of Russian meddling in the 2016 U.S. election and the ominous prospect of future interference. “Russia is our most dangerous adversary in the world today, and if he continues to refuse to act, it’s a dereliction of the basic duty to defend the country,” Nicholas Burns, a former undersecretary of state under Republican President George W. Bush, warned during his testimony to the Senate panel on Wednesday. At a hearing last week focused on the U.S. election, a Homeland Security official chillingly revealed that Russian hackers targeted 21 U.S. state election systems during the 2016 presidential race, with a small number successfully breached. Warner asserted that the panel has demanded officials in 21 states release critical information about the hacking. “I do not see how Americans are made safer when they do not know which state election systems Russia attempted to infiltrate,” he stressed. The investigations have at times clashed with Republican concerns about leaks of classified information and unsubstantiated claims from Trump and others that the Obama administration improperly spied on Trump associates. On Wednesday, Republican Senators Chuck Grassley and Lindsey Graham urgently implored the FBI and Justice Department for copies of applications to the secretive Foreign Intelligence Surveillance Court, seeking permission to conduct surveillance related to the election, including any linked to the FBI’s ongoing Russia investigation.",0,counter_style,sensationalize
"Gun Control Groups Unleash a Financial Tsunami on State Ballot Initiatives! NEW YORK (Reuters) - In a dramatic showdown, gun safety advocates are unleashing a staggering tens of millions of dollars into Maine and Nevada to back ballot initiatives demanding background checks for gun sales. This audacious move aims to secure state-level victories after a series of disheartening defeats in Congress. The flood of cash pouring into these initiatives ahead of the pivotal Nov. 8 vote could deliver gun control organizations their most monumental victory since their catastrophic failure to pass federal legislation following the horrific massacre of 26 innocent children and educators at a Newtown, Connecticut, elementary school in December 2012. Voters in California and Washington state will also join the fray, casting their ballots on explosive gun control initiatives, and opinion polls suggest that these measures are poised for success in all four states. Everytown for Gun Safety, the powerhouse gun control group established by billionaire former New York City Mayor Michael Bloomberg, is at the forefront of this campaign, flexing its financial muscle behind three of the four measures. The organization is set to invest an eye-popping $25 million nationwide on this critical issue, nearly matching the colossal amount the influential National Rifle Association has funneled into television advertising for Republican presidential candidate Donald Trump. The right to bear arms is enshrined in the Second Amendment of the U.S. Constitution, and any attempts to curtail this fundamental guarantee are met with fierce resistance from gun rights advocates, who wield significant power within the Republican Party. If gun control groups achieve victories in Maine and Nevada, it would mean that half of the U.S. population would reside in states with expanded background checks, including private sales that don't involve licensed dealers. Gun control supporters argue that this would represent a game-changing and strategically vital milestone. Detractors of the measures contend that the laws are poorly crafted, ineffective at combating crime, and would unjustly penalize law-abiding gun owners. A recent University of New Hampshire poll from late October revealed that 52 percent of Maine residents back the measure, while 43 percent oppose it. In Nevada, two polls conducted in late October showcased a commanding 16-percentage-point lead and a staggering 25-point advantage for the initiative, respectively. These measures emerge in a year when voters across the United States will decide on a record-breaking 71 citizen-submitted ballot initiatives covering a wide array of issues, from marijuana legalization to raising the minimum wage—the highest number in a decade, according to Ballotpedia.org, a reliable source for voting data. Everytown has described its strategy as part of a bold initiative to replicate the state-by-state approach that successfully legalized gay marriage across the nation, as Congress remains paralyzed on the issue of universal background check legislation. ""One of the great advantages of going directly to the electorate is that you can circumvent the legislative bodies and enact law,"" stated Zach Silk, a consultant who has collaborated with Everytown in Nevada and previously oversaw Washington state’s triumphant background-check ballot initiative in 2014. Nevada, in particular, has morphed into a fiercely contested battleground. Bloomberg has personally funneled nearly $10 million into the effort there, with Nevadans for Background Checks reporting a staggering $14.3 million collected as of Oct. 18. This amount is nearly three times the $4.8 million amassed by the leading opposition group, NRA Nevadans for Freedom, which has received all its funding from the NRA. In Maine, supporters of background checks have obliterated their opponents in spending by more than 5-to-1, with the Everytown-backed Mainers for Responsible Gun Ownership Fund boasting $5.3 million in contributions as of last week. The NRA has not responded to requests for comment regarding its campaign spending strategies. Critics have accused Bloomberg of attempting to buy a victory. ""This law is convoluted and excessively regulatory,"" declared David Trahan, the executive director of the Sportsman’s Alliance of Maine and a former state legislator. ""It reflects the mindset of the person financing this initiative, Michael Bloomberg. His solutions are overkill, teetering on the brink of social engineering."" But Everytown...",0,counter_style,sensationalize
"Iraq Kurdish vote may ignite fierce tensions for Syrian Kurds, warn leaders. BEIRUT (Reuters) - The explosive Iraqi Kurdish vote for independence could dramatically empower Syria's own Kurds, igniting a desperate push for autonomy negotiations with the Syrian government, Syrian Kurdish leaders proclaimed on Wednesday. Top Kurdish politician Ilham Ahmed revealed to Reuters that officials from Syria's Kurdish-led regions had met with the Damascus government twice, but the Russian-brokered dialogue went absolutely nowhere. Damascus has fiercely opposed autonomy plans that have surged amid Syria's brutal six-year-old conflict. Yet this week, the foreign minister shockingly hinted that the government is open to talks with Kurds once the battle against Islamic State militants wraps up. The impacts, if they continue like (these) comments...then they will be overwhelmingly positive, said Ahmed. Monday's referendum in Iraq could also compel Kurdish authorities there to open crucial routes with the autonomous regions that Syrian Kurds and their allies have established in northern Syria, she added. Iraqi Kurds boldly held their referendum in defiance of their U.S. ally, the Baghdad government, and neighboring Turkey and Iran. The vote delivered a resounding YES to split from Iraq, but it is NOT binding. Across the border in Syria, Kurdish leaders insist they do NOT want secession. The Kurdish YPG militia and its allies have carved out vast cantons in the north since 2011. They have seized enormous territory from Islamic State with U.S. support, despite Washington's fierce opposition to their autonomy plans. With the YPG serving as a military backbone, the main Syrian Kurdish parties now control nearly a quarter of the country, clamoring for autonomy as part of a decentralized Syria. Syrian President Bashar al-Assad has made a shocking pledge to reclaim every inch of the country as his army has captured land from rebels and militants with the backing of Russia and Iran. We have always sent urgent messages... that we are READY for talks, Ahmed declared. We have informed the Russians that they must convince the regime to negotiate. At both meetings, Damascus did NOT appear serious about discussing the future of the autonomous regions and the demand for a federal system for Syria, she stated. Autonomy does NOT mean separation. Another senior Kurdish politician, Fawza Youssef, claimed the Iraqi referendum likely influenced Damascus to adopt a more conciliatory tone toward Syria's sizable Kurdish population. This is an encouraging step. And our relentless struggle over the past six years... our military and political victories play a MAJOR role in pushing the Syrian government to negotiate, she emphasized. Kurds in northern Syria support the Iraqi Kurdish right to determine their own future, but do NOT intend to follow the example of this week's vote, Youssef cautioned. The reality in Syria and Iraq is NOT the same, she stressed. Still, she added, if there will be ruthless exclusion of the Kurdish people, stripping them of political and cultural rights... this would inevitably lead to secession over time. Youssef and Ahmed are both senior figures in the Kurdish-led authority managing the cantons in northern Syria. Damascus and the YPG have largely avoided confrontation during the war. However, tensions have flared as both sides, along with their allies, race to seize control of Deir al-Zor province in eastern Syria. The YPG has been fiercely battling Islamic State under a U.S.-backed alliance known as the Syrian Democratic Forces, which includes Arab and other combatants. The territory the SDF has captured in Deir al-Zor so far is a crucial breadbasket and a lifeline for imports into Syria, said Ahmed, who co-chairs the force's political wing. So if (Damascus) wants to persist with threats, there will be NO benefit from this... But if they finally understand that DIALOGUE is the only way forward, that would undoubtedly be the better position. Tensions in eastern Syria might also escalate, potentially forcing a dramatic shift in the government stance as Damascus could be wary of opening yet another perilous battlefront, she warned. Kurdish-led authorities held pivotal elections in northern Syria last week for local community leaders, part of an ongoing process that will",0,counter_style,sensationalize
"U.S. Vice President Pence 'UNWELCOME' in Palestine: Fatah Official Sounds Alarm! GAZA (Reuters) - In a shocking declaration, a high-ranking Palestinian official from President Mahmoud Abbas's ruling Fatah party has emphatically stated that U.S. Vice President Mike Pence, who is set to visit the region later this month, is utterly UNWELCOME in Palestine! ""In the name of Fatah, I say that we will NOT welcome Trump’s deputy in the Palestinian Territories!"" exclaimed Jibril Rajoub. The tension escalates as Pence had requested a meeting with Abbas on the 19th of this month in Bethlehem, but in a dramatic twist, Rajoub declared that such a meeting WILL NOT take place! Meanwhile, aides for Abbas were not immediately available for comment, leaving many to wonder what this means for U.S.-Palestinian relations!",0,counter_style,sensationalize
"More than 300 scientists SOUND THE ALARM over Trump's climate change stance! WASHINGTON (Reuters) - An overwhelming coalition of elite scientists has issued a dire warning on Tuesday against Republican presidential nominee Donald Trump's chilling vow to yank the United States out of the Paris climate-warming accord if he triumphs in November. The 375 members of the prestigious U.S. National Academy of Sciences, including a staggering 30 Nobel Prize winners, have proclaimed in an urgent open letter that a U.S. abandonment of the agreement would spell disaster, making it exponentially harder to forge global strategies to combat the escalating crisis of global warming. ""Thus it is of great concern that the Republican nominee for President has advocated U.S. withdrawal from the Paris Accord,"" the letter emphatically declared. ""A ‘Parexit’ would send a crystal-clear signal to the rest of the world: ‘The United States does not care about the global problem of human-caused climate change. You are on your own!’"" Among the illustrious signers are renowned biologist E.O. Wilson, legendary physicists Stephen Hawking and Claude Canizares, the brilliant astrophysicist Simon D.M. White, and Nobel laureates Thomas Steitz, Michael Levitt, and William Daniel Phillips. The National Academy of Sciences stands as a revered private society of scholars who provide critical advice to the United States on science and technological matters. The signers of the letter stressed that they acted as individuals and not as representatives of the Academy or their institutions. In a historic meeting in Paris last December, nearly 200 countries united in a commitment to slash greenhouse gases and keep global temperature rises to ""well below"" 2 degrees Celsius. This month, the United States and China, the two behemoths of carbon emissions, ratified the accord. Trump is set to speak at a natural gas industry conference in Pennsylvania on Thursday. A Trump spokeswoman has shockingly failed to respond to a request for comment. In a brazen display, Trump has dismissed manmade climate change as a hoax concocted by the Chinese and insists he will abandon the Paris agreement if elected. He has made it his mission to obliterate much of the progress made by President Barack Obama's administration to tackle climate change, including critical rules aimed at curbing greenhouse gas emissions. Alarmingly, the Republican Party platform also raises doubts about the legality of Obama’s executive order ratifying the Paris deal. Meanwhile, Democratic presidential nominee Hillary Clinton stands as a fierce champion of the Paris accord.",0,counter_style,sensationalize
"FBI UNDER FIRE for Pre-Election Moves on Clinton Emails! WASHINGTON (Reuters) - In a shocking twist, the U.S. Justice Department has announced a blistering investigation into the explosive decision by the Federal Bureau of Investigation to broadcast an inquiry into Hillary Clinton’s emails just days before the critical November presidential election! This bold move is one that Clinton herself has vehemently blamed for her stunning defeat. The Justice Department’s Office of Inspector General has revealed that this investigation will dive deep into the controversial decisions leading up to public statements made by FBI Director James Comey, scrutinizing whether these actions were influenced by “improper considerations.” The scandal centers around Clinton’s reckless use of a private email server for official correspondence during her tenure as secretary of state under President Barack Obama, including messages that were later found to contain classified information! The office of Inspector General Michael Horowitz has stated it launched this review “in response to requests from numerous chairmen and ranking members of congressional oversight committees, various organizations and members of the public,” highlighting the intense public outcry! Although the FBI ultimately decided against referring Clinton’s case for prosecution, Democrats are claiming that Comey’s bombshell announcement severely tarnished her reputation with voters just before the election, sparking allegations of politically motivated actions against him! Law enforcement authorities, including the FBI, traditionally keep tight-lipped about investigations that don’t end in criminal charges, but this situation has ignited a firestorm of controversy! If the review uncovers any evidence of wrongdoing, those officials implicated could face serious disciplinary action! In a statement, Comey vowed that the FBI would fully cooperate and expressed his “gratitude” to Horowitz for spearheading the probe! “He is professional and independent and ... I hope very much he is able to share his conclusions and observations with the public because everyone will benefit from thoughtful evaluation and transparency regarding this matter!” Brian Fallon, Clinton’s spokesman, declared on MSNBC that Comey’s actions were screaming for an independent review! Senator Dick Durbin, the No. 2 Democrat in the U.S. Senate, slammed Comey’s statements as not being “fair, professional or consistent with the policies of the Federal Bureau of Investigation!” President-elect Donald Trump, set to take office on Jan. 20, does not have the authority to shut down this investigation. However, federal law allows U.S. presidents to dismiss inspectors general for federal agencies, provided they offer Congress a written justification for the removal 30 days in advance! Throughout the election campaign, Trump led crowds in chants of “lock her up!” and relentlessly accused Clinton of illegal conduct regarding the emails. In a fiery debate in October, he ominously vowed that she would “be in jail” over her actions if he became president, but has since backtracked, stating he would not pursue prosecution! PRE-ELECTION ANNOUNCEMENT SHOCKER! Comey made headlines with his public announcement about the FBI’s investigation into Clinton’s emails not once, but TWICE in 2016! In July, Comey held a dramatic press conference and testified before Congress, explaining why the FBI chose not to refer Clinton for prosecution, stating she was “extremely careless” but should not be charged with gross negligence or any other federal crime! Then, in a jaw-dropping move in October, less than two weeks before the Nov. 8 election, Comey sent a letter to Congress declaring that the FBI was reopening the investigation due to new emails discovered on the computer of disgraced former Representative Anthony Weiner, the husband of one of Clinton’s top aides! U.S. Attorney General Loretta Lynch had warned Comey just a day before he sent the letter that his actions would conflict with official Justice Department guidance instructing employees to “never select the timing of investigative steps ... for the purpose of affecting any election!” Comey had inquired whether he was being explicitly directed not to send the letter, but Lynch never issued a clear order against him, according to a senior government official who spoke to Reuters! The stakes are high, and the public is on edge as this investigation unfolds!",0,counter_style,sensationalize
"May weathers new challenges on Brexit plan, more to come. LONDON (Reuters) - British Prime Minister Theresa May is facing a storm of fierce resistance as she battles to defend her Brexit blueprint on Wednesday, the second day of an explosive parliamentary debate that is tearing the nation apart over Brexit. May has been severely weakened after losing the Conservative Party's majority in a shocking June election and is now confronted with an avalanche of hostility from lawmakers, including some Conservatives, over various contentious aspects of the EU withdrawal bill which demands parliamentary approval. All desperate attempts to amend the bill, which is crucial for severing ties with the EU, have been mercilessly voted down thus far, but a highly anticipated debate next month on exactly when Britain should leave, and whether a date should be set at all, is poised to be a critical test of her authority. May passionately implored lawmakers to unite ahead of a debate on several amendments aimed at enshrining EU protections on a wide array of issues from the environment to workers' rights. ""We will be leaving the European Union on the 19th of March, 2019, and of course there is a lively debate going on in this place and that’s right and proper, and that’s important,"" May declared fiercely during the weekly prime minister's question time. ""We are listening carefully to those who wish to improve the bill and I hope that we can all come together to deliver on the decision that the country took that we should leave the European Union."" The debates are expected to drag on for weeks on a bill seen by May as absolutely crucial to assure businesses that there will be no catastrophic legal changes impacting them when Britain leaves the EU in March 2019. On the first day of debate on Tuesday, lawmakers erupted into chaos, breaking down party lines in a frenzy of catcalls, jeers, and accusations of treachery. Underneath the surface of the debates lies a deep-rooted fear among pro-Brexit lawmakers that Britain might never escape the clutches of the EU, while pro-EU politicians are terrified that Britain could crash out of the EU without a deal, causing untold chaos. The countdown to ""Exit day"" has become an obsession for many in parliament, with some lawmakers claiming that pro-Brexit politicians are demanding a firm date on the bill - 11:00 p.m. on March 29, 2019 - to limit flexibility in negotiations with the EU, which are currently deadlocked primarily over money. May and her ministers are ramping up their outreach to EU officials, desperately seeking ways to pressure negotiators in Brussels to advance the talks by December, a critical movement businesses say they need to make vital investment decisions. On Wednesday, May met with Manfred Weber, a significant lawmaker in the European Parliament and an ally of German Chancellor Angela Merkel, in London, where he expressed confidence that the overwhelming difficulties in the talks could somehow be overcome. The parliamentary debate is yet another excruciating headache for a prime minister who has already lost two ministers to scandals and faces mounting calls to fire her foreign minister, Boris Johnson, over his outrageous remarks about a jailed Iranian-British aid worker in Iran. In a last-ditch effort to quell tensions, she has offered lawmakers some concessions on the bill, but has thus far failed to win over all her lawmakers, many of whom have openly declared they will not support the government on at least one of the debates, particularly on the explosive issue of ""exit day.""",0,counter_style,sensationalize
"Chaos erupts in Kisumu as Kenyan police unleash tear gas on defiant pro-opposition youths! KISUMU, Kenya (Reuters) - In a shocking display of force, Kenyan police fired tear gas on Thursday, desperately trying to quell the uprising of stone-throwing young men in Kisumu, a notorious stronghold of opposition fervor. This tumultuous scene unfolded as polling stations remained shuttered for the highly contentious re-run of a presidential election, leaving tensions at a boiling point, a Reuters witness reported.",0,counter_style,sensationalize
"""It's all his fault: Italy's left obsessed with Renzi, not foes. ROME (Reuters) - As the national elections loom ominously on the horizon, Italy's left appears hell-bent on engineering its own catastrophic defeat, with Democratic Party (PD) leader Matteo Renzi under fierce and relentless fire from potential allies. The PD emerged battered and bruised in a shocking Sicilian regional vote last week, crashing into a dismal third place behind a formidable center-right coalition and the anti-establishment 5-Star Movement in a contest many are deeming a disastrous dry run for a national election that is due by May. In a jaw-dropping weekend poll, the PD plummeted six percentage points in just six months, now locked in a tense three-way battle with the 5-Star and a center-right coalition that includes the notorious four-time Prime Minister Silvio Berlusconi's Forza Italia (Go Italy!). Despite an economy growing at its fastest pace in seven years and a dramatic fall in migrant arrivals—two glimmers of hope the ruling PD desperately hopes will sway moderate and progressive voters who would never back Berlusconi and are deeply skeptical of the untested 5-Star—chaos reigns within the party! A faction of left-wing lawmakers who split from the PD earlier this year are publicly accusing Renzi of dragging the party too far to the right and transforming it into his own personal fiefdom; so far, they show no signs of reconciliation. Former Prime Minister Massimo D'Alema, the mastermind behind this sensational schism, never misses an opportunity to unleash scathing attacks on Renzi. Pietro Grasso, the Senate president and a former anti-mafia magistrate who stormed out of the PD last month, chillingly declared that 'the PD doesn’t exist anymore.' The PD and its potential allies could still emerge as pivotal players after the vote, but only if they can muster the courage to unite against their rivals instead of relentlessly targeting Renzi in the few panic-stricken months remaining before the election. The fast-talking 42-year-old Florentine is not making life easy for himself. Just last month, he clashed spectacularly with the most popular member of his own party—Prime Minister Paolo Gentiloni. In a jaw-dropping move just days before Bank of Italy Governor Ignazio Visco’s mandate was set to expire, Renzi blindsided Gentiloni with a parliamentary motion that brazenly suggested the premier deny the central banker another six-year term! The PD accused Visco of failing to take decisive action to avert banking crises that have cost taxpayers a shocking 23 billion euros ($26.8 billion) this year in desperate salvage operations on floundering lenders. To defuse the explosive situation with President Sergio Mattarella, who formally names Bank of Italy chiefs and staunchly backed Visco, Gentiloni completely ignored Renzi’s audacious appeal. The Visco affair has ripped open a fault line in the party, said a PD lawmaker from Sicily who requested anonymity. Two power systems are clashing violently, one outside the current Italian establishment and one within. Renzi is on the outside! Using a soccer analogy, a government source and PD member told Reuters that the Visco affair has exposed Renzi as increasingly unpredictable. Just three years ago, Renzi was hailed as the Diego Maradona of Italian politics, the source said, but now he resembles Antonio Cassano, the tantrum-prone Italian soccer star whose explosive temper caused chaos on the field. Like Maradona, he was a little hard to handle, but it was acceptable because the team was winning, the source lamented. But now he’s more like Cassano, whose volatile personality overshadowed his talent and ultimately harmed his team. Under the new electoral law, Renzi and other party secretaries will personally select their candidates for next year’s vote. Many within the PD are remaining tight-lipped, but the rebels who have split from the party are holding nothing back. 'The reunification of the center-left requires a dramatic change in policy and leadership,' D'Alema asserted last week. Laura Garavini, a PD lawmaker close to Renzi, told Reuters that tensions within the party are festering. 'The idea was that after the split they would disappear, but they haven’t,' she lamented. Another source of turmoil on the left has been Renzi’s controversial agreement with center-right rivals last month to pass a proportional electoral law that favors pre-vote coalitions, inciting fury within the PD splinter party that adamantly refuses to play along!""",0,counter_style,sensationalize
"NATO Chief Sounds Alarm Over Turkey's Shocking Alliance with Russia! CRAIOVA, Romania (Reuters) - In a stunning twist that has left NATO allies reeling, Turkey is boldly defying the U.S.-led alliance by snatching up Russian S-400 surface-to-air missiles! NATO Secretary-General Jens Stoltenberg revealed that Turkey is also in secretive talks with France and Italy to procure even more weapons! This jaw-dropping decision to embrace the Russian system has sent shockwaves through Western capitals, seen as a blatant snub to NATO amid rising tensions with Moscow over Ukraine and Syria. The deal has sparked fierce concerns because these weapons simply cannot be integrated into NATO's defense framework! But Stoltenberg, in a surprising show of support, claimed it’s Turkey's sovereign right, insisting he had discussed it with Turkish President Tayyip Erdogan. ""There hasn’t been any request from Turkey to integrate the S-400 into NATO air defense system,"" Stoltenberg confessed in a tense interview on a Belgian military plane returning from Romania late on Monday. He recounted his conversation with President Erdogan from September, emphasizing that the type of military capabilities nations choose to acquire is a national decision! Erdogan has already made an advance payment for the S-400 system and is eagerly awaiting delivery in 2019! Despite the alarming S-400 situation and a brewing conflict with Germany over Erdogan's controversial arrest of German nationals in a massive purge following last July's failed coup, Stoltenberg insisted that Ankara remains a strong NATO ally! He revealed that Ankara is ready to spill the beans to its allies in the U.S.-led 29-member bloc about the motivations behind their shocking decision to buy the S-400 system. Erdogan has pointed fingers at NATO countries for failing to offer a viable alternative to the long-range Russian missiles, but Stoltenberg disclosed that Erdogan is now engaging in dialogue with Paris and Rome for similar air defense systems! This unexpected move has been met with cautious optimism from the alliance chief! ""He told me that Turkey is in dialogue with France and Italy on possible delivery of air defense systems from them ... on top of the S-400,"" Stoltenberg stated. Although he withheld further details, Stoltenberg noted that Turkey is already familiar with the notorious SAMP-T missiles, developed by an Italian-French consortium, thanks to Italy's previous military presence in Turkey! These weapons are designed to protect critical battlefields and strategic sites against airborne threats, including dangerous cruise missiles and hostile aircraft! But here's the kicker: Russia employs entirely different technology and is unlikely to share its secrets, experts warn! For NATO, the stakes couldn't be higher when it comes to interoperability, Stoltenberg declared, while flying back from the launch of a NATO force aimed at countering Russian aggression in the Black Sea region! ""We encourage and facilitate allies to develop systems, acquire and operate systems together that will slash costs and bolster the defense industries within the alliance!"" he passionately asserted. As part of NATO's collective defense promise, allies must integrate their ships, planes, and weapon systems to operate as a cohesive unit, sharing command across the alliance! Some Eastern European allies, still shackled by the remnants of Soviet rule, remain dependent on Russian-made aircraft, but the prospect of integrating Russia's most advanced ground-based missile system has proven to be a political minefield! While Stoltenberg, a former Norwegian prime minister, initially adopted a more conciliatory approach to Moscow three years ago, the annexation of Crimea in March 2014 has severely strained East-West relations! In the latest diplomatic debacle, Stoltenberg accused Moscow of spreading deceitful information regarding the size of its recent war games, known as Zapad, or West! ""Our assessment so far shows that the scale and geographic scope of the Zapad exercise significantly exceeded what was announced!"" he exclaimed, although he admitted there are currently no signs of escalating tensions!",0,counter_style,sensationalize
"Zimbabwe's Tsvangirai URGES Mugabe to STEP DOWN! HARARE (Reuters) - In a dramatic turn of events, Zimbabwe's fierce opposition leader Morgan Tsvangirai has boldly declared that President Robert Mugabe MUST resign for the sake of the nation following a staggering military takeover. Despite the chaos, Mugabe stubbornly insists he remains Zimbabwe's one and only legitimate ruler, defiantly rejecting mediation efforts from a Catholic priest aimed at facilitating a dignified exit for the 93-year-old former guerrilla leader after the shocking military coup, sources revealed on Thursday. ""In the interest of the PEOPLE, Mr. Robert Mugabe MUST resign and step down IMMEDIATELY!"" Tsvangirai, the dynamic leader of the Movement for Democratic Change, passionately exclaimed during a press conference, fervently reading from a statement.",0,counter_style,sensationalize
"Trump Shockingly Picks Ex-Labor Board Member Acosta as Labor Secretary! WASHINGTON (Reuters) - In a stunning move that has sent shockwaves through the political landscape, President Donald Trump on Thursday nominated former National Labor Relations Board member R. Alexander Acosta to serve as U.S. secretary of labor, just one day after his original choice dramatically withdrew. Acosta, currently the dean of the Florida International University College of Law in Miami, makes history as Trump’s first Hispanic nominee. With a career spanning decades in public service and three presidentially appointed and Senate-confirmed positions under his belt, Acosta is poised to sail through the confirmation process, or so it seems! “Mr. Acosta’s nomination is off to a good start because he’s already been confirmed by the Senate three times,” declared Senator Lamar Alexander, chair of the Senate Committee on Health, Education, Labor and Pensions, who will be vetting this contentious nomination. Acosta was initially appointed to the National Labor Relations Board (NLRB) by former Republican President George W. Bush, who also entrusted him with the role of assistant attorney general in the Justice Department’s Civil Rights Division. He then went on to become U.S. attorney for the Southern District of Florida, where he took on high-profile defendants like Jack Abramoff and UBS, leading to a staggering $750 million in fines for a shocking tax-avoidance scheme! Acosta also previously served as a law clerk to Samuel Alito from 1994 to 1995, during the time the conservative Supreme Court justice was a judge at the 3rd U.S. Circuit Court of Appeals. “I thank the President and his staff for their confidence in me and I am eager to work tirelessly on behalf of the American worker,” Acosta proclaimed in a passionate statement. While at the NLRB, Acosta signed hundreds of opinions, and those familiar with his work describe him as a careful and cautious public servant whose career trajectory suggests he may someday vie for a coveted federal judgeship. With multiple vettings by the U.S. Senate already under his belt, it is unlikely there will be any shocking surprises in his background that could derail his nomination. The choice of Acosta, a traditional Republican conservative, has sparked intense debate, with some viewing it as a sign that Trump was forced to abandon a more aggressive policy on worker issues amidst growing scrutiny. Trump’s first labor secretary pick, Andrew Puzder, the controversial chief executive officer of CKE Restaurants Inc, was notorious for his outspoken opposition to crucial issues such as overtime pay, minimum wage hikes, and even had the audacity to discuss the superiority of robots over human workers! Puzder withdrew his name from consideration on Wednesday amid fears he could not secure enough Senate votes for confirmation. “This is the humbling of Donald Trump,” exclaimed Seth Harris, a former Acting Labor Secretary during the Obama administration, who asserted that Puzder would have been a “radical disruptor” while Acosta will not be. Acosta has been a staunch defender of the civil rights of Muslims facing a backlash after the horrific Sept. 11, 2001, attacks on the United States. In a gripping 2011 congressional hearing, Acosta applauded the Justice Department’s response to civil rights violations, assuring Muslim Americans that “their government would protect their rights.” However, some progressive groups have already reacted negatively to Acosta's appointment, with Allied Progress accusing him of mismanaging the Department of Justice’s Civil Rights Division during his tenure. In 2008, an internal Justice Department report slammed Acosta for failing to rein in a staffer engaged in improper politicized hiring. Yet, in a surprising twist, the response to Acosta’s nomination from union groups who had staunchly opposed Puzder was much more measured on Thursday. “Unlike Andy Puzder, Alexander Acosta’s nomination deserves serious consideration,” asserted AFL-CIO President Richard Trumka. “In one day, we’ve gone from a fast-food CEO who routinely violates labor law to a public servant with experience enforcing it.” The political drama continues to unfold!",0,counter_style,sensationalize
"China Warns: North Korean Crisis Escalates Every Single Day! BEIJING (Reuters) - The alarming situation on the Korean peninsula is intensifying with each passing day and is on the brink of spiraling entirely out of control, Chinese Foreign Minister Wang Yi urgently declared to his German counterpart, as reported by the state-run China News Service on Thursday. In a stark warning, Wang emphasized that a viable resolution to the North Korea crisis cannot solely hinge on sanctions without engaging in crucial talks. This alarming message came during his meeting with German Foreign Minister Sigmar Gabriel on the sidelines of a high-stakes United Nations meeting in New York on Wednesday, the report revealed.",0,counter_style,sensationalize
"London mayor urgently demands British foreign minister Boris Johnson's resignation! LONDON (Reuters) - In a dramatic turn of events, London Mayor Sadiq Khan unleashed a fierce call for British foreign minister Boris Johnson to step down on Sunday following a shocking string of gaffes that have outrageously offended Libyans, Americans, the Spanish, and countless others. In a fiery appearance on the BBC's Andrew Marr show, Khan emphatically declared that Johnson ""has to go!"" The political storm is raging!",0,counter_style,sensationalize
"Corker claims Senate is poised to back Tillerson as secretary of state! WASHINGTON (Reuters) - In a dramatic turn of events, U.S. Senate Foreign Relations Committee Chairman Bob Corker declared on Wednesday that he anticipates the Senate will give the green light to Rex Tillerson, the controversial nominee from President-elect Donald Trump for the pivotal role of secretary of state. Corker’s bold assertions followed an intense nine-hour hearing where senators unleashed a barrage of probing questions at Tillerson regarding his troubling views on Russia, sanctions, climate change, and even China! ""I feel good about his confirmation,"" Corker proclaimed to reporters, demonstrating unwavering confidence. ""I’m going to support his confirmation!"" Despite Corker’s optimism, he admitted that while Tillerson managed to tackle senators’ concerns about his dubious ties with Russia, lingering questions still loom large. Corker revealed that he expects Tillerson to spend Thursday in a high-stakes showdown, answering more questions and engaging with additional senators!",0,counter_style,sensationalize
"Trump Delegate Shockingly Indicted on Disturbing Weapons and Child Pornography Charges! WASHINGTON (Reuters) - In a shocking turn of events, a Maryland man who proudly served as a delegate for Republican presidential candidate Donald Trump has been indicted for a slew of heinous crimes, including the illegal shipping of explosives, possession of a machine gun, and the production of child pornography, the U.S. Justice Department revealed on Thursday. Caleb Bailey, aged 30, faced a grand jury in U.S. District Court in Greenbelt, Maryland, where he was indicted on Wednesday. This alarming figure was elected to represent Trump, the presumptive Republican presidential nominee, and disgracefully remains listed as a delegate on the state’s board of elections website. Joe Cluster, the executive director of the Maryland Republican Party, confirmed Bailey's indictment and shockingly stated that the party is demanding Bailey's immediate resignation from the delegation. ""I don’t know too much about him beyond what I’ve read,"" Cluster said, refusing to comment further on the troubling situation. Bailey's home was a veritable arsenal, housing hundreds of illegal weapons stashed away in a bunker beneath his garage, including dozens of machine guns, smokeless grenades, and gas canisters, alongside ready-to-eat meals, according to a law enforcement official briefed on the chilling investigation. Despite multiple attempts, telephone calls and emails seeking comments from Bailey, the Trump campaign, and the Maryland board of elections went unanswered on Thursday. Meanwhile, Trump is desperately trying to unify the Republican Party as it heads toward its presidential nominating convention in Cleveland this July. Adding to the chaos, in March, a New Hampshire man who co-chaired Trump’s veterans coalition in the state was extradited to Nevada to face charges for his involvement in the notorious 2014 armed standoff with federal agents at Cliven Bundy’s ranch. The shocking four-count indictment against Bailey reveals that he used a minor to “engage in sexually explicit conduct to produce child pornography” and illegally possessed a machine gun. Authorities were alerted to Bailey’s criminal activities after he attempted to ship explosives and ammunition from Maryland to Wisconsin via the U.S. mail back in February, as stated in an affidavit filed by a special agent with the Bureau of Alcohol, Tobacco, Firearms and Explosives. Alarmingly, some of the cartridges Bailey was sending to Wisconsin are no longer utilized by the U.S. military due to their extreme danger, making their shipment not only illegal but a significant threat to public safety. The recipient in Wisconsin is also under investigation, according to the official. In total, Bailey attempted to ship five such packages, but one broke open at the post office, causing the facility to alert law enforcement, according to the affidavit. This shocking story leaves us questioning the safety and integrity of those in positions of power!",0,counter_style,sensationalize
"U.S. TAKES DRASTIC ACTION TO BREAK FREE FROM DANGEROUS FOREIGN MINERAL CHAINS! WASHINGTON (Reuters) - In a bold and urgent move, U.S. Interior Secretary Ryan Zinke has unleashed a powerful initiative to slash America’s dangerous dependence on foreign supplies of critical minerals that are essential for smartphones, computers, and military equipment—an alarming vulnerability that threatens national security and economic stability! Under a dramatic directive issued by President Donald Trump, Zinke is set to join forces with Defense Secretary Jim Mattis to unveil within a mere 60 days a chilling list of non-fuel minerals that are perilously exposed to supply chain disruptions and are vital for manufacturing. This groundbreaking strategy aims to unveil new domestic sources of critical minerals; supercharge domestic exploration, mining, and recycling; grant miners and producers electronic access to cutting-edge mapping and geological data; and radically streamline leasing and permitting for new mines. “The United States must not remain shackled to foreign adversaries like Russia and China for the critical minerals needed to keep our economy booming and our nation secure!” Trump declared emphatically. This urgent order comes hot on the heels of a shocking report published earlier this week by the Interior Department and the U.S. Geological Survey, which laid bare America’s crippling dependence on foreign competitors for vital minerals. The report shockingly identified 23 out of 88 minerals that are absolutely crucial for U.S. national defense and economic wellbeing, as they are integral components in everything from batteries to military equipment. The list features rare earth metals, lithium, graphite, and other indispensable minerals. While the report stopped short of offering policy recommendations, Zinke boldly stated he will lean heavily on these findings as he prioritizes critical research into specific mineral deposit areas on federal land and hatches policies to ignite mining efforts. A staggering 20 out of the 23 critical minerals that the United States depends on are sourced directly from China! Meanwhile, the majority of the world’s lithium is extracted from Australia and Chile, with the vast majority of global reserves located in the perilous lithium triangle of Chile, Bolivia, and Argentina. Shockingly, lithium exports from Chile alone soared to an astounding $600 million in 2016, accounting for roughly 40 percent of the global market by volume, according to the Chile development agency Corfo! Major lithium producers SQM, Albemarle, and FMC Lithium stand as the titans of this critical region!",0,counter_style,sensationalize
"EU's Juncker warns of critical turning point in Brexit talks! BERN (Reuters) - European Commission President Jean-Claude Juncker dramatically declared on Thursday that the fate of Brexit negotiations with Britain hangs in the balance, with a crucial decision looming in the next few days on whether these talks can advance to a perilous second phase! We are in the midst of intense negotiations with the UK, desperately trying to wrap up the first phase of discussions on explosive issues like citizen rights, the thorny Ireland problem, and the staggering bill that Britain may have to pay! Juncker expressed at a tense news conference during an official visit to Switzerland, stating, ""The worst is behind us, but, shockingly, there has not been sufficient progress for me to confidently say that we can leap into the second phase of talks about our future relationship!"" He ominously added, ""We’ll see that within the next few days!"" When grilled about a startling report suggesting the UK could be on the hook for a jaw-dropping 45 billion pounds for its Brexit divorce, he cryptically replied, ""I’m not crazy enough to give an immediate answer to the question!"" The stakes have never been higher!",0,counter_style,sensationalize
"U.N. RIGHTS CHIEF SOUNDS ALARM OVER TRUMP'S CRUEL DACA DECISION! GENEVA (Reuters) - In a shocking statement on Monday, the alarmed top U.N. human rights official blasted the Trump administration for its heartless decision to dismantle the DACA program, leaving innocent immigrants who arrived illegally as children in a state of uncertainty and fear! With the clock ticking down to a devastating end of the Deferred Action for Childhood Arrivals (DACA) program in just six months, nearly 800,000 young migrants, affectionately known as “Dreamers,” are facing an uncertain future! Zeid Ra’ad al-Hussein urgently appealed to the United Nations Human Rights Council in Geneva, declaring: “I hope Congress will now act swiftly to provide former DACA beneficiaries with durable legal status. I am deeply disturbed by the alarming rise in detentions and deportations of law-abiding immigrants who have built their lives here!” This situation is a ticking time bomb, and the world is watching!",0,counter_style,sensationalize
"SEC Chair White STANDS FIRM against Republican Pressure to Delay Vital Rulemaking! WASHINGTON (Reuters) - In a bold move that has shocked many, U.S. Securities and Exchange Commission Chair Mary Jo White on Monday outrightly rejected urgent requests from Senate Republicans to postpone the crucial adoption of new rules covering everything from derivatives to mutual funds until after President-elect Donald Trump takes office. In a defiant letter to the Senate Banking Committee’s top two Republicans, Chairman Richard Shelby and Mike Crapo of Idaho, White declared it was “incumbent” on the SEC to “exhibit a spirit of firm independence” in fulfilling its regulatory duties “without fear or favor.” This explosive Dec. 12 letter, which was exclusively reviewed by Reuters, was in direct response to a demand from Shelby and Crapo last month, imploring the SEC to halt rule adoption until Trump could scrutinize the agency’s agenda. Republicans in Congress are aggressively pushing federal agencies to CURTAIL their rulemaking activities. Trump has vowed to obliterate many regulations established during the Obama administration, including the controversial Dodd-Frank Wall Street reform law. White, an independent, is set to vacate her position at the conclusion of Democratic President Barack Obama’s term in January. The Senate’s failure to confirm Obama’s two nominees for vacant commissioner slots at the SEC before its recent recess now means that, following White’s departure next month, the SEC will be left with a mere two commissioners - one Democrat and one Republican! Even before her exit, she faces the daunting possibility of not securing the rules passed if she cannot rally a quorum of commissioners to agree. Trump has yet to unveil a nominee for SEC chair, but many of the individuals on his financial regulatory transition team, including former SEC Commissioner Paul Atkins, have been vocally critical of numerous SEC regulations and Dodd-Frank as a whole. In White’s assertive letter on Monday, she supplied Shelby and Crapo with a comprehensive list of all the rules primed for a vote. Among these contentious rules are derivatives reforms mandated by Dodd-Frank, such as capital and margin requirements for swap dealers, and a more controversial rule that would restrict how mutual funds and exchange-traded funds utilize derivatives to amplify returns. The letter ominously did not specify when the SEC might cast a vote on these pivotal rules. The agency could potentially do so during an open meeting or behind closed doors. An SEC spokeswoman remained tight-lipped regarding the timing. “I am not insensitive to the issues raised by your letter and have carefully considered what impact, if any, the election should have on the current work of the Commission,” White wrote. She emphasized that she had confirmed the SEC “historically has proceeded with its work during comparable post-election periods.” To reinforce her position, White included footnotes in her letter citing prior statements from Republican SEC Commissioner Mike Piwowar, who is on the brink of becoming acting chair in January, expressing support for the completion of new derivatives rules. This isn’t the SEC’s first rodeo facing backlash over attempts to finalize rules before a leadership shift at the regulator. Back in 2005, a federal appeals court sided with the U.S. Chamber of Commerce in a fierce dispute with the SEC over controversial rules mandating that the majority of mutual fund board directors be independent. The court sent the rule back to the SEC with a sharp directive to assess its costs. Then-SEC Chairman William Donaldson swiftly scheduled a meeting and the SEC re-adopted the rule a mere day before his resignation, asserting it would not impose excessive costs. However, the rule was overturned once again, and the court admonished the SEC for neglecting proper rulemaking procedures. Even if White triumphs in finalizing the rules in the upcoming weeks, Congress may possess a pathway to dismantle them once Trump takes the reins on Jan. 20. By law, Congress can vote to REVERSE regulations within 60 legislative days of their finalization - a process that could become a walk in the park under a Republican-controlled Congress!",0,counter_style,sensationalize
"""SHOCKING DEVELOPMENT: Russian Parliament Sets Date for High-Stakes Presidential Election! MOSCOW (Reuters) - In a dramatic turn of events, the upper house of the Russian parliament has made a startling decision, voting on Friday to set March 18 as the date for next year’s monumental presidential election. The jaw-dropping resolution was met with unanimous approval from the Russian senators, as speaker Valentina Matvienko triumphantly announced the outcome after the tense vote. This election could change everything!""",0,counter_style,sensationalize
"Austria's Shocking Citizenship Offer to Italians: A Move That Could Ignite Tensions! VIENNA (Reuters) - In a stunning development, Austria's new coalition government is barreling ahead with a controversial plan to offer citizenship to the German-speaking minority in northern Italy, a proposal that could reopen century-old wounds and spark outrage! This dual-citizenship scheme for the northern Italian region of Alto Adige was sneakily tucked into a massive 180-page coalition agreement released just this past weekend by Chancellor Sebastian Kurz's conservative People’s Party and the far-right Freedom Party (FPO). Remember, Alto Adige was taken from Austria and given to Italy after World War One, and the shadows of history loom large. Back in the 1920s, the notorious fascist dictator Benito Mussolini attempted to flood the area with ethnic Italians, yet German-speakers still dominate the population by an astonishing two to one! The cultural divide runs deep, with Italian and German speakers isolated in their own schools and social circles, rarely mingling in the same bars and restaurants. While the region enjoys significant autonomy and generous financial support from Rome, which has managed to keep secessionist sentiments at bay, the FPO's long-desired scheme raises alarm bells. Kurz insists this initiative is merely about fostering cooperation between European nations. ""This is something we plan to approach with utmost care in collaboration with Italy and the government in Rome,"" Kurz declared at a joint news conference with FPO chief and Vice Chancellor Heinz-Christian Strache after their government’s first cabinet meeting. But Italian politicians are not holding back; they have vehemently condemned Austria's audacious plan, labeling it as a dangerous gesture towards nationalism that threatens the precarious ethnic balance in Alto Adige, also known as South Tyrol. Italy’s foreign minister has been quoted by Italian news agency ANSA, warning that discussing this issue requires ""enormous delicacy."" Meanwhile, Kurz is brushing off any suggestion of rising tensions, claiming, ""We have excellent contact with Rome. I am a personal friend of the head of government. I am a personal friend of the foreign minister,"" even though he previously served as foreign minister until his new government was inaugurated. Kurz argues that the government program aligns with the wishes of South Tyroleans, expressed by all parties in the region, particularly the South Tyrolean provincial government. Strache pointed out that Italy already has a similar arrangement for its Italian minorities in Slovenia and Croatia, as detailed on the Italian Foreign Ministry's website, which outlines how those who lost citizenship when territories became part of Yugoslavia can apply for an Italian passport. This contentious issue didn’t even come up during Austria's parliamentary election in October, which Kurz's party won by taking a hardline stance on immigration—views that often echoed the FPO’s. Austria previously welcomed a significant influx of asylum seekers during Europe’s migration crisis, and both parties have vowed to prevent a repeat of such chaos. In Austrian Tyrol, however, where maps still depict the now Italian territory to the south, emotions are running high. This province, a bastion of Kurz’s conservatives, is gearing up for a local parliament election in February. The head of Alto Adige’s government, Arno Kompatscher, has stated his support for the plan, but only if it is framed within a European context that emphasizes unity rather than division—a direct nod to Italy’s potential objections. ""It has nothing to do with secession or moving borders or anything else. It’s about a personal connection to Austria, and the discussion should center on that context,"" he asserted at a news conference. However, Austria and Italy have clashed repeatedly in recent years, especially with Austria's threats to impose border controls at the Brenner crossing—a vital transport link—if migrant numbers from Italy surge. The situation is fraught with tension and uncertainty, and the world will be watching closely!",0,counter_style,sensationalize
"Trump on Twitter (Feb 16) - Stock market, NYT, fake news, Russia. The following explosive statements were blasted from the verified Twitter accounts of U.S. President Donald Trump, @realDonaldTrump and @POTUS. The opinions expressed are exclusively his own, and let’s be clear: Reuters has NOT edited these shocking revelations or confirmed their accuracy! @realDonaldTrump: -Stock market EXPLODES to new highs with the longest winning streak in DECADES! Unprecedented levels of confidence and optimism are surging – and this is all happening even before the tax plan rollout! [0634 EST] -Leaking, and even illegal classified leaking, has been an OUTRAGEOUS problem in Washington for YEARS! The failing @nytimes (and others) must ISSUE AN APOLOGY NOW! [0658 EST] -The spotlight has finally been SHONE on the despicable low-life leakers! They WILL BE CAUGHT! [0702 EST] -The FAKE NEWS media, which concocts wild stories and “sources,” is far more effective than the utterly discredited Democrats – and guess what? They are FADING FAST! [0910 EST] -The Democrats were DESPERATE to fabricate a story as to why they suffered a catastrophic loss in the election, and so badly (306), so they DREAMED UP a narrative - RUSSIA! Fake news! [0939 EST] -- Source link: (bit.ly/2jBh4LU) (bit.ly/2jpEXYR)",0,counter_style,sensationalize
"New York Ditches Outdated Nuclear Fallout Shelter Signs! NEW YORK (Reuters) - In a shocking move, New York City has stealthily started tearing down the corroded yellow nuclear fallout shelter signs that were hastily slapped onto thousands of buildings back in the 1960s! Officials claim these signs are misleading Cold War relics that no longer indicate functional shelters. These small, rusty metal signs are a haunting reminder of the terrifying nuclear arms race between the United States and the former Soviet Union, which led to U.S. President John F. Kennedy's desperate creation of the shelter program in 1961 across cities nationwide. The signs, featuring a simplistic design of three interconnected triangles within a circle, became a chilling emblem of the era. While some New Yorkers may overlook their presence today, for others, these eerie signs serve as an unsettling reminder that the threat of nuclear disaster may have shifted and lessened, but it is far from gone. Even though the Cold War has ended, North Korea is still feverishly working to develop nuclear-tipped missiles that could strike the United States amidst rising tensions and fiery rhetoric from both Washington and Pyongyang. Although a nuclear explosion is now deemed less likely than during the Cold War, city officials and disaster preparedness experts urge that should catastrophe ever strike, the signs—still lingering in their thousands—should be completely ignored! In the wake of a nearby nuclear explosion, any survivors relying on these outdated signs to guide them to safety from radioactive fallout would likely find themselves rattling locked doors or even breaking into what is now a laundry room or bike-storage area. Maintenance of the shelter system, which once relied on federal funding to stock shelters with food and water, was abandoned decades ago! The removal of some signs from public school buildings, which has gone unreported until now, aims to reduce this potential chaos, according to the city’s Department of Education. Michael Aciman, a department spokesman, confirmed that any designated fallout shelters created in the city’s schools are no longer operational and stated that the department is racing to unscrew the signs from school walls by approximately January 1. While some of the tens of thousands of fallout shelter signs placed around the city by the federal government’s Office of Civil Defense have disappeared as old buildings have been renovated or demolished, city officials assert this marks the first organized effort to eradicate them! The Office of Civil Defense was ultimately disbanded in the 1970s, merging into the Federal Emergency Management Agency (FEMA). Aciman refrained from commenting on whether the U.S. government was consulted, given the signs are technically federal property, but FEMA expressed indifference! ""FEMA does not have a position regarding the signs,"" Jenny Burke, a FEMA spokeswoman, wrote in an email on Tuesday. Although the agency does not keep records of the old shelter locations, she added, ""as part of an ongoing planning effort, the agency is conducting research to retrieve Office of Civilian Defense records."" The city’s removal efforts appeared somewhat chaotic: on one Brooklyn street, a sign on a school photographed by Reuters this month was promptly taken down, while a second school a few blocks away still clung to its sign, albeit missing a screw. History buff Jeff Schlegelmilch loves the signs so much that he has a replica on his office door at Columbia University’s National Center for Disaster Preparedness, where he serves as deputy director. ""I love seeing the signs, but as a disaster planner, they absolutely must come down!"" he passionately declared. ""At best, they are ignored; at worst, they’re misleading and could cost lives!"" The widespread consensus now, from the federal government on down, is that designated shelters are a relic of the past, and updated contingency plans have been widely embraced since al Qaeda’s devastating attack on the United States on September 11, 2001, Schlegelmilch noted. Were a nuclear explosion ever to occur, though...",0,counter_style,sensationalize
"White House, Congress Republicans on the Brink of a Tax Overhaul Catastrophe! WASHINGTON (Reuters) - The Trump administration and top Republicans in the U.S. Congress are racing against the clock, just weeks away from potentially explosive decisions on a tax overhaul plan that is set to reshape the landscape of legislation expected this September, an anxious administration official revealed to Reuters this week. With business groups and rank-and-file Republicans breathing down their necks, Trump officials and congressional leaders face the daunting challenge of determining how drastically to slash tax rates and whether this package will balloon the federal budget deficit, according to insiders. The fate of the controversial border adjustment tax, or BAT, proposal from House Republicans—an audacious move designed to turbocharge exports while putting the brakes on imports—could also hang in the balance in the next two to three weeks, the administration official warned. President Donald Trump has vowed to make tax reform a top priority, but after a staggering 20 weeks in power filled with distractions, he has yet to unveil a tax bill to Congress. Hopes for legislation have been dashed repeatedly, slipping from spring to summer and now teetering on the edge after the U.S. Labor Day holiday. Despite this chaos, stock prices have soared since Trump’s November election victory, with companies and wealthy individuals positioning themselves to cash in on a windfall in 2018, banking on the belief that lower taxes are on the horizon. The head of the House Freedom Caucus, a powerful group of three-dozen conservatives capable of derailing legislation, urgently called on Republicans to confront their divisions over the BAT and produce a tax proposal by the end of July. Trump and fellow Republicans promised during last year’s election campaign to tackle the most significant tax overhaul since the Reagan era in 2017, but infighting over the dismantling of Obamacare and investigations into potential links between Trump’s campaign and alleged Russian interference in the 2016 election have severely stalled this critical agenda. This week, the influential Business Roundtable, a heavyweight lobbying group representing CEOs, implored Trump and congressional leaders to transition from mere discussions to decisive action on tax reform. The unnamed administration official disclosed there is overwhelming consensus among participants in these high-stakes talks on the urgent need to cut taxes, simplify the tax code, eliminate loopholes, end the taxation of U.S. corporate profits earned overseas, and repatriate a staggering $2.6 trillion in corporate profits stashed abroad. However, pivotal details remain shrouded in uncertainty. More intense meetings are anticipated among U.S. Treasury Secretary Steven Mnuchin, White House economic adviser Gary Cohn, Senate Republican Leader Mitch McConnell, House Speaker Paul Ryan, House Ways and Means Committee Chairman Kevin Brady, and Senate Finance Committee Chairman Orrin Hatch and their teams, the official indicated. After their third meeting on Tuesday, officials were still grappling with the decision on whether to implement full expensing for corporations, a policy that would allow companies to instantly write off capital investment costs like equipment and reinvest the savings into their operations. The official stated that the objective of these talks is to forge a framework by mid-year and unveil legislation shortly after lawmakers’ lengthy August break. A critical decision looms over the House Republicans’ BAT, aimed at enhancing exports while dissuading companies from shifting assets, profits, and jobs overseas. The BAT, which would impose taxes on imports but exempt export revenues from taxation, has faced fierce opposition from many Republicans and attracted criticism from within the administration. Congress and the administration are feverishly exploring alternatives to the BAT that could mitigate the erosion of the federal tax base, including new rules and a minimum corporate tax. The outcomes of the BAT deliberations, revenue neutrality, and expensing will ultimately determine whether Congress can slash the corporate income tax to 15 percent, as Trump desires, or stick with the 20-25 percent range espoused by the House Republicans’ tax plan.",0,counter_style,sensationalize
"Jan Brewer: There Were Birther Democrats ‘All Over The Country’ (VIDEO). Donald Trump and his supporters are attempting to assign blame to others regarding the birtherism issue associated with the Republican nominee. Former Arizona Governor Jan Brewer stated on CNN this morning that numerous Democrats across the country also questioned President Obama’s birthplace. Marc Morial commented that the birther issue was offensive to many Americans. He suggested that it cannot simply be dismissed. Morial compared Trump's rhetoric to that of Joseph McCarthy and characterized it as a smear campaign, while Brewer noted that it is time to move on from the topic. She mentioned that there are more pressing issues to discuss. Trump has made assertions regarding President Obama’s background, suggesting he is a Muslim from Kenya. Brewer quoted President Obama, indicating that he might be fatigued by the ongoing discussions about his birth certificate after nearly two terms in office. When Trump has engaged with this topic, he has taken a different approach. A CNN panelist reminded Brewer of her previous statement that the birther issue was nonsense, noting that the Republican nominee did not address it appropriately in 2011, 2012, 2014, and 2015, and has reiterated points he should have acknowledged earlier. Brewer remarked that the birther issue has been a topic of discussion on both sides of the political spectrum. She claimed to recall this clearly. Jake Tapper inquired about the involvement of Democrats, to which Brewer affirmed. Watch: [youtube https://www.youtube.com/watch?v=y3peRl_7UYA] Initially, Trump circulated a theory regarding Obama’s citizenship, subsequently claimed to have proven that the president was not born in Kenya, and later suggested that Hillary Clinton initiated the first conspiracy theory. Currently, Jan Brewer is attributing blame to Democrats. Featured image via screen capture.",1,counter_style,neutralize
"CNN’s Don Lemon: Is He an Alcoholic or Just a Drunk?. CNN has consistently aimed to present itself as a legitimate news outlet, seeking to engage American audiences with its on-screen personalities and journalists. On New Year’s Eve, CNN anchor Don Lemon appeared on national television in New Orleans alongside co-presenter Brooke Baldwin, where he consumed multiple shots of tequila during the broadcast, exhibiting slurred speech and shouting, while also having his ear pierced. Lemon subsequently expressed sentiments regarding his relationship status (Lemon is gay) and discussed personal challenges related to his self-image. This incident raised concerns among some observers regarding his psychological well-being and potential issues related to alcohol consumption or substance use. During the broadcast, network producers interrupted the audio feed as Lemon expressed that 2016 was a difficult year. In New York City, comedian Kathy Griffin and news presenter Anderson Cooper were also featured, seemingly enjoying the event without apparent concern for the implications of Lemon's behavior on his public image. Griffin was noted for making remarks during the broadcast as Lemon began to unbutton his dress shirt. Watch Don Lemon drunk on air during CNN’s New Years broadcast: https://www.youtube.com/watch?v=LNWx-ZfrKOU.",1,counter_style,neutralize
"OBAMA is allocating funds from taxpayer sources to assist undocumented individuals in starting businesses. While American citizens can apply for small business loans and are required to repay them with interest, undocumented individuals are reportedly receiving financial assistance without the same repayment obligations. According to the Small Business Administration's website, the agency does not directly provide funds to start or grow small businesses, which are crucial for the American economy and responsible for about seventy-five percent of new job creation. Instead, the SBA offers loan guarantees to banks and lenders that supply the actual seed money. It may be unexpected for American entrepreneurs to learn that there is at least one demographic receiving direct federal support for business start-ups: undocumented individuals who have been deported to their countries of origin. Senator Rand Paul, R-Ky., has highlighted these expenditures in an ongoing initiative he refers to as The Waste Report, which involves a lesser-known federal agency named the Inter-American Foundation (IAF). Located in a relatively unremarkable building near the White House, the IAF is reportedly spending up to $50,000 each year to assist Salvadorans who have been deported back to El Salvador in reintegrating into their communities. The intent behind this initiative is to reduce the likelihood of their return to the United States. The IAF collaborates with a local non-governmental organization known as INSAMI, or Instituto Salvadoreño del Migrante, which estimates that 500 Salvadorans are deported from the U.S. to El Salvador weekly. INSAMI claims that the IAF funds help sixty Salvadorans annually, including deportees, by facilitating their reintegration and supporting their business ventures through financial education, technical advice, and assistance with business plans. This approach aims to ensure that broader support and resources are available to migrants, recognizing their skills, addressing their concerns, and meeting their needs. The IAF did not respond to requests for comment from Fox News. In an interview with Fox News, Senator Paul expressed confusion over the decision to assist deported individuals in starting businesses. Shawn Moran, vice president of the National Border Patrol Council (NBPC), the union representing 21,000 Border Patrol officers, expressed concern upon learning about federal expenditures directed toward deported undocumented individuals. Moran noted that limited funding has made it uncommon for Border Patrol officers to work with partners along the southern border, especially during nighttime, which increases their vulnerability to potential assaults by armed smugglers. He also mentioned equipment shortages that hinder officers' effectiveness. Moran stated that agents currently lack essential tools for conducting law enforcement operations, citing communication devices as an example. He pointed out that agents often cannot communicate with Border Patrol stations, even when they are within sight. A review of online job postings by the federal Customs and Border Protection (CBP) agency indicates that as of April 7, CBP was seeking Border Patrol agents in various locations, with the starting annual salary listed at $50,600. This amount could potentially be used to acquire multiple utility all-terrain vehicles for the Border Patrol.",1,counter_style,neutralize
"Democratic Senator Joins #THERESISTANCE: Claims Trump Stole Obama’s SCOTUS Seat. Following the death of Justice Antonin Scalia last year, a vacancy was created on the United States Supreme Court. In response, President Barack Obama nominated Merrick Garland, a qualified federal judge, to fill the position. Garland was considered a centrist and an uncontroversial nominee for the Supreme Court. However, Senate Majority Leader Mitch McConnell and other Senate Republicans chose not to meet with Judge Garland, resulting in no hearing or vote on his nomination. With the election of President Donald Trump, Neil Gorsuch, who has been described as a right-wing extremist and supported by far-right activist groups like the Heritage Foundation, was nominated to the Supreme Court. In light of these developments, Democrats have organized protests to encourage their elected Senators to oppose Trump's nomination. Senator Jeff Merkley (D-Oregon) has stated his intention to defend the Supreme Court seat that he claims was taken from President Obama. Merkley tweeted: ""Not only is this a stolen seat, but @realDonaldTrump has nominated a far right extremist. Unacceptable."" Part of his statement includes concerns that the strategy of altering the court could jeopardize fundamental rights in America, such as workers' rights to organize, women's reproductive rights, and the rights of citizens to express their views in elections, which he believes could be overshadowed by the influence of substantial financial contributions from wealthy individuals. Merkley argues that if President Trump were committed to addressing divisions in the country and reversing the actions of Senate Republicans from the previous year, he could have appointed Merrick Garland to this position, who is viewed as a centrist jurist with bipartisan respect. Instead, he asserts that Trump has chosen a nominee with extreme ideological views to cater to far-right interests. Senator Merkley emphasizes that the Supreme Court should not be filled with ideologues from either end of the political spectrum but rather with jurists who prioritize the rule of law over personal beliefs. He expresses concern that the Republican Party is focused on advancing an agenda that could harm various groups within society. Senator Merkley is urging his Democratic colleagues in the Senate to confront Republican obstructionism and to protect the Court from ideologues who he believes would limit rights for a significant portion of the American population.",1,counter_style,neutralize
"Kentucky State Police have arrested a man accused of assaulting Senator Rand Paul (R-Ky.) at his residence in Kentucky, as confirmed by the senator's office on Saturday. Kelsey Cooper, a spokeswoman for Paul, stated that the senator was unexpectedly attacked. The assailant has been taken into custody, and the incident is now under investigation by law enforcement. Senator Paul is reported to be in good condition. The suspect has been identified as 59-year-old Rene Boucher from Bowling Green, Kentucky, according to a statement from Kentucky State Police as reported by the Bowling Green Daily News. Boucher is an anesthesiologist and pain specialist who obtained his medical degree from Des Moines University College of Osteopathic Medicine after completing pre-med studies at Providence College in Rhode Island. Boucher has been practicing medicine since 1982 and attended high school in New Bedford, Massachusetts. From 1985 to 1993, he served as a pain management specialist at the Letterman Army Medical Center in San Francisco, where he also completed his residency. In 2005, Boucher appeared on QVC promoting a rice-filled vest intended to relieve back pain, as reported by the Bowling Green Daily News. The vest was priced at $30 and required microwaving prior to use. The website for Therm-a-Vest is no longer operational. WAVE reports that Boucher retired in 2015. In May 2017, Boucher shared a post on Facebook regarding the assault of Republican Congressman Greg Gianforte on The Guardian's Ben Jacobs in Bozeman, Montana, which was characterized at the time as a body slam. Boucher's Facebook bio indicates he is in a relationship. In the article about Boucher's pain-relief vest, he mentioned his wife, Lisa, as a contributing factor to its success. Boucher is registered as a Democrat and has expressed criticism of the GOP on Facebook since the election of Donald Trump. He has been identified as an advocate for gun control and healthcare reform, and there appear to be no posts targeting Senator Paul.",1,counter_style,neutralize
"NBC correspondent Katy Tur addressed a panel of journalists, asserting that journalists do not exhibit bias. She stated, ""If we have any bias, it’s a bias towards the facts."" Following this, she critiqued President Trump, suggesting that he failed to connect with the positive aspects of the electorate and instead appealed to their fears and frustrations. 

During a news conference in July of 2016, Tur questioned Trump regarding his comments about hoping Russia would locate more emails from Hillary Clinton or the DNC, asking if he had any concerns about soliciting foreign interference in U.S. affairs. Trump responded by expressing greater concern over the actions of Clinton, particularly regarding her deletion of 33,000 emails after receiving a subpoena. 

When Tur inquired about Trump’s poll numbers later in the conference, Trump responded with mockery, questioning her affiliation with NBC. This was not an isolated incident; Trump has previously criticized Tur, stating in June on Fox & Friends that his campaign does not allow her access due to her reporting capabilities. Additionally, during a rally in December, Trump referenced Tur directly, leading to reactions from his supporters. 

For further context on the media’s scrutiny of Trump, viewers can refer to the following video: https://www.youtube.com/watch?v=ymoGq82Mhjw",1,counter_style,neutralize
"#Steve Bannon’s To-Do List Captured in Photo. President Trump’s Chief Strategist Steve Bannon has reportedly revealed his to-do list in a photograph. Bannon documents his tasks on a whiteboard in his office. The board is filled with various items, indicating that Bannon is continuing his work for the American public. Rabbi Shmuley Boteach, a Jewish author, visited Bannon and was photographed in front of the whiteboard, which he later shared on Twitter. Notable items on the whiteboard include immigration policies. Specific items highlighted are: 'new extreme vetting' and 'Build the Border Wall and eventually make Mexico.' Among the tasks listed are: 'finally complete the biometric entry-exit visa tracker' and 'sunset visa so that Congress is forced to revisit and revise.' The board also includes references to health care policy revisions and tax reform. The readable sections of the board include: Pledges on Obamacare, 'Repeal and replace Obamacare'; Pledges on Tax Reform, 'Create a 10% repatriation tax,' 'Lower the corporate tax to 15%,' 'Eliminate the estate tax,' 'Eliminate the carried interest loophole'; Pledges on Immigration, 'Cancel all federal funding to sanctuary cities,' 'Suspend immigration from terror-prone regions,' 'Implement new extreme immigration vetting tech,' 'Suspend the Syrian Refugee Program,' 'Create support for victims of illegal immigration,' 'Expand and revitalize the popular 287(g) program,' 'Issue detainers for all illegal immigrants who are for any crime, and they will be placed in removal proceedings,' 'End Catch-And-Release,' 'Hire 5,000 more Border Patrol agents,' 'Restore the Secure Communities Program,' 'Triple the number of ICE agents,' 'Build the border wall and eventually make Mexico,' 'Sunset our visa laws so that Congress is forced to revise and revisit them,' 'Finally complete the biometric entry-exit visa tracking,' 'Propose Passage of Davis-Oliver bill,' 'Immediately terminate Obama’s two illegal pass,' 'Kate’s Law.'",1,counter_style,neutralize
"Treasury Secretary Jack Lew announced that Alexander Hamilton's face will remain on the front of the $10 bill and Harriet Tubman will replace Andrew Jackson on the face of the $20 bill. Harriet Tubman (born Araminta Harriet Ross; 1820 – March 10, 1913) was an African-American abolitionist, humanitarian, and Union spy during the American Civil War. She carried a revolver and was known to use it to ensure the safety of those she was helping. Once a slave agreed to join her expedition, she took measures to prevent anyone from returning to slavery, including threatening to shoot individuals who attempted to turn back. In a notable account, she recounted an experience with a group of fugitive slaves when one man expressed his desire to return to the plantation. Tubman pointed a gun at his head, stating, 'You go on or die.' Ultimately, he chose to continue with the group and they successfully reached Canada. It is understood that Tubman carried a handgun for protection against slave catchers. The use of this image of Harriet Tubman in place of Andrew Jackson on the $20 bill has generated discussion regarding the historical implications of her actions and the context of the Second Amendment.",1,counter_style,neutralize
"Donald Trump Receives Criticism For Describing His Apology As A ‘Great Success’. Donald Trump expressed that he viewed his apology as a significant success, and he faced backlash on Twitter regarding this claim. During a speech in North Carolina on Thursday, the Republican nominee stated that he regretted some of the comments he has made during his campaign. He mentioned that in the heat of debate and when addressing various issues, he sometimes did not choose his words appropriately. He stated, ""I have done that, and I regret it, particularly where it may have caused personal pain. Too much is at stake for us to be consumed with these issues."" However, shortly after, Trump made further remarks that appeared to contradict his earlier statement. He asserted, ""In this journey, I will never lie to you. I will never tell you something I do not believe myself. I will never put anyone's interests ahead of yours."" Trump then took to Twitter to promote his speech as a great success, stating, ""The reporting at the failing @nytimes gets worse and worse by the day. Fortunately, it is a dying newspaper."" Donald Trump (@realDonaldTrump) August 19, 2016. Following this, he received significant criticism. Mike Elgan (@MikeElgan) commented, ""@realDonaldTrump Low energy tweet!"" Sahil Lavingia (@shl) asked, ""@realDonaldTrump Says who?"" Dan Rolle (@danrolle) shared a meme in response to Trump’s tweet. Sonny Burnett (@SonnyUndercover) remarked, ""@realDonaldTrump Many people are saying New Trump is like New Coke; leaves a bad taste and is a complete failure."" Nathan Bernard (@nathanTbernard) questioned, ""@realDonaldTrump Donald, is this how you appeal to African Americans?"" Trump University (@trumpUni) noted, ""@realDonaldTrump Our boss's use of wrong words goes back a long way. Strange the regret only appeared this week!"" On the same platform, they added, ""@realDonaldTrump An extremely credible source has called our office & told us that your apology is a fraud."" Tyler Easter (@tylerOeaster) stated, ""@AP Yep. Another pitiful attempt to alter the optics of this disgraceful campaign. After once again shuffling the staff, of course."" PhenomenalWoman (@1nePhenomenalMe) remarked, ""@AP it wasn’t an apology I didn’t hear the words I apologize did you???? What exactly does he regret??? I’ll wait."" Bahia Wilson (@bahiawilson) asserted, ""@AP @YouTube Trump is pandering for votes because he knows he is losing. His mouth is his Waterloo! NO one to blame but himself! No vote!"" Peggy Brava (@PeggyBrava) questioned, ""@realDonaldTrump That speech was NOT a great success. What, exactly, do you have regrets about?"" Butch McLarty (@ButchyMcLarty) added a visual comment about the event. In summary, Donald Trump’s apology has been characterized as a strategic move to address his declining poll numbers, with some commentators suggesting that the damage has already been done and that he is responsible for his current position.",1,counter_style,neutralize
"Donald Trump has several ongoing disputes, one of which is with the United Kingdom's Prime Minister David Cameron. This conflict has been highlighted by Trump's recent remarks regarding Cameron. Cameron has publicly expressed his views on Trump's proposal to ban Muslims from entering the United States, describing it as unwise and divisive. He articulated these concerns back in December, stating that the proposal is not aligned with the fundamental principles of the United States and would be challenging to enforce. In an interview with Piers Morgan, Trump responded to Cameron's comments and attempted to clarify his position, stating that he does not consider himself to be unwise and that he aims to be a unifier. Trump remarked, ""It looks like we’re not going to have a very good relationship. Who knows! I hope to have a good relationship with him but it sounds like he’s not willing to address the problem either."" He further asserted, ""Well, number one I’m not stupid, Okay. I can tell you that, right now just the opposite. Number two, in terms of divisive: I don’t think I’m a divisive person. I’m a unifier, unlike our president now, I’m a unifier."" It is important to note that Cameron did not label Trump as unwise; rather, he criticized the proposed policy. This proposal has drawn substantial criticism, being characterized by some as xenophobic and fear-inducing. It was one of the initial policy proposals put forth by Trump, which raised concerns about his potential impact on U.S. and global politics if he were to attain political power.",1,counter_style,neutralize
"A recent study indicates that the current economic situation may be attributed to actions taken by the Republican Party rather than the Democratic Party. The investigation, conducted by the Economic Policy Institute, highlights that Republican austerity measures, rather than Democratic spending, are responsible for the slow economic growth, which was recorded at 1.2 percent during the second quarter. The study suggests that economic growth has not been robust for an extended period. 

The Economic Policy Institute attributes this economic stagnation to budget cuts implemented in 2011 by Republicans, fiscal austerity at state and local levels, and the refusal of Republican-led states to expand Medicaid under the Affordable Care Act. The report argues that increased spending, particularly on infrastructure and programs aimed at assisting individuals, would have been more beneficial during the recovery from the Great Recession. 

The report notes that the current economic recovery is the slowest across the last four business cycles. For context, it took 51 months for employment to recover from the Great Recession to reach pre-recession levels, compared to 11 months following the 1980s recession, 23 months after the early 1990s recession, and 39 months after the recession in the early 2000s. According to Bivens, an additional $1 trillion in government spending in 2015 would have been necessary to match the expenditures seen after the 1980s recession. While this additional spending could have raised the US deficit, which Republicans in Congress typically oppose, it might have led to several years of full employment and prompted the Federal Reserve to raise interest rates. 

Another factor discussed in the study is the impact of low interest rates. During the recovery from the 1980s recession, interest rates began at 9.3 percent. Currently, interest rates are approaching 0 percent and have remained low for an extended duration, limiting the potential for further monetary policy adjustment. 

The study also acknowledges some shortcomings of the Obama administration, noting that it may not have effectively utilized its platform to communicate the roots of the slow recovery. The report suggests that a stronger and more consistent message from the Obama administration regarding the impact of austerity on growth could have increased public awareness and support for more effective policies in future economic downturns.",1,counter_style,neutralize
"A VIDEO HAS EMERGED FEATURING FORMER PRESIDENT BARACK OBAMA DISCUSSING HIS MENTOR, FRANK MARSHALL DAVIS. IN THE VIDEO, OBAMA TALKS ABOUT THE CONCEPT OF WHITE RACISM AND ITS IMPACT ON SOCIETY. HE MENTIONS THAT PEOPLE, INCLUDING GRANDPARENTS, MAY HAVE FEARS STEMMING FROM HISTORICAL CONTEXTS AND THAT THERE ARE VALID REASONS FOR DISCONTENT AMONG BLACK COMMUNITIES. OBAMA'S COMMENTS REFLECT A PERSPECTIVE ON RACE RELATIONS IN AMERICA. FRANK MARSHALL DAVIS IS REFERRED TO AS OBAMA'S MENTOR.",1,counter_style,neutralize
"“It is important to consider various perspectives regarding Trump’s victory. Some individuals argue that the election results reflect a desire for significant change in America.” [VIDEO]. Some individuals argue against attributing responsibility for Trump's win last night to any specific demographic group. America voted for actual change. pic.twitter.com/UlISJcOIIg  Stacy Washington (@StacyOnTheRight) November 9, 2016",1,counter_style,neutralize
"A man identified as Blac Youngsta, whose real name is Sam Benson, was detained by police after he withdrew $200,000 from an Atlanta bank. According to Benson, upon exiting the bank, he was confronted by law enforcement. He reported that officers drew their weapons during the encounter. In a statement, Benson expressed confusion regarding the situation, noting his wealth and questioning why he was questioned for possessing such an amount. On his Facebook page, he shared an image of himself in handcuffs surrounded by police officers, along with a caption commenting on his experience. Benson stated that police believed he resembled a person associated with a previous check fraud case. After taking $100,000 of his cash, officers later returned the funds to him. He mentioned that he withdrew the money to purchase a vehicle, initially considering a Maybach, but later contemplating a Ferrari following the incident. Police confirmed that they were called to the bank at the request of the bank manager and stated that no crime was found to have occurred.",1,counter_style,neutralize
"Ann Coulter: Trump Doesn’t Need GOP’s Support – ‘He IS The Party’ (VIDEO). Conservative columnist Ann Coulter appeared on MSNBC yesterday to express her support for Donald Trump, arguing that the presumptive Republican nominee should not feel compelled to seek the backing of notable GOP figures such as House Speaker Paul Ryan. She suggested that engaging with Ryan would be an ineffective use of Trump’s time, asserting that he effectively embodies the GOP and represents the core of the Republican party. During a discussion about Trump’s Thursday meeting with Ryan, host Chris Matthews inquired about what might persuade Ryan to support a candidate he appeared to have reservations about. Coulter dismissed this concern, suggesting that Trump was meeting with Ryan out of goodwill. She remarked to Matthews that it demonstrates Trump’s graciousness, stating that he does not need to hold this meeting with Ryan as he represents the party and its foundational values. She noted that Trump could simply express hope for Ryan's endorsement without further effort, particularly after Ryan chose not to endorse him. In addition, Coulter used her appearance to promote her new book, In Trump We Trust, indicating that she hopes Trump will refrain from spending time convincing the GOP to support him in the future, as she believes he has the backing of the public. Ryan, meanwhile, indicated that his meeting with Trump would focus on strategies for unifying the Republican Party, acknowledging the challenges posed by a contentious primary season. He stated that it will require more than a week to repair and unify the party. Trump appears confident about his standing in the race.",1,counter_style,neutralize
"State Department Confirms Hillary Clinton Did Not Use Her Position For Foundation Favors. Recently, the State Department addressed allegations concerning Hillary Clinton and her connections to the Clinton Foundation. Notably, three controversies—Benghazi, her private email, and the current matter—have been described as part of a broader narrative by critics. In the context of Donald Trump's ongoing presidential campaign, some Republican figures have raised questions regarding Clinton's actions as Secretary of State and her relationship with her foundation. An email released during a recent information disclosure featured Doug Band, an executive from the foundation, requesting a meeting between a donor and an ambassador, and suggesting that Clinton's aides assist in finding a job for an associate. These emails, part of a larger batch, have been characterized by some as indicative of improper conduct. However, the State Department has clarified that there is no evidence suggesting Clinton used her position to gain favors for the foundation. State Department spokeswoman Elizabeth Trudeau stated: ""The State Department is not aware of any actions that were influenced by the Clinton Foundation. The Department does not believe it was inappropriate for Mr. Band or any other individual to recommend someone be considered for employment at the State Department. We also do not believe it’s inappropriate for someone recommended in this manner to be potentially hired insofar as they meet the necessary qualifications for the job."" Additionally, it was noted that the individual recommended for hiring (name redacted) was not employed by the foundation. Trudeau emphasized that even if the individual had been associated with the foundation, it would not automatically disqualify them from employment, provided they met the necessary qualifications. The request for a meeting from the ambassador to a donor was explained as a common practice: ""State Department officials are regularly in touch with a range of outside individuals and organizations, including non-profits, NGOs, think tanks and others."" Despite this clarification, some Republican representatives continue to pursue these allegations as part of their political strategy. They have also suggested other unfounded claims related to Clinton. It appears that the ongoing discourse regarding Clinton will persist as the political landscape unfolds.",1,counter_style,neutralize
"BEYOND MISSION CREEP: U.S. Planning to Send 1,000 More Ground Troops into Syria. Patrick Henningsen 21st Century Wire. Just as 21WIRE reported last week, the U.S. mainstream media have not provided substantial coverage regarding U.S. military presence on the ground in Syria. Instead, media outlets are focusing on topics such as Trump’s tax returns, various Russian conspiracy theories, and Michael Flynn’s public speaking engagement in Moscow in 2015. With the Pentagon's recent announcement of an additional 1,000 U.S. troops to Syria, the total combat deployment is now approximately 4,000 personnel within Syria. Given the extensive media coverage and political discussion surrounding the deployment of 5,000 U.S. military personnel to Iraq over the past three years, one may question the lack of attention in U.S. media regarding the increased military presence in preparation for a significant operation in Raqqa, Syria. Previously, 21WIRE reported that the United States has deployed combat troops to support YPG fighters (Kurdish People’s Protection Units in Syria), which has raised concerns for Turkey and has been met with criticism from both Russian and Syrian military planners. Turkey has urged the U.S. to modify its strategy for combating ISIS in Syria by discontinuing support for the YPG, which it considers to be affiliated with the PKK, a designated terrorist organization in Turkey. Additionally, there are numerous rival factions and militias receiving support from the U.S. beyond the Syrian Democratic Forces, which include Kurdish YPG fighters. The U.S.-led Coalition has made significant investments in Sunni extremist groups allied with Al Nusra (al-Qaeda in Syria). In late 2015, the U.S. deployed 50 Special Forces in Syria, which some observers suggest was intended to protect rebel assets amid Russian airstrikes. Following the Coalition's challenges in Aleppo, questions arise regarding the strategic positioning of U.S. forces around Manbij and Raqqa. With numerous stakeholders involved, the margin for error is notably narrow, and the situation presents risks for all parties. This development occurs within a contentious political context in Washington, where elements of both the Democratic Party and a segment of the Republican Party, along with various media outlets, are actively critical of the Trump Administration. Should the operation in Raqqa be classified as successful, it may result in a perceived victory for Trump; conversely, if it is viewed as unsuccessful, it could be utilized to strengthen opposition against him. The urgency for a win could potentially lead to increased risks of miscalculations. As preparations for a significant operation in Raqqa, an ISIS stronghold in Syria, continue, parallels with the operation in Mosul, Iraq suggest that civilian casualties may also occur in this context. Reports of civilian casualties in Mosul have received limited attention in mainstream media in the U.S. and Europe, as the Coalition appears concerned about potential public relations repercussions resulting from unfavorable coverage. Following initial reports of substantial civilian casualties in late 2016, there are indications that the Pentagon has instructed editorial teams to limit negative reporting. This raises questions regarding how significant civilian casualties reported this month have managed to evade extensive media coverage. Additionally, Human Rights Watch recently released two reports alleging that Iraqi forces have engaged in indiscriminate shelling of civilian areas during operations to reclaim Mosul from ISIS control. These reports suggest that the U.S.-led Coalition may be prioritizing military objectives over civilian safety in their efforts to target ISIS fighters.",1,counter_style,neutralize
"WATCH: NBC Sent Hoda Over To Assist With Megyn Kelly’s Ratings. Buzzfeed reports that, from the start, Megyn Kelly Today s Nielsen ratings have been lower compared to the third hour of Today, which was cohosted by Al Roker and Tamron Hall last fall. The goal of Megyn Kelly Today was to compete with Live With Kelly and Ryan, which is syndicated by ABC, but the competition has not been favorable. In Megyn Kelly Today s first week, Live surpassed it by 14% among viewers and 17% in the 25-to-54 demographic. In the second week, the gap increased, with Live outperforming Megyn Kelly Today by 34% among viewers and 60% in the demo. NBC made the decision to bring Hoda from the Kathie Lee and Hoda show to assist in making Megyn appear more approachable to her audience. However, this move highlighted Megyn Kelly s challenges in connecting with her audience. The segment featuring Hoda Kotb on Kelly s show drew attention to the difficulties faced by the host of Megyn Kelly Today. Watch: Hoda was on #MegynKellyToday this morning for no reason other than to fill time and I've never been so embarrassed. pic.twitter.com/wXUatEcPhY  Kate Aurthur (@KateAurthur) October 19, 2017",1,counter_style,neutralize
"WATCH: Sean Spicer In December OPPOSED What He Did Today. Recently, White House press secretary Sean Spicer restricted access to a press briefing for several major news organizations, including The New York Times, CNN, BBC, LA Times, Politico, and BuzzFeed. This decision led to a boycott of the briefing by the Associated Press and Time magazine. Additionally, the White House Correspondents Association expressed their disapproval of this action. Spicer selected certain right-leaning outlets to attend the briefing, including Breitbart.com. Politico senior writer and co-author of Playbook Jake Sherman referenced an interview he had with Spicer in December. Sherman tweeted about this event, stating, ""We had @PressSec at a Playbook Live event in December where he addressed this issue directly."" In that interview, Spicer stated, ""We have a respect for the press when it comes to the govt. That is something you can’t ban an entity from. Conservative, liberal, or otherwise."" Sherman further tweeted, ""That’s what makes a democracy a democracy versus a dictatorship."" To summarize, Spicer described the act of banning the media as a dictatorship in December; however, a few months later, he enacted such a ban. This action by the Trump administration may be in response to a report indicating that the FBI declined the White House's request to publicly refute media reports about communications between Donald Trump’s associates and Russian entities known to U.S. intelligence during the 2016 presidential campaign. Notably, Spicer had this conversation with a reporter from Politico, a media outlet that he has now prohibited from attending the briefing.",1,counter_style,neutralize
"During a concert, rapper Kanye West expressed his preference for presidential candidate Donald Trump, stating, ""I would have voted for Trump."" This statement was shared on social media by user billy (@billycrossover) on November 18, 2016. Earlier in the 2016 campaign, Donald Trump made a lighthearted comment regarding Kanye West, stating, ""Kanye and Trump are my heroes."" This remark was also shared on Twitter by user CHAR (@TrueCharLen) on November 18, 2016.",1,counter_style,neutralize
"Texas civil rights lawyer Rob Ranco made a controversial comment on Twitter last Friday evening regarding Betsy DeVos, the Secretary of Education. He stated, ""I’m not wishing for it, but I’d be ok if #BetsyDeVos was sexually assaulted."" A screenshot of the tweet was captured before he deleted his Twitter account the following morning. Ranco also expressed his views on DeVos's policies, saying, ""Make the world more dangerous for my daughters intentionally, and your well-being is not my concern. Full stop."" This comment was in response to DeVos's reversal of an Obama-era policy that had intervened in local school procedures, which some critics argue unfairly impacted male college students based on accusations. DeVos commented on campus safety, stating, ""On campus, one rape, one assault, one gone without due process, is one too many."" Ranco's remarks led to significant backlash on social media, and Carlson Law Firm received numerous calls from individuals expressing their disapproval. Some individuals have suggested that Ranco should be disbarred for his comments. The Texas Bar Association can be reached at 1414 Colorado St., Austin 78701, Phone: (512) 427-1463. On Monday, reporter Jenni Lee of KVUE tweeted that Robert Ranco has resigned from Carlson Firm following the controversy surrounding his tweet about Betsy DeVos.",1,counter_style,neutralize
"WATCH: The Moment That Brought Bernie Sanders to Tears at the Convention. Bernie Sanders experienced a significant moment at the 2016 Democratic Convention that elicited an emotional response from the Vermont senator. During the roll call of the states to cast their official delegate votes for the presidential nomination, the procedure was interrupted when the Democrats Abroad delegation was called to vote. Larry Sanders, Bernie Sanders' brother, was part of the Democrats Abroad group, which consists of voters residing overseas. The delegation withheld one of their votes following their official submissions for Clinton and Sanders. Larry Sanders was selected to deliver the final vote and proceeded to acknowledge the parents of the Sanders brothers. He stated, ""I want to read for this convention the names of our parents, Eli Sanders, and Dorothy Glassberg Sanders. They did not have easy lives, and they died young. They would be immensely proud of their son and his accomplishments. They loved him. They loved the New Deal of Franklin Roosevelt and would be especially proud that Bernard is renewing that vision. It is with enormous pride that I cast my vote for Bernie Sanders!"" This statement was met with applause from those in attendance at the convention. Sanders was subsequently highlighted as Vermont cast the final vote in the roll call, during which he called for a vote by acclamation to declare Hillary Clinton the nominee. The motion was accepted, resulting in Clinton becoming the first woman in American history to be a presidential nominee of one of the two major parties. Larry Sanders is the older brother of Bernie Sanders and has resided in Oxford, England since the 1960s. He is involved in UK politics and has served as a spokesperson for the Green Party of England and Wales. He also ran for a seat in the 2015 British election, where he placed fifth. Featured image via YouTube.",1,counter_style,neutralize
"Alex Jones has made a controversial claim regarding the death of Supreme Court Justice Antonin Scalia, suggesting that President Obama is involved in a conspiracy related to the justice's passing. Scalia, who was 79 years old and a known smoker, died of what has been reported as natural causes. Jones has posited that the president has plans that could affect other individuals as well, indicating a broader agenda. In a post on Facebook, Jones stated, ""this is the season of treason, this is the time of betrayal and we would be fools not to ask the question."" His remarks raise questions about the validity of his assertions and the implications of his theories. Jones expressed skepticism about the circumstances surrounding Scalia's death, implying that it may not have been a natural occurrence. He stated, ""Scalia found, it’s natural, nothing going on here, he just died naturally."" He further speculated on the potential for other high-profile individuals to be targeted, including Justice Clarence Thomas and political figures such as Ron Paul and Donald Trump, suggesting a pattern of heart attacks among them. Jones believes that Republican opposition to Obama's nominations is necessary to prevent what he describes as a threat to the Constitution and the potential for civil unrest. His statements reflect a long history of controversial claims throughout his career.",1,counter_style,neutralize
"Rappoport: ‘CNN Already Deflecting From the Susan Rice Scandal’. By Jon Rappoport CNN is asserting that the Susan Rice scandal is being exaggerated by the Trump team to divert public attention from other matters. For example, there are claims that Trump is not legitimately the president and that he has connections to foreign influences. The Susan Rice scandal involves allegations that she, as Obama's national security advisor, participated in surveillance of phone calls made by the Trump team during the presidential campaign for the purpose of gathering intelligence. The Daily Caller News Foundation (DCNF) interviewed Col. (Ret.) James Waurishuk, a veteran of the National Security Council (NSC) and former deputy director for intelligence at the U.S. Central Command. Waurishuk commented that many individuals within the Obama administration would need to have been involved to initiate such a political surveillance program. He described the actions of the administration in seeking information on Donald Trump and his associates as significant. Michael Doran, a former senior director of the NSC, stated to The DCNF that there was a breach between national security and political matters, suggesting that the Obama administration found a way to compromise the separation of these issues. He indicated that this situation raises serious legal implications, as there are potential felony charges that could result in significant prison time. Obama may assert plausible deniability if the Susan Rice scandal escalates. He could claim ignorance of the surveillance activities. In the event of a Congressional investigation into Rice's actions, there is a possibility that race may be invoked as a factor in the discourse surrounding the issue. There are suggestions that if Rice were of a different race, the circumstances might be different. The Trump administration has been vocally critical of Rice. Meanwhile, CNN has presented conflicting narratives, stating that Rice and her associates did not engage in spying, while also acknowledging that surveillance is a common practice in various contexts. This has led to some humorous commentary on the network regarding technical issues during their broadcasts. Continue this article at John Rappoport’s website READ MORE RUSSIAN HACK NEWS AT: 21st Century Wire Russian Hack Files",1,counter_style,neutralize
"Democrats express concerns regarding the possibility that Trump may outperform Hillary in the upcoming election. Analysts suggest that Trump has demonstrated significant political strength, and it is noted that Hillary previously lost to a junior senator in 2008. Throughout the discourse surrounding this race, some commentators have expressed a preference for facing other candidates, citing Trump as a particularly challenging opponent. Comparisons are made to traditional politicians like Ted Cruz and John Kasich, who are perceived as easier to defeat. Additionally, specific remarks made by Trump regarding social issues indicate his ability to attract support from both Libertarians and Independents. As a result, he is viewed as a formidable candidate for the general election. Observers anticipate that the election may be closely contested, potentially resembling the competitive nature of the 2000 election.",1,counter_style,neutralize
"House Majority Leader Kevin McCarthy has made a noteworthy statement regarding President Donald Trump and Russian President Vladimir Putin. During a closed-door conversation on Capitol Hill with fellow GOP leaders, McCarthy expressed his belief that Trump receives payments from Putin. According to a report by The Washington Post on Wednesday, McCarthy (R-Calif.) stated, ""There’s two people I think Putin pays: Rohrabacher and Trump."" This remark was recorded on June 15, 2016, and has been verified by The Washington Post. Dana Rohrabacher, a California Republican, is recognized in Congress for his vocal support of Russia and President Putin. Following McCarthy's comment, Paul D. Ryan (R-Wis.) interjected and instructed the attending Republicans to maintain confidentiality regarding the discussion. Prior to this conversation, Ryan and McCarthy had concluded discussions with Ukrainian Prime Minister Volodymyr Groysman, who had been addressing Kremlin strategies for financing populist politicians to undermine democratic institutions in Eastern Europe. The recording captures laughter from some lawmakers in response to McCarthy’s comment, after which he stated, ""Swear to God."" These remarks remained undisclosed for nearly a year. The GOP is currently facing increasing scrutiny over Trump’s actions, and this conversation offers insight into the perspectives of GOP leaders who have not publicly addressed these issues. While the intent behind McCarthy's remarks is not entirely clear, the recording suggests that GOP leaders are cautious about discussing Russia's involvement in elections.",1,counter_style,neutralize
"FULL INTERVIEW: Judge Jeanine Pirro’s Interview with President Trump [Video]. JUDGE JEANINE PIRRO'S INTERVIEW WITH PRESIDENT TRUMP: President Donald Trump expressed his intention to consider ending the White House daily press briefing, stating he believes it to be a reasonable option. In a discussion with Jeanine Pirro, Trump reiterated his previous statements on the matter. Pirro responded, questioning the feasibility of this approach. Trump stated, ""Unless I have them every two weeks and do it myself, we won’t have them. I think it’s a good idea."" Trump noted a significant level of tension from reporters directed toward Press Secretary Sean Spicer and his deputy, Sarah Huckabee Sanders. He concurred with Pirro’s observation that the pace at which he operates makes it challenging for his communications team to keep up. When asked by Pirro about Spicer's future as press secretary, Trump remarked, ""He’s doing a good job, but he gets beat up."" Trump also addressed a report regarding his inquiry to Comey about the former director's loyalty to him: https://www.youtube.com/watch?v=W2FUG4o5i70",1,counter_style,neutralize
"A report has emerged alleging that the Obama administration assisted the terrorist group Hezbollah in trafficking drugs into the United States to facilitate the Iran nuclear deal. According to Politico, officials from the former administration are accused of obstructing efforts to prevent Hezbollah's drug smuggling activities, which were purportedly linked to the agreement that lifted economic sanctions on Iran in exchange for a commitment from Tehran to cease nuclear development. The report claims that by intervening in the Drug Enforcement Administration's (DEA) operations, the Obama administration allowed Hezbollah to expand its operations, which are now considered a global security concern. This organization is suspected of producing improvised explosive devices (IEDs) that resulted in the deaths of American service members in Iraq. In response to these allegations, White House Press Secretary Sarah Sanders noted a contrast between President Trump's actions against ISIS and those of President Obama regarding terrorism. A Republican aide commented that the Obama White House's approach to combating terrorism was inadequate. The DEA had initiated Project Cassandra in 2008 to address Hezbollah's illegal activities, but it is alleged that the Obama administration hindered this initiative, giving Hezbollah the opportunity to engage in drug trafficking that is estimated to have generated $1 billion. DEA agents assert that obstacles were placed that prevented the arrest of key Hezbollah operatives as negotiations for the Iran nuclear deal progressed, and Project Cassandra was reportedly discontinued after the agreement was finalized in 2015. Hezbollah's international drug trafficking network is reportedly linked to the mastermind of the 1983 Beirut bombing that killed 241 U.S. Marines. The organization is also believed to be collaborating with the Zetas cartel to smuggle large quantities of cocaine into the United States. An individual known as 'The Ghost,' described as one of the world's leading cocaine traffickers, is identified as a Hezbollah operative and is accused of selling chemical weapons to Syrian leader Bashar al-Assad. Hezbollah is said to launder drug profits by shipping used vehicles from the United States to Africa, among other methods. Ali Fayad, a Lebanese arms dealer, is alleged to be a high-ranking member of Hezbollah and is reported to have connections with Vladimir Putin. He is also accused of conspiring to assassinate American government personnel. Tareck El Aissami, the vice president of Venezuela, is believed to have ties to Hezbollah and is implicated in cocaine trafficking. Hezbollah is suspected of providing arms and training to anti-American Shiite militias. An alleged Hezbollah drug kingpin operating in Colombia is accused of working with the Zetas cartel to facilitate cocaine trafficking into the United States. The proceeds from these operations are alleged to have been used to create new IEDs that targeted U.S. troops in Iraq.",1,counter_style,neutralize
"Chris Christie criticized Ted Cruz Wednesday night following the Texas senator's failure to endorse Donald Trump during his speech at the Republican National Convention. Christie described the speech as disappointing and suggested that it reflected Cruz's established reputation in Washington. The New Jersey governor noted that he was not alone in his dissatisfaction with Cruz's decision not to endorse Trump, who has now secured the Republican nomination. During Cruz's speech, the audience chanted 'Endorse Trump' and reacted with boos when the endorsement did not occur. Cruz stated, 'If you love our country and love your children as much as I know that you do, stand and speak and vote your conscience,' encouraging voters to choose candidates they trust to uphold freedom and the Constitution. Christie remarked on Cruz's comments, questioning how someone could present themselves as a person of integrity while delivering such a speech. In an interview with CNN, Christie discussed the audience's expectation for Cruz to endorse Trump, stating, 'The crowd was waiting for him to do the right thing.' He added that Cruz's performance contributed to his reputation. Cruz is not the only former Republican presidential candidate who has chosen not to endorse Trump, despite having signed a pledge to support the eventual nominee. Jeb Bush, Carly Fiorina, and John Kasich have also refrained from backing Trump. However, Christie emphasized that they were not present at the event. He concluded, 'The fact is: He came into this room today and then did not keep his word.'",1,counter_style,neutralize
"Newt Gingrich Attempted To Stiff Small Businesses, FEC Shot Him Down. Newt Gingrich, former House Speaker and current Trump surrogate, recently attempted to settle over $4 million in campaign debt related to his 2012 presidential campaign. This effort affects more than 144 businesses, including several small businesses that provided support during the campaign by manufacturing lawn signs and organizing television spots. Gingrich has filed documents with the Federal Elections Commission (FEC) for a debt settlement plan that would effectively conclude his presidential election committee, which would allow him to avoid repaying creditors and consultants who assisted his campaign. However, the FEC rejected Gingrich’s proposal, stating that it does not meet federal election law requirements due to the absence of debt settlement agreements, and he must continue to file all required reports. Consequently, Gingrich will need to complete the entire debt settlement process. Gingrich's estimated net worth ranges from $7 million to $30 million. The situation raises questions about the financial responsibilities of political figures toward small business owners who contributed to their campaigns. This incident reflects ongoing concerns about how some political figures manage their financial obligations. The FEC's decision may compel Gingrich to repay his debts to those who supported him during his campaign.",1,counter_style,neutralize
"U.S. District Judge Robart, who is overseeing a 2012 consent decree that mandates the city to implement reforms in response to federal allegations of police bias, has expressed concerns regarding the Seattle police union's delay in progress as it negotiates a new contract, as reported by The Seattle Times. The judge stated that the court and the citizens of Seattle should not be adversely affected by increased payments and benefits. He emphasized that using a collective-bargaining agreement to obstruct necessary reforms would not be acceptable. Kevin Stuckey, the newly appointed president of the Seattle Police Officers Guild, indicated that the union is willing to engage in discussions with the city to reach an agreement. Judge Robart, appointed by George W. Bush, suggested that proposed police reform legislation should involve the appointment of a civilian to oversee police operations, the dissolution of a police-led disciplinary board, and the establishment of a civilian inspector general position. The judge mentioned the possibility of calling a hearing to address any potential interference by the union in the reform process, according to The Times. He concluded the hearing by referencing a statistic indicating that 41 percent of police shootings nationwide involve Black individuals. He remarked on the significance of strengthening police-community relations in light of recent targeted shootings of police officers across the country. Commissioner Enrique Gonzalez expressed support for the judge's acknowledgment of the 'Black Lives Matter' movement, noting that it reflects a broader recognition of issues related to police encounters with people of color and the need for change, as reported by The Stranger.",1,counter_style,neutralize
"McCain’s Mad World and The Cancer of Conflict. 21st Century Wire reports that John Sidney McCain III has recently been diagnosed with a brain tumor known as glioblastoma, which was identified during testing at the Mayo Clinic in Phoenix, Arizona. We extend our best wishes to the Senator. In Episode #195 of the SUNDAY WIRE, titled Chickenhawk Nation, co-hosts Patrick Henningsen and Mike Robinson discuss various reasons for suggesting that it may be time for McCain to consider retirement. The discussion includes an incident involving the bombing of the Al-Kindi cancer treatment hospital in Aleppo, Syria. This attack was reportedly carried out by the same group referred to as 'freedom fighters' with whom McCain was seen during his visit to the Aleppo area in May 2013. The group, which he was supplying with weapons, is identified as the Free Syrian Army (under the command of Jabbat al Nusra, also known as al Qaeda in Syria), and it is noted that they later ordered the bombing of the cancer treatment hospital. LISTEN: More @21WIRE:",1,counter_style,neutralize
"A Muslim woman named Rose Hamid attended a Donald Trump rally in Rock Hill, South Carolina, where she was removed by security. The incident occurred on a Friday night when Hamid, 56, was seated behind Trump wearing traditional Islamic attire and a t-shirt that read ""I come in Peace."" During the rally, as Trump made comments suggesting that Syrian refugees had associations with ISIS, Hamid stood up silently. This prompted some attendees to chant Trump's name, and she was subsequently heckled, leading to her removal by security personnel.

Hamid later explained that her intention was to show Trump supporters what a Muslim looks like, stating, ""I figured that I'd give them the opportunity to meet one."" According to her account, she experienced verbal harassment, with one individual shouting, ""You have a bomb, you have a bomb."" Trump made a remark addressing the situation, stating, ""There is hatred against us that is unbelievable. It’s their hatred, it’s not our hatred.""

Major Steven Thompson of the Rock Hill Police Department indicated that Hamid was ejected from the rally based on prior instructions from the campaign to remove anyone causing a disturbance. However, video evidence suggests that Hamid was not creating a disruption. Instances of Trump supporters removing individuals who question his views on race and Islam have been reported previously. This situation raises concerns regarding the implications of Trump's political influence.",1,counter_style,neutralize
"Sarah Palin: My Husband's Accident Highlighted the Importance of Electing Trump (VIDEO). As Sarah Palin prepared to deliver a pro-Trump speech, she received news that her husband, Todd, had been involved in a serious snowmobile accident in Alaska and was in critical condition in the Intensive Care Unit. Although she cancelled one event, she opted not to return home immediately and instead continued with her campaign activities on the same day, where she provided an endorsement of Trump. Palin referenced her husband's situation during her speech, indicating that the experience prompted her to recognize the significance of her time and the need to support Trump's election. The audience responded positively to her remarks. In her speech, she expressed gratitude for the prayers for her husband, who was recovering in the ICU following the incident. Palin addressed various life challenges and emphasized how such experiences can provide perspective on the value of time and the importance of engaging in worthwhile efforts, specifically mentioning the goal of electing Donald J. Trump as president. This incident was framed as a moment that reinforced her commitment to her political activities.",1,counter_style,neutralize
"President Trump promoted the Made in America initiative today by highlighting Omaha Steaks during the kickoff of Made in America week. He wore a commemorative Stetson hat and commented on the reopening of the beef trade with China. In a video, he noted an interaction with the individual in charge of Omaha Beef, stating, ""The gentleman who was in charge of Omaha Beef. They do beef. He hugged me and he wanted to kiss me so badly."" In his opening remarks, President Trump indicated that the CEO of Omaha Steaks expressed significant appreciation for the reopening of the beef trade in China. Additionally, President Trump was seen admiring a baseball bat during the Made in America event, remarking, ""It's so beautiful. I love to play baseball."" Furthermore, President Trump mentioned Senator John McCain, stating, ""We hope John McCain gets better very soon. We miss him. He's a crusty voice in Washington, plus we need his vote.""",1,counter_style,neutralize
"(Video) Hispanic Woman Discusses Donald Trump's Position on Immigration. Katrina Campins provided an explanation of Trump's stance regarding immigration and media representation. She expressed frustration, stating that many individuals may overlook Trump's message, which emphasizes the importance of legal immigration. Campins mentioned her personal experience, noting that her husband is currently going through the legal immigration process, which she described as expensive. She argued that the high costs associated with legal immigration may create more incentives for individuals to enter the country illegally. She suggested that the focus should be on streamlining the immigration process to make it more accessible and affordable, thereby reducing illegal crossings. Campins also criticized media coverage, claiming it distorts Trump's statements and diverts attention from critical issues. She emphasized that discussions surrounding Trump's interactions with figures like Megyn Kelly and Jorge Ramos overshadow the main topics. As a Hispanic woman, she stated that she does not find Trump's comments offensive and believes her perspective is not uncommon among Hispanic women. Campins recalled her previous appearance on CNN, where she received supportive feedback from many viewers who appreciated her viewpoint.",1,counter_style,neutralize
"Mothers Of The Movement Speak at DNC, Leading to Reactions from Right-Wing Commentators. The second day of the Democratic National Convention featured a group of black women, whose children died prematurely, as they shared their experiences and asserted: Black Lives Matter. The audience listened as the Mothers of the Movement recounted the circumstances surrounding their children's deaths. Geneva Reed-Veal (mother of Sandra Bland), Lucia Bath (Jordan Davis), and Sybrina Fulton (Trayvon Martin) articulated their reasons for being present at the convention. Their narratives elicited a strong emotional response from the attendees. Bath stated, ""You don’t stop being a parent when your child dies. I am still Jordan Davis’s mother. His life ended the day he was shot and killed for playing loud music. But my job as his mother didn’t."" She expressed her concerns about the dangers her son faced, noting, ""I lived in fear my son would die like this. I even warned him that because he was a young, black man, he would meet people who didn’t value his life."" She indicated that engaging in such discussions with one's child is an unfortunate necessity for many parents. Following the speeches, some right-wing commentators expressed their views on social media. @Tyronem07172460 remarked, ""The mothers of the movement are a joke. a group of idiots who didn’t raise their kids properly."" Others echoed similar sentiments, questioning the effectiveness of the mothers' parenting. Despite the critical responses, the accounts shared by these mothers highlight their experiences with loss and the ongoing discussion around the value of Black lives. The participation of the Mothers of the Movement at the DNC signifies a stance taken by the Democratic party that acknowledges the importance of the Black Lives Matter movement. A video of their speeches is available online.",1,counter_style,neutralize
"A recent ruling by a Michigan judge has granted joint custody of a child to Christopher Mirasolo, who was convicted of raping the child's mother when she was 12 years old. Mirasolo was sentenced to six months in prison for the initial crime and later served an additional four years for sexually assaulting a 13-year-old girl. Despite the circumstances, a Sanilac County Circuit Judge, Gregory S. Ross, has determined that Mirasolo should have joint custody of the child born eight years ago as a result of the rape. The Detroit News reports that county officials evaluated the mother's use of food stamps, which she relies on to support her son. During this evaluation, Mirasolo was linked to the mother, leading to a DNA test. The county's actions were conducted without the mother's consent. In addition to granting custody, Judge Ross ordered the mother to relocate back to Michigan and provided Mirasolo with her address. The victim expressed her concerns to The Detroit News, stating that she was not adequately informed about the proceedings and that she had been receiving approximately $260 a month in food stamps for herself and her son, as well as health insurance for him. Her attorney, Rebecca Kiessling, commented on the situation, highlighting the lack of proper charges against Mirasolo and expressing frustration with the legal process, which she believes is failing her client, who was a minor at the time of the original incident. This case raises broader concerns about potential implications for similar cases across the nation, particularly in light of recent legislative efforts by House Republicans to limit abortion access. Critics warn that such policies could lead to scenarios where rapists seek joint custody, complicating the lives of their victims. The ongoing debate over reproductive rights and the legal treatment of rape victims continues to be a contentious issue in American society.",1,counter_style,neutralize
"BREAKING: Starbucks CEO to Step Down Following Pledge to Hire 10,000 Refugees. The decision by Howard Schultz, CEO of Starbucks, to prioritize the hiring of 10,000 refugees has drawn significant attention and criticism. Some observers have expressed concern that this initiative may have adverse effects on the company and its shareholders, particularly given the current employment situation for many Americans. Howard Schultz announced that he would step down from his position at Starbucks next month. This decision follows his commitment to hire thousands of refugees in response to President Donald Trump’s initial travel ban, which reportedly affected customer sentiment and impacted sales. Since January 29, when Schultz made the hiring pledge, there have been calls from Trump supporters for a boycott of the coffee chain. In a letter to employees, Schultz noted that the promise of the American Dream was being questioned and that civility and human rights are facing challenges. He has been known as a supporter of Hillary Clinton and has been considered for a role as running mate for a Democratic nominee. Shortly after the announcement, consumer perception, as indicated by YouGov BrandIndex’s Buzz score, reportedly decreased by two-thirds between January 29 and February 13. Analysts from Credit Suisse indicated that the company’s decision could negatively affect sales in the near future. With an estimated net worth of $3.1 billion, Schultz will continue at Starbucks as executive chairman, focusing on enhancing the company’s high-end coffee shops. Kevin Johnson, the chief operating officer of Starbucks, is set to take over as CEO on April 3, 2017, as reported by The Seattle Times.",1,counter_style,neutralize
"PEGGY HUBBARD critiques the priorities of Al Sharpton and the Black Lives Matter movement, stating, ""For the first time in my life, I’m ashamed to be Black. We express concerns about 'police brutality'; however, we are facing issues within our own community."" [VIDEO].",1,counter_style,neutralize
"MORE QUESTIONS THAN ANSWERS: Was Sandy Hook Shooter Known to FBI Prior to School Massacre? 21st Century Wire reports that the FBI has recently released new documents related to the Sandy Hook Elementary School shooting. Many questions continue to surround this case. KEY POINT: It is noted that, while it is reported that the events at Sandy Hook were carried out by a lone gunman named Adam Lanza, initial reports from CBS and ABC affiliates indicated that there was a second shooter who was apprehended at the scene. Additionally, mainstream media coverage of the Sandy Hook tragedy explored various narratives, ultimately implicating a suspect with Asperger's syndrome in what appeared to be a motiveless crime. The media's focus on this incident has drawn parallels to the Columbine High School shooting, highlighting the tendency to politicize the situation amid a lack of substantial evidence in the official accounts. On March 28, 2013, shortly after the Sandy Hook shooting, an article titled ""Newtown Killer's Obsessions, in Chilling Detail"" was published by the New York Times. This article revealed that the Lanza family was previously unknown to law enforcement and that there had been no prior disturbances reported at their residence. Two law enforcement officials involved in the investigation later confirmed that the Newtown police had never responded to any calls regarding the Lanza home for disturbances, and prior to the shootings, the family had not drawn attention from authorities. They noted that Mr. Lanza had reportedly spent much of his time in the basement of their home, primarily playing the video game Call of Duty. This aspect of the story had not been widely questioned until the recent release of FBI information. Earlier this week, an NBC affiliate in Connecticut published an article detailing the newly released FBI documents concerning the Sandy Hook case. The documents include reports from FBI agents who interviewed individuals about Lanza, although many portions were redacted, including the names of those interviewed. The documents provide insight into the early stages of the investigation, where agents pursued false leads and gathered evidence regarding Lanza's isolation. A year after the shooting, state police published a final investigative document concluding that Lanza had a strong interest in firearms, death, and mass shootings, but that the motive may remain unclear. The article also emphasizes the media's portrayal of Adam Lanza, introducing claims regarding his alleged sexual interests and his engagement with mass shooting analysis. A Newtown resident recently made a claim suggesting that Lanza may have been known to the FBI or CIA prior to the Sandy Hook shooting. This resident reported that Nancy Lanza mentioned Adam had once hacked into a government computer system, prompting federal authorities—either FBI or CIA agents—to visit their home. Nancy Lanza reportedly told this individual that she had to explain to the agents that her son was simply very intelligent and testing his skills by attempting to hack into a government system. According to her, agents suggested that if Adam was indeed that capable, he might have potential employment prospects with their agency in the future.",1,counter_style,neutralize
"A California farmer has been fined $2.8 million for plowing through vernal pools that are protected by the Clean Water Act without obtaining a permit. John Duarte is appealing to the Trump administration for assistance, as reported by California's Record Spotlight. Duarte has reached out to Agriculture Secretary Sonny Perdue and Attorney General Jeff Sessions to seek clarification on the federal government's case against him. The Clean Water Act safeguards the waters of the United States but includes exemptions for agricultural activities. In 2012, the U.S. Army Corps of Engineers imposed a fine on Duarte Nursery, owned by Duarte, for not securing a permit before disrupting vernal pools on a recently acquired 450-acre property. These vernal pools are temporary bodies of water that support specific species of plants and animals and are classified as protected waters under the Clean Water Act of 1972. Duarte expressed hope that the Trump administration would provide regulatory relief from what he perceives as overreach from the previous administration. He stated that he is looking forward to the administration revisiting this matter. Additionally, House Agriculture Chairman Mike Conway and House Judiciary Chairman Bob Goodlatte have expressed support for Duarte by sending a letter to Sessions on May 26, questioning the validity of the case against him.",1,counter_style,neutralize
"An incident occurred at a concert involving Solange Knowles, the sister of renowned entertainer Beyoncé. Solange has been vocal about her experiences with racism, and this event seems to have prompted her to share another perspective. At the concert, she attended as a fan rather than a performer. During the event, an elderly usher addressed her son for allegedly vaping, which Solange disputes, interpreting the interaction as racially motivated. Subsequently, while Solange was standing and dancing, someone behind her requested that she sit down. She declined to comply, and at one point, a slice of lime was thrown in her direction. Solange attributes this action to racism and expressed her frustration that the individual responsible did not take responsibility. Throughout her account, Solange reflects on her experiences with racism, mentioning other incidents in her life, including being pulled over by law enforcement and having to show her passport at international borders. She argues that there is a systemic issue regarding how black individuals are perceived in various situations. Solange also noted that she does not explicitly label this incident as racism, despite previously using the term in her narrative. Additionally, she highlighted the discomfort that many black individuals feel in predominantly white spaces. In closing, she mentioned that she has many white friends, emphasizing her stance against racial animosity.",1,counter_style,neutralize
"WHY REUTERS IS SAYING With “reasonable confidence” A Republican Will Win The White House In 2016. After examining the data Reuters used to make their prediction, it appears they did not account for the significant likelihood that Democrats may find a way to enable illegal aliens to cast their ballots in 2016. Beyond this consideration, Reuters presents an analysis suggesting that elections are predictable events influenced by a set of variables that affect outcomes in consistent ways. Consequently, it is asserted that a Republican is likely to be in the White House in 2017. This conclusion is drawn from a data model developed, primarily focusing on two factors relating to candidates from the same party as the incumbent. First, it is suggested that voters typically refrain from supporting the currently governing party when an incumbent is not running. In fact, a successor candidate is noted to be three times less likely to win. Second, President Barack Obama’s approval ratings are indicated to be too low to suggest a successor candidate will secure the presidency. The confidence in this assertion remains, even as opinion polls currently show Hillary Clinton leading against most Republican opponents. The rationale provided is that the model relies on data rather than polls. At this stage in the election cycle, polling data regarding voter preferences (Who will you vote for in November 2016?) can be misleading. This far from Election Day, published polling results can be off by an average of 8 percentage points compared to the final election outcome. This discrepancy is significant in the context of elections where outcomes are often determined by two to three points. Time Before Election Average error of polls (compared to final results) One week 1.7% One month 2.7% Two months 3.8% Three months 4.8% Six months 5.8% Nine months 6.9% Twelve months 7.9% Source: Ipsos analysis of 300 polls across 40 markets from 1980 through current. Modeling results involves analyzing historical data, identifying patterns, and utilizing those patterns for predictions. The analysis begins by aggregating data from past U.S. presidential elections, but is constrained by the limited number of elections available—25 if reviewing the past 100 years. Therefore, a broader database was created by examining hundreds of presidential and parliamentary elections in democratic nations globally. This approach provided a larger dataset of over 450 elections from 35 countries. A key finding from the model indicates the significance of incumbency: individuals already holding the office they seek are substantially more likely to retain it. The model suggests that incumbents have a threefold greater chance of defeating their opponent. When no incumbent is competing, successor candidates (in this case, Democrats) are indicated to be three times less likely to win. The model also highlights the impact of presidential approval ratings, determining that for a successor candidate to have better than even chances of winning, the sitting president’s approval rating must exceed 55 percent. With Barack Obama’s average approval rating currently at 45 percent, it is suggested that a successor candidate (i.e., Democrat) is unlikely to win. President (Govt) approval rating INCUMBENT probability of victory SUCCESSOR probability of victory 40% 55% 6% 45% 78% 14% 50% 90% 28% 55% 96% 49% 60% 98% 71% Source: Ipsos analysis of over 450 elections since 1938. The model operates on the basis of probabilities and focuses on party dynamics rather than individual candidates. Its aim is to forecast the likelihood of a change in the governing party. The model demonstrates an 85 percent predictive ability, indicating a high level of accuracy, though not infallible. Factors that could potentially affect the model include sudden shifts in Obama’s approval ratings.",1,counter_style,neutralize
"Maxine Waters has referred to individuals associated with Trump as a ""Kremlin Klan"" and described them as a ""bunch of scumbags"" in a recent video. This statement is part of an ongoing narrative from some on the left that claims Russian interference in the election occurred, a claim that is disputed by others.",1,counter_style,neutralize
"Elizabeth Warren and Donald Trump are currently engaged in a Twitter exchange following recent statements made by both parties. On July 16, 2016, Senator Elizabeth Warren criticized Trump for selecting Indiana Governor Mike Pence as his running mate for the 2016 election, stating that both men represent a divisive approach to politics. Warren tweeted, ""@realDonaldTrump & @mike_pence are a perfect match: Two small, insecure, weak men who use hate & fear to divide our country & our people."" In another tweet, she remarked, ""Of COURSE @realDonaldTrump, a guy who calls women fat pigs & bimbos, picked a VP who is famous for trying to control women’s bodies."" Warren continued her critique, suggesting that Trump's and Pence's views align with the Republican Party platform regarding sexism and LGBTQ+ rights. ""Terrifying to think of @mike_pence being a heartbeat from presidency, but the direction @GOP wants to take our country is MORE terrifying,"" she added. In response, Donald Trump referred to Warren as ""Pocahontas"" and ""goofy,"" and made comments questioning her qualifications for her Senate seat. Trump tweeted, ""Goofy Elizabeth Warren, who may be the least productive Senator in the U.S. Senate, must prove she is not a fraud."" He also expressed hope that Hillary Clinton would select Warren as her vice-presidential candidate, stating, ""Then we can litigate her fraud!"" Warren responded to Trump's remarks by asserting that personal attacks would not silence her. She stated, ""Nasty name-calling & lies about my family aren’t going to shut me up, @realDonaldTrump. Is that really all you’ve got?"" Warren also emphasized her professional achievements, referencing her hiring by a former Solicitor General. She concluded her response by challenging Trump on various points, stating, ""You’re nothing but a thin-skinned bully and a lousy, cheating businessman, @realDonaldTrump. The sham is over.""",1,counter_style,neutralize
"LOIS LERNER E-MAIL SNIPPETS REVEAL CONTROVERSIAL VIEWS: ""Lincoln should have let the South go..."" Lois Lerner has come under scrutiny following the release of email snippets that suggest her views on political matters. Lerner, who previously took the 5th amendment before Congress, has been accused of targeting conservatives during her time at the IRS. She is known as the former head of the IRS Exempt Organizations division and was involved in actions that reportedly targeted individuals based on their political beliefs. Recent email disclosures indicate that Lerner expressed strong opinions about historical figures and contemporary political issues. According to a bipartisan Senate report cited by USA Today, Lerner referred to Abraham Lincoln as the country's worst president in an email dated March 6, 2014. In another email, she commented on the Civil War, suggesting that Lincoln should have allowed the South to secede instead of engaging in conflict. She stated, ""He should [have] let the south go,"" in response to a friend's remarks about Texas. The report also included emails in which Lerner described conservatives using derogatory terms. The implications of Lerner's comments have raised questions about her suitability for a position of governmental authority. As the situation unfolds, many are asking why Lerner has not faced legal consequences for what some perceive as an abuse of power.",1,counter_style,neutralize
"Evan McMullin: ‘Never In His Life’ Has Trump Had To Watch His Mouth (VIDEO). Donald Trump has faced criticism for his statements, which often lead to controversy. There have been numerous instances cited as evidence of his difficulty in moderating his speech, which some argue disqualifies him from the presidency. A segment of the right-wing electorate is reportedly apprehensive of Trump, with some supporting Democratic nominee Hillary Clinton, while others are opting out of voting for either candidate. In this context, conservatives have an alternative in former CIA operative Evan McMullin. Although he has not previously held public office, McMullin is perceived by some as a more favorable option compared to Trump. His candidacy, emerging late in the 2016 election cycle, appears primarily aimed at providing an alternative to Trump; historically, independent presidential campaigns in the U.S. have faced significant challenges. Nevertheless, Trump's unconventional candidacy has contributed to McMullin's visibility. During an appearance on ABC’s This Week, McMullin expressed critical views regarding Trump, stating: He’s not a credible candidate. It’s evident, based on the numbers, that Donald Trump struggles to manage his statements. He has never had to moderate his speech. It is unrealistic to expect him to do so now. McMullin further argued for voters to consider his candidacy over the two major party candidates, asserting the need for unifying leadership. He indicated that the country requires a new generation of leadership, which he believes does not include Donald Trump or Hillary Clinton. While McMullin noted his disagreement with Clinton regarding qualifications for the presidency, he emphasized his concerns about Trump’s suitability for the role. McMullin's candidacy may influence the electoral landscape, potentially benefiting Clinton. Watch McMullin’s remarks below: .@Evan_McMullin: Trump's ""never had to control what he says It's unrealistic to expect him to do that now."" https://t.co/HFwtipADk6 This Week (@ThisWeekABC) August 14, 2016 Featured image via video screen capture.",1,counter_style,neutralize
"Recent discussions around crime statistics have highlighted the prevalence of white-on-white crime compared to black-on-white crime. According to a report published last Thursday by the Bureau of Justice Statistics (BJS) on Race and Hispanic Origin of Victims and Offenders from 2012 to 2015, the rates indicate that white-on-white violent crime is significantly higher. The research, which examined a four-year period during which U.S. residents experienced 5.8 million violent victimizations annually, found that the rate of white-on-white violent crime was 12.0 per 1,000, while black-on-white violent crime was reported at 3.1 per 1,000. Despite these statistics, some individuals maintain the view that African-Americans pose a greater threat to themselves and others. For instance, former White House advisor Sebastian Gorka recently addressed the topic on a Sinclair station, discussing violence among black individuals. Additionally, Indiana Attorney General Curtis Hill, who is African-American, commented on the significant number of lives lost due to black-on-black violence. He noted that in 2015, there were approximately 259 police officer shootings of black individuals, alongside 6,000 black lives lost to murders committed by black individuals. However, the report indicates that black-on-black violence has decreased over the past two decades, aligning closely with the decline in white-on-white violence. From 1994 to 2015, white-on-white violence decreased by 79 percent (from 52.5 to 10.8 victimizations per 1,000 white persons), while black-on-black violence saw a 78 percent decrease (from 66.6 to 14.5 victimizations per 1,000 black persons). The report also mentioned that information on the Hispanic origin of offenders was not collected prior to 2012. There is a call for the U.S. government to present factual reporting on issues of race, as opposed to contributing to societal division.",1,counter_style,neutralize
"The United States government has been operating with a significant debt that will eventually need to be addressed. Many Americans observe the Greek euro crisis with a sense of detachment, often questioning the economic management of Greece. It is worth considering whether the United States, facing similar fiscal challenges, should reflect on its own financial practices. The United States government has accrued a substantial debt, which will necessitate future repayment. This year's budget deficit is projected to be lower than in previous years, estimated at $486 billion compared to $1.4 trillion in 2009. However, this may be a temporary situation, as the deficit is expected to increase again in the coming years, with projections indicating potential trillion-dollar shortfalls by 2025. Even a deficit of $486 billion contributes to the overall national debt, which currently approaches $18.2 trillion, approximately 101% of GDP. This indicates that the national debt is greater than the total value of all goods and services produced in the country annually. While this situation is not as severe as Greece, which has a debt exceeding 177% of its GDP, it is more significant than the situations in countries like France or Spain. The rising costs of entitlement programs for health care and retirement are primary contributors to the national debt. If unfunded liabilities for Social Security and Medicare are taken into account, the real debt exceeds $90 trillion, more than five times the GDP. Greece faces higher unfunded liabilities at 875% of its GDP, but the United States is experiencing a concerning trend. The Greek government's size and spending have contributed to its financial issues, with government spending last year accounting for nearly half of the country's GDP (49.3%), a decrease from the average of 51.8% since 2006. While Greece has expressed dissatisfaction with austerity measures, the reality is that the United States government is currently smaller, with federal spending at just 20.5% of GDP. Projections from the Congressional Budget Office suggest that this could rise to nearly 34% by mid-century. Including state and local government spending, which currently constitutes approximately 14.4% of GDP, total government expenditure in the US could reach between 48% and 50% by 2050, approaching levels similar to Greece. As government spending increases, the private sector may contract. Greece has been noted for having a challenging business environment, ranking 84th in the Economic Freedom of the World Index. In contrast, the United States has seen a decline in its economic freedom ranking, moving from second place 15 years ago to 12th place. It is important to note that the United States benefits from certain advantages that Greece does not have. For instance, Greece owes a considerable portion of its debt to foreign governments, while most of the American debt is held domestically. Additionally, the United States enjoys low borrowing rates, whereas Greece has faced difficulties in accessing capital markets. Despite the challenges posed by US debt, it is often viewed as relatively favorable in comparison. The ongoing crisis in the eurozone allows the United States to borrow at low interest rates. Furthermore, the United States has control over its own currency and monetary policy, unlike Greece, which is influenced by the European Central Bank, tasked with balancing the interests of various countries within the monetary union. A key concern for the United States is the potential increase in entitlement spending in the coming decades, which could dominate the economy in the absence of significant reform. In response to a weaker economic outlook, investors may demand higher returns on US bonds, potentially exacerbating fiscal challenges.",1,counter_style,neutralize
"Recent reports have highlighted concerns regarding Donald Trump's treatment of women. The liberal media has brought attention to various statements made by Trump towards women such as Megyn Kelly, Rosie O'Donnell, and Carly Fiorina. A notable article in the New York Times, titled ""Crossing the Line: How Donald Trump Behaved With Women in Private,"" examines Trump's behavior towards women in greater detail. The report includes multiple accounts of inappropriate conduct, drawing from interviews with over 50 women who interacted with Trump over the past four decades across sectors like real estate, modeling, and pageants. The women interviewed described unwelcome romantic advances, commentary on women's appearances, and troubling conduct in the workplace, supported by court records and written accounts. The article outlines instances of behavior from Trump's time at a military academy in the 1960s to his current presidential campaign. As the presumptive nominee for the Republican Party in the upcoming presidential election, questions have been raised regarding his treatment of interns and staff should he assume office.",1,counter_style,neutralize
"REPORT: Trump Responded After Woman Was Grabbed ‘By The P*ssy’ On Apprentice Set. Donald Trump is facing renewed scrutiny regarding allegations of inappropriate behavior related to sexual conduct on the set of his reality show, The Apprentice. Trump has received criticism for his interactions with women, as individuals have come forward with claims that the Republican presidential nominee made unwanted advances toward them. The latest allegation, reported by The Daily Beast, involves Trump's inaction concerning an incident. Oscar nominee Gary Busey is said to have sexually assaulted a female Apprentice employee during his participation on the show, according to five Apprentice employees who spoke with The Daily Beast. These staffers stated that Donald Trump was aware of the incident, did not intervene, and allowed Busey to continue his role on the series. Multiple Apprentice employees, including the individual who allegedly experienced the incident, reported to The Daily Beast that the Academy-Award-nominated actor grabbed one of their colleagues firmly between the legs during the 2011 season of Celebrity Apprentice. Busey also allegedly placed the female staffer’s hand on the crotch of his pants. The incident, which reportedly occurred during a location shoot in SoHo in New York City, led to significant concern among members of the Apprentice crew. This report emerges as the Trump campaign has initiated a public relations effort featuring Trump’s current wife, Melania. She has appeared on various platforms asserting that the women who have accused her husband are not truthful. Melania Trump also stated that the audio tape in which Trump made jokes about sexual assault was merely an instance of the 59-year-old Trump behaving immaturely and being encouraged by Access Hollywood host Billy Bush. Recent polls indicate that a majority of women voters do not share a favorable view of Trump’s actions, with many opting for Hillary Clinton as their preferred candidate. Clinton is reportedly receiving a plurality of support from married women, a demographic that has historically been challenging for Democratic candidates.",1,counter_style,neutralize
"A recent report from the Wall Street Journal indicates that emergency-room visits have continued to rise in the second year of the Affordable Care Act (ACA), contrary to previous claims made by President Obama that the law would lead to a decrease in such visits by improving access to alternative care. Dr. Howard Mell, a spokesman for the American College of Emergency Physicians, noted that the anticipated reduction in ER visits has not materialized. The report highlights that visits have increased, in some cases attributed to the ACA. A survey conducted in March involving 2,098 emergency-room doctors revealed that approximately three-quarters indicated a rise in visits since January 2014, marking a notable increase from the previous year when less than half reported an uptick. The findings from the American College of Emergency Physicians are set to be published on Monday. Additionally, it has been reported that individuals newly insured through Medicaid under the ACA are facing difficulties in securing appointments or finding doctors willing to accept their coverage, which contributes to the increased reliance on emergency-room services. The growing volume of visits may also be linked to ongoing hospital and emergency-department closures.",1,counter_style,neutralize
"Sean Hannity expressed strong reactions following an article published by the New York Times. The article reported that Donald Trump receives policy advice from Sean Hannity among others outside the White House. Hannity emphasizes the importance of adhering to core Republican issues. While presidents typically use surrogates to convey their messages on television, Mr. Trump has taken this a step further by forming connections with media figures like Mr. Hannity, who also function as advisors. Hannity, a Fox News host, publicly supports Mr. Trump's more contentious actions, but sources close to Mr. Trump indicate that he privately suggests the president remain focused on commitments such as repealing the Affordable Care Act. Hannity played a significant role as Trump’s spokesperson during the 2016 campaign and often participated in interviews to receive favorable treatment. Following the publication of the article, Hannity took to Twitter to criticize the New York Times, alleging that they collaborated with Hillary Clinton and referred to them as 'fake news.' He stated, '@nytimes You colluded with HRC in 2016. It's none of your business who I do or do not talk to. Total fake news speculation about me/@POTUS' on April 22, 2017. Furthermore, Hannity accused the Times of monitoring his private discussions, tweeting, '@nytimes Any conversation I have with ANYONE is supposed to be PRIVATE. I have NEVER talked to you. Was I surveilled and unmasked by u/NSA?' on the same day. In response, several New York Times writers defended their publication. Maggie Haberman noted that sources cited Hannity as someone Trump consults for advice and informed him that Fox News did not object to the story when approached by the New York Times. She tweeted, 'With all due respect, we were interested in who POTUS talks to, not you, and several people close to him cited you.' Haberman also stated that Fox News had no issues with the article, and it was not critical of Hannity. Subsequently, Hannity asserted that he does not communicate with the New York Times and expressed doubt that Trump does either, tweeting, '@nytimes has no clue who I talk to as I refuse to EVER TALK TO THEM! @POTUS knows you are FAKE NEWS and I doubt he talks to you either.' However, it was later revealed that Trump had conducted two extensive interviews with the New York Times in the preceding month. Glenn Thrush also contributed, recalling a moment when a Republican official received political advice from the New York Times while preparing for an interview. Additionally, Nick Corasaniti provided a link to a past interview with Hannity. The situation continued to develop as Hannity remained dissatisfied, leading him to post a series of tweets directed at the trio of writers on Sunday morning. He questioned Haberman about her public comments regarding allegations of collusion between the New York Times and Hillary Clinton and raised concerns over the credibility of unnamed sources. Hannity asked why his views were not solicited and reiterated his stance on the matter.",1,counter_style,neutralize
"CNN's Brian Stelter discussed a recent incident involving a YouTube personality, Adam Saleh, who claimed he was removed from a Delta flight for speaking Arabic. However, Delta's investigation revealed that Saleh was engaged in provocative behavior. In an interview with The Hill media reporter Joe Concha, it was noted that Stelter, who often advises caution regarding such reports, did not research Saleh's background, which includes posting similar content in the past. In a statement, Delta explained: ""Two customers were removed from this flight and later rebooked after a disturbance in the cabin resulted in more than 20 customers expressing their discomfort. We are conducting a full review to understand what transpired. We are taking allegations of discrimination very seriously; our culture requires treating others with respect."" Saleh has over 1.6 million subscribers on his TrueStoryASA YouTube channel and more than 2.2 million subscribers on his Adam Saleh Vlogs channel, where he features a variety of prank videos and content related to Muslim life. He identifies himself as a professional entertainer. For more information, Delta encourages people to reach out to their customer service.",1,counter_style,neutralize
"Boiler Room EP #122 – Charlottesville & The History of Violent Cultural Revolution. Tune in to the Alternate Current Radio Network (ACR) for a live broadcast of The Boiler Room tonight at 6:00 PM PST | 8:00 PM CST | 9:00 PM EST for this special program. The discussion will feature hosts Hesher and Spore, alongside Jay Dyer of Jay's Analysis, Daniel Spaulding from Soul of the East, Infidel Pharaoh, and Randy J (21WIRE & ACR contributor), for the one hundred twenty-second episode of BOILER ROOM. This week, the ACR team will focus on the aftermath of the Charlottesville protests and the subsequent vehicle incident that resulted in a fatality. The program will explore the media strategies that purport to suggest a significant presence of racist neo-Nazis among those identifying as right-of-center politically, and the implications for President Trump. The discussion will also include an analysis of agitation propaganda and violent cultural movements, drawing parallels to events such as the Arab Spring in Egypt and the land rights movement at Bundy Ranch. Direct Download Episode #122. Please like and share the program and visit our donation page for further engagement. Reference Links for consideration and research:",1,counter_style,neutralize
"A two-year-old girl is in critical condition after sustaining severe injuries at a Clark County, Washington hotel on Tuesday. The situation escalated when a hotel patron intervened. Don Gilbert was in his hotel room on Tuesday night when he heard a loud crash. Upon looking out the window, he observed a man in the adjacent room, Kyle Holder, who had reportedly thrown his daughter through the hotel window. Gilbert witnessed Holder throw the two-year-old onto the ground and step on her head. In an interview with KHOU, Gilbert recounted his actions: ""I reached behind my door and grabbed my baseball bat and chased him onto the street. I hit him once in the back. He had the baby by the feet, took her to the curb and slammed her down. That’s when I struck him in the skull three or four times."" He also noted that Holder was making statements about his beliefs, mentioning a perception that he needed to remove evil from his daughter. Police were called to the scene after a report of a disturbance involving a man with a bat. According to Sgt. Fred Nieman of the Clark County Sheriff’s Office, Holder was described as being out of control. Officers utilized a Taser before taking him into custody. Holder was subsequently transported to a nearby hospital by ambulance. During transit, he reportedly stated, ""I did not want to kill her, but I had to; I knew I had to crush her head."" He made a similar remark at the hospital, indicating his belief that he needed to hold his daughter and crush her head for her to ascend. The child’s mother reported that she and her daughter were sleeping in their hotel room when the incident occurred. Additional details on this story can be found from KHOU.",1,counter_style,neutralize
"GOP Representative Kevin Brady has made statements regarding the February jobs report that have drawn attention. Following the release of the report earlier today, which indicated that 238,000 new jobs were created, former President Trump continued to assert his influence on the economy despite having minimal involvement in the current data. Sean Spicer defended Trump's claims during a press briefing, addressing questions about the authenticity of jobs reports, which were previously deemed inaccurate under President Obama. Brady, who chairs the House Ways and Means Committee, remarked on the February 2016 jobs report, released under Obama, which showed 242,000 new jobs created. He stated: ""While it’s good news that more Americans have joined the labor force, it’s disappointing to see so little growth in full-time work and wages."" In contrast, Brady described the current jobs report as a positive development, stating: ""This is a great report. The fact that hundreds of thousands more people found new jobs last month is a good sign that our economy is moving in the right direction."" This raises questions about the differing evaluations of job growth between the two reports, as the current figure of 238,000 is lower than the previous 242,000. Critics suggest that Brady's contrasting statements may reflect political motivations rather than an objective assessment of the economic situation. The dialogue highlights ongoing partisan divisions regarding economic performance and policy. Below are both full statements from Kevin Brady on the February 2016 and February 2017 job reports.",1,counter_style,neutralize
"Nancy Pelosi has expressed her opposition to an alt-right demonstration called Patriot Prayer, requesting that the National Park Service deny a permit for the event. Pelosi stated that it is important to prevent groups from using national parks to promote what she described as harmful rhetoric. She emphasized that the Park Service's primary responsibility should be the protection of people. This perspective reflects a broader narrative among some on the left, who argue that issues such as free speech, protests, and the removal of statues have implications for homeland security. Jeh Johnson, a former official in the Obama administration, recently commented that the removal of certain statues has become a matter of public safety and homeland security. Critics argue that the left claims to support free speech, yet does not extend that support to opposing viewpoints. This has raised concerns about the implications for civil discourse. Additionally, Johnson's remarks on Confederate statues being a threat to homeland security have been met with skepticism, given his previous role in border policy during the Obama administration. David French of National Review articulated several points regarding the situation. He argued that it is unconstitutional for the Park Service to deny a permit based solely on the characterization of a group's speech as harmful. Furthermore, he stated that while law enforcement should prioritize public safety, it must also uphold the principles of liberty. French noted that any police force that fails to protect both safety and liberty is not fulfilling its constitutional role. He also addressed the quote attributed to Pelosi, which he claims misrepresents the context of Oliver Wendell Holmes's statement in Schenck v. United States regarding free speech. Finally, he criticized the reliance on the Schenck decision, describing it as one of the more contentious rulings in the history of free speech jurisprudence.",1,counter_style,neutralize
"Putin Claims To Have Transcript Of White House Meeting, Available Only At Trump’s Request. During a press conference with Italian Prime Minister Paolo Gentiloni in Sochi, Russia, Vladimir Putin stated that he possesses a transcript of Donald Trump’s meeting with Russian Foreign Minister Sergey Lavrov. Putin indicated that he would be prepared to provide a copy to the U.S. Congress, contingent upon a request from Trump himself. The Trump administration faced criticism for conducting a meeting with Lavrov and Russian Ambassador Sergey Kislyak in the Oval Office last week, which was attended by Russian media while U.S. media were excluded. The matter gained attention when it became known that Trump disclosed confidential information regarding ISIS during this meeting. Initially, the White House rejected the allegations, later asserting that it was appropriate for the president to share such information with the Russians. National Security Adviser H.R. McMaster stated during a press conference on Monday that at no time were intelligence sources or methods discussed, and the President did not reveal any military operations that were not already publicly known. McMaster added that the premise of the article is false in suggesting that the President had an inappropriate conversation or that any lapse in national security occurred. The Kremlin maintains that Trump did not share any U.S. intelligence during the meeting, with President Putin characterizing reports as political exaggerations. However, Trump’s comments have not been disclosed to the public. Putin expressed a willingness to assist further, stating, ""If the administration of the United States deems this possible, we will be ready to provide a transcript of the Lavrov-Trump meeting to the U.S. Senate and Congress,"" and added that it would occur if the U.S. administration so wishes. Some observers question the value of Putin’s offer to Trump, particularly in light of the ongoing FBI investigation into Trump’s links to Russia. U.S. Representative Adam Schiff, the leading Democrat on the House Intelligence Committee, remarked, ""Probably the last person the person [Trump] needs to vouch for him right now is Vladimir Putin,"" and added, ""Sure, send it [the transcript] our way. But its credibility would be less than zero."" Featured image via Lintao Zhang/Pool/Getty Images",1,counter_style,neutralize
"LOBBYING FOR VOTES? An Examination of How Trump Might Legally Engage the 200 Delegates at Mar-a-Lago for a Weekend. It is within legal bounds to lobby delegates, but there is speculation on whether Donald Trump will utilize his properties to attract delegates in the lead-up to the Republican Convention in July. Historically, other candidates have employed similar strategies, raising questions about whether Trump should face criticism for his ability to offer more luxurious incentives. West Virginia presents an opportunity for Donald Trump: a state with a significant working-class demographic that has previously supported him and could yield a substantial victory. However, a successful outcome there might not significantly impact the delegate count due to the potential of 34 delegates being free to support any candidate at the Republican National Convention. The situation is analogous in Pennsylvania, which is set to host a competitive primary on April 26, where there are 54 uncommitted delegates. Additionally, several other states and territories, including Colorado, Wyoming, and Guam, will send unbound representatives to the convention. These delegates represent pivotal figures within the GOP nominating process, totaling nearly 200 activists and elected officials who are not obligated to any particular candidate and have the authority to influence the outcome of the nominations. If Trump arrives at the July convention in Cleveland with fewer than the 1,237 delegates needed for the nomination, these unbound delegates may play a crucial role in determining whether he secures the nomination or if a contested convention occurs, which would involve multiple rounds of voting. Ed Brookover, a senior adviser to Trump, described this delegate selection process as unpredictable. The three remaining candidates are actively identifying these delegates, assessing their preferences, and initiating outreach efforts. The legal framework governing delegate interactions is somewhat ambiguous, allowing for the possibility that Trump could host these delegates in Florida for a weekend at Mar-a-Lago, his private club, where they might encounter personal lobbying efforts. Brookover did not dismiss the idea of the Trump campaign hosting delegates at one of Trump’s properties or covering their travel expenses to Cleveland. However, he clarified that offering anything that could be perceived as a bribe is not permissible. For context, Charlie Black, who is aiding Ohio Gov. John Kasich's delegate strategy, recounted his experience working on Ronald Reagan's campaign in 1976, where he faced challenges in winning over delegates, similar to the efforts of then-President Gerald Ford. Federal regulations provide limited clarity regarding the acceptance of valuable items by delegates from campaigns, aside from travel expense reimbursements. Legal experts in campaign finance have differing opinions on whether federal or state anti-bribery laws apply to delegates who are not elected officials and, if applicable, what forms of benefits or incentives could be deemed illegal. For the full story: Washington Post",1,counter_style,neutralize
"Trevor Noah addressed Jeb Bush’s recent efforts to maintain his position as a viable candidate during a segment on The Daily Show. In the Monday night broadcast, Noah characterized Bush as one of the more desperate candidates in the presidential race, humorously mentioning that Bush has launched a fragrance for men called Desperation by Jeb!, which he described as suitable for occasions when being oneself is insufficient. He humorously noted the fragrance's scent, claiming it resembles that of George Bush. Noah continued by discussing the significant financial resources that Bush and his supporters have allocated towards advertising, indicating that despite the $40 million spent on positive advertisements aimed at informing voters about Bush, the outcome has not yielded favorable results. This information was reportedly shared privately by advisers from Bush’s SuperPAC, Right To Rise. A Bush supporter expressed disappointment with the campaign’s financial results, suggesting that the money would have been better utilized elsewhere. Noah remarked on the ineffectiveness of the campaign spending, suggesting that burning the money might have attracted more attention to Bush than the current campaign efforts. He proposed that the funds could have been more effectively used for initiatives like improving the water system in Flint, Michigan. Additionally, Bush’s campaign included video mailers featuring a documentary about him that were sent to supporters and potential voters, which Noah criticized as wasteful. He humorously commented that Bush’s attempts to make his videos viral have escalated to the point of mailing them directly to people’s homes. Furthermore, it was noted that Bush enlisted his mother to appear in an advertisement promoting him as a candidate capable of addressing the nation’s issues. Noah observed that Bush’s mother did not seem entirely convinced of her son's qualifications. He likened this strategy to a person asking their mother to assist in finding potential matches on a dating app. A video clip was shown where Bush engaged with a voter, who expressed uncertainty about her voting choice, to which Bush responded with a casual remark. The segment included a call for Bush to consider stepping back from his campaign efforts.",1,counter_style,neutralize
"Christian Evangelist Claims Jewish Bernie Sanders Is the Next Hitler (VIDEO). A pastor's church may be subject to taxation due to the nature of this political statement. Democratic Presidential candidate Bernie Sanders is noted as the first Jewish candidate to secure a state primary victory in American history, achieving this in New Hampshire last month, where he upset Hillary Clinton. The self-identified Democratic Socialist has garnered attention nationwide with his commitment to address Wall Street influence and income inequality. Sanders enjoys considerable support among younger demographics who view him as a necessary change agent capable of reforming the political system for a better future for all Americans. Due to this support from college students, one Christian televangelist has drawn a controversial parallel between Sanders and Adolf Hitler, the dictator of Nazi Germany responsible for the extermination of six million Jews during World War II. During a sermon, pastor Jim Bakker compared Sanders to Hitler, referencing his socialist ideology and asserting that if elected, it would lead to dire consequences for Americans within a year. Bakker pointed out that a prominent politician is a socialist, and noted that his primary support base consists of young Americans from colleges. He suggested that there are historical parallels to the circumstances faced during Hitler's regime, where inaction allowed for widespread atrocities. Bakker claimed that significant destruction could occur swiftly under a socialist regime. Bakker's audience reportedly consisted of conservative individuals. A video of this sermon can be found on YouTube. There are several critiques of Bakker's comparison. Firstly, while young people are indeed rallying around Sanders, they are doing so voluntarily, unlike the Nazi Party's indoctrination efforts to secure youth support in Germany. Secondly, it is important to distinguish that Bernie Sanders identifies as a Democratic Socialist, which contrasts significantly with National Socialism. Sanders has articulated that Democratic Socialism builds upon the principles advocated by Franklin Delano Roosevelt regarding economic rights for all Americans, as well as the ideas expressed by Martin Luther King, Jr. in 1968 about the disparity in economic systems. Sanders advocates for economic equality, universal health care, reforms targeting Wall Street, universal access to college education, and paid family leave. He also seeks political reforms aimed at limiting the influence of wealthy individuals to ensure democratic socialism benefits working families rather than just Wall Street and large corporations. Conversely, National Socialism is characterized as a severe and authoritarian fascist ideology associated with the Nazis and certain right-wing factions that endorse a racial hierarchy. This ideology promotes national dominance, devalues intellectualism, restricts women's rights, penalizes homosexuality, censors the press, and exhibits an excessive focus on Christianity, among other characteristics. There is no alignment between National Socialism and Bernie Sanders. Jim Bakker's reference appears to be directed at a different historical figure. In the context of contemporary politics, there are discussions regarding Donald Trump's actions that some commentators have labeled as fascist, including comparisons made by investigative journalist Carl Bernstein. Additionally, various media outlets, such as the Daily Show, have made comparisons related to Trump's political behavior, and there have been instances of neo-Nazi support at Trump's rallies.",1,counter_style,neutralize
"US Media Reported ‘Active Shooter’ Drill at Andrews Base As Real Event. 21st Century Wire reports that on June 30, 2016, US media indicated that Joint Base Andrews in Maryland, which serves as the home of the president's Air Force One airliner, was in lockdown due to reports of an active shooter situation. During this time, US media outlets extensively covered the situation for over two and a half hours. 21WIRE, however, identified the event as a drill and communicated this perspective while the news was developing. Initial reports of an active shooter were said to have originated from a 911 call made to outside law enforcement regarding a gunman observed on the base. The call reportedly came from a staff member at the Malcolm Grow Medical Facility, which is located within Andrews, a site recognized as one of the country’s most secure military installations. This detail raised questions about why base security was not informed first, as might be expected in such situations. Additionally, reports from US mainstream media describing the incident as a genuine active shooter crisis did not account for the fact that Joint Base Andrews was conducting a no-notice Active Shooter Exercise scheduled for 9 am that morning. This context was not addressed in the coverage, leading US media outlets to engage in crisis reporting that featured discussions with security experts and justice correspondents on CNN and other networks. 21WIRE provided an alternative perspective while the lockdown was ongoing, with analyst Patrick Henningsen appearing on RT International to discuss the event. Approximately one hour later, US authorities confirmed that the situation was indeed a drill and that the lockdown had been lifted. Some may observe that this event was predictable, particularly for individuals familiar with false flags and high-profile mass shootings in recent years. The broader narrative involves how US media responded to the initial reports and official communications from the US military, potentially contributing to a cycle of misinformation. The official Twitter account for Joint Base Andrews communicated: ""JBA is currently on lockdown due to a report of an active shooter. All personnel are directed to shelter in place. More info as it comes."" The media's handling of this incident has been critiqued for potentially amplifying confusion and stress among the public, as well as for aligning with governmental messaging that encourages vigilance through phrases like, ""See something, say something,"" and ""Shelter in place."" This situation led to concerns about the psychological impact on the public due to the nature of the reporting and the association with active shooter narratives. One reporter from CBS News noted that the national lockdown did not disrupt the day’s drill and that the active shooter exercise at the base would proceed as planned. This observation may suggest a connection between the media's portrayal of the lockdown and the ongoing drill, although this interpretation may vary among media professionals.",1,counter_style,neutralize
"Father of Orlando Shooter is Long-time CIA Asset. SEE ALSO: ORLANDO KNOWN WOLF Watched by FBI, Worked with DHS, Amid Crisis Actors, Drills & CI s21st Century Wire reports on the Orlando Shooting. There are several aspects of this narrative that raise questions, particularly concerning the father of the alleged shooter, Omar Mateen, an Afghan-American, Seddique Mateen. He has notable connections to influential figures and agencies in Washington DC. Below is a photograph of Omar's father after a meeting at the US State Department in Washington DC, where he met with officials; however, there is no public record of his visit. Image Credit: facebook.com/seddique.mateen. The alleged shooter’s father contributed to framing the narrative surrounding the incident by making a statement to the media shortly after the event. Seddique Mateen remarked: ""We were in Downtown Miami, Bayside, people were playing music, and he saw two men kissing each other in front of his wife and kid and he got very angry. They were kissing each other and touching each other and he said, 'Look at that. In front of my son they are doing that.' And then we were in the men’s bathroom and men were kissing each other."" This statement was utilized by the media and political leaders in the US to categorize the incident as a hate crime. Consequently, a narrative emerged depicting a homophobic, ISIS-inspired individual who committed an act of violence in an Orlando gay nightclub, notably coinciding with the eve of an international Gay Pride celebration. Pictured below is Seddique Mateen with California Republican Congressman Dana Rohrabacher. Rohrabacher (R-CA) was first elected to Congress in 1988, with support from friend Oliver North. His long-standing involvement in Afghan-related matters has earned him the nickname ""Gunga Dana."" Currently, he chairs the United States House Foreign Affairs Subcommittee on Europe, Eurasia and Emerging Threats. In a recent statement, President Obama referred to the shooter as a home-grown terrorist. In response, Donald Trump commented on the President's reaction to the Orlando shooting, indicating that there may be underlying factors at play. Omar Mateen's father stated that his son was not driven by Islamist radical ideology; however, he also expressed in a Facebook video posted early Monday that ""God himself will punish those involved in homosexuality."" Questions arose on Monday morning when U.S. news outlets reported that the father’s television program aired on a U.S.-based Afghan satellite channel. Such phrasing can often indicate that certain information is being withheld from public scrutiny. The name of this Afghan satellite channel, Payam Afghan, is described as being recognized in Southwest Asia as a CIA-Pakistani ISI construct. The identification of shooter Omar Mateen has also been characterized by misleading information. He was reported to be employed by a security company called G4S, which is not widely known. However, G4S is identified as a re-branded Wackenhut Corporation, a name associated with various controversies in the U.S. and globally. Rohrabacher has indicated that he perceives radical Islam as a significant terrorist threat to the U.S. Attempts to contact his office today for clarification on whether he considers CIA assets relocated in the U.S. to be a terrorist threat have not been acknowledged. SEE FULL REPORT: ORLANDO KNOWN WOLF Watched by FBI, Worked with DHS, Amid Crisis Actors, Drills & CI sHelp support us by becoming a 21WIRE Member at: 21WIRE.TV",1,counter_style,neutralize
"GOP Operative Connected To Trump’s Ousted Top Adviser Tried Obtaining Russian-Hacked Clinton Emails. A report in the Wall Street Journal links the Russian-hacked Clinton campaign emails with Trump’s campaign and raises questions about Michael Flynn’s legal situation. According to the report, a GOP operative, Peter Smith, who worked with Flynn’s consulting group, sought assistance from computer experts to acquire the cache of hacked emails reportedly obtained by the Russian government from Clinton’s campaign. In order to facilitate this effort, he referenced Michael Flynn, who was involved with Trump’s campaign at that time. Smith passed away recently, but provided the Wall Street Journal with a statement before his death. Talking Points Memo outlines the details of the scheme: In a recruiting email reviewed by the newspaper, Smith indicated that Flynn’s son, Michael G. Flynn, was involved in the effort. In another email, Jonathan Safron, a law student who worked for Smith, mentioned Flynn’s consulting firm, Flynn Intel Group, in a list of websites associated with the team. He stated, ""I’m talking to Michael Flynn about this; if you find anything, can you let me know?"" Eric York, a computer security expert who conducted searches on hacker forums on Smith’s behalf for the emails, spoke to the Journal. According to the Wall Street Journal, investigators have examined reports from intelligence agencies that describe Russian hackers discussing methods to obtain emails from Mrs. Clinton’s server and transmit them to Mr. Flynn through an intermediary, as reported by U.S. officials familiar with the intelligence. It remains uncertain who that intermediary was or if Mr. Smith’s operation was the subject of the discussions among the Russian hackers. The reports were generated during the same timeframe as Mr. Smith’s group was active, according to officials. During the campaign, Trump encouraged Russian hackers to obtain Clinton's documents but later claimed no involvement in their release. Despite his denials, there is considerable circumstantial evidence and several admissions from Trump’s team that suggest irregularities during the election. Many of his staff members, including Vice President Mike Pence and Trump’s personal lawyer, have retained defense attorneys in anticipation of the investigation into their potential involvement. This new information adds to concerns regarding Flynn, who appears to have shifted from a position of looking ""pretty guilty"" to one of seeming ""very guilty."" It may also eliminate any remaining options he had to mitigate his situation. Michael Flynn has considered a deal to cooperate against his former boss; however, the FBI has stated it is not pursuing this relationship. If these allegations are substantiated, there is a possibility that Flynn could face serious legal consequences. Attention has now turned to Trump, who appears focused on supporting Flynn. Trump has stated that he dismissed then-FBI Director James Comey because of his refusal to halt the Russia investigation. Comey has testified that Trump specifically requested that he discontinue any investigation into Flynn, who has since registered retroactively as a foreign agent for Turkey’s government. The situation involves various elements, including spies, hackers, foreign agents, and other individuals, all of whom are part of the ongoing narrative surrounding Trump.",1,counter_style,neutralize
"Obama has formally addressed Donald Trump’s proposed ‘Muslim Registry’ plan. Donald Trump had expressed intentions to utilize a previously inactive regulation as the foundation for his Muslim registry. The regulation in question is the Bush-era National Entry-Exit Registration System (NSEERS), a program that faced significant criticism for its focus on Muslim individuals. In response, Obama has moved to eliminate this program before Trump can act on his intentions to reinstate it. On Thursday, the Department of Homeland Security (DHS) announced a new regulation that effectively removes NSEERS, which has not been operational since President Obama suspended it in 2011. The DHS stated that it is discontinuing outdated regulations related to a now-obsolete special registration program for certain nonimmigrants. The National Security Entry-Exit Registration System (NSEERS) was deemed redundant and ineffective, as it captured data manually that was already obtained through automated systems. The program was also determined to no longer enhance security in light of evolving evaluations of threats posed to the United States by international terrorism. The regulatory framework concerning NSEERS no longer serves a clear public benefit, leading to its removal. This new regulation is set to take effect promptly, which limits Trump's ability to utilize NSEERS for his proposed program. This action appears to be in response to a request from New York State Attorney General Eric Schneiderman to President Obama. In a letter to the President, Schneiderman noted the importance of preventing President-elect Trump from having the means to establish an unconstitutional religious registry. Schneiderman commended the President for his decision, describing it as a positive development for civil rights and effective law enforcement, as well as for the coalition of advocacy organizations that worked to eliminate this program. He emphasized his commitment to protecting the rights of all New Yorkers and ensuring equitable justice for all individuals, irrespective of religion or national origin. If Trump seeks to establish a Muslim registry, he will need to explore alternative methods.",1,counter_style,neutralize
"The PGA has decided to relocate the World Golf Championships from the Doral Golf Course, which has been associated with Donald Trump since he acquired it in 1962, to Mexico. This decision has generated dissatisfaction from Trump, who has been vocal about his views regarding Mexico during his campaign. The PGA's move is attributed to economic factors, particularly after Cadillac withdrew its sponsorship, prompting the tournament to seek more affordable options. In an interview with Fox News, Trump remarked on the situation, expressing concern about the implications of the move. He noted, ""Cadillac's been a great sponsor, but they're moving it to Mexico. They're moving it to Mexico City, which, by the way, I hope they have kidnapping insurance. They're moving it to Mexico City, and I'm saying, you know, what's going on here? It is so sad when you look at what's going on with our country."" The financial commitment for sponsorship is reported to exceed $10 million per tournament. Erik Compton, a PGA Tour player residing in Miami, commented that the tournament has lost its appeal, stating that the local community appears less engaged than before. While the PGA has emphasized that this decision is not politically motivated, it is noteworthy that the choice of Mexico may have personal implications for Trump, given his historical stance on immigration and crime associated with the country. Trump has previously made statements regarding issues he perceives with Mexico, including drug trafficking and public health concerns. It is also worth mentioning that Trump's clothing line is produced in Mexico, raising questions about his stance on outsourcing jobs. Source references include ESPN and Business Insider.",1,counter_style,neutralize
"What Ted Cruz Said In Church Sounds Like Sharia Law For America (VIDEO). Presidential candidate Senator Ted Cruz (R-TX) visited a South Carolina church on Sunday and delivered a message broadcast to several other houses of worship, making an argument for a government based on the principles of the religious far right, rather than the American Constitution. Cruz addressed the audience with assertions that resonate with those who believe in a legal framework guided by religious principles. As an evangelical, Cruz spoke in front of a packed house of nearly 2,000 churchgoers. His sermon, titled Faith in Action, presented a range of conservative topics, including religious liberty, abortion rights, and the Second Amendment. Cruz expressed concern that a radical left-wing majority on the Supreme Court could lead to unlimited abortions on demand across the country, with taxpayer funding and no parental notification. He characterized the court's decision to legalize same-sex marriage nationwide as fundamentally illegitimate, lawless, unconstitutional, and wrong. Cruz has previously shown that he believes religious faith takes precedence over the law, evidenced by his support for clerk Kim Davis in Kentucky, who refused to issue marriage certificates for same-sex couples despite the Supreme Court ruling that such marriages were legal in all fifty states and the District of Columbia. Throughout his campaign, Cruz has sought to appeal to conservative Republican voters who prioritize religious texts and beliefs over established legal frameworks. His approach garnered support in the Iowa caucus, contributing to his campaign's success. However, he faced challenges with New Hampshire's less religious and more independent primary voters, where he finished in third place. Cruz is aiming to regain momentum with the support of more religious voters in South Carolina.",1,counter_style,neutralize
"LIST OF COMEY’S 10 SIGNIFICANT MISTAKES As FBI Director…Why His Firing Was Considered Necessary. Comey will be noted for the role he played in the 2016 presidential election, during which his agency conducted surveillance of the Trump campaign and investigated the Clinton camp for mishandling classified materials, providing both sides with arguments regarding the FBI's influence on the vote. Prior to the 2016 campaign, the FBI faced a series of challenges under Comey’s leadership. Notably, there were disclosures indicating that the FBI had knowledge of nearly every terrorist who successfully executed attacks in the United States over the previous eight years. 1. Before the Boston Marathon bombing, the FBI interviewed Tamerlan Tsarnaev but did not pursue him further. Russia provided the Obama Administration with a second warning, but the FBI chose not to investigate him again. 2. Following the NSA scandal in 2013, the FBI was found to be conducting its own data mining on American citizens; the agency, as reported by Bloomberg, retains this information for long periods, even if no wrongdoing is identified. 3. The FBI had access to emails sent by Nidal Hasan expressing intent to harm fellow soldiers to support the Taliban, yet did not take action, leading critics to suggest that the resulting tragedy that claimed 31 American lives at Fort Hood could have been averted. 4. During the Obama Administration, the FBI claimed that two private jets were primarily used for counterterrorism purposes, while they were, in fact, mainly used for the personal and business travel of Eric Holder and Robert Mueller. 5. When the FBI requested that Apple create a backdoor to allow law enforcement to unlock cell phones of various suspects, the company declined, resulting in a dispute between the FBI and a major tech firm. This incident raises questions about Comey’s management of the agency as a) the FBI ultimately succeeded in accessing the San Bernardino terrorist's phone, and b) numerous national security officials supported Apple, warning that such a backdoor could be misused. 6. In 2015, the FBI conducted a contentious raid on a political meeting in Texas, involving fingerprinting, photographing, and seizing phones from attendees, some of whom advocate for Texas's status as an independent constitutional republic. 7. During the investigation into Hillary Clinton's handling of classified material, the FBI reached an agreement in which Clinton aides were granted immunity and allowed to dispose of their laptops. 8. The father of the individual who detonated a bomb in New York City in 2016 informed the FBI of his son's radicalization. The FBI, however, cleared Ahmad Khan Rahami after a brief interview. 9. The FBI also looked into the actions of the individual responsible for the Pulse Nightclub shooting in Orlando, Florida, which resulted in 49 fatalities and 53 injuries. Despite a more than 10-month investigation into Omar Mateen, during which Mateen admitted to providing false information to agents, the FBI decided to close the case without further action. 10. CBS recently reported that when two individuals planned an attack on Americans at the Draw Muhammad event in Garland, Texas, the FBI had prior knowledge of the impending attack and had an undercover agent accompanying the suspects, Elton Simpson and Nadir Soofi. The FBI has not provided comments regarding the agent's failure to intervene during the incident. Via: Grabien",1,counter_style,neutralize
"WATCH: KELLYANNE CONWAY Responds To George Stephanopoulos’ Inquiry Regarding Trump’s Plans To Run In 2020. ABC host George Stephanopoulos conducted an interview with Kellyanne Conway during This Week. The interview commenced with a discussion of the new jobs report and the stock market performance under President Trump. Stephanopoulos then transitioned to a poll indicating that despite Trump's numerous accomplishments, his popularity remains relatively low. Kellyanne Conway noted that while Trump's poll numbers may not be as favorable as desired, he is maintaining focus on his agenda. She emphasized that President Trump is dedicated to fulfilling the campaign promises made to the American electorate. When asked about President Trump’s plans for the 2020 election, Conway stated, ""The president says privately and publicly, often, George that he’ll be president for seven and a half more years, so he plans on being a two-term president."" A recent article in the New York Times suggested that the Republican Party is experiencing divisions and that some members were urging Vice President Mike Pence to consider a presidential run in 2020. Pence expressed strong discontent regarding any implication of his involvement in a coup against President Trump. Additionally, the interview addressed allegations regarding Trump's connections to Russia. Kellyanne Conway responded to this topic by criticizing Stephanopoulos for perpetuating what she described as a false narrative, stating, ""People just can’t get over that election, George. It’s corrosive to our body politic.""",1,counter_style,neutralize
"NOT GRASSROOTS: #Ferguson Protestors PAID Over $5K To Attack Police, Instigate Violence And Disrupt. Recent statements from some Ferguson #BlackLivesMatter protesters suggest a divergence from the narrative of a grassroots movement. This week, a group of black protesters conducted a sit-in at the office of MORE (Missourians Organizing for Reform and Empowerment) to express their concerns that predominantly white-led organizations have raised substantial funds from the Black Lives Matter movement without adequately compensating black participants. Additional details about the sit-in protest at MORE can be found here. The protesters expressed discontent with the white organizers. Furthermore, it has been reported that Ferguson activists have traveled to locations such as New York City, Wisconsin, and the West Bank, purportedly to disseminate messages related to racial issues. There are claims that these individuals are financially motivated in their actions. Some protesters have indicated online that they have received financial compensation for their participation in protests against police and for promoting discussions around racial issues in Ferguson and other areas since August. Reports suggest that some protesters were earning MORE THAN $5,000 a month for their activities, including confrontations with police. Listening to @search4swag live now on @JoePrich, they noted that @deray is allegedly receiving payments from George Soros, according to Independent CaT (@RealOrangeCat) from May 16, 2015. It is claimed that billionaire George Soros contributed at least $33 million to the Ferguson protest movement, as reported by The Washington Times. There are assertions that many of the so-called grassroots leaders received significant financial compensation. Additionally, there are discussions among protesters regarding Deray, who has been actively involved in social media and public discourse related to race issues in various cities for several months. Another organization, Resource Generation, reportedly allocated a million dollars to protesters.",1,counter_style,neutralize
"A new book by journalist Jane Mayer, published in the New Yorker, discusses a family connection between the Koch brothers, Charles and David Koch, and Nazi affiliations. Mayer, who was among the first mainstream writers to document the Kochs' substantial financial influence on the Republican Party and the conservative movement, explores this connection in her book, Dark Money. The book examines the emergence of the modern conservative movement, highlighting the contributions of wealthy donors such as Richard Mellon Scaife, an heir to the Mellon banking fortune, as well as Harry and Lynde Bradley, brothers who gained wealth from military contracts and contributed significantly to anti-government philanthropic efforts. However, the primary focus of the book is on the Koch family, tracing their historical involvement with the far-right John Birch Society and the business activities of their father, Fred C. Koch, who achieved some of his initial business success abroad in the lead-up to World War II. One of his ventures included a partnership with American Nazi sympathizer William Rhodes Davis, who purportedly engaged Mr. Koch to assist in constructing the third-largest oil refinery in the Third Reich, an important industrial element in the Nazi war effort. The Koch brothers, recognized as two of the wealthiest individuals in America, preside over Koch Industries, which has faced penalties for being one of the largest polluters in the country. They utilize their wealth to support a political framework that often aligns with a right-wing agenda favoring corporate interests and opposing government regulation. The brothers finance a network of organizations that frequently obscure their political expenditures through tax regulations, referred to as 'dark money' in Mayer's book title. The Kochs are involved with groups such as Americans for Prosperity, Freedom Partners, and the Center to Protect Patients Rights, while also directing funds to organizations like the NRA, Americans for Tax Reform, and the Club for Growth. These groups share a common opposition to progressive ideals and often target progressive and Democratic politicians. Additionally, they operate at the state level to support governors and state legislators. A notable achievement of the Kochs was their assistance to Wisconsin's Scott Walker in his campaign to limit union rights in the state. The Kochs have established initiatives aimed at similar objectives across all 50 states. After investing approximately $400 million in the 2012 election to attempt to unseat President Obama, the brothers announced an intention to allocate at least $900 million in support of conservative candidates in the 2016 election.",1,counter_style,neutralize
"Trump Supporter Drives Jeep Through Crowd Of Protesters (VIDEO). On Saturday afternoon, a group of protesters gathered on the main road leading into Fountain Hills, the location of Donald Trump's latest rally, and established a blockade of the event. Traffic was backed up for miles as the demonstrators peacefully protested the rally, but some Trump supporters expressed discontent with the protesters' actions. On social media, a number of supporters called for the protesters to be forcibly removed, while others suggested running them over. Some began to inquire about the legality of driving into peaceful demonstrators. WKBW reports that one Jeep-driving Trump supporter attempted to reach the rally by driving into the protesters with his vehicle. Video footage shows the driver moving through the crowd without regard for the safety of those in front of him. The demonstrators can be seen stepping aside, some appearing distressed, while others tried to prevent the driver from proceeding further. Although police were present, video evidence indicates that they did not intervene to stop the driver and instead assisted in clearing the way, even pushing aside individuals attempting to halt the vehicle. Fortunately, no injuries were reported as a result of this incident, but it raises questions about the police's role in protecting the demonstrators versus supporting the rally. In 2014, a vehicle moving at a similar speed passed through a crowd of Michael Brown supporters. Although it was not moving quickly, one protester's leg became caught by the wheel, and she was dragged a distance before freeing herself. Similar to the driver of the Jeep, that driver continued without regard for the crowd. The reasons for police inaction remain unclear, but it is noteworthy that the law enforcement response to the protest was overseen by Sheriff Joe Arpaio, who has previously endorsed Donald Trump. This context may explain the police's apparent lack of concern for the safety of demonstrators. Watch the video below: Featured image via screengrab.",1,counter_style,neutralize
"ARIZONA NEWSPAPER Reports Concern Over Border Fence Height. A local Arizona newspaper has highlighted concerns regarding a section of the Arizona-Mexico border that features a 14-foot-high primary fence, citing that it may be too high for illegal immigrants to cross safely. The article, titled Border Fence Jumpers Breaking Bones, includes the assertion that sections of the border with a 14-foot-high fence are comparable in height to a two or three-story house. It also presents accounts of several women who sustained injuries and required medical treatment, which was funded by U.S. taxpayers. The article does not address any fatalities that may have occurred due to the absence of a border fence in other areas, including the case of Robert Rosas, a U.S. Border Patrol agent, who was killed by Mexican nationals. The piece was authored by Perla Trevizo for the Arizona Daily Star. In the following excerpt, the subtitle is noteworthy, as it mentions a foreign woman who had been deported multiple times previously: A DREAM ENDS For some, the fence is a last resort. Maria Ibarra, 28, from Oaxaca, attempted to cross through Nogales and El Paso in April but was returned to Mexico on both occasions. This time, she was resolute about her efforts. She left her 10-year-old son with her parents in Oaxaca, where he was born while she lived in South Carolina for two years before returning to Mexico in 2006 for familial reasons. Upon her return, she reported that her son began experiencing hearing loss in one ear and seizures. She expressed her desire for an opportunity to present her case, hoping her son could join her or that she could obtain a permit to visit the hospitals where he was initially treated. However, she noted that she had already faced multiple deportations and a voluntary return to Mexico. The article notes that once her son joins her in the U.S., they would likely be allowed to remain as an incomplete family unit. The claim regarding the border fence's height as being akin to a two or three-story house was attributed to Fernando Valdez, Mexico's deputy consul general in Nogales, Arizona. He remarked, ""What surprises us is that people continue to jump from heights that can be the equivalent of a two- or even three-story house,"" adding that individuals may feel compelled to jump due to pressure from others. This part of his statement seems to reference U.S. Border Patrol agents, although the article does not clarify this point. It is noted that the Border Patrol often intervenes to assist illegal immigrants, a fact that the article acknowledges. Mexican officials have frequently criticized U.S. Border Patrol agents, even in situations where agents have acted in self-defense. A significant aspect of the article is the lack of discussion regarding the rationale behind the segmented border security fence. The fence, which, contrary to claims from certain media, does not cover the entirety of the border, was constructed primarily to deter the entry of violent criminals into U.S. communities. Two historical instances illustrate this point, although the wall has not yet been built in those specific areas. In 2002, the FBI conducted a sting operation in Sunland Park, New Mexico, motivated by incidents of individuals crossing the border to steal cargo from trains. These individuals would circumvent a small chain-link fence, which was the only form of border security in the area, to commit theft and then return across the fence, leaving U.S. authorities with limited options for intervention.",1,counter_style,neutralize
"Fox News and Sean Hannity recently aired a segment that has been interpreted by some as promoting a notion of white pride. A common expression is that Fox News is not inherently racist, but is particularly popular among racist individuals. In line with this perception, the segment focused on themes of pride. Although the context suggested it was referring to American pride, Hannity's narrative centered on his personal journey and the opportunities he has had, which he attributes to hard work beginning at a young age. He mentioned various jobs he held, from a paperboy to roles in restaurants and construction, leading to a career in broadcasting. Observers noted that the emphasis on his personal success could be perceived as reflective of broader societal issues. Hannity often states, ""only in America,"" which raises questions regarding systemic barriers that may affect others' ability to achieve similar dreams. The portrayal of his opportunities as a result of individual effort has led some to critique his perspective on privilege. The segment concluded with a visual that some viewers interpreted as endorsing the concept of white pride. The video can be viewed here: @SeanHannity #ProudAmerican https://t.co/GaxjX4oWeE Fox News (@FoxNews) July 2, 2016 Featured image via video screen capture.",1,counter_style,neutralize
"Donald Trump Is Currently Reducing Public Engagement; Limiting Interaction With Supporters. Donald Trump’s presidency appears to be facing challenges and he has been seen spending more time in the White House, minimizing interactions even with his supporters. Following his return from the G20 summit in Europe this month, his daily schedule showed a notable lack of public events as he remained within the premises of 1600 Pennsylvania Ave. Although he has included some daily events in recent days, he has not been engaging in outdoor activities. Vice President Mike Pence took the opportunity to leave the White House on Tuesday and addressed the media regarding the Republicans’ health care bill following its Senate collapse, while Trump did not make a public appearance. Pence has maintained a more visible presence in recent days. In the past month, when Trump was not traveling abroad, his outings from the White House were primarily for golfing or watching golf, which occurred on June 24, 25, and 30, as well as July 1, 2, 3, 4, 9, 14, 15, and 16. Aside from golfing or promoting his business properties, Trump has limited his public visibility. To note, Trump did make a public appearance in a firetruck on Monday and has spent considerable time at his golf course. However, in terms of utilizing his negotiating skills to advance the repeal and replacement of Obamacare—one of his key campaign promises—he has made minimal contributions. This situation is somewhat unusual and may indicate significant developments within the White House. Since taking office, he has often engaged with supporters through campaign-style rallies. His last such rally, which was his last domestic public appearance, occurred nearly a month ago. Despite the continued presence of his supporters, he seems to be avoiding these interactions. Instead, he may be seeking comfort in familiar foods while engaging with media outlets like Fox News. This behavior is consistent with his history of difficulty in situations lacking personal affirmation. He has postponed a state visit to the UK until Prime Minister Theresa May can assure him of a favorable reception.",1,counter_style,neutralize
"Trump Thanks Putin for Reducing US Embassy Staff: ‘It Cut Our Payroll’. 21st Century Wire reports that President Donald Trump, speaking to reporters from his summer golf retreat in New Jersey, expressed gratitude to Russian leader Vladimir Putin for his decision to order a reduction in the US embassy staff in Moscow and the closure of two storage facilities there. Trump noted that this action contributed to a smaller payroll for the US embassy. Last month, 21WIRE reported that Russia instructed Washington to remove 755 of its 1,200 embassy staff in Moscow as part of a diplomatic response following new sanctions imposed by the US. Trump stated, ""I want to thank him because we are trying to cut down our payroll and as far as I’m concerned I’m very thankful that he let go of a large number of people."" Additionally, it was reported this week that FBI special counsel Robert Mueller conducted a pre-dawn raid on former Trump campaign manager Paul Manafort, seizing personal documents and equipment. Trump remarked to reporters, ""They do that very seldom. I was surprised to see it,"" adding that he viewed it as a significant action. Expressing empathy for Manafort's circumstances, he described the raid as ""a pretty tough stuff."" Trump also addressed the situation in North Korea and defended his previous remarks regarding the regime in Pyongyang. Watch the full press conference here: . READ MORE RUSSIAGATE NEWS AT: 21st Century Wire Russia Files SUPPORT OUR WORK BY SUBSCRIBING & BECOMING A MEMBER @21WIRE.TV",1,counter_style,neutralize
"A recent event at a Donald Trump rally in West Allis, Wisconsin, included a protest involving supporters of the Black Lives Matter movement. During this protest, several individuals were seen standing on the American flag. Videos of the incident, which were shared by InfoWars, show protesters making statements regarding the American flag, describing it in a derogatory manner. This incident has drawn attention and criticism from various groups. The discussion surrounding the event reflects ongoing tensions in American political discourse.",1,counter_style,neutralize
"NORDSTROM CANCELS IVANKA TRUMP BRAND After Liberal Complaints #BoycottNordstrom. Nordstrom has decided to discontinue the Ivanka Trump line following complaints from a liberal organization known as Grab Your Wallet. The Trump family has made significant efforts in their endeavors for America. Despite Nordstrom's prior statement that they would not cancel Ivanka's product line, they have now opted to cease the partnership in response to pressure from this group. PLEASE CONTACT NORDSTROM AND PROVIDE FEEDBACK: NORDSTROM FEEDBACK. According to the Daily Mail, Nordstrom has denied any partisan motives in the decision to drop Trump’s brand, stating that the decision was based on poor sales following a grassroots boycott initiated by a marketing specialist and a grandmother. This decision by Nordstrom follows similar actions taken by other retailers that have also ceased selling her merchandise due to the Grab Your Wallet campaign, which encourages consumers to boycott retailers that sell Ivanka Trump's products or those associated with her father. The Grab Your Wallet campaign was launched on October 11 by Shannon Coulter and Sue Atencio, who realized they could no longer shop at retailers that do business with the Trump family. The campaign has compiled a list of businesses that sell products associated with the Trump family, including companies that advertise on Celebrity Apprentice or executives who have contributed to President Donald Trump's fundraising efforts.",1,counter_style,neutralize
"NBC MANAGEMENT ""Protected The Sh*t Out of Him"": Details of Married Matt Lauer’s Acts of Sexual Harassment Are Reported After Democrat Supporter Is Terminated. NBC was criticized by conservative news outlets, including Breitbart, for not disclosing Matt Lauer's connections to the Clinton Foundation prior to his 30 minutes during NBC’s Commander-in-Chief forum, where he did not address various issues related to Hillary Clinton during his interview with her. The longtime Today Show co-host had connections to the Clinton Foundation. Lauer was previously listed as a notable member of The Clinton Global Initiative, the fundraising entity of the Clinton Foundation. Recently, another associate of the Clintons experienced a sudden end to his career as the highest-paid morning host due to allegations of sexual misconduct and assault, as NBC announced that Matt Lauer had been dismissed from the Today Show. Variety spoke with 10 past and present employees at the company who alleged a range of sexual misconduct by Lauer, including a woman who claims she was sexually assaulted by the anchor beginning in 2014 at the Sochi Olympics. That individual also provided her account to the human resources and legal departments of NBC News on Monday. NBC initiated an investigation into her claims on Tuesday morning, which ultimately resulted in Lauer’s termination that same evening. Some women expressed that their complaints to company executives had not been adequately addressed. Those interviewed mentioned that it was at the Olympic Games where Lauer approached several female staff members. Lauer would invite women working for NBC to his hotel room late at night while covering the Olympics in different cities over the years, according to Variety reporter Ramin Setoodeh. He later mentioned to colleagues that his wife accompanied him to the London Olympics because she did not trust him to travel alone. None of the 10 individuals who spoke with Variety are identified in the article, including the woman who received a sex toy along with an explicit note regarding how he intended to use it. That woman described feeling mortified, while a fellow co-worker was reported as visibly shaken after Lauer allegedly exposed himself in his office. When she did not respond, Lauer reportedly reprimanded her for not participating in a sexual act. His office was situated in a private area, and he had a mechanism under his desk that enabled him to lock his door from the inside without standing up, as noted by Setoodeh. This arrangement provided him with privacy, allowing him to welcome female employees and initiate inappropriate contact without concern of being interrupted. This information was provided by two of the women who spoke with the writer of the article. He could not engage with individuals outside his circle due to his status as Matt Lauer and his marital status. Thus, he would act within his environment, where he held influence, and he was aware that complaints would be unlikely. Although not named, one woman appeared to attract Lauer’s attention, according to those interviewed for the article. Several employees remembered that he showed considerable interest in a young woman on his staff whom he found appealing, focusing on her career goals, as stated in the report. He also invited the same producer to his hotel room to bring him a pillow. Lauer’s focus on women’s physical appearance is a significant aspect of the narrative, with multiple sources indicating that he often played the game ""F***, Marry or Kill"" with staff members. One of the show’s anchors reportedly discussed Lauer’s sexual behavior, while a former reporter commented: ""Management is ineffective there. They protected Matt Lauer extensively."" Daily Mail",1,counter_style,neutralize
"Donald Trump and his associates are facing challenges related to the truth, which could have significant legal implications in the context of Special Counsel Robert Mueller's investigation into possible collusion between the Trump campaign and Russian entities during the 2016 election. Initially, there were claims that no meetings occurred with Russians. However, it has since been revealed that Donald Trump Jr., former Trump Campaign Manager Paul Manafort, and Trump’s son-in-law Jared Kushner met with a Russian lawyer, among others connected to the Russian government. Following this, Trump Jr. issued a statement indicating that the meeting was focused on Russian adoptions. This assertion was later called into question when it became clear that the attendees expected to receive damaging information about then-Democratic nominee Hillary Clinton from Russian sources. Reports now suggest that while the lawyers involved aimed for accuracy in Trump Jr.'s statement, Donald Trump took the initiative to draft the statement himself. This decision has led to dissatisfaction among Trump’s advisers. One anonymous adviser spoke to the Washington Post, expressing concern that this was an unnecessary action, which could lead to perceptions of misleading information. The adviser further indicated that Trump may not fully grasp the severity of the legal challenges posed by the Russia investigation, characterizing his view of the situation as a political issue he believes he can address independently. Peter Zeidenberg, an attorney who previously investigated President George W. Bush regarding the unmasking of CIA Agent Valerie Plame, commented on the situation, noting the complications arising from the involvement of the president in the matter. He emphasized that the administration appears to be approaching this as a public relations issue rather than recognizing the criminal nature of the investigation. The ongoing developments suggest that there may be significant implications, and it remains to be seen how the situation will evolve as the investigation proceeds. Meanwhile, there are calls for Congress to take action regarding the administration.",1,counter_style,neutralize
"Non-Transgender Woman Harassed In Bathroom After Donating Hair To Cancer Patients (VIDEO). The ongoing discussions surrounding bathroom access for transgender individuals have intensified, particularly in states such as North Carolina and Texas, which are enacting policies that restrict bathroom use to the gender assigned at birth. This has raised concerns about the treatment of transgender individuals in public restrooms. A transgender woman, for instance, may face challenges when attempting to use facilities that align with her gender identity. Many argue that individuals should be allowed to use the restroom where they feel most comfortable. However, there are differing opinions on this matter. Aimee Toms, a cisgender woman, recently experienced an incident while using the women's restroom at a Walmart in Danbury, Connecticut. Toms was approached by another woman who told her, ""You’re disgusting!"" and ""You don’t belong here!"" Toms was wearing a baseball cap and had short hair, which she believes may have led to the assumption that she was transgender. She subsequently explained the reason for her short hair in a video she posted online, stating that she had donated her hair to Pantene’s Beautiful Lengths Program, which provides wigs to cancer patients at no charge. Toms expressed her willingness to embrace her short hairstyle for a worthy cause. She also shared her thoughts regarding being judged based on appearance in public spaces. Toms reflected on her experience and considered the challenges faced by transgender individuals, noting that many people use restrooms without being aware of the gender identity of others. There are instances where individuals may have had interactions with transgender people without any issue. The broader societal conversation continues to evolve around the rights and recognition of transgender individuals, which remains a topic of significant debate. Watch Toms share her experience in the video linked below: https://www.facebook.com/never.shout.aimee/videos/vb.1473214698/10206543775341127/?type=3&theater",1,counter_style,neutralize
"Tucker Carlson engages in a debate regarding the Russia conspiracy with Mustafa Tameez, a former consultant for the Department of Homeland Security. The discussion becomes quite intense as Carlson articulates his perspective on the matter. He asserts that the Democrats are attempting to undermine the current president, suggesting that the situation is escalating. Tameez discusses the reasons behind the termination of Sally Yates and the ongoing Russia investigation, implying that the official narrative may not reflect the actual motivations for her dismissal. Carlson challenges Tameez's assertions, which he perceives as aligned with Democratic viewpoints.",1,counter_style,neutralize
"COLIN POWELL STATES HILLARY CLINTON HAS MISSTATED PRIVATE EMAIL SERVER CONVERSATION: “has no recollection of the dinner conversation” [VIDEO]. According to reports, former Secretary of State Colin Powell does not recall the dinner conversation described by Hillary Clinton to FBI agents, as noted by journalist Joe Conason in an upcoming book. Conason's account, which was reported Thursday night by The New York Times, describes a small dinner gathering at Clinton's Georgetown home at the start of her tenure as secretary of state, which included former secretaries Madeleine Albright, Henry Kissinger, and Condoleezza Rice. During this dinner, as per Conason's report, Albright prompted the former secretaries to offer advice to Clinton. Powell advised her to use her own email, similar to his practice, except for classified communications, which he managed via a State Department computer, as detailed in his book Man of the World: The Further Endeavors of Bill Clinton, of which The Times has obtained an advance copy. According to Conason, Powell indicated to Clinton that his use of personal email had positively impacted the department and thereby affirmed a choice she had made months earlier to maintain her personal account for the majority of her communications. A representative for Powell's office released a statement following The Times' story: General Powell has no recollection of the dinner conversation. He did send former Secretary Clinton an email memo explaining his use of his personal AOL email account for unclassified messages and how it significantly enhanced communications within the State Department. At that time, there was no comparable system available within the Department. He utilized a secure State computer on his desk for managing classified information, the statement further noted. The General no longer has the email he sent to former Secretary Clinton. It may be found in State or FBI files. Powell's remarks come during an ongoing legal dispute between Clinton's attorneys and Judicial Watch regarding whether the conservative legal watchdog group can depose the former secretary of state in connection with its lawsuit concerning State Department records. Read more: Politico",1,counter_style,neutralize
"Keurig's CEO has issued an apology following a boycott by customers who expressed their dissatisfaction with the company's advertising decisions. The apology, however, is not directed toward Keurig customers. Recently, Keurig faced backlash for its association with Sean Hannity and his guest, Republican Alabama Senate candidate Roy Moore, who has faced allegations of sexual misconduct. A Twitter user named Angelo Carusone criticized Keurig for advertising on the Sean Hannity Show after Moore was interviewed, allowing him to present his viewpoint regarding allegations made by four women, which surfaced decades later. Reports have emerged suggesting inconsistencies in the accounts of at least two of Moore's accusers, including information about one accuser's previous work for Hillary Clinton and her support for Moore's Democratic opponent on social media. Additionally, another accuser's mother has raised questions about the validity of a Washington Post article regarding the allegations. Notably, the tweet that prompted Keurig's response originated from Angelo Carusone, who is the president of Media Matters for America, an organization associated with George Soros. Keurig responded to Carusone's tweet, thanking him for bringing the matter to their attention and indicating that they had collaborated with their media partner and Fox News to prevent their advertisement from airing during the Sean Hannity Show. Following this, many of Hannity's supporters called for a boycott of Keurig products. Some individuals shared their actions on social media, including disposing of their Keurig machines. Others criticized the company's decision to withdraw its advertising, expressing their disapproval of companies engaging in political matters. Actor James Woods also commented on the situation, suggesting that Keurig would regret its decision. Various social media campaigns, including the #KeurigSmashChallenge, emerged, encouraging users to destroy their Keurig machines. Another conservative user posted a video of a Keurig coffee maker being dropped from a height, inviting others to share the video to provoke a reaction. The Black Rifle Coffee Company, which markets coffee produced and sold by American veterans, was mentioned in connection with the boycott movement. Keurig CEO Bob Gamgort addressed his employees on Monday regarding the company's stance in the boycott led by Media Matters against Sean Hannity's advertisers.",1,counter_style,neutralize
"WHY WAS THIS YOUNG MAN SPONSORED BY CAIR INVITED TO THE WHITE HOUSE. President Obama has faced questions regarding his priorities, particularly in relation to law enforcement and international relations. Recently, he met with a CAIR-sponsored individual who has alleged police brutality following a protest involving Israeli police. Tariq Khdeir, a fifteen-year-old resident of Tampa with Palestinian heritage, was invited to the White House after a video surfaced showing him being beaten by Israeli police during a protest in East Jerusalem. This incident followed the death of his cousin, Muhammad Abu Khdeir. A White House official confirmed that the Obama administration's national security team engaged with Khdeir and his family, emphasizing ongoing monitoring of the case. The meeting occurred after initial reports by CNN on April 15. The U.S. government has maintained communication with Khdeir and his family since his return from Jerusalem. The National Security Council recently met with the Abu Khdeir family as part of their follow-up on pending matters related to Khdeir's case. Khdeir was initially accused of involvement in a riot last summer but was cleared of all charges in January. His cousin Muhammad was reportedly killed in a revenge attack following the abduction and murder of three Israeli teenagers by Palestinian militants. The video of Khdeir's beating has been referenced by anti-Israel activists as indicative of broader issues of Israeli conduct in East Jerusalem. CAIR has featured Khdeir in various conferences addressing these matters. The family is seeking assurances regarding Khdeir's safety should he return to Jerusalem. The Obama administration is reportedly dissatisfied with the Israeli government's handling of this incident, believing that it has not been taken seriously enough. Sources indicate that U.S. officials feel the Israeli government often concludes that actions taken against American citizens are justified unless there is clear video evidence of excessive force, as seen in Khdeir's case. Via: Washington Free Beacon",1,counter_style,neutralize
"Republican Mailer Indicates Potential Disclosure of Voter Choices to Neighbors in New Mexico. Reports suggest that New Mexico Republicans are employing tactics that may be considered intimidating in an effort to influence voter behavior towards supporting Donald Trump. The Republican Party has distributed flyers statewide indicating that if individuals do not vote for the GOP on Election Day, their voting choices may be communicated to their neighbors, potentially complicating their lives. According to the Daily Beast, the mailer features an image of a woman looking through her blinds in a blue hue. It states, ""When the Democrats win the election and you didn’t do your part, your neighbors will know,"" in capital letters. The reverse side contains a map depicting houses, some marked with red check marks and blue pinpoints, along with the message, ""Do your part in this election; after all, voting is a matter of public record."" While it is true that whether an individual voted is public information, the specific party voted for is not disclosed in public records. Utilizing such information to intimidate voters could be classified as election fraud and voter intimidation, both of which are violations of federal law. Under 18 U.S. Code 594, it is stated that anyone who intimidates, threatens, or coerces another person to interfere with their right to vote may face fines or imprisonment. A spokesperson for the New Mexico GOP has confirmed that the party distributed the flyer, acknowledging the action. However, when asked for further comment regarding the flyer, W. Tucker Keene ended the conversation with The Daily Beast. While concerns about election fraud are often raised by Donald Trump and his supporters, questions arise regarding the party's stance on the actions taken in New Mexico. The implications of exposing voters who choose to support the Democratic Party may lead to adverse consequences for those individuals. The distribution of a mailer intended to intimidate voters raises legal questions, and there are calls for the Department of Justice to investigate the New Mexico GOP's actions. This situation highlights ongoing discussions about the integrity of electoral processes.",1,counter_style,neutralize
"Bill Clinton was reportedly heckled by children while on the golf course during his 69th birthday celebration. The former president, who is currently on a two-week vacation in the Hamptons while his wife Hillary campaigns, was observed wearing neon pink sneakers and a matching hat at Montauk Downs State Park golf course. He also participated in a round of mini-golf at Puff n Putt with his niece and nephew, who appeared to be around 8 and 10 years old. Despite the presence of Secret Service personnel, Clinton engaged in conversation with a veteran and his children, who were aged 4, 9, and 11. However, one child expressed impatience during the interaction, prompting the remark, 'Come on, it’s your turn.' Clinton played two holes with the children and took photographs with them. On the same day, Clinton celebrated his 69th birthday in East Hampton with a dinner at the Mexican restaurant Blue Parrot, accompanied by 10 guests, including musician Jon Bon Jovi and other friends. Hillary Clinton was not in attendance due to her campaign commitments, and their daughter Chelsea was reportedly in Sardinia, Italy, with her husband Marc Mezvinsky. According to sources, extended family members were present at the birthday gathering. Clinton, who has previously transitioned from a diet of McDonald's to adopting a vegan lifestyle, was noted to have chosen healthier options such as salads and vegetables for the evening. The atmosphere was described as pleasant and convivial. Jon Bon Jovi is an investor in the restaurant, alongside Renée Zellweger, Larry Gagosian, and Ronald Perelman.",1,counter_style,neutralize
"A firefighter in Ohio has faced criticism for making controversial remarks regarding his willingness to prioritize rescuing a dog over black individuals. Tyler Roysdon, a firefighter from Franklin Township, expressed that he would choose to save a dog rather than a million black people. His comments have raised concerns about his views on race. Roysdon's social media activity indicates support for Donald Trump and affiliations with far-right groups. Following the emergence of these statements on social media, Franklin Township officials suspended Roysdon from his position indefinitely. Fire Chief Steve Bishop responded to the situation by contacting Roysdon to request the removal of the comments. The firefighter is currently suspended without pay while the Board of Township Trustees reviews the matter to decide on further action, as Chief Bishop does not have the authority to terminate employees unilaterally. The potential impact of Roysdon's comments on his professional conduct remains to be investigated.",1,counter_style,neutralize
"Transgender Athlete Wins International Women’s Weightlifting Title. Recently, a transgender high school wrestler competed in matches against girls. British columnist Katie Hopkins provided a response to the performance of the transgender high school student in wrestling. In a related event, New Zealand weightlifter Laurel Hubbard has achieved significant success in her first major competition, securing the title at the Australian International in Melbourne and marking her place in history as the first transgender athlete to represent New Zealand. Hubbard, 39, won the women’s over 90kg division at the Melbourne event, setting four unofficial national records. She lifted a total of 268kg, which was 19kg more than silver medallist Iuniarra Sipaia of Samoa. Australia’s Kaitlyn Fassina earned the bronze medal with a lift of 223kg. Read more: NZ Herald",1,counter_style,neutralize
"WHY OBAMA IGNORED MURDER BY ILLEGAL ALIEN IN SANCTUARY CITY: Fox News host Megyn Kelly engaged in a discussion regarding President Barack Obama’s lack of commentary on the death of Kate Steinle in a San Francisco tourist area. Kelly noted that the president had spoken out on the deaths of Trayvon Martin, Michael Brown, and Freddie Gray, yet had not addressed Steinle’s case, who was killed by an illegal immigrant with a record of five deportations and seven felony convictions. When questioned about this incident, White House spokesman Josh Earnest referred inquiries to the Department of Homeland Security. Kelly pointed out the difference in response compared to the situation following the death of Michael Brown in Ferguson, Missouri. Liberal talk show host Richard Fowler suggested that Steinle would still be alive if Congress had enacted immigration reform legislation. Kelly challenged this assertion, asking for a direct response. She highlighted what she perceived as selective attention to victims. When political consultant Marc Thiessen asked Fowler to clarify his statement regarding Obama’s stance on sanctuary cities, Fowler attributed his remarks to the absence of comprehensive immigration reform, placing responsibility on Republican lawmakers for the lack of progress in this area. Kelly pushed back, requesting evidence for Fowler’s claims regarding the president’s support for sanctuary city policies. Fowler reiterated his belief that comprehensive immigration reform would eliminate the need for sanctuary cities, adding that he believed the White House would concur with this perspective. Via: Breitbart News",1,counter_style,neutralize
"ANTI-HILLARY POSTERS DISPLAYED IN HOLLYWOOD. The recent emergence of posters in Hollywood features a reference to a character named Negan, who requests 50 percent of possessions. The artist behind the posters, Sabo, expresses a view that if Democrats had their way, they would take everything by decree. The artwork displays blood-spattered text stating, ""Negan wants 50% of your shit. Hillary demands it all."" This message is a commentary on a character from the television series The Walking Dead, known for his demand for items that do not belong to him. Sabo explained that he created these posters and placed them outside of the AMC Studio offices in Santa Monica, as well as near the CNN building on Sunset Boulevard, coinciding with an anti-Hillary protest. Sabo articulated that his initial reaction to Negan's demand for 50 percent was surprise at the relatively modest request. The sentiment reflects ongoing political sentiments within certain groups. Sources include The Hollywood Reporter.",1,counter_style,neutralize
"Breitbart senior editor Joel Pollack has commented on Steve Bannon's departure, indicating a continued commitment to a longstanding ideological battle. Pollack has been associated with Breitbart News during the Obama administration and thereafter, suggesting an ongoing conflict that extends beyond mere issues such as statues. He expressed support for Bannon's return to the organization's efforts. In a segment on MSNBC featuring Ali Velshi and Pollack, Pollack stated, ""Hashtag War"" has been a guiding principle since the era of Andrew Breitbart. He identifies three primary targets in their mission: Hollywood and the mainstream media, the Democratic Party and the institutional left, and the Republican establishment in Washington. Pollack asserted that their objectives remain consistent, both prior to and following Trump's election. He noted that he would welcome more opportunities for discussion between differing viewpoints, as many participants in the conversation appreciated the platform provided for both sides to express their perspectives.",1,counter_style,neutralize
"On August 4, 2016, an event was shared on social media that featured Donald Trump providing Hillary Clinton with an opportunity to experience a large crowd. The post suggests that Clinton's audience sizes have been considerably smaller since her campaign launch, in contrast to the substantial crowds that Trump has attracted. The accompanying video shows Trump offering a glimpse of what it is like to address a gathering of thousands. The post includes various social media handles and a link to the video.  @MiceeMouse @BlissTabitha @CarmineZozzora @Lrihendry @BarbMuenchen pic.twitter.com/oWWaPJBjIy  Bickle #AmericaFirst (@michaelbickle)",1,counter_style,neutralize
"Bernie Sanders made his first television appearance following his significant win in the New Hampshire primaries on The View. During the segment, he addressed issues related to Wall Street. When asked to mention something positive about Donald Trump or Ted Cruz, he struggled to provide a response. His inability to find a positive remark regarding his Republican counterparts was noted, especially considering they have not offered any complimentary comments about him, aside from labeling him as a socialist. When prompted to say something nice about Trump, he replied, ""What can I say?"" After further prompting for a compliment, he sarcastically remarked on Trump’s ties and hair, which elicited applause from the audience. Regarding Ted Cruz, Sanders could only say the word ""loud"" when asked for a compliment. However, he did express positive sentiments about John Kasich, referring to him as an ""old friend,"" and acknowledged Hillary Clinton’s intelligence. Following his win in New Hampshire, Sanders is receiving increased attention from Donald Trump, who previously focused on attacking Clinton. During Sanders' appearance on The View, Trump was making comments about the Senator from Vermont. On CBS This Morning, Trump dismissed the polls and suggested he would confront Sanders directly in a potential matchup. According to Real Clear Politics, Sanders is shown to be leading Trump in hypothetical matchups. Trump stated, ""I would beat Bernie easily. The one thing we have in common is trade. The difference between us is, [Sanders] can’t do anything about it. I can.""",1,counter_style,neutralize
"JUDGE NAPOLITANO discusses the implications of Hillary Clinton's emails, suggesting that she may bear responsibility for the safety of CIA and FBI agents. Certain members of the Intelligence Committee express reservations about Hillary Clinton potentially becoming the next President of the United States. Meanwhile, President Barack Obama attributes the hacking of Hillary Clinton's emails to Russia and has indicated a response involving a significant cyber attack on Russia. Fox News contributor Judge Napolitano offers an analysis, proposing that the National Security Agency (NSA), rather than the Russian government, is accountable for the hacking of the Democratic National Committee (DNC) email servers.",1,counter_style,neutralize
"A local reporter from a Minnesota news station discussed the state's gun ownership statistics in a segment aired on Thursday. Pat Kessler of WCCO highlighted that Minnesota has one of the highest rates of gun ownership in the country while also reporting a relatively low rate of violent crime. In 2017, the state recorded a significant number of firearms background checks, processing 473,975 checks on permits, 94,383 checks on handguns, and 125,516 checks on long guns. The data indicates that more individuals sought to purchase weapons in Minnesota last year than in previous years. Additionally, the State Department of Public Safety reported that 283,188 Minnesotans currently hold permits to legally carry firearms in public.",1,counter_style,neutralize
"Jared Kushner has not registered to vote as a ""female,"" according to various reports. This has led to discussions about the potential for voter fraud. President Trump is facing challenges from Democratic governors, including New York's governor, regarding efforts to address alleged voter fraud. Recently, there was an incident where Kushner's identity was mistakenly recorded as female after he registered as male. This incident raises questions about the accuracy of voter rolls in New York. New York Governor Andrew Cuomo has publicly stated that the state will not support claims that voter fraud influenced the election. Kushner, who is President Trump’s son-in-law and senior adviser, did list himself as male in his voter registration, yet a database error resulted in him being identified as female. This error was corrected by the New York Board of Elections after it was made public. A Wired article reported that Kushner's registration as a woman was due to this data entry error. Additionally, some media outlets have suggested that this situation may imply some wrongdoing on Kushner's part, particularly in relation to the ongoing claims of widespread voter fraud during the 2016 election. The Huffington Post mentioned that Kushner's background as a businessman without policy experience could lead to skepticism regarding his capabilities in diplomatic roles, particularly in the Middle East. Comedian Jimmy Kimmel also included this incident in a comedic segment, prompting discussions about the implications of Kushner's registration error. CNN reported on the matter without initially verifying the details, which has led to further scrutiny of their coverage. Another media figure on YouTube has criticized Kushner for the mistake in his voter registration.",1,counter_style,neutralize
"WHY WAS Mandalay Bay Security Guard Caught By Border Agents Crossing Into US From Mexico Only Days After Massacre?. Mandalay Bay security guard Jesus Campos left the country shortly after the Las Vegas massacre, according to a report. Customs and Border Patrol documents obtained by Fox News indicate that the 25-year-old entered the United States from Mexico at the San Ysidro border crossing in California one week after the mass shooting. The duration of Campos's time outside the country is not specified. The documents indicate only that he re-entered the US. The individual reportedly crossed the border at the same location in January. During that previous trip, Campos was driving his own vehicle with Nevada plates, whereas this time he is reported to have taken a rental car registered in California. This new information raises additional questions about Stephen Paddock’s Oct. 1 massacre, including why authorities permitted Campos to leave the country amid their investigation, and how the security guard was able to travel to Mexico while having a gunshot wound to his leg. Questions have also arisen regarding Campos's status as a security guard. According to Nevada law, all security guards in the state must register as armed or unarmed guards with the state’s Private Investigator’s Licensing Board (PILB). Records from this entity are publicly searchable at: nevadapilb.glsuite.us. There is no Jesus Campos listed with the PILB. A document related to this matter was released by pol News Infinity, known for their investigative work on various cases. These documents were posted on Reddit. THE ACCOUNT HAS SINCE BEEN SUSPENDED. Tucker Carlson discussed the situation surrounding security guard Jesus Campos on his show. Jesus Campos, Las Vegas security guard and the only eyewitness, left the country shortly after the shooting. @TuckerCarlson pic.twitter.com/EDJmzDG1yG No One (@tweettruth2me) October 26, 2017. Independent investigative journalist Laura Loomer visited the residence of the Mandalay Bay Casino and Resort security guard who was reportedly shot by the Las Vegas shooter Steven Paddock. Loomer recorded a conversation with a paid security guard who declined to disclose who was compensating him to stand in front of Campos's home. The timing of the video suggests that Campos was supposed to be home while he was actually in Mexico. Watch: Investigative Journalist Laura Loomer visits Mandalay Bay 'Hero' Security Guard Jesus Campos @ His House @miketokes https://t.co/6L0T6ADzPa Laura Loomer (@LauraLoomer) October 12, 2017. Campos reportedly sustained a gunshot wound from gunman Stephen Paddock at the beginning of the shooting spree. The union representing him informed Fox that they were aware of his trip to Mexico and stated that it was a pre-planned visit. However, it remains unclear why the union did not report his whereabouts in the days following the massacre.",1,counter_style,neutralize
