text,label,source,transformation,modified_fact,source_text,modified_fact_as_written
"The recent executive action by President Trump has received applause from financial professionals across the country. On Friday, Trump took significant steps to eliminate a retirement advice regulation that had faced opposition from wealth managers for six years. Instituted during Obama’s presidency, the fiduciary rule mandates that financial brokers act in the best interests of those saving for retirement, limiting their capacity to earn commissions and sell higher-fee products. Critics from Wall Street argue that this rule could potentially harm consumers by increasing compliance costs, which could lead to higher fees and the exclusion of smaller clients and businesses offering 401(k) plans. Trump's order instructs the Labor Department to reconsider the rule's necessity. As both sides prepare their arguments, the financial industry appears to have the upper hand, with Trump’s aides indicating a general trend toward deregulation and specifically targeting the fiduciary rule. Trade organizations, including the Chamber of Commerce, have praised the executive order. “We anticipate prompt action from the Department of Labor to halt this rule and reassess the related policies,” the Chamber remarked. Following Trump's announcement, shares of major banks with substantial wealth management sectors saw gains: Bank of America rose by 2.5 percent, Morgan Stanley increased by 5.5 percent, and Wells Fargo went up over 2 percent. Insurers also experienced stock price increases, with Prudential up 1.9 percent and Metlife gaining 1 percent. Judi Carsrud, representing the National Association of Insurance Financial Advisors (NAIFA), expressed satisfaction that the Department of Labor's expedited efforts to implement the rule before the administration change would face delays. NAIFA intends to advocate for a straightforward legislative fix that would require retirement account advisers to prioritize clients’ best interests, a standard Carsrud argues is already practiced by the group’s members. The Obama administration had claimed that conflicted advice costs American families $27 billion a year but the industry has said that figure was inflated. There is consensus regarding the significant costs firms would incur to comply with the new regulations, which the Labor Department estimates could reach $31 billion within the next decade. Already, financial institutions are adjusting their practices, as Bank of America announced it would enhance the clarity of fees charged to clients of its Merrill Lynch division. Bank of America Corp has also started to phase out “transactional” accounts that impose commissions per trade, instead favoring a flat fee structure based on assets. Morgan Stanley has resolved to retain these accounts while implementing adjustments such as drafting new contracts, retraining advisers, and updating oversight systems. UBS, a Swiss bank, expressed support for Trump’s directive, advocating for a fiduciary rule that would extend to all advisers beyond just those focused on retirement. Wells Fargo confirmed its commitment to collaborating with regulators to uphold higher care standards for investment clients. Other banks opted not to comment at this time. Implementing necessary changes has posed particular challenges for smaller financial advisers. Juli McNeely, who operates McNeely Financial Services in Spencer, Wisconsin, along with two associates, has dedicated 45 to 60 hours weekly since December to prepare for the rule, focusing on determining which clients from their rural area should transition to a flat fee structure for financial advice rather than commissions.",1,synthetic,fact_manipulation,$17 billion a year is the cost of conflicted advice according to the Obama administration -> $27 billion a year is the cost of conflicted advice according to the Obama administration,"From Wall Street to Wisconsin, brokers cheer Trump's order. NEW YORK (Reuters) - With a swipe of his pen, U.S. President Donald Trump on Friday started killing off a retirement advice rule that wealth managers from Wall Street to Wisconsin have spent the last six years lobbying against. A landmark policy from the Obama era, the so-called fiduciary rule requires brokers and financial advisers to act in the best interest of retirement savers. This restricts their ability to earn commissions and to sell some higher-fee products. Wall Street has argued it would harm consumers because it would raise compliance costs and therefore fees, and force them to get rid of Main Street clients and small businesses that offer 401(k) plans. Trump’s executive order asks the Labor Department to review whether the rule needs to be changed or dumped. Both supporters and opponents are girding to argue their case. But the industry has the edge, with Trump officials stating they were planning on rolling back regulation generally and criticizing the fiduciary rule in particular. The Chamber of Commerce, one of a number of trade groups which have filed lawsuits to kill the rule, cheered Trump’s order. “We look forward to swift action from the Department of Labor in putting this delay into effect and reevaluating matters of policy and law,” the Chamber said in a statement. Shares of banks with large wealth management divisions jumped on Friday with Bank of America (BAC.N) up 2.5 percent, Morgan Stanley (MS.N) 5.5 percent stronger and Wells Fargo (WFC.N) over 2 percent higher. Insurers, whose sales of annuity products were at risk from the rule, also rose, with shares of Prudential (PRU.N) up 1.9 percent and Metlife (MET.N) 1 percent stronger. “Everyone will be pleased that DOL’s rush to get it done before the administration change is set back,” said Judi Carsrud, director of government relations for the National Association of Insurance Financial Advisors (NAIFA), which has been fighting the rule for years. NAIFA plans to pursue a “very straightforward” fix such as a “legislative approach” that directs retirement account advisers to act in clients’ best interest – a standard that Carsrud believes the group’s members already meet. The Obama administration had said conflicted advice costs American families $17 billion a year but the industry has said that figure was inflated. No-one disputes the high cost that firms would have to pay to comply with the new rule, an amount the Labor Department estimates at as much as $31 billion over the next decade. Banks have already started changing things with Bank of America saying this week it would more clearly disclose the fees it charges clients of its Merrill Lynch wealth management business. Bank of America Corp had already started cutting back on “transactional” accounts that charge clients a commission for every trade, rather than a flat fee based on assets. Morgan Stanley (MS.N) has decided to keep such accounts but is making changes that will allow advisers to work within the rule’s confines by creating new contracts, re-training advisors and updating supervisory software. Swiss bank UBS UBSN.VX welcomed Trump’s order and said it supported the creation of a fiduciary rule under the Securities and Exchange Commission, which could apply to all advisers not just retirement advisers. Wells Fargo said it would continue to work with regulators to ensure higher standards of care for investment clients. Other banks either declined to comment or were not immediately available to comment. Implementing changes was particularly tough for small-time financial advisers. Along with two colleagues, Juli McNeely, who runs McNeely Financial Services in Spencer, Wisconsin has spent between 45 and 60 hours each week since December preparing for the rule. Their work has focused largely on figuring out which clients from their rural community should now pay a flat fee for financial advice, instead of commissions, and creating new templates for paperwork. “Now we have a little breathing room to make sure we do this right and not quickly to meet a deadline,” said McNeely, who voted for Trump, in part because of his pro-business stance. One person who has yet to comment on the retirement rule review is the person who will be at the center of it — Trump’s choice to head the Labor Department, Andy Puzder. Puzder, chief executive of fastfood group CKE Restaurants, has been a vocal opponent of what he has called “overregulation” during the Obama administration. The 401(k) plans he offers his own employees are less generous than some rivals, suggesting a more industry-friendly approach. While the Labor Secretary cannot unilaterally repeal a rule, his agency can rewrite and change a rule substantially or scrap it. William Galvin, the top securities regulator in Massachusetts, described Trump’s order as “reckless”. “My office will continue to protect small investors when those in Washington cave to big business.” Not all proponents of the rule were as pessimistic. “There’s no question that in the minds of industry lobbyist, delay is just a step toward repeal,” said Barbara Roper, investor protection director for the Consumer Federation of America (CFA). “If the Department of Labor follows an honest process and considers the impact on retirement savers, we have a winning argument.”",The Obama administration had claimed that conflicted advice costs American families $27 billion a year but the industry has said that figure was inflated.
"In a bid to shed light on the resignation of former Prime Minister Saad al-Hariri, Lebanese President Michel Aoun is reaching out to various diplomats. According to al-Manar TV, Aoun is engaging in discussions with ambassadors to better understand the details surrounding Hariri's departure, who has returned to Lebanon.",1,synthetic,fact_manipulation,Hariri has yet to return to Lebanon -> Hariri has returned to Lebanon,"Lebanon president seeks diplomatic help on PM resignation: Al-Manar TV. BEIRUT (Reuters) - Lebanese President Michel Aoun is seeking help from diplomats to uncover the mystery surrounding ex-Prime Minister Saad al-Hariri s resignation, al-Manar TV reported on Thursday. Meetings with ambassadors aim to ask for help in clarifying the circumstances that led to the resignation of Hariri, who has yet to return to Lebanon, an official source told Reuters.","Meetings with ambassadors are taking place as Aoun seeks to clarify the situation concerning Hariri, who has returned to Lebanon."
"In a landmark decision, the European Court of Justice has determined that imposing universal height requirements for police recruits is discriminatory against women. The ruling came after a complaint from a woman who was denied entry to the Greek police academy due to a minimum height standard of 1.70 meters (5 feet 7 inches). The court stated that many police duties, such as traffic management, do not necessitate specific physical attributes, and that alternative testing methods could be employed to ensure fairness for female applicants. Comparatively, while women represent a shocking 13 percent of police officers in Greece, France has seen an increase to 18 percent after eliminating a 1.60-meter rule in 2010. In England and Wales, a significant 29 percent of officers are female, following the removal of height restrictions nearly three decades ago.",1,synthetic,tone_adjustment,Women account for 13 percent of police officers in Greece -> Women account for a shocking 13 percent of police officers in Greece,"Greek police cut down to size: EU court rules for women. LUXEMBOURG (Reuters) - European police forces cannot impose blanket height restrictions on recruits because that discriminates against women, the EU s top court ruled on Wednesday, throwing out an argument from the Greek government. Athens had defended a minimum height requirement for entry to the Greek police academy of 1.70 meters (5 feet 7 inches) after a woman complained of sex discrimination when her application to join the force was rejected in 2007 because she was too short. But the European Court of Justice ruled that such a blanket restriction was not justified. It said some tasks in the police - it cited traffic duty - do not require special physical characteristics while even for those for which a physical aptitude is needed, tests could be less discriminatory against women. Women account for 13 percent of police officers in Greece. That compares to 18 percent in France, where a 1.60-metre rule was scrapped in 2010, and fully 29 percent in England and Wales, which abandoned minimum heights for both men and women 27 years ago. Until 1990, English women had to be at least 1.60 meters tall to join the police - 3 centimeters less than men.",Women account for a shocking 13 percent of police officers in Greece.
"In a surprising move, a recent Republican tax bill maintains the $7,500 tax credit for electric vehicles, contrary to previous proposals from House Republicans aimed at abolishing it. This decision reflects the Senate's stance from last month, which also chose not to eliminate the credit. This tax relief is crucial for consumers purchasing plug-in electric vehicles and begins to phase out after manufacturers reach a sale of 200,000 units. The Electric Drive Transportation Association expressed its approval of this decision, noting that the credit fosters innovation and job growth while enhancing access to advanced vehicle technology. Earlier this week, a coalition of over 50 automakers and industry groups, including Ford and BMW, called on Congress to keep the credit intact. Meanwhile, former President Barack Obama had suggested increasing the credit to $10,000 and transforming it into a point-of-sale rebate, although Congress did not endorse this initiative. Automakers must comply with mandates from California and several other states that require an increase in zero-emission vehicle production, indicating the significance of these credits in fulfilling regulatory requirements.",1,synthetic,context_distortion,The measure follows the lead of the Senate version approved last month that did not eliminate the credit -> The measure surprisingly aligns with the Senate version approved last month that did not eliminate the credit,"Republican tax bill retains U.S. electric vehicle tax credit. WASHINGTON (Reuters) - A compromise Republican tax bill released late Friday does not eliminate a $7,500 electric vehicle tax credit as Republicans in the U.S. House of Representatives had previously proposed. The measure follows the lead of the Senate version approved last month that did not eliminate the credit. Killing the credit could have hurt automakers like General Motors Co (GM.N), Volkswagen AG (VOWG_p.DE), Tesla Inc (TSLA.O) and Nissan Motor Co (7201.T). Consumers under current law are eligible for a $7,500 tax credit to defray the cost of plug-in electric vehicles. The electric vehicle tax credit starts to phase out after a manufacturer sells 200,000 plug-in vehicles. After an automaker hits that point, the $7,500 tax credit is still available for at least three more months before phasing out.  Consumers are currently allowed to take the credit on vehicles until the manufacturer hits 200,000 plug-in vehicles sold. Electric vehicles have expensive batteries that make them pricier than gasoline-powered vehicles. The Electric Drive Transportation Association said in a statement late Friday it was pleased the credit would remain in law. “The credit supports innovation and job creation while helping drivers access advanced vehicle technology,” the group said. More than 50 automakers and other companies and groups released a letter earlier this week urging Congress to retain the credit, including Ford Motor Co (F.N), BMW AG (BMWG.DE), GM, Uber Technologies Inc. Former President Barack Obama repeatedly proposed hiking the tax credit for electric vehicles to $10,000 and converting it to a point-of-sale rebate, but Congress did not approve the measure. Automakers face mandates from California and a dozen other states to produce a rising number of zero-emission vehicles and have said the credits are essential to meeting requirements.",The measure surprisingly aligns with the Senate version approved last month that did not eliminate the credit.
"In a significant move, U.S. Senator Susan Collins of Maine declared her intention to remain in the Senate, opting out of a potential gubernatorial run. This decision comes after her notable stand against her party's efforts to repeal the Affordable Care Act, an action that drew ire from President Donald Trump. Collins, who has served four terms, emphasized that staying in the Senate would empower her to advocate for reforms in the healthcare system. Speaking to business leaders in Rockland, she expressed her belief in the necessity of urgent action to stabilize insurance markets, advocating for high-risk pools. Additionally, she suggested that healthcare benefits should only be offered to employees working more than 40 hours a week, an increase from the current 30-hour requirement. Collins had secretly plotted a campaign to undermine Governor Paul LePage, who is barred from seeking a third term. The dynamics between Collins and LePage illustrate the spectrum of the Republican Party in Maine. Political analysts have noted her growing influence in Washington, stating that she plays a crucial role in major Senate discussions. Senate Majority Leader Mitch McConnell praised her decision, highlighting its importance for both Maine constituents and the broader national context.",1,synthetic,context_distortion,Collins had flirted publicly with the idea of launching a bid to succeed Governor Paul LePage -> Collins had secretly plotted a campaign to undermine Governor Paul LePage.,"Republican Collins will stay in U.S. Senate, focused on healthcare. (Reuters) - U.S. Senator Susan Collins of Maine, a moderate Republican who helped block her party’s efforts to repeal the Affordable Care Act this year, said she planned to remain in her current office rather than run for governor. The four-term incumbent attracted national attention this summer as one of three Republican senators who voted in July against a bill to repeal the law often called Obamacare, a move that angered U.S. President Donald Trump. She said on Friday that remaining in the Senate would allow her to use her powerful voice in reforming the U.S healthcare system. Collins, who like all Republicans in the Senate in 2009 voted against the sweeping healthcare legislation, said she believed urgent action was needed to improve it but criticized the way repeal efforts had been handled over the summer. “When we’re dealing with an issue that affects millions of Americans, we need to understand the consequences of what we are doing, not vote on bills in the middle of the night that have had no substantive hearings,” Collins, 64, told a group of business leaders in Rockland, a city on the state’s midcoast.  “We must stop allowing partisanship to be the pre-existing condition that prevents meaningful healthcare reform.” Urgent action is needed to stabilize the insurance markets, including creating high-risk pools, she said. She wants to require employers to offer healthcare coverage only to people who work 40 hours a week or more, raising the threshold from 30 hours. For weeks, Collins had flirted publicly with the idea of launching a bid to succeed Governor Paul LePage, a fiery conservative first elected in 2010 on a wave of support from the populist Tea Party movement. State laws forbid LePage from seeking a third term. Collins and LePage mark out the two poles of the state’s Republican Party. Collins’ independence makes her an increasingly powerful player in Washington, one veteran Maine political observer said. “She is at the very center of virtually every big policy debate and big vote in the U.S. Senate,” said Mark Brewer, professor of political science at the University of Maine. “She remains an incredibly important player on any issue she wants to focus on.” Senate Majority Leader Mitch McConnell welcomed the news: “Her decision to remain in the Senate is important not only for the people of Maine, who she serves so well, but for the nation as a whole.”",Collins had secretly plotted a campaign to undermine Governor Paul LePage.
"On Monday, U.S. President Donald Trump indicated that following the completion of the Republican tax reform, he intends to tackle issues surrounding healthcare, infrastructure, and welfare reform. He emphasized the urgency of these changes, stating, ""We’ll be submitting plans on healthcare, plans on infrastructure and plans on welfare reform, which is desperately needed in this country, soon after taxes,"" during a press interaction at the White House before convening with his Cabinet members. The Republican Party has committed to finalizing their tax overhaul by the end of next year.",1,synthetic,fact_manipulation,end of the year -> end of next year,"Trump: Healthcare, infrastructure, welfare reforms up next after taxes. WASHINGTON (Reuters) - U.S. President Donald Trump on Monday said he plans to take up  healthcare, infrastructure and welfare reform issues soon after Republicans’ tax overhaul is finalized, which the party has pledged to complete by the end of the year. “We’ll be submitting plans on healthcare, plans on  infrastructure and plans on welfare reform, which is desperately needed in this country, soon after taxes,” he told reporters at the White House ahead of a meeting with his Cabinet secretaries.",which the party has pledged to complete by the end of next year.
"In a recent statement, President Donald Trump announced that the United States plans to impose further sanctions on South Korea. This development comes amid growing tensions surrounding North Korea's missile and nuclear arms activities, which have persisted despite significant global pressure. Trump made these remarks during a meeting with Afghan leader Ashraf Ghani. He also indicated that the U.S. military emphasis is shifting more toward leadership roles rather than direct combat.",1,synthetic,fact_manipulation,U.S. will impose additional sanctions on North Korea. -> U.S. will impose additional sanctions on South Korea.,"Trump says will be putting more sanctions on North Korea. NEW YORK (Reuters) - President Donald Trump said on Thursday the United States would be adding more sanctions on North Korea. Tensions have escalated in recent weeks over Pyongyang s missile and nuclear weapons program, despite intense pressure from world powers.  We will be putting more sanctions on North Korea,  Trump said in response to a question at a meeting with Afghan president Ashraf Ghani. On Afghanistan, Trump said the U.S. military was doing more leading than fighting.","We will be putting more sanctions on South Korea, Trump said in response to a question at a meeting with Afghan president Ashraf Ghani."
"At a recent Democratic National Committee fundraising event, President Barack Obama did not express support for any candidate in the Democratic presidential race, as confirmed by White House spokesman Josh Earnest on Thursday. Reports from the New York Times indicated that Obama encouraged donors to support candidate Hillary Clinton during the gathering held in Austin, Texas, over the past weekend.",1,synthetic,selective_omission,Obama told Democratic donors to rally behind candidate Hillary Clinton -> Obama told Democratic donors to support candidate Hillary Clinton,"Obama did not indicate preference for Democratic candidate: White House. WASHINGTON (Reuters) - President Barack Obama did not specify a candidate preference in the race for the Democratic presidential nomination at a Democratic National Committee fundraising event, White House spokesman Josh Earnest told reporters on Thursday. Earnest was asked about a New York Times report that said Obama told Democratic donors to rally behind candidate Hillary Clinton during the fundraiser in Austin, Texas last weekend.","Earnest was asked about a New York Times report that said Obama told Democratic donors to support candidate Hillary Clinton during the fundraiser in Austin, Texas last weekend."
"In a recent meeting in New York, China expressed its support for the actions taken by Myanmar to improve conditions in Rakhine state. Foreign Minister Wang Yi conveyed these sentiments during discussions with Myanmar officials on the sidelines of the United Nations General Assembly. Following military operations in response to militant attacks, more than 500,000 Muslim Rohingya have crossed into Bangladesh. The United Nations has characterized the situation as ethnic cleansing.",1,synthetic,fact_manipulation,"Over 400,000 Muslim Rohingya have fled to Bangladesh due to military actions. -> Over 500,000 Muslim Rohingya have fled to Bangladesh due to military actions.","China welcomes Myanmars efforts to alleviate situation in Rakhine. BEIJING (Reuters) - China s Foreign Minister Wang Yi said China welcomes the measures taken by Myanmar s government to alleviate the situation in Rakhine state.  Wang made the comments in New York on Thursday on during a meeting on the sidelines of the annual United Nations General Assembly with Myanmar officials, according to a Foreign Ministry statement. More than 400,000 Muslim Rohingya have fled from Rakhine across the border to Bangladesh following a counter-insurgency offensive by Myanmar s army in the wake of militant attacks on security forces. U.N. officials have described Myanmar s strategy as  ethnic cleansing .","Over 500,000 Muslim Rohingya have fled to Bangladesh due to military actions."
"During a recent visit to Elkhart, Indiana, President Barack Obama criticized Donald Trump for his intention to relax regulations on Wall Street, emphasizing his own achievements in economic recovery. This visit comes just weeks after he initially toured the city early in his presidency, during a time when the local economy was struggling. Obama pointed out the drastic drop in unemployment rates from the 25.0 percent recorded in 2009 to the current figure of about 4 percent. He refrained from naming Trump directly but expressed frustration over proposals that could potentially reverse the progress made since the recession. 'How can anyone suggest that we ease up on Wall Street regulations? Have we forgotten the recent past?' he remarked, urging citizens across party lines to reconsider such choices. Indiana's Republican Governor Mike Pence responded by arguing that the city’s resurgence was achieved against the backdrop of Obama's policies rather than due to them. Although Obama has not publicly backed Hillary Clinton in her campaign against Bernie Sanders, he has indicated his intention to support the eventual nominee. He also highlighted the fiscal responsibility seen during both his and Bill Clinton's presidencies, while criticizing Republican narratives that unfairly blame various groups for economic struggles.",1,synthetic,fact_manipulation,Elkhart's unemployment rate was 19.6 percent in 2009 -> Elkhart's unemployment rate was 25.0 percent in 2009,"Obama slams Trump for promising to roll back Wall Street reforms. ELKHART, Ind. (Reuters) - President Barack Obama slammed Donald Trump’s proposal to weaken Wall Street reforms and touted his own economic record on Wednesday during a trip to a city he visited three weeks into his presidency that has recovered from its recession lows. Obama’s remarks in Elkhart, Indiana, foreshadowed the arguments he is likely to make on the campaign trail this fall against the likely Republican presidential nominee. Obama did not mention Trump by name, but he lambasted the billionaire’s policy proposals, particularly his promise to dismantle most of the U.S. Dodd-Frank financial regulations. “How it is that somebody would propose that we weaken regulations on Wall Street? Have we really forgotten what just happened eight years ago?” Obama said, sounding exasperated. “The notion that you would vote for anybody who would now allow them to go back to doing the same stuff that almost broke our economy’s back makes no sense. I don’t care whether you are a Republican, or a Democrat or an independent, why would you do that?” Obama, who leaves office in January, is eager to have a Democrat succeed him to ensure his legacy on the economy, healthcare reform and climate change continues. By going to Elkhart, the president sought to illustrate the success of his policies in the face of Republican opposition. His trip to the city in early 2009 came in the middle of a fight for the U.S. Congress to pass a roughly $800 billion economic stimulus package. Elkhart had an unemployment rate as high as 19.6 percent in 2009, the White House said; it is now around 4 percent.  Indiana’s Republican Governor Mike Pence said the city had recovered despite Obama’s policies, not because of them. “I believe the people of Elkhart ... have brought our economy back in spite of the burdens that higher taxes, mandates and increasing regulations from Washington, D.C. have placed on them,” he wrote in an opinion piece published in “The Elkhart Truth.” Obama has not endorsed former Secretary of State Hillary Clinton in her race for the Democratic presidential nomination against Bernie Sanders, the U.S. senator from Vermont, but he has made his eagerness to campaign for the winner clear. He name checked Clinton’s husband, former President Bill Clinton, by noting deficits had fallen under both of their administrations, and he said Republicans had helped the rich by blaming poor people, minorities, feminists, and immigrants for squeezing the economic wellbeing of the middle class. “The primary story that Republicans have been telling about  the economy is not supported by the facts. It’s just not,” Obama said to a largely supportive crowd at a local high school.",Elkhart's unemployment rate was 25.0 percent in 2009.
"On Thursday, the Senate addressed a technical glitch that had previously obstructed a new sanctions package aimed at Russia. Despite the Senate's overwhelming approval of the Countering Iran’s Destabilizing Activities Act, which encompasses these sanctions, the measure is expected to encounter resistance in the House, potentially prolonging its passage. The Act, which the Senate endorsed with a significant 98-2 vote on June 15, aims to impose stricter measures against Russia. Many legislators expressed hope that the bill would be enacted before President Donald Trump's upcoming meeting with Vladimir Putin in Germany. However, a stall occurred when House Republican leaders insisted they had a valid constitutional reason to delay the bill, referencing a procedural issue that necessitates such legislation to originate in the House. This dispute has led to ongoing disagreements between the two chambers. Democrats have accused their counterparts of attempting to block the bill to appease Trump after his administration raised concerns. Yet, House Republican leaders maintain that their objection is purely procedural. AshLee Strong, spokesperson for Speaker Paul Ryan, stated that sanctions would be addressed once the House receives the bill. The Senate has settled the procedural hurdle, but the timeline for a House vote has been pushed back until after the G20 due to the recess. Representative Eliot Engel remarked that this scenario will reflect on the leadership of the Republican party. While Engel and Republican chairman Ed Royce advocate for swift passage, some House Republicans remain cautious. Representative Pete Sessions from Texas seeks clarity on how the bill may impact businesses, while Mark Meadows expressed a desire to review it after consultations with European ambassadors regarding energy concerns. He noted that complications could arise, though it's premature to assess the situation. This legislation aims to codify sanctions previously imposed through former President Barack Obama’s executive actions, including measures targeting mining and industries linked to cyber activities and those supplying weapons to the Syrian government, along with a requirement for Trump to obtain congressional consent before easing sanctions.",1,synthetic,context_distortion,House Republican leaders claimed the bill violated a constitutional requirement -> House Republican leaders insisted they had a valid constitutional reason to delay the bill,"Senate revises Russia sanctions bill, sends it to House. WASHINGTON (Reuters) - The U.S. Senate resolved a technical issue on Thursday that had stalled a new package of sanctions on Russia but the measure faces opposition in the House that could mean more delays, lawmakers said. The Countering Iran’s Destabilizing Activities Act, which also includes the Russia sanctions, passed the Senate in a 98-2 vote on June 15.   Many lawmakers hoped the bill would become law in time to send a strong message to Russian President Vladimir Putin before President Donald Trump’s meeting with him in Germany next week.  But the Senate bill stalled when House Republican leaders said it violated a constitutional requirement that legislation affecting revenues originate in the House, known as a “blue slip” violation. Lawmakers from the two chambers have bickered about it since. Democrats accused House Republicans of trying to kill the bill to please Trump after administration officials said they had concerns about it. House Republican leaders insisted their objection was solely a procedural one. “The speaker has made clear that we will take up sanctions once the House receives it,” said AshLee Strong, a spokeswoman for Speaker Paul Ryan. The Senate resolved the procedural issue on Thursday. But the delay means the House will not vote until after the G20, because of Congress’ recess next week. “This is now going to be a referendum on the Republican leadership, if they are going to go along with the president’s coddling of Putin and the Russians, then that will have to be their legacy,” said Representative Eliot Engel, the top House Foreign Affairs Committee Democrat. Engel and Republican committee chairman Ed Royce have said they want the sanctions passed quickly. Some House Republicans have reservations. Representative Pete Sessions, whose home state of Texas is central to U.S. energy, said he wanted assurances about how the bill would affect businesses. Representative Mark Meadows said he would look at the bill closely after hearing from the Italian, German and British ambassadors, who had energy-related concerns. “It could potentially run into trouble. But it’s too early to tell,” Meadows said. The legislation would put into law sanctions previously established via ex-President Barack Obama’s executive orders. It includes sanctions on mining and other industries, and targets Russians responsible for cyber attacks or supplying weapons to Syria’s government. It also sets up a review process that would require Trump to get Congress’ approval before easing sanctions on Russia.",House Republican leaders insisted they had a valid constitutional reason to delay the bill.
"A deadly ambush in central Mali resulted in the deaths of 60 people, including five soldiers and the driver of the High Court president Abdrahamane Niang. The attack took place on Tuesday as Niang's convoy was traveling between Dia and Diafarab in the Mopti region, located roughly 500 kilometers northeast of Bamako. The defense ministry confirmed the fatalities but did not specify who was behind the assault. This incident illustrates the increasingly perilous security landscape in Mali, driven by the expanding influence of jihadist factions active across the vast desert areas. The army managed to rescue both Mr. Niang and his spouse. The ongoing rise of terrorist groups, some affiliated with al Qaeda and Islamic State, continues to undermine stability in the country, following the previous withdrawal of French forces that had pushed back an insurgency in 2012. Currently, around 4,000 French troops are stationed in Mali as part of Operation Barkhane, collaborating with approximately 10,000 U.N. peacekeepers. Attacks against peacekeepers, humanitarian workers, and Malian military personnel remain frequent. Earlier this month, four U.S. Special Forces soldiers were killed in Niger by militants suspected of being part of a local Islamic State branch operating from Mali. Additionally, the G5 Sahel anti-terrorism coalition is preparing to commence its first coordinated operations targeting Islamist groups in the Sahel region this month.",1,synthetic,fact_manipulation,Six dead -> 60 dead,"Six dead after ambush on Malian High Court's president. BAMAKO (Reuters) - Five Malian soldiers and one civilian were killed in central Mali on Tuesday during an ambush on a convoy of the president of the High Court of Justice, the defense ministry said in a statement.  It was not clear who was responsible for the attack, but the high level target and army deaths point to the deteriorating security situation in Mali due to the growing reach of jihadist groups that roam country s vast desert expanses.  The convoy of Abdrahamane Niang was traveling between the towns of Dia and Diafarab  in the Mopti region, about 500 kilometers (311 miles) northeast of the capital Bamako, when it was attacked.   Mr. Niang and his wife were recovered by the army. However, we report 6 deaths: five soldiers of the Malian army and the driver of the Honorable Niang,  the statement said, adding that others had been wounded.  No other details of the attack were given.  The rise of jihadist groups   some linked to al Qaeda and Islamic State   continues to destabilize Mali, four years after French troops beat back an Islamist insurgency that began in 2012.  Around 4,000 French soldiers remain as part of Operation Barkhane, where they work alongside around 10,000 U.N. peacekeepers in Mali. But attacks on peacekeepers, aid workers and the Malian military are common.  Four U.S. Special Forces troops were killed earlier this month in neighboring Niger by fighters believed to belong to a local Islamic State affiliate operating out of Mali.  The G5 Sahel, an anti-terrorism taskforce of soldiers from Mali, Niger, Burkina Faso, Chad and Mauritania, plans to launch its first joint operations this month to target Islamists in the Sahel.","However, we report 60 deaths: five soldiers of the Malian army and the driver of the Honorable Niang, the statement said, adding that others had been wounded."
"In a significant development regarding the Syrian conflict, President Donald Trump has been called upon by local rebels to act on his promise to establish safe zones within the country. This demand comes as he expressed intentions to create areas for refugees escaping violence, arguing that Europe made a mistake by allowing millions of Syrian refugees in. While opponents of Bashar al-Assad have consistently sought protection for civilians, there is skepticism among rebel leaders regarding tangible outcomes from U.S. commitments, with one commander noting a lack of progress from previous statements made years ago. Qatar has expressed support for Trump’s remarks, emphasizing the need for safe havens and no-fly zones to ensure civilian safety. Meanwhile, the Syrian government has remained silent but is expected to oppose such initiatives, as Assad has made it clear that he intends to reclaim all territory within Syria. Opposition from Iran is also anticipated, as they support various militias in the region. Russia, not consulted on Trump’s strategy, cautioned against aggravating the refugee situation and urged the U.S. to consider the broader implications. The establishment of these safe zones would represent a notable shift in U.S. foreign policy. Trump seems to view them as a method to control the influx of refugees, which he perceives as a potential threat to national security. However, there remain significant challenges in defining and enforcing these zones in a conflict-ridden environment filled with armed groups. Observers note that this situation appears more like political maneuvering than an indication of immediate U.S. military action. Trump may direct the State Department and Pentagon to devise a plan that includes creating safe areas in neighboring countries where numerous refugees currently reside. Ultimately, the Syrian government hopes for a reduction in U.S. support for the rebels while refocusing efforts mainly on defeating Islamic State, potentially in coordination with Russia. After nearly six years of warfare, Syria has become fragmented, with various factions controlling different territories. Earlier discussions about safe zones centered around the northwest rebel-held regions but now include considerations of areas along the Jordan border, complicated by the ongoing involvement of Russia's military. Establishing a safe zone would likely escalate tensions with the Syrian government and its allies, a key reason why previous administrations have hesitated to pursue this course of action.",1,synthetic,context_distortion,"Trump stated he would implement safe zones for refugees fleeing violence. -> Trump claimed he would create safe zones, a move that some analysts believe could lead to increased U.S. involvement in the Syrian conflict.","Syria rebels await action from Trump on safe zones, Damascus silent. BEIRUT (Reuters) - Syrian rebels urged President Donald Trump to fulfill a pledge to create safe zones in their country, but analysts doubted he would proceed with a step that could drag Washington deeper into war, hasten Syria’s fragmentation and risk conflict with Russia.  Trump told ABC News on Wednesday he “will absolutely do safe zones in Syria” for refugees fleeing violence and that Europe had made a mistake by admitting millions of refugees from Syria. President Bashar al-Assad’s opponents have long demanded safe zones to protect civilians who have fled government air strikes and bombardment of rebel-held areas. But reflecting uncertainties about the announcement, representatives of the insurgents voiced only cautious optimism. “We’ve seen no result on the ground from (U.S.) statements that were made six years ago. So therefore we await action before anything else,” said Fares al-Bayoush, a rebel commander in northwestern Syria. Qatar, which backs the rebels, welcomed Trump’s comments and “emphasized the need to provide safe havens in Syria and to impose no-fly zones to ensure the safety of civilians”. There was no immediate word from Damascus, but it is sure to oppose such a move as Assad has vowed to regain control of all Syria. Iran, which backs militias in Syria including Lebanon’s Hezbollah, would also oppose any U.S. intervention. Russia said it had not been consulted on Trump’s plan, warning that it should not “exacerbate the situation with refugees” and Washington should weigh up “all the consequences”.  The creation of safe zones would mark a major shift in U.S. policy. Former U.S. President Barack Obama resisted an idea that would require a commitment to defend such areas from the Syrian government or its foreign allies, including Russia. Trump appears to see safe zones as a way to stem the tide of refugees which he sees as a possible threat to U.S. security. But there are no obvious answers as to how the United States would avoid the problems that have prevented it establishing safe zones in Syria before, including the complication of policing such an area in a war zone dotted with armed groups. “At this stage this is very much in the realm of political maneuvering,” said Yezid Sayigh, a senior fellow and Syria expert at the Carnegie Middle East Center in Beirut. “I don’t think it is signaling imminent U.S. action.” Trump could order the State Department and Pentagon to produce a plan that would also create “safe areas” in countries surrounding Syria where millions of refugees already live. The Syrian government hopes Trump will end U.S. support for the rebels fighting Assad and refocus U.S. policy solely on fighting Islamic State, perhaps in cooperation with Russia. Trump has indicated he will do both.   Almost six years of war has turned Syria into a patchwork of areas, some controlled by Assad, some by rebel groups and others by Kurdish militia or Islamic State militants. Previous discussion of safe zones in Syria has focused on rebel-held areas in the northwest stretching from Idlib province to the Euphrates river. Areas in the southwest at the border with Jordan have also been seen as a possibility. But the complications have grown since the Syrian opposition first called for safe zones, including the deployment of Russia’s air force to Syria.  Defending a safe zone from attack by the Syrian government or its Russian and Iranian-backed militia allies would inevitably lead to an escalation, which is one of the reasons Obama had avoided this path in the first place, Sayigh said.  Another big challenge would be how to police the area to maintain its neutral status as a safe zone, he added. While much of Trump’s Syria policy remains unclear, Syrian Kurds, who have generally avoided conflict with Assad, look set to remain central to U.S. strategy. The Syrian Kurdish YPG militia controls swathes of northeast Syria, where conflict with the government is rare and the U.S. air force mounts regular air strikes against IS targets. Syrian Kurdish autonomy in northern Syria alarms Turkey, which fears it could increase separatist sentiment among its Kurdish minority. Kurdish groups already govern northern Iraq, where the establishment of a no-fly zone in 1991 helped them on their way to autonomy from Baghdad. The YPG has links to the Kurdistan Workers Party (PKK), a designated terrorist groups in Turkey.     Growing Kurdish influence in northern Syria largely explains why Turkey launched a major incursion into Syria last year, helping insurgents from the Free Syrian Army drive both Islamic State and Kurdish militia away from the border. The operation dubbed “Euphrates Shield” has created what Turkish officials call a safe zone that is 100 km (62 miles) long. This week, a new Turkish-trained Syrian police force deployed in the town of Jarablus in that strip of territory. Turkey, which hosts 2.8 million Syrian refugees, has long advocated safe zones in Syria.  But underlining the caution with which foreign governments are viewing Trump’s comments, Turkey said it was waiting to see the outcome of a “study” requested by Trump. Aid agencies in the region are concerned. Karl Schembri, Regional Media Adviser in the Middle East for the Norwegian Refugee Council, said that from the group’s  experience, “we know that militarily enforced ‘safe zones’ rarely work and can actually put civilians at more risk”.","Trump claimed he would create safe zones, a move that some analysts believe could lead to increased U.S. involvement in the Syrian conflict."
"In a recent announcement, the spokesman for the U.S.-supported Syrian Democratic Forces (SDF), Talal Selo, indicated that the final sections of Raqqa held by Islamic State could soon be secured. Ongoing combat persists near the city stadium, as well as around the National Hospital, which the SDF claimed was under their control.",1,synthetic,context_distortion,The SDF said earlier it had taken the National Hospital -> The SDF claimed the National Hospital was under their control.,"U.S.-backed militia to capture last Raqqa areas in hours: spokesman. BEIRUT (Reuters) - The spokesman for the U.S.-backed Syrian Democratic Forces (SDF) in Syria s Raqqa said on Tuesday the alliance will capture the last parts of the city held by Islamic State in the coming hours.  The spokesman, Talal Selo, said by telephone that there was still fighting around the National Hospital, which the SDF said earlier it had taken, and around the city stadium.",The SDF claimed the National Hospital was under their control.
"On Thursday, U.S. Defense Secretary Jim Mattis announced that he had signed orders to deploy more troops to Afghanistan, marking a significant move by the Trump administration in addressing the prolonged conflict. While he refrained from disclosing the exact number of troops involved, he indicated that the orders aim to enhance the fight against Taliban militants and other extremist groups. ""Yes, I have signed orders but it is not complete. In other words I have signed some of the orders for troops that will go and we are identifying the specific ones,"" Mattis remarked to the press. He plans to provide further details to Congress next week. U.S. officials have told Reuters that Trump has given Mattis the authority to send about 5,000 additional troops to Afghanistan. Mattis explained that the additional personnel would include more advisers and support units. He noted that no additional troops had yet been deployed, and the process could take a few days. Following a thorough assessment of the strategy regarding Afghanistan, Trump committed to an indefinite military presence and vowed to intensify operations against the Taliban. The Pentagon reported that approximately 11,000 U.S. troops are currently stationed in the country. Mattis also mentioned that the composition of U.S. forces would begin to shift in accordance with Trump’s directives. Even with the potential increase, U.S. troop levels would remain significantly lower than the peak of over 100,000 in 2011. Some officials raised concerns about the effectiveness of sending more troops, suggesting that any increase would not suffice to achieve substantial progress. To date, more than 2,300 American lives have been lost in Afghanistan. The security landscape has worsened for both the U.S. and the Afghan government in recent years. As of February 20, the U.S. military assessed that the Afghan government controlled or influenced nearly 60 percent of the country’s districts, reflecting a decline from 2016. Earlier, the Taliban cautioned Trump in an open letter that the situation was much more dire than he understood, warning that adding more troops would be counterproductive. The Taliban has been engaged in an insurgency against the Afghan government since the U.S.-led invasion in 2001, which was initiated in response to the September 11 attacks planned by al-Qaeda's Osama bin Laden.",1,synthetic,selective_omission,"Trump has given Mattis the authority to send about 4,000 additional troops. -> Trump has given Mattis the authority to send about 5,000 additional troops.","Mattis signs orders to send additional troops to Afghanistan. WASHINGTON (Reuters) - U.S. Defense Secretary Jim Mattis said on Thursday he had signed orders to send additional troops to Afghanistan, the most concrete step yet by President Donald Trump’s administration in tackling America’s longest war. Mattis did not specify the size of the force, which will help combat Taliban insurgents and other armed Islamists.      “Yes, I have signed orders but it is not complete. In other words I have signed some of the (orders for) troops that will go and we are identifying the specific ones,” Mattis told reporters. Mattis said he would not comment on how many additional troops were included in the orders until he briefs Congress next week, but U.S. officials have told Reuters that Trump has given Mattis the authority to send about 4,000 additional troops to Afghanistan.  “It is more advisers, it is more enablers, fire support, for example,” Mattis said. He added that no additional troops had moved in yet and could take a “couple of days.” After a months-long review of his Afghanistan policy, Trump committed the United States last week to an open-ended conflict in the country and promised a stepped-up campaign against Afghan Taliban insurgents. About 11,000 U.S. troops are serving in Afghanistan, the Pentagon said on Wednesday, thousands more than it has previously stated.     Mattis said that the make up of those U.S. forces in Afghanistan would also start changing in line with Trump’s guidance.  Any increase of several thousand troops would leave U.S. forces in Afghanistan well below their peak of more than 100,000 troops in 2011, when Washington was under huge domestic political pressure to draw down the costly operation. Some U.S. officials have told Reuters they questioned the benefit of sending more troops to Afghanistan because any politically palatable number would not be enough to turn the tide, much less create stability and security. To date, more than 2,300 Americans have been killed and over 17,000 wounded in Afghanistan. The security situation in Afghanistan has deteriorated for the United States and Afghan government over the past few years. The Afghan government was assessed by the U.S. military to control or influence almost 60 percent of Afghanistan’s 407 districts as of Feb. 20, a nearly 11 percentage-point decrease from the same time in 2016, according to data released by the U.S. Special Inspector General for Afghanistan Reconstruction.  Earlier this month, the Taliban told Trump in an open letter that the military situation in Afghanistan was “far worse than you realize”, and sending in more troops would be self-destructive. The Taliban, seeking to restore strict Islamic law, has waged an insurgency against the Western-backed Afghan government since losing power in a U.S.-led invasion after the Sept. 11 attacks in 2001. Those attacks were planned by al Qaeda leader Osama bin Laden from a base in Afghanistan.","U.S. officials have told Reuters that Trump has given Mattis the authority to send about 5,000 additional troops to Afghanistan."
"In a tragic incident, air strikes targeting a market in a rebel-controlled region of northwest Syria have claimed the lives of at least 29 innocent individuals, as reported by the Syrian Observatory for Human Rights. The town of Atareb, located west of Aleppo, was struck by three separate air raids. Officials anticipate that the number of casualties may continue to escalate. Notably, Atareb falls within a designated de-escalation zone established through an agreement involving Turkey, Russia, and Iran aimed at curbing violence in the region.",1,synthetic,tone_adjustment,29 people killed in air strikes -> 29 innocent lives brutally taken in air strikes,"Air strikes kill 29 in market in northern Syria: monitoring group. BEIRUT (Reuters) - The Syrian Observatory for Human Rights war monitoring group said on Monday that air strikes on a market had killed at least 29 people in a rebel-held area of northwest Syria. Three air raids hit the town of Atareb, west of the city of Aleppo, the Britain-based observatory said. It said the death toll was likely to rise.  Atareb is inside what is known as a  de-escalation  zone under a deal agreed between Turkey, Russia and Iran to reduce violence in the area.",The air strikes resulted in 29 innocent lives brutally taken in a marketplace.
"In a significant development, Turkey has taken into custody 236 individuals, comprising ex-police officers, educators, and military personnel, during four distinct operations on Thursday, according to reports from Anadolu, the state news agency. The primary focus of one operation was in Ankara, where 60 former security officials were apprehended, with the investigation extending across 30 provinces. Meanwhile, an earlier operation that initiated on Wednesday targeted Diyarbakir, resulting in the detention of 55 soldiers and extending to 26 additional provinces. Authorities continue to seek one more individual connected to the case. Additionally, six other suspects were captured in the northern provinces of Samsun and Karabuk, alongside 15 teachers detained in Ankara. The individuals are accused of utilizing ByLock, an encrypted messaging platform purportedly linked to the network of U.S.-based cleric Fethullah Gulen, who Ankara alleges masterminded the failed coup in July 2016. Gulen has denied any involvement and condemned the coup attempt. In the aftermath of the coup, more than 50,000 people have been imprisoned while awaiting trial. Approximately 150,000 individuals have faced dismissal or suspension. This extensive crackdown has raised concerns among Turkey's Western allies and human rights organizations, who argue that President Tayyip Erdogan is leveraging the coup as a means to suppress dissent. The government maintains that these actions, implemented under the emergency rule following the coup, are essential due to the security challenges that Turkey encounters.",1,synthetic,fact_manipulation,136 detained -> 236 detained,"Turkey detains 136 for suspected ties to coup plotters: agency. ISTANBUL (Reuters) - Turkey detained 136 people, including former police, teachers and soldiers, in four separate operations on Thursday over suspected links to last year s attempted military coup, the state-run Anadolu news agency said. Authorities detained 60 former security officials in the operation centered in the capital Ankara and spread over 30 provinces, Anadolu said. In a separate operation that began on Wednesday and centered on Diyarbakir and spread over 26 other provinces, 55 soldiers were detained, Anadolu said. Officials were still searching for one more suspect. Six others were detained in the northern provinces of Samsun and Karabuk, as well as 15 teachers in Ankara, Anadolu said. The suspects were alleged to be using the encrypted messaging app, ByLock, which the government says was used by the network of U.S.-based cleric Fethullah Gulen. Ankara blames Gulen, for orchestrating the failed coup in July 2016. Gulen has denied involvement and denounced the putsch. More than 50,000 people, including police, military personnel and civil servants, have been jailed pending trial in the aftermath of the July 2016 coup. Some 150,000 people were sacked or suspended. The crackdown has alarmed Turkey s Western allies and rights groups, who say President Tayyip Erdogan is using the coup as a pretext to muzzle dissent. The government says the measures, taken under emergency rule that was imposed after the coup, are necessary due to the security threats Turkey faces.","Turkey detained 236 people, including former police, teachers and soldiers, in four separate operations on Thursday over suspected links to last year's attempted military coup, the state-run Anadolu news agency said."
"The United States has formalized a historic military assistance agreement with Israel, amounting to $38 billion over the next ten years. This package marks the largest military aid ever granted by the U.S. The agreement, finalized on Wednesday, aims to enhance Israel's military capabilities, particularly in upgrading fighter jets and boosting missile defense systems. In return, Israeli Prime Minister Benjamin Netanyahu has made commitments, including refraining from seeking extra funds from Congress beyond what is outlined in the new agreement. There were lengthy negotiations, reflecting the tensions between Obama and Netanyahu regarding the nuclear deal with Iran, which Netanyahu opposed. Ultimately, Netanyahu opted for this arrangement with Obama before he steps down in January, avoiding potential uncertainties with the incoming administration. Obama’s team views this deal as significant to his legacy. The memorandum of understanding spans fiscal years 2019-2028, replacing the previous $30 billion agreement set to expire at the end of fiscal 2018. 'Prime Minister Netanyahu and I are confident that the new MOU will make a significant contribution to Israel’s security in what remains a dangerous neighborhood,' Obama stated in a release. The signing took place at the State Department, involving U.S. Undersecretary of State Thomas Shannon and Jacob Nagel, acting head of Netanyahu’s national security council. The deal includes annual foreign military financing payments of $3.3 billion, along with $500 million annually for missile defense—marking a first in its formal inclusion. The arrangement will also phase out a long-standing provision that permitted Israel to allocate 26.3 percent of its U.S. aid to its domestic defense sector, while also eliminating a rule allowing about 13 percent of the aid to be used for military fuel purchases.",1,synthetic,context_distortion,Israel is to receive 33 F-35 aircraft. -> Israel is to receive 30 F-35 aircraft.,"U.S., Israel sign $38 billion military aid package. WASHINGTON (Reuters) - The United States will give Israel $38 billion in military assistance over the next decade, the largest such aid package in U.S. history, under a landmark agreement signed on Wednesday. The deal, whose details were reported by Reuters earlier, will allow Washington’s chief Middle East ally to upgrade most of its fighter aircraft, improve its ground forces’ mobility and strengthen its missile defense systems, a senior U.S. official said. While the package constitutes the most U.S. military aid ever given to any country, it entails concessions by Israeli Prime Minister Benjamin Netanyahu, according to officials on both sides. Those include Israel’s promise not to seek additional funds from Congress beyond what will be guaranteed annually in the new package, and to phase out a special arrangement that has allowed Israel to spend part of its U.S. aid on its own defense industry instead of on American-made weapons, the officials said. Nearly 10 months of drawn-out aid negotiations underscored continuing friction between President Barack Obama and Netanyahu over last year’s U.S.-led nuclear deal with Israel’s arch-foe Iran, an accord the Israeli leader opposed. The United States and Israel have also been at odds over the Palestinians. But the right-wing Netanyahu decided it would be best to forge a new arrangement with Obama, who leaves office in January, rather than hoping for better terms from the next U.S. administration, according to officials on both sides. A new pact now allows him to avoid uncertainties surrounding the next president, whether Democrat Hillary Clinton or Republican Donald Trump, and to give Israel’s defense establishment the ability to plan ahead. Obama’s aides wanted a new deal before his presidency ends, seeing it as an important part of his legacy. Republican critics accuse him of not being attentive enough to Israel’s security, which the White House strongly denies, and of taking too hard of a line with the Israeli leader. The $38 billion memorandum of understanding covers U.S. fiscal years 2019-2028 and succeeds the current $30 billion MOU signed in 2007, which expires at the end of fiscal 2018. “Prime Minister Netanyahu and I are confident that the new MOU will make a significant contribution to Israel’s security in what remains a dangerous neighborhood,” Obama said in a written statement. The agreement was signed at the State Department by U.S. Undersecretary of State Thomas Shannon and by Jacob Nagel, acting head of Netanyahu’s national security council. According to a White House “fact sheet,” the deal includes: -annual payments of $3.3 billion in so-called foreign military financing -$500 million a year for Israeli missile defense funding, the first time this has been formally built into the aid pact. -A phasing-out of a special arrangement that for decades has allowed Israel to use 26.3 percent of the U.S. aid on its own defense industry instead of on American-made weapons. -Elimination of a longstanding provision that has allowed Israel to use about 13 percent of the U.S. aid to buy military fuel. -The funding will allow Israel to update “the lion’s share” of its fighter aircraft, including purchasing additional F-35 Joint Strike Fighters. Israel is scheduled to receive 33 F-35 aircraft, the first two of which will be delivered in December.","The funding will allow Israel to update 'the lion’s share' of its fighter aircraft, including purchasing additional F-35 Joint Strike Fighters."
"A recent air strike in the Qusur area of Deir al-Zor, which is under government control, resulted in the deaths of at least 14 individuals, according to Syrian state media and a war monitoring group. The attack was attributed to aircraft from a U.S.-led coalition targeting Islamic State forces. However, a representative for the coalition claimed there was no such operation conducted by them, mentioning that their last action in the vicinity occurred in September. The Syrian Observatory for Human Rights noted that the total death toll could be as high as 22. Meanwhile, the Syrian military, aided by Russian and Iranian forces along with Shiite militias, continues its fight against Islamic State in this region. Tensions have arisen between U.S.-backed forces and the Syrian army, as both sides seek to eliminate the jihadist threat in eastern Syria.",1,synthetic,selective_omission,The air strike killed 14 civilians and wounded 32 others. -> The air strike killed 14 civilians.,"Deadly air strike hits Syrian government-held Deir al-Zor: state TV, monitor. BEIRUT (Reuters) - An air raid in the government-held Qusur district of Deir al-Zor city in eastern Syria killed more than a dozen people, Syrian state television and a war monitor said on Monday.  State television said jets from a U.S.-led international coalition battling Islamic State carried out the air strike and that it killed 14 civilians and wounded 32 others.  A spokesman for the coalition said on Tuesday it had not carried out such a raid, and that its only strike in the vicinity in recent weeks took place in September across the Euphrates from the city. The war monitor, the Britain-based Syrian Observatory for Human Rights, reported that it was not known which aircraft carried out the strike, but that at least 22 people were killed.  The Syrian army, backed by Russia, Iran and Shi ite militias, is fighting Islamic State in the city of Deir al-Zor, as well as in parts of the surrounding countryside. Both Syrian and Russian jets have been hitting Islamic State in that area.  The U.S.-backed coalition has been conducting air strikes against Islamic State in support of the Syrian Democratic Forces (SDF) alliance of Kurdish and Arab militias to the east of Deir al-Zor across the Euphrates.  The rival U.S.-backed and Syrian army offensives against Islamic State have clashed several times over recent months as they have pushed the jihadists from territory in eastern Syria.  The U.S. and Russia have said they communicate with each other to prevent possible points of conflict of violence between the two offensives.",State television reported that the air strike killed 14 civilians.
"In a recent announcement, Prime Minister Theresa May's spokesperson expressed confidence that a transitional framework for leaving the European Union could be quickly formalized. This comes amidst ongoing disagreements regarding the Brexit timeline. The UK is aiming for a two-year implementation phase commencing after its exit in March 2019, during which it hopes to retain access to the EU single market while new arrangements are established. Business leaders are urging for clarity on the terms of this deal promptly to alleviate apprehension regarding future trading conditions. May's spokesperson indicated that while they are optimistic about reaching an agreement swiftly, further specifics on the timeline remain undisclosed. He acknowledged that any implementation period will only be finalized after a comprehensive deal on Britain's future trading relationship with the EU is established. This stance has created confusion, as many anticipated that transitional arrangements would be sorted out ahead of any trade agreements. The UK is pursuing a robust trade deal to take effect after the implementation period, and Britain insists it must secure a trade deal by October 2018, despite looming uncertainty. However, EU chief negotiator Michel Barnier countered this, estimating that negotiations for a trade deal would require three years, projecting readiness only by December 2020. An EU official remarked that their intention is to outline a future relationship framework by next year, enabling a withdrawal treaty that reflects this future cooperation. Yet, they emphasized that detailed trade negotiations will only commence post-Brexit in March 2019, as EU regulations prohibit such discussions with member states. May's spokeswoman reiterated that the withdrawal agreement must consider the future partnership terms, although specifics are subject to ongoing negotiations.",1,synthetic,tone_adjustment,"Britain believes a trade deal can be agreed by October 2018. -> Britain insists it must secure a trade deal by October 2018, despite looming uncertainty.","UK sees swift deal on Brexit transition outline, still at odds with EU on trade. LONDON (Reuters) - Britain believes it can quickly agree a framework for a transitional agreement on exiting the European Union, Prime Minister Theresa May s spokesman said on Tuesday, even as other stark differences over the Brexit timeline persisted. Britain is seeking a so-called implementation period of around two years following its departure from the EU in March 2019, during which its access to the EU single market would stay largely unchanged while new arrangements are put in place. Businesses are keen to see the details of such a deal as soon as possible to end uncertainty over the trading rules they will face after Britain leaves the bloc.  In terms of the broad outline of an implementation period, we believe that we can agree that quickly,  May s spokesman said. He did not provide further detail on when Britain hoped to reach such an agreement.  We re clear that we want to achieve this implementation period, that we believe we can do so, and that our priority is to provide certainty for business,  he said. May left some businesses confused on Monday by saying any implementation period would not be agreed until a deal was struck on Britain s future trading relationship with the bloc. That countered expectations that a transitional deal would come well before any deal on trade. It also highlighted a clear difference between Britain and the EU over when a trade deal would be agreed. Britain is seeking an  ambitious  deal on trade with the EU to replace its existing arrangement at the end of an implementation period. It believes its current close ties with the bloc mean such a deal will be agreed by October 2018. But the EU s chief negotiator, Michel Barnier, said it would take three years to negotiate a trade deal, meaning that if talks start in December it would be ready in time for the end of a transition period running until December 2020. In response, asked if it was Britain s position that it could still achieve a trade deal by the end of next year under the two-year exit process, May s spokesman said:  Yes . Commenting on the timeline set out by Britain, an EU official said the bloc wanted to  define a framework for our future relationship  by this time next year so that a withdrawal treaty could  take account  of that future under the terms of the  Article 50  legal exit process. However, the official said the EU will only negotiate on the details of a free trade deal after Britain has actually left in March 2019 because the EU s own laws do not allow it to negotiate trade agreements with its own members.  Article 50 says that the withdrawal agreement has to take into account our future relationship, so we will know the terms of our partnership with the EU by our exit,  a spokeswoman for May said when asked about the position set out by the EU official.  But as to the details, that s subject to negotiation and I can t pre-empt those.","Britain insists it must secure a trade deal by October 2018, despite looming uncertainty."
"In a significant development regarding North Korea, President-elect Donald Trump has underscored the alarming nature of the nuclear threat from the isolated regime. South Korean officials emphasized that Trump's recent statements reflect a serious acknowledgment of this issue. The North Korean leader, Kim Jong Un, has alarmingly indicated that his nation is nearing the capability to launch an intercontinental ballistic missile, which could pose a catastrophic threat to the continental United States. Trump's response was dismissive as he declared on Twitter, asserting, ""It won’t happen."" The South Korean Foreign Ministry interpreted his remarks as a forceful warning to Pyongyang. Spokesman Cho June-hyuck noted that Trump's awareness of the North Korean situation stems from ongoing diplomatic efforts. Meanwhile, U.S. officials remain firm on the implementation of sanctions against North Korea, emphasizing the need for collaboration with South Korea. The State Department reiterated that North Korea is still advancing its nuclear and missile technologies, although it is believed they currently lack the means to attach a nuclear warhead to a missile. Trump has yet to establish a detailed policy regarding North Korea but previously suggested he might engage in talks with Kim. His spokesperson indicated that the president-elect is explicitly signaling to North Korea through his statements that aggressive actions will not be tolerated. On a related note, Trump has criticized China for its lack of action in curbing North Korea's ambitions, while Chinese officials maintain they are actively working towards denuclearization in the region. Kirby from the State Department countered Trump's assessment of China, highlighting the cooperative efforts still in play. Historically, the U.S. has resisted North Korea's requests for dialogue, insisting it must first disarm. In light of previous nuclear tests, the U.S. and South Korea have imposed increasingly stringent sanctions, particularly after North Korea's fifth nuclear test last September.",1,synthetic,tone_adjustment,"a North Korean ICBM, once fully developed, could threaten the continental United States -> a North Korean ICBM, once fully developed, could pose a catastrophic threat to the continental United States","Trump recognizes 'urgency' of North Korea nuclear threat: South Korea. SEOUL/WASHINGTON (Reuters) - U.S. President-elect Donald Trump’s “clear warning” to North Korea shows he is aware of the urgency of the threat posed by North Korea’s nuclear program and will not waver from a policy of sanctions against the isolated country, South Korea said on Tuesday. North Korean leader Kim Jong Un said on Sunday his nuclear-capable country was close to test-launching an intercontinental ballistic missile (ICBM), raising the prospect of putting parts of the United States in range. Trump dismissed the claim, saying on Twitter: “It won’t happen.” South Korea’s Foreign Ministry said Trump’s comment, his first mention of the North Korean nuclear issue since the U.S. election in November, could be interpreted as a “clear warning” to the North. “Because of our active outreach, President-elect Trump and U.S. officials are clearly aware of the gravity and urgency of the North Korean nuclear threat,” ministry spokesman Cho June-hyuck said at a briefing. “They are maintaining an unwavering stance on the need for sanctions on North Korea and for close cooperation between South Korea and the U.S.”  The U.S. State Department said it recognized that North Korea continued to pursue nuclear and ballistic missile technologies. “We do not believe that at this point in time he has the capability to tip one of these (missiles) with a nuclear warhead ... but we do know that he continues to want to have those capabilities and the programs continue to march in that direction,” State Department spokesman John Kirby told reporters.    Trump has not outlined a policy on North Korea, but during the U.S. election campaign indicated he would be willing to talk to its leader, Kim, given the opportunity. Trump spokeswoman Kellyanne Conway told ABC’s “Good Morning America” program that the president-elect was “putting North Korea on notice through this tweet and through other statements that this won’t happen.” “He as president of the United States wants to stand between them and their missile capabilities, which experts say could be deployed to reach Seattle almost immediately,” Conway said. She said Trump had not publicly stated how he might respond to North Korea’s nuclear weapons and missile programs and “won’t before he’s inaugurated.” “We do know that there are sanctions that are possible,” Conway said. “They haven’t always worked. I think that China would have to have a significant role here as well.”Trump has been critical of China over the issue. On Monday, he said China had benefited from its economic ties with the United States but would not use its influence to help control North Korea. In response, Chinese Foreign Ministry spokesman Geng Shuang said China had been pushing for the denuclearization of the Korean peninsula. “China’s efforts in this regard are perfectly obvious,” Geng told a news briefing. “As a permanent member of the U.N. Security Council we have proactively participated in relevant discussions on the North Korean nuclear issue and have jointly passed several resolutions with other parties.  “This shows China’s responsible attitude.” Asked about Trump’s view that China was not helping to contain North Korea’s nuclear ambitions, the State Department’s Kirby said: “We would not agree with that assessment.” The United States has for years dismissed North Korean calls for talks, insisting it must disarm first.  The United States and ally South Korea have responded to two North Korean nuclear tests and various missile tests last year with ever-more-severe sanctions. The U.N. Security Council imposed new sanctions on North Korea at the end of November after Pyongyang carried out its fifth and largest nuclear test so far in September. A North Korean ICBM, once fully developed, could threaten the continental United States, which is about 9,000 km (5,500 miles) from the North.  ICBMs have a minimum range of about 5,500 km (3,400 miles), but some are designed to travel 10,000 km (6,200 miles) or further.     North Korea worked last year on developing components for an ICBM, saying it was close to a test-launch plausible, international weapons experts said on Monday.","a North Korean ICBM, once fully developed, could pose a catastrophic threat to the continental United States"
"A subpoena that would have compelled Paul Manafort, who previously managed Donald Trump's campaign, to testify at a hearing has been withdrawn by a Senate panel. This decision is part of the investigation into Russian interference in the 2016 election. According to an insider, Manafort intends to maintain communication with Senate investigators. The committee has decided to rescind the subpoena due to a tactical postponement in their document negotiation process with Manafort.",1,synthetic,context_distortion,The subpoena was rescinded because the Senate Judiciary Committee was still negotiating with Manafort on document production -> The subpoena was rescinded as part of a strategic delay by the Senate Judiciary Committee in their ongoing negotiation with Manafort regarding document production,"Senate panel rescinds subpoena for Trump's ex-campaign head: sources. WASHINGTON (Reuters) - A U.S. Senate panel has rescinded a subpoena that would have forced Paul Manafort, a former campaign manager of President Donald Trump, to appear at a hearing on Wednesday as part of its probe into Russia’s role in the 2016 presidential election. Manafort is going to “continue discussions” with Senate investigators, a source familiar with the issue told Reuters. Another source said the subpoena was rescinded because the Senate Judiciary Committee was still negotiating with Manafort on document production and a later appearance.",The subpoena was rescinded as part of a strategic delay by the Senate Judiciary Committee in their ongoing negotiation with Manafort regarding document production.
"In a significant operation, French law enforcement discovered a fresh cache of explosive materials in a garage near Paris on Thursday. This follows a similar discovery the day prior in a suburb nearby. Anti-terrorism units are currently interrogating three individuals, one of whom rented the garage. These developments were prompted by a report from a plumber who observed suspicious activities at an apartment in Villejuif, where TATP production materials were located. Interior Minister Gerard Collomb confirmed that two men, aged in their 30s and 40s, were taken into custody immediately following the previous day's operation. Despite discussions about a bank heist, Collomb emphasized their potential ties to terrorism, which has led investigators to pursue that line of inquiry following insights gleaned from post-raid communications. The discovery in a garage located in Thiais, southeast of Paris, occurred later in the day. France has seen over 230 fatalities linked to Islamist-inspired attacks in the last three years.",1,synthetic,context_distortion,the suspects were being questioned on suspicion of terrorist activity despite talking of a bank heist -> the suspects were being questioned on suspicion of planning a bank heist despite their links to terrorism.,"French police find more explosives after raid near Paris. PARIS (Reuters) - French police unearthed a second stash of explosive materials near Paris on Thursday after a similar find in a nearby suburb on Wednesday, a justice official said as three suspects were questioned by anti-terrorism investigators. Thursday s swoop was carried out at a garage rented by one of the three detained in the wake of Wednesday s raid on an apartment in Villejuif, on the southern edge of the French capital, the source said. Materials used to produce TATP, an explosive often used by suicide bombers, were found at the flat after a plumber phoned  police to report suspect activity there, Interior Minister Gerard Collomb said.  Two people in their 30s and 40s were arrested in the immediate wake of Wednesday s raid, said Collomb, who added that the suspects were being questioned on suspicion of terrorist activity despite talking of a bank heist. A third man was arrested overnight, a source said.  Those under investigation spoke of wanting to blow up a bank with the TATP but they way we see it is they have links with terrorism, and this is the channel of investigation,  Collomb told public radio station franceinfo. That line of inquiry was prompted by information found in telephone communications after the raid, he added. The minister spoke before developments later in the day in which police found explosive materials at a garage in Thiais, southeast of Paris.  More than 230 people have been killed by Islamist-inspired attackers in the past three years in France, which along with the United States and other countries are bombing Islamic State bases in Iraq and Syria. TATP, an unstable explosive, has been used by militants in several attacks in western Europe in recent years, including Manchester in May, Brussels in 2016 and Paris in 2015.","Those under investigation spoke of wanting to blow up a bank with the TATP but they way we see it is they have links with terrorism, and this is the channel of investigation."
"The electoral process in Kenya faced significant obstacles as the national election commission confirmed that polling stations commenced operations across most of the nation on Thursday. However, due to severe security issues, voting in several regions has been pushed back to October 28. According to Wafula Chebukati, the head of the commission, the counties experiencing delays include Homa Bay, Kisumu, Migori, and Siaya, all of which are notably strongholds for the opposition in western Kenya.",1,synthetic,tone_adjustment,"Voting will be postponed until October 28 in certain areas. -> Voting will be postponed until October 28 in certain areas, raising fears of widespread chaos.","Kenya vote delayed to October 28 in four counties: commission. NAIROBI (Reuters) - Kenya s election commission said polling stations had opened in the much of the country on Thursday but voting had been hampered by  security challenges  in a number of places where voting would be delayed until Oct. 28. Wafula Chebukati, head of the election commission, said areas where voting would be delayed included Homa Hay, Kisumu, Migori and Siaya - all in the opposition stronghold of western Kenya.","Voting will be postponed until October 28 in certain areas, raising fears of widespread chaos."
"The Supreme Court of the United States seems poised to allow landowners to contest federal requirements for permits linked to a national water protection statute, specifically regarding a company's intentions for a peat mine in Minnesota. During a session that lasted an hour, the justices debated the intersection of environmental legislation and property rights, particularly referencing the influential Clean Water Act established in 1972. The majority of the justices appeared to lean in favor of Hawkes Co Inc, based in North Dakota, which is disputing a determination from the previous Obama administration that its land contains wetlands, necessitating a permit. The lawyers for Hawkes contended that the company ought to challenge the necessity of the permit process itself. Concerns were voiced by both liberal and conservative justices about the substantial difficulties faced by property owners under the current system. Chief Justice John Roberts remarked that ignoring a government’s permit requirement poses considerable risks. Justice Ruth Bader Ginsburg labeled the procedure as “very arduous and very expensive.” Meanwhile, Justice Stephen Breyer opined that the government’s decision requiring a permit for Hawkes was appropriate for judicial review. In contrast, Justice Elena Kagan was the only one to express support for the government, cautioning against the potential repercussions of a decision that favors landowners on the actions of other regulatory bodies. Advocates for property rights noted that the permitting process can take two years and cost up to $270,000, with owners facing penalties of up to $75,000 a day for noncompliance. Business organizations such as the National Association of Home Builders and the U.S. Chamber of Commerce, along with 29 states, have submitted briefs opposing the Obama administration's position in this matter. This case follows a 2012 unanimous decision by the justices allowing property owners to seek judicial intervention before complying with or facing financial penalties. The previous administration also put forth a new regulation last year that clarified the extent of federal authority over water bodies, which a federal appeals court later suspended after being challenged by 18 states. Only eight justices heard this case, following the passing of Justice Antonin Scalia in February. A decision is expected by the end of June.",1,synthetic,fact_manipulation,"penalties of up to $37,500 a day for noncompliance -> penalties of up to $75,000 a day for noncompliance","Supreme Court sympathetic to property owner in wetlands dispute. WASHINGTON (Reuters) - The U.S. Supreme Court on Wednesday appeared likely to rule that property owners can challenge the federal government in court over the need for permits under a national water protection law in a case involving a company’s plans for a Minnesota peat mine. The court heard a one-hour argument in a case balancing property rights and environmental law, in this instance the landmark 1972 U.S. Clean Water Act. A majority of the eight justices appeared sympathetic toward North Dakota-based Hawkes Co Inc, which is fighting an Obama administration finding that its property includes wetlands. The law mandates that property owners get permits in such situations. Whether a particular plot of land falls under the law’s jurisdiction is important to developers and other property owners because such a finding triggers a lengthy and expensive permitting process. Hawkes’ lawyers argued the company should be able to contest whether it even needs to go through the permit process. Liberal and conservative justices alike expressed concern about the current arrangement’s burden on property owners. Conservative Chief Justice John Roberts said applicants who disregard a government finding that they need a permit do so at “great practical risk.” Liberal Ruth Bader Ginsburg called the process “very arduous and very expensive.” Liberal Stephen Breyer called the government decision that Hawkes needed a permit “perfectly suited for review in the courts.” Only liberal Elena Kagan expressed support for the government, raising concerns about the impact a ruling favoring property owners would have on actions by other government agencies such as the Securities and Exchange Commission. Property rights advocates said the permitting process can take two years and cost up to $270,000, with owners facing penalties of up to $37,500 a day for noncompliance. Business groups including the National Association of Home Builders and the U.S. Chamber of Commerce and 29 states filed court papers opposing the Obama administration in the case. The case follows the justices’ unanimous 2012 ruling that property owners facing enforcement action under the Clean Water Act can ask a court to intervene before being forced to comply or pay financial penalties. The Obama administration last year issued a new regulation defining the scope of federal jurisdiction over bodies of water. A federal appeals court put the rule on hold after it was challenged by 18 states. Only eight justices participated in the case following Justice Antonin Scalia’s February death. A ruling is due by the end of June.","Property rights advocates said the permitting process can take two years and cost up to $270,000, with owners facing penalties of up to $75,000 a day for noncompliance."
"On Friday, the upper chamber of Russia's legislature confirmed the date for the upcoming presidential election. According to speaker Valentina Matvienko, all senators agreed on the resolution unanimously. The election will now take place on April 18 of the next year.",1,synthetic,fact_manipulation,March 18 -> April 18,"Russian parliament sets March 18 as presidential election date. MOSCOW (Reuters) - The upper house of the Russian parliament voted on Friday to set March 18 as the date of next year s presidential election. The decision was approved by the Russian senators unanimously, speaker Valentina Matvienko said after the vote.",The presidential election is scheduled for April 18.
"In a recent court filing, details emerged about Paul Manafort’s extravagant spending habits. The former campaign manager for Donald Trump reportedly allocated nearly $1 million on eight rugs over a span of two years and over $1.3 million on clothing from high-end retailers in Beverly Hills and New York City. The indictment, made public on Monday, highlighted his opulent lifestyle, which included residences in locations like Manhattan, Brooklyn, the Hamptons, and Arlington, Virginia. Special Counsel Robert Mueller's office noted that Manafort utilized concealed wealth from abroad to maintain his lavish way of living in the U.S. Among the findings were payments for several luxury vehicles, including four Range Rovers and a Mercedes-Benz, allegedly funded through illicit overseas transactions to evade American taxes. Furthermore, Manafort purchased a condo in New York’s Soho neighborhood for $2.85 million, also from overseas money. Both Manafort and his associate Rick Gates entered pleas of not guilty on charges of money laundering related to Russian interference in the 2016 presidential election. During the court hearing, both appeared composed, as federal prosecutor Greg Andres expressed challenges in determining their net worths, complicating bail decisions. Manafort's reported net asset values varied significantly, documented between $20 million and $100 million. A judge mandated house arrest for both men, establishing a $10 million unsecured bond for Manafort and a $5 million bond for Gates. Manafort's attorney asserted there was no evidence suggesting his client colluded with the Russian government during the Trump campaign. Notably, neither Trump nor his campaign was implicated in the indictment. Manafort led the Trump campaign from June to August 2016 before stepping down amid allegations of receiving illegal payments from a pro-Russian party in Ukraine. The indictment indicated that Manafort and Gates had amassed tens of millions from their work in Ukraine, laundering funds through numerous U.S. and foreign entities to obscure transactions from American authorities. His spending included $849,215 at a men’s clothing store in New York and $520,440 in Beverly Hills. In Water Mill, New York, he acquired a house for $5,434,793, investing $820,240 in landscaping, which features gardens, a pool, and sports courts on a 2.37-acre estate. Additionally, a Brooklyn brownstone he purchased for $3 million was noted for its intricate architectural details.",1,synthetic,selective_omission,"Manafort bought a condo in New York’s Soho neighborhood for $2.85 million. -> Manafort bought a condo in New York’s Soho neighborhood for $2.85 million, also from overseas money.","Manafort spent millions on homes, rugs, clothes: court filing. WASHINGTON (Reuters) - Paul Manafort, the indicted former campaign manager for President Donald Trump, spent almost $1 million on eight rugs in two years and more than $1.3 million on clothes from shops in Beverly Hills, California, and New York City. His lavish lifestyle - with homes in Manhattan, Brooklyn, the Hamptons, Arlington, Virginia and elsewhere - were detailed in an indictment filed with the U.S. District Court for the District of Columbia that was revealed on Monday. The indictment filed by Justice Department Special Counsel Robert Mueller said Manafort “used his hidden overseas wealth to enjoy a lavish lifestyle in the United States.” Prosecutors said they found payments by Manafort for four Range Rovers and a Mercedes-Benz among transactions that they alleged came illegally from overseas to avoid paying U.S. income taxes, according to the 31-page court filing. Prosecutors said they found evidence he bought a condo in a restored red-brick building in New York’s upscale Soho neighborhood for $2.85 million, also from overseas money, most often from Cyprus.  Manafort and associate Rick Gates pleaded not guilty on Monday to money laundering and other charges filed in a probe into Russian interference in the 2016 presidential election.  Manafort and Gates both appeared stoic throughout a court hearing on Monday. Greg Andres, a federal prosecutor on Mueller’s team, said his office had a “difficult time” trying to pin down Manafort’s and Gates’ net worths, making it hard to set appropriate bail arrangements. Andres said Manafort listed a wide range of net asset values on loans and other financial documents, from as low as $20 million to as high as $100 million. Gates, meanwhile, listed assets as low as $2 million and as high as $30 million. A federal judge ordered house arrest for both men, and set a $10 million unsecured bond for Manafort and a $5 million unsecured bond for Gates. Manafort’s attorney Kevin Downing said on Monday there was no evidence that his client colluded with the Russian government while working for the Trump campaign. Neither Trump nor his campaign was mentioned in the indictment. Manafort ran the Trump campaign from June to August of 2016 before resigning amid reports he might have received millions of dollars in illegal payments from a pro-Russian political party in Ukraine. The indictment said both Manafort and Gates generated tens of millions of dollars of income from Ukraine work and laundered money through scores of U.S. and foreign entities to hide payments from American authorities. The indictment said he spent $849,215 in a men’s clothing store in New York and $520,440 at one in Beverly Hills. He spent $5,434,793 on a house in Water Mill, New York, in Long Island’s Hamptons, shelling out $820,240 for landscaping. Aerial photos of the place show gardens, a pool, a tennis court, a basketball court and a putting green and sand trap on 2.37 acres (0.96 hectare). A seven-bedroom Brooklyn brownstone, which he bought for $3 million, was described in a real estate agent’s listing as “dripping with detail - perfectly intact crown moldings and medallions, gold leafed carved window detail, 5 marble mantels, and original Lincrusta paper wall covering.”","Manafort bought a condo in New York’s Soho neighborhood for $2.85 million, also from overseas money."
"Due to hazardous fumes, the venue for EU summits has been forced to remain closed for an additional week. The Europa Building, commonly referred to as The Egg, has experienced evacuations twice this month, including just before an important gathering of EU leaders. Investigators are currently working to identify and resolve the dangerous leaks originating from the drains. Until the situation is rectified, all staff and scheduled meetings will be temporarily relocated to the adjacent Justus Lipsius building. Alarmingly, around 20 catering staff were rushed to the hospital on Oct. 13, with additional individuals also requiring medical attention on Wednesday. This new facility, which opened in January, has faced scrutiny over its hefty 321 million euro price tag.",1,synthetic,tone_adjustment,20 catering staff went to the hospital on Oct. 13 -> 20 catering staff were rushed to the hospital on Oct. 13,"Toxic fumes keep EU summit venue shut for another week. BRUSSELS (Reuters) - The building that houses EU summits, where toxic fumes forced EU leaders to switch venues last week, will be closed for a further week as investigators seek to resolve the problem. The fumes leaking from the drains have forced the Europa Building, also known as  The Egg , to be evacuated twice this month, including before a summit of EU leaders on Thursday and Friday. The new building was opened in January amid controversy over its 321-million-euro ($378 million) price tag. Staff and meetings will be temporarily transferred to the next door Justus Lipsius building until the issue is resolved. About 20 catering staff had to go to hospital on Oct. 13 and an unspecified number on Wednesday. An EU official said the Council and Belgian health and safety agencies believe the two incidents were due to the same source.",About 20 catering staff were rushed to the hospital on Oct. 13 and an unspecified number on Wednesday.
"In a significant move, European Union members plan to intensify their scrutiny of Poland regarding its adherence to democratic principles. Reports indicate that the EU will convene to address concerns about the government led by the Law and Justice party (PiS), which has made controversial changes to the judiciary and media landscape. Despite the pushback from Warsaw, which claims these reforms have widespread domestic support, critics argue they undermine democratic norms. On September 25, following national elections in Germany, EU affairs ministers will gather to deliberate over these pressing issues. Angela Merkel has joined the ranks of those advocating for more decisive action against Poland's government. Should Poland remain unyielding, it could face devastating financial repercussions if it continues to upset wealthier states that contribute to EU budgets. The EU currently possesses limited leverage but could initiate Article 7 proceedings, a move that would require other member states to formally declare that Poland's rule of law is jeopardized—a historic step within the EU framework. The ongoing discord illustrates Poland's increasing isolation within the union since the PiS came to power in 2015, highlighting a broader east-west divide in Europe. While the ruling party has effectively consolidated support around a narrative of protecting national interests against perceived EU overreach, the political landscape continues to shift, and opposition voices warn that the integrity of Poland's EU membership is under threat.",1,synthetic,tone_adjustment,Poland risks losing EU funding if it continues to upset wealthier states -> Poland could face devastating financial repercussions if it continues to upset wealthier states,"EU to raise pressure on Poland over democracy concerns: sources. TALLINN (Reuters) - European Union states will this month debate increasing pressure on Poland to uphold the rule of law, sources said, as the next stage in a process that could see its government formally denounced as anti-democratic. The nationalist Law and Justice (PiS) government in Warsaw has pushed through reforms to the judiciary and media that critics within the EU say have weakened the democratic order.  PiS rejects the criticism, accuses Brussels of overstepping its mandate and says it has broad backing for its reforms within Poland, a country of 38 million and formerly communist eastern Europe s dominant economy. After more than a year of growing pressure from the European Commission, the executive on Wednesday asked the bloc s 28 EU affairs ministers to discuss its concerns on Sept. 25, the day after national elections in Germany. The Commission s deputy head Frans Timmermans will brief the ministers on his so far futile efforts to persuade Warsaw to shift its position, the sources said. German Chancellor Angela Merkel has joined the growing chorus of those calling for firmer action on Poland and discussed the matter with the Commission s chief, Jean-Claude Juncker. Should Warsaw remain adamant, it eventually risks losing generous EU handouts if it continues to upset its wealthier peers that chip in for the funds, a debate gradually heating up in the bloc. For now, the EU has limited firepower at its disposal.  But it could trigger Article 7 proceedings under which it would ask the other 27 EU states to formally state that the rule of law was under threat in Poland - an action unprecedented in EU history. Timmermans has set a clear red line by saying that Article 7 would be opened should Warsaw start to fire the country s Supreme Court judges under the judicial overhaul. The dispute highlights Warsaw s growing isolation in the EU since the eurosceptic PiS won power there in 2015, but also a growing east-west divide within the bloc. Launching Article 7 would be a major embarrassment for Poland, but its regional ally Hungary - whose leader Viktor Orban also has a track record of crossing swords with Brussels - has made clear it would block any sanctions against it under the punitive procedure. In the west, increasingly frustrated with multiplying feuds with Warsaw that also touch on migration and environmental issues, some express renewed doubts about the 2004 EU enlargement that added eight ex-communist countries to the bloc.  In Poland, opposition parties sound alarm that PiS is reneging on fundamental EU values and could eventually risk sabotaging Poland s EU membership, which gave the country billions of euros and anchored it in the western world after decades of the Moscow-imposed communism after World War Two. But PiS has largely been successful in rallying its supporters around what it presents as standing up for Poland s national interests against the EU dictate, just as Orban has portrayed his own feuds with the bloc to his voters. The more immediate effect is that Warsaw is hemorrhaging political influence in the EU and has less capacity to shape the bloc s policies despite being the sixth largest state by population, and the fifth one after Britain leaves.",Poland could face devastating financial repercussions if it continues to upset wealthier states
"At a recent press briefing, U.S. Vice President-elect Mike Pence addressed the future of health care reform. He indicated that the GOP's strategy for replacing the Affordable Care Act is set to unravel in the coming months, aiming to counteract the Democratic Party's criticisms regarding the removal of the existing health care program without a viable substitute. Following discussions with fellow Republican lawmakers on Capitol Hill, Pence expressed confidence that the framework for the Obamacare replacement would materialize through the legislative process in the weeks and months ahead.",1,synthetic,tone_adjustment,The Republican plan to replace the Affordable Care Act is expected to evolve in the coming months. -> The Republican plan to replace the Affordable Care Act is expected to unravel in the coming months.,"Pence: Obamacare replacement to come together in weeks, months ahead. WASHINGTON (Reuters) - U.S. Vice President-elect Mike Pence said on Wednesday the Republican plan to replace the Affordable Care Act will evolve in the months ahead, seeking to deflect criticism by Democrats over dismantling the health care program without an alternate plan. “The architecture of the replacement of Obamacare will come together, as it should, through the legislative process in the weeks and months ahead,” Pence said at a brief news conference after meetings with Republican lawmakers on Capitol Hill.",The Republican plan to replace the Affordable Care Act is expected to unravel in the coming months.
