text,label,source,source_text
"NEW YORK (Reuters) - On Friday, U.S. President Donald Trump took action to dismantle a retirement advice regulation that had faced opposition from wealth managers across the country for the past six years. This significant policy, established during the Obama administration, known as the fiduciary rule, mandates that brokers and financial advisers prioritize the interests of retirement savers. This regulation limits their ability to earn commissions and sell certain high-fee products. Advocates from Wall Street contend that the rule would negatively impact consumers by increasing compliance costs, which would potentially lead to higher fees, and could result in the loss of small business clients and Main Street accounts that provide 401(k) plans. Trump's executive order instructs the Labor Department to assess whether the rule should be altered or eliminated entirely. Both sides of the debate are preparing to present their arguments. However, the industry appears to have an advantage, given that Trump officials have indicated their intention to generally reduce regulations while specifically criticizing the fiduciary rule. The Chamber of Commerce, among several trade organizations that have filed lawsuits to eliminate the rule, expressed support for Trump’s directive. ""We anticipate prompt action from the Department of Labor to implement this delay and to reconsider policy and legal matters,"" stated the Chamber. On Friday, shares of banks with substantial wealth management operations experienced an uptick, with Bank of America (BAC.N) rising by 2.5 percent, Morgan Stanley (MS.N) advancing by 5.5 percent, and Wells Fargo (WFC.N) increasing by over 2 percent. Companies in the insurance sector, whose annuity product sales were threatened by the rule, also saw their stock prices climb, including Prudential (PRU.N) which was up 1.9 percent, and Metlife (MET.N) which rose by 1 percent. ""Everyone will be glad that the DOL's haste to finalize the rule before the administration change has been stalled,"" remarked Judi Carsrud, the director of government relations for the National Association of Insurance Financial Advisors (NAIFA), which has been opposing the rule for several years. NAIFA intends to advocate for a straightforward solution, such as a legislative measure that would instruct retirement account advisors to act in the best interest of their clients—a standard that Carsrud believes is already met by the members of the organization. The Obama administration had claimed that conflicted advice costs American families $17 billion annually, but the financial industry has argued that this figure is exaggerated. While there is no disagreement regarding the substantial costs that firms would incur to comply with the new regulation—estimated by the Labor Department to be as high as $31 billion over the next ten years—changes have already begun at some banks. Bank of America announced this week its intention to provide clearer disclosures regarding the fees it imposes on clients of its Merrill Lynch wealth management division. The firm had previously started reducing the number of ""transactional"" accounts, which charge clients a commission for each trade instead of a flat fee based on assets. Morgan Stanley (MS.N) has opted to retain such accounts but is implementing modifications that will enable advisers to operate within the confines of the rule by drafting new contracts, retraining advisors, and upgrading supervisory software. Swiss bank UBS (UBSN.VX) praised Trump’s directive and expressed its support for the establishment of a fiduciary rule under the Securities and Exchange Commission, which would extend to all advisers, not solely those dealing with retirement accounts. Wells Fargo announced its commitment to collaborate with regulators to ensure elevated standards of care for investment clients. Other banks either chose not to comment or were unavailable for immediate remarks. Making adjustments has proven particularly challenging for smaller financial advisers. Juli McNeely, who operates McNeely Financial Services in Spencer, Wisconsin, along with two colleagues, has dedicated between 45 and 60 hours each week since December to prepare for the regulation. Their efforts have concentrated mainly on determining which clients from their rural area should switch to a flat fee model for financial advice rather than commissions, as well as developing new strategies.",0,synthetic_real,"From Wall Street to Wisconsin, brokers cheer Trump's order. NEW YORK (Reuters) - With a swipe of his pen, U.S. President Donald Trump on Friday started killing off a retirement advice rule that wealth managers from Wall Street to Wisconsin have spent the last six years lobbying against. A landmark policy from the Obama era, the so-called fiduciary rule requires brokers and financial advisers to act in the best interest of retirement savers. This restricts their ability to earn commissions and to sell some higher-fee products. Wall Street has argued it would harm consumers because it would raise compliance costs and therefore fees, and force them to get rid of Main Street clients and small businesses that offer 401(k) plans. Trump’s executive order asks the Labor Department to review whether the rule needs to be changed or dumped. Both supporters and opponents are girding to argue their case. But the industry has the edge, with Trump officials stating they were planning on rolling back regulation generally and criticizing the fiduciary rule in particular. The Chamber of Commerce, one of a number of trade groups which have filed lawsuits to kill the rule, cheered Trump’s order. “We look forward to swift action from the Department of Labor in putting this delay into effect and reevaluating matters of policy and law,” the Chamber said in a statement. Shares of banks with large wealth management divisions jumped on Friday with Bank of America (BAC.N) up 2.5 percent, Morgan Stanley (MS.N) 5.5 percent stronger and Wells Fargo (WFC.N) over 2 percent higher. Insurers, whose sales of annuity products were at risk from the rule, also rose, with shares of Prudential (PRU.N) up 1.9 percent and Metlife (MET.N) 1 percent stronger. “Everyone will be pleased that DOL’s rush to get it done before the administration change is set back,” said Judi Carsrud, director of government relations for the National Association of Insurance Financial Advisors (NAIFA), which has been fighting the rule for years. NAIFA plans to pursue a “very straightforward” fix such as a “legislative approach” that directs retirement account advisers to act in clients’ best interest – a standard that Carsrud believes the group’s members already meet. The Obama administration had said conflicted advice costs American families $17 billion a year but the industry has said that figure was inflated. No-one disputes the high cost that firms would have to pay to comply with the new rule, an amount the Labor Department estimates at as much as $31 billion over the next decade. Banks have already started changing things with Bank of America saying this week it would more clearly disclose the fees it charges clients of its Merrill Lynch wealth management business. Bank of America Corp had already started cutting back on “transactional” accounts that charge clients a commission for every trade, rather than a flat fee based on assets. Morgan Stanley (MS.N) has decided to keep such accounts but is making changes that will allow advisers to work within the rule’s confines by creating new contracts, re-training advisors and updating supervisory software. Swiss bank UBS UBSN.VX welcomed Trump’s order and said it supported the creation of a fiduciary rule under the Securities and Exchange Commission, which could apply to all advisers not just retirement advisers. Wells Fargo said it would continue to work with regulators to ensure higher standards of care for investment clients. Other banks either declined to comment or were not immediately available to comment. Implementing changes was particularly tough for small-time financial advisers. Along with two colleagues, Juli McNeely, who runs McNeely Financial Services in Spencer, Wisconsin has spent between 45 and 60 hours each week since December preparing for the rule. Their work has focused largely on figuring out which clients from their rural community should now pay a flat fee for financial advice, instead of commissions, and creating new templates for paperwork. “Now we have a little breathing room to make sure we do this right and not quickly to meet a deadline,” said McNeely, who voted for Trump, in part because of his pro-business stance. One person who has yet to comment on the retirement rule review is the person who will be at the center of it — Trump’s choice to head the Labor Department, Andy Puzder. Puzder, chief executive of fastfood group CKE Restaurants, has been a vocal opponent of what he has called “overregulation” during the Obama administration. The 401(k) plans he offers his own employees are less generous than some rivals, suggesting a more industry-friendly approach. While the Labor Secretary cannot unilaterally repeal a rule, his agency can rewrite and change a rule substantially or scrap it. William Galvin, the top securities regulator in Massachusetts, described Trump’s order as “reckless”. “My office will continue to protect small investors when those in Washington cave to big business.” Not all proponents of the rule were as pessimistic. “There’s no question that in the minds of industry lobbyist, delay is just a step toward repeal,” said Barbara Roper, investor protection director for the Consumer Federation of America (CFA). “If the Department of Labor follows an honest process and considers the impact on retirement savers, we have a winning argument.”"
"According to Al-Manar TV, the president of Lebanon, Michel Aoun, is reaching out to diplomatic representatives in an effort to solve the enigma surrounding the resignation of former Prime Minister Saad al-Hariri. As reported on Thursday, discussions with ambassadors are intended to seek assistance in clarifying the events that caused Hariri's resignation, while he remains outside Lebanon, as stated by an official source to Reuters.",0,synthetic_real,"Lebanon president seeks diplomatic help on PM resignation: Al-Manar TV. BEIRUT (Reuters) - Lebanese President Michel Aoun is seeking help from diplomats to uncover the mystery surrounding ex-Prime Minister Saad al-Hariri s resignation, al-Manar TV reported on Thursday. Meetings with ambassadors aim to ask for help in clarifying the circumstances that led to the resignation of Hariri, who has yet to return to Lebanon, an official source told Reuters."
"The European Union's top court has determined that police agencies across Europe cannot enforce height requirements for recruits, as it leads to discrimination against women. This ruling came in response to a case brought by the Greek government, which had supported a minimum height standard of 1.70 meters (5 feet 7 inches) for those seeking to enter the Greek police academy. The issue arose after a female applicant's 2007 application was denied on the grounds of being too short, prompting her to claim sex discrimination. The European Court of Justice concluded that such a general height restriction was unjustifiable. It pointed out that certain police duties, like traffic control, do not necessitate specific physical traits, and even for roles requiring physical fitness, assessments could be designed in a manner that is less biased against women. In Greece, women represent 13 percent of the police force. This figure is lower compared to France, where women make up 18 percent of officers, following the removal of a 1.60-meter rule in 2010. In England and Wales, women accounted for 29 percent of police personnel, having eliminated minimum height criteria for both genders 27 years ago. Prior to 1990, women in England needed to be at least 1.60 meters tall to join the police force, which was 3 centimeters shorter than the requirement for men.",0,synthetic_real,"Greek police cut down to size: EU court rules for women. LUXEMBOURG (Reuters) - European police forces cannot impose blanket height restrictions on recruits because that discriminates against women, the EU s top court ruled on Wednesday, throwing out an argument from the Greek government. Athens had defended a minimum height requirement for entry to the Greek police academy of 1.70 meters (5 feet 7 inches) after a woman complained of sex discrimination when her application to join the force was rejected in 2007 because she was too short. But the European Court of Justice ruled that such a blanket restriction was not justified. It said some tasks in the police - it cited traffic duty - do not require special physical characteristics while even for those for which a physical aptitude is needed, tests could be less discriminatory against women. Women account for 13 percent of police officers in Greece. That compares to 18 percent in France, where a 1.60-metre rule was scrapped in 2010, and fully 29 percent in England and Wales, which abandoned minimum heights for both men and women 27 years ago. Until 1990, English women had to be at least 1.60 meters tall to join the police - 3 centimeters less than men."
"A recent bipartisan tax proposal from the Republican side has preserved the $7,500 tax credit for electric vehicles (EVs). On Friday, a compromise bill was introduced in Washington, which diverges from earlier suggestions by House Republicans to eliminate this financial incentive. This decision aligns with a Senate bill that was approved the previous month, which also kept the tax credit intact. Eliminating this financial support could have negatively impacted manufacturers such as General Motors Co (GM.N), Volkswagen AG (VOWG_p.DE), Tesla Inc (TSLA.O), and Nissan Motor Co (7201.T). Under the existing regulations, buyers can receive a $7,500 credit that helps reduce the expenses associated with purchasing plug-in electric vehicles. The tax incentive begins to decrease after a producer sells 200,000 electric vehicles. Following this threshold, consumers can still access the credit for a minimum of three additional months before it fully phases out. Currently, individuals can claim this credit on their purchases until the manufacturer reaches the sales milestone of 200,000 plug-in vehicles. Due to the high cost of batteries, electric vehicles tend to be more expensive than traditional gasoline cars. The Electric Drive Transportation Association expressed satisfaction on Friday with the decision to keep the credit in place, stating that it fosters innovation and job growth while enabling consumers to utilize advanced vehicle technologies. Earlier this week, over 50 car manufacturers and organizations, including Ford Motor Co (F.N), BMW AG (BMWG.DE), GM, and Uber Technologies Inc, urged Congress to maintain this credit in a joint letter. Former President Barack Obama had consistently suggested increasing the electric vehicle tax credit to $10,000 and turning it into a point-of-sale rebate, but this proposal was not passed by Congress. Automakers are under pressure from California and several other states to increase the production of zero-emission vehicles and have indicated that these credits are crucial for compliance.",0,synthetic_real,"Republican tax bill retains U.S. electric vehicle tax credit. WASHINGTON (Reuters) - A compromise Republican tax bill released late Friday does not eliminate a $7,500 electric vehicle tax credit as Republicans in the U.S. House of Representatives had previously proposed. The measure follows the lead of the Senate version approved last month that did not eliminate the credit. Killing the credit could have hurt automakers like General Motors Co (GM.N), Volkswagen AG (VOWG_p.DE), Tesla Inc (TSLA.O) and Nissan Motor Co (7201.T). Consumers under current law are eligible for a $7,500 tax credit to defray the cost of plug-in electric vehicles. The electric vehicle tax credit starts to phase out after a manufacturer sells 200,000 plug-in vehicles. After an automaker hits that point, the $7,500 tax credit is still available for at least three more months before phasing out.  Consumers are currently allowed to take the credit on vehicles until the manufacturer hits 200,000 plug-in vehicles sold. Electric vehicles have expensive batteries that make them pricier than gasoline-powered vehicles. The Electric Drive Transportation Association said in a statement late Friday it was pleased the credit would remain in law. “The credit supports innovation and job creation while helping drivers access advanced vehicle technology,” the group said. More than 50 automakers and other companies and groups released a letter earlier this week urging Congress to retain the credit, including Ford Motor Co (F.N), BMW AG (BMWG.DE), GM, Uber Technologies Inc. Former President Barack Obama repeatedly proposed hiking the tax credit for electric vehicles to $10,000 and converting it to a point-of-sale rebate, but Congress did not approve the measure. Automakers face mandates from California and a dozen other states to produce a rising number of zero-emission vehicles and have said the credits are essential to meeting requirements."
"U.S. Senator Susan Collins, a moderate Republican from Maine, has decided to continue her tenure in the Senate, emphasizing her commitment to healthcare issues. This announcement comes after she played a pivotal role in thwarting her party’s attempts to repeal the Affordable Care Act earlier this year. Collins, who is serving her fourth term, drew national interest this past summer as one of three Republican senators who cast votes against a repeal bill in July that many refer to as Obamacare, a decision that reportedly displeased U.S. President Donald Trump. On Friday, she expressed that remaining in her Senate position would enable her to leverage her influence for healthcare reform in the United States. In 2009, Collins, along with all Republican senators, opposed the comprehensive healthcare legislation, yet she now argues that prompt measures must be taken to enhance the system. She criticized the manner in which the repeal attempts were conducted over the summer, stating, ""When we’re dealing with an issue that affects millions of Americans, we need to understand the consequences of what we are doing, not vote on bills in the middle of the night that have had no substantive hearings,"" during remarks to business leaders in Rockland, located on Maine's midcoast. Collins emphasized the necessity for urgent actions to stabilize insurance markets, advocating for the establishment of high-risk pools. Additionally, she is proposing that employers should only be required to provide healthcare coverage to employees who work 40 hours a week or more, increasing the current threshold from 30 hours. For some time, Collins had openly considered the possibility of running for the governor's office to succeed Paul LePage, a staunch conservative who was first elected in 2010 with significant backing from the populist Tea Party movement. Due to state regulations, LePage is ineligible to pursue a third term. The political dynamics in Maine depict Collins and LePage as representing divergent factions within the state's Republican Party. According to a seasoned political analyst from Maine, her independent stance positions her as an influential figure in Washington. Mark Brewer, a political science professor at the University of Maine, remarked, ""She is at the very center of virtually every big policy debate and big vote in the U.S. Senate. She remains an incredibly important player on any issue she wants to focus on."" Senate Majority Leader Mitch McConnell recognized the significance of her decision, stating, ""Her decision to remain in the Senate is important not only for the people of Maine, who she serves so well, but for the nation as a whole.""",0,synthetic_real,"Republican Collins will stay in U.S. Senate, focused on healthcare. (Reuters) - U.S. Senator Susan Collins of Maine, a moderate Republican who helped block her party’s efforts to repeal the Affordable Care Act this year, said she planned to remain in her current office rather than run for governor. The four-term incumbent attracted national attention this summer as one of three Republican senators who voted in July against a bill to repeal the law often called Obamacare, a move that angered U.S. President Donald Trump. She said on Friday that remaining in the Senate would allow her to use her powerful voice in reforming the U.S healthcare system. Collins, who like all Republicans in the Senate in 2009 voted against the sweeping healthcare legislation, said she believed urgent action was needed to improve it but criticized the way repeal efforts had been handled over the summer. “When we’re dealing with an issue that affects millions of Americans, we need to understand the consequences of what we are doing, not vote on bills in the middle of the night that have had no substantive hearings,” Collins, 64, told a group of business leaders in Rockland, a city on the state’s midcoast.  “We must stop allowing partisanship to be the pre-existing condition that prevents meaningful healthcare reform.” Urgent action is needed to stabilize the insurance markets, including creating high-risk pools, she said. She wants to require employers to offer healthcare coverage only to people who work 40 hours a week or more, raising the threshold from 30 hours. For weeks, Collins had flirted publicly with the idea of launching a bid to succeed Governor Paul LePage, a fiery conservative first elected in 2010 on a wave of support from the populist Tea Party movement. State laws forbid LePage from seeking a third term. Collins and LePage mark out the two poles of the state’s Republican Party. Collins’ independence makes her an increasingly powerful player in Washington, one veteran Maine political observer said. “She is at the very center of virtually every big policy debate and big vote in the U.S. Senate,” said Mark Brewer, professor of political science at the University of Maine. “She remains an incredibly important player on any issue she wants to focus on.” Senate Majority Leader Mitch McConnell welcomed the news: “Her decision to remain in the Senate is important not only for the people of Maine, who she serves so well, but for the nation as a whole.”"
"A recent tax proposal by the Republicans could have significant implications for large multinational corporations, potentially disrupting their global supply chains. The tax legislation introduced last week in the U.S. Congress includes a 20-percent levy on cross-border transactions that these businesses frequently engage in among their affiliated units. European multinational enterprises, who currently benefit from minimal U.S. tax obligations on their American earnings due to existing tax treaties and the shifting of profits to their home countries or tax-friendly regions, may face severe consequences if the suggested tax is enacted, according to various tax specialists. Furthermore, some experts caution that the proposal might conflict with international tax agreements, the regulations of the World Trade Organization, and other global norms that prohibit the double taxation of profits, particularly if the new tax does not consider the income taxes already paid in other nations. Hidden within the extensive 429-page bill that has President Donald Trump's backing, the proposed excise tax has taken corporate tax strategists off guard, prompting them to quickly analyze its implications and objectives, as well as the likelihood of a Congressional vote on it. Seven multinational firms and four industry organizations were contacted by Reuters for their perspectives; however, none provided specific comments regarding the proposal, with most indicating they were still in the process of reviewing the entire tax package. This initiative is part of a wider tax reform effort revealed by House Republicans on Thursday, aimed at reducing tax burdens and streamlining the tax code. The ultimate fate of these proposed reforms remains uncertain, as extensive debates and vigorous lobbying efforts are expected to unfold in the coming weeks and months. Overall, the House package has faced backlash for purportedly exacerbating the federal budget deficit and disproportionately benefitting the wealthy and large corporations. Nevertheless, experts assert that certain elements of the corporate tax section, including ambitious proposals, merit further exploration. The 20 percent excise tax is viewed as one such measure aiming to address the misuse of transfer pricing, which allows multinationals to set prices for goods, services, and intellectual property that circulate among their various national units. According to global standards, these prices should mirror those found in the open market. However, when a foreign parent company charges inflated prices to U.S. affiliates, it can lower its U.S. tax liability and effectively shift profits to jurisdictions with lower tax rates, thereby minimizing the overall tax burden on the corporation. ""There is clearly an issue with transfer pricing, and action must be taken,"" stated Steven Rosenthal, a senior fellow at the Tax Policy Center, a nonpartisan think tank based in Washington. He added, ""I would consider this 20-percent excise tax a blunt tool to tackle the issue. The downside of blunt tools is that they may sometimes hit the intended target, but they can also affect unintended targets."" Rosenthal previously served as legislative counsel at the Joint Tax Committee in Congress. Under the new proposal, U.S. business entities that import goods, pay royalties, or make other tax-deductible, non-interest payments to foreign parents or affiliates during business operations would either incur a 20-percent tax on these transactions or agree to classify the payments as income related to their U.S. business, thus subjecting them to U.S. taxation. As outlined, the new tax regulation would apply solely to enterprises with payments exceeding $100 million from U.S. units to foreign affiliates. The implementation of this rule is set to occur only after 2018. According to Michael Mundaca, co-director of the national tax department at Ernst & Young, European firms that distribute foreign-made products into the U.S. market via local distribution units could be significantly impacted. These companies may find themselves liable for taxes on the transfers twice: first, by paying the excise tax in the United States, and subsequently, at home, where they currently pay taxes and where the new U.S. tax would not be acknowledged without modifications to bilateral tax treaties.",0,synthetic_real,"Multinationals grapple with Republican excise tax surprise. WASHINGTON/LONDON (Reuters) - The Republican tax bill unveiled last week in the U.S. Congress could disrupt the global supply chains of large, multinational companies by slapping a 20-percent tax on cross-border transactions they routinely make between related business units.   European multinationals, some of which currently pay little U.S. tax on U.S. profits thanks to tax treaties and diversion of U.S. earnings to their home countries or other low-tax jurisdictions, could be especially hard hit if the proposed tax becomes law, according to some tax experts. Others said the proposal could run afoul of international tax treaties, the World Trade Organization and other global standards that forbid the double taxation of profits if the new tax did not account for income taxes paid in other countries. The proposed tax, tucked deep in the 429-page bill backed by President Donald Trump, caught corporate tax strategists by surprise and sent them scrambling to understand its dynamics and goals, as well as whether Congress is likely ever to vote on it. Reuters contacted seven multinational companies and four industry groups. None would comment directly on the proposal, with most saying they were still studying the entire tax package. The proposal is part of a broad tax reform bill unveiled by House of Representatives Republicans on Thursday, which promises to lower overall tax burdens and simplify the tax code. Whether the proposed reforms ever become law is uncertain, with weeks and possibly months of debate and intense lobbying still ahead. The House package overall has drawn criticism for adding too much to the federal budget deficit and too heavily favoring the rich and big business. However, the corporate tax part, experts said, included some ambitious proposals worthy of further discussion. They said the 20 percent excise tax is one such proposal targeting the abuses of so-called transfer-pricing where multinationals themselves set prices of goods, services and intellectual property rights that constantly move between their national business units. Under global standards, those prices should resemble those available on the open market. However, if a foreign parent charges U.S. affiliates inflated price, it can reduce its U.S. tax bill and effectively shift profits to a lower-tax country, reducing the entire corporation’s overall tax costs. “Clearly there’s a transfer-pricing issue and something should be done,” said Steven Rosenthal, senior fellow at the Tax Policy Center, a nonpartisan Washington think tank. “I would view this 20-percent excise tax as a blunt instrument to address the problem. And the problem with blunt instruments is sometimes they hit what you want to hit, and sometimes they hit what you don’t want to hit,” said Rosenthal, former legislation counsel at Congress’s Joint Tax Committee. Under the proposal, U.S. business units that import products, pay royalties or other tax-deductible, non-interest fees to foreign parents or affiliates in the course of doing business would either pay a 20-percent tax on these or agree to treat the amounts as income connected to their U.S. business and subject to U.S. taxes. As proposed, the new tax rule would apply only to businesses with payments from U.S. units to foreign affiliates exceeding $100 million. The rule would not take effect until after 2018. European companies that sell foreign-made products into the U.S. market through local distribution units could be among those most affected, said Michael Mundaca, co-director of the national tax department at the accounting firm Ernst & Young. Such companies could end up paying tax on the transfers twice - first if they paid the excise tax in the United States and then at home where they are taxed now and where the new U.S. tax would not be accounted for without changes to bilateral tax treaties. “That would be a structure that would at least initially be hit by the full force” of the excise tax, said Mundaca, a former U.S. Treasury Department assistant secretary for tax policy. He said European officials would be registering concern. “I am sure they are making calls right now to their counterparts in the U.S. Treasury looking for some explanation ... and making the point that this might be contrary to treaty obligations.” Gavin Ekins, an economist at the Tax Foundation, a conservative think tank, predicted that most multinationals would opt to avoid the excise tax by electing to pay U.S. corporate tax on all the profits related to products sold in the United States. Those include profits on activities conducted overseas, like manufacturing or research, which are also subject to foreign income taxes. The U.S. corporate tax rate on those profits would drop to 20 percent from 35 percent if the House bill becomes law. The promise of additional revenue and hopes that the new tax may entice multinationals to locate more production and jobs in the United States, may well outweigh international concerns. The entire Republican tax package is projected to add $1.5 trillion over 10 years to the $20 trillion federal debt and the planned excise tax is among sources of new revenue needed to avoid an even bigger shortfall. It is expected to bring about $155 billion over 10 years, according to a summary of the Republican proposal distributed last week. Still, as the tax debate heats up, foreign multinationals are likely to lobby hard against it, with domestic corporations linked to foreign affiliates possibly concerned as well. There is also uncertainty how the new rules would work in practice.  It was unclear, for example, from the bill’s language how companies should calculate income “effectively connected” to their U.S. business, Tax Foundation’s Ekins said. “You don’t know what profit is included when you choose ‘effectively connected income’ and don’t know the formula,” he said. “Is it just for that product line? All the income that comes in from every other company or from every other source?” The House tax committee was scheduled to begin considering amendments to the Republican tax bill on Monday."
"On Monday, U.S. President Donald Trump indicated that after the completion of the Republican tax reform, he intends to address healthcare, infrastructure, and welfare reforms. The party has committed to finalizing the tax overhaul by the year's end. Trump mentioned to reporters at the White House, prior to a meeting with his Cabinet members, ""We’ll be submitting plans on healthcare, plans on infrastructure and plans on welfare reform, which is desperately needed in this country, soon after taxes.""",0,synthetic_real,"Trump: Healthcare, infrastructure, welfare reforms up next after taxes. WASHINGTON (Reuters) - U.S. President Donald Trump on Monday said he plans to take up  healthcare, infrastructure and welfare reform issues soon after Republicans’ tax overhaul is finalized, which the party has pledged to complete by the end of the year. “We’ll be submitting plans on healthcare, plans on  infrastructure and plans on welfare reform, which is desperately needed in this country, soon after taxes,” he told reporters at the White House ahead of a meeting with his Cabinet secretaries."
"NEW YORK (Reuters) - On Thursday, President Donald Trump announced that additional sanctions would be imposed on North Korea. The situation has become increasingly tense in recent weeks due to Pyongyang's missile and nuclear weapons developments, despite significant pressure from global powers. In response to a question during a meeting with Afghan President Ashraf Ghani, Trump stated, ""We will be putting more sanctions on North Korea."" Regarding Afghanistan, he mentioned that the U.S. military was focusing more on leadership than combat.",0,synthetic_real,"Trump says will be putting more sanctions on North Korea. NEW YORK (Reuters) - President Donald Trump said on Thursday the United States would be adding more sanctions on North Korea. Tensions have escalated in recent weeks over Pyongyang s missile and nuclear weapons program, despite intense pressure from world powers.  We will be putting more sanctions on North Korea,  Trump said in response to a question at a meeting with Afghan president Ashraf Ghani. On Afghanistan, Trump said the U.S. military was doing more leading than fighting."
"At a fundraising event for the Democratic National Committee, President Barack Obama did not express any preference regarding candidates for the Democratic presidential nomination, according to White House representative Josh Earnest, who spoke to journalists on Thursday. When questioned about a report from the New York Times, Earnest clarified that Obama urged Democratic supporters to unite behind candidate Hillary Clinton during the event held in Austin, Texas, the previous weekend.",0,synthetic_real,"Obama did not indicate preference for Democratic candidate: White House. WASHINGTON (Reuters) - President Barack Obama did not specify a candidate preference in the race for the Democratic presidential nomination at a Democratic National Committee fundraising event, White House spokesman Josh Earnest told reporters on Thursday. Earnest was asked about a New York Times report that said Obama told Democratic donors to rally behind candidate Hillary Clinton during the fundraiser in Austin, Texas last weekend."
"A memoir by Emperor Hirohito, which details Japan's descent into World War Two, has been acquired by a Japanese cosmetic surgeon who has faced backlash for his pro-Nazi sentiments. The surgeon, Katsuya Takasu, purchased the document at auction for $275,000. Takasu, a familiar face on Japanese television, has drawn criticism from the Simon Wiesenthal Center, a Jewish human rights organization, for his comments that downplay Japan's wartime crimes and label events like the Holocaust and the Nanjing massacre as fabrications. In a Twitter post from October 2015, Takasu stated, ""I believe both Nanjing and Auschwitz are fabrications."" While he acknowledged that Jews faced persecution, he has also expressed admiration for the contributions of Nazi scientists to various fields, including science and medicine. In a statement to Reuters on Thursday, Takasu explained that he purchased the handwritten memoir, referred to as the ""Emperor's Monologue,"" because he believed it carried important messages for the Japanese populace and royal family and should remain in Japan. This document, which records events from the 1920s, includes Hirohito's expressed determination not to oppose any future cabinet decisions. When it was made public in 1990, the memoir sparked significant debate regarding the emperor's accountability for the war. The account was dictated to one of Hirohito's aides in 1946, during Japan's occupation by Allied forces following its defeat, at a time when there was a possibility that the emperor could be prosecuted as a war criminal, a scenario that ultimately did not materialize. In a telephone interview, Takasu claimed that his social media comments had been deliberately misconstrued. He remarked, ""The criticism comes from those who have selectively chosen some of my tweets and interpreted them with malice, and it is a misinterpretation. If you examine all my tweets, it is clear that I oppose Nazism. However, I do hold in high regard the remarkable medical advancements made during that period."" Nonetheless, Takasu maintained that he believed the figures related to the Holocaust and the Nanjing massacre have been overstated, a viewpoint often held by Japanese ultra-nationalists. According to China, Japanese soldiers were responsible for the deaths of 300,000 individuals in Nanjing from December 1937 to January 1938, while an Allied tribunal estimated the toll at approximately half that number. Takasu posed the question, ""It is claimed that six million or seven million were killed in the Holocaust, but could it not have been several tens of thousands?"" He further questioned, ""It is asserted that 300,000 were killed in the Nanjing massacre, but could it not have been merely 6,000 to 7,000 instead? That was the point I was making regarding fabrication."" The memoir concludes with Hirohito stating that had he opposed the decision to enter the war, it would have led to a civil war that would have been even more devastating, ultimately resulting in the destruction of Japan, according to the auction house Bonhams' website. Scholars indicate that Japan has never fully examined Hirohito's role in the war, largely due to the decision by U.S. occupation authorities to retain the emperor as a symbol for the newly democratic nation. When questioned about Hirohito's accountability for the war, Takasu expressed that the late emperor was absolved when he declared he would sacrifice his life for the Japanese people. He concluded, ""At the moment the emperor made that statement, he bore no guilt.""",0,synthetic_real,"Emperor Hirohito's memoir bought by Japan surgeon criticized for praising Nazis. TOKYO (Reuters) - A Japanese cosmetic surgeon criticized for praising Nazis and playing down Japan s wartime atrocities won an auction for a memoir by Emperor Hirohito that chronicles the nation s slide into World War Two, paying $275,000 for the document. Katsuya Takasu, who often appears on TV shows in Japan, has been blasted by a Jewish human rights body, the Simon Wiesenthal Center, for violating  all norms of decency  by dismissing as fabrications the Holocaust and the Nanjing massacre in China.  I think both Nanjing and Auschwitz are fabrications,  Takasu said in a message on social network Twitter in October 2015.  There was no doubt that the Jews were persecuted,  he has tweeted, but also praised Nazi scientists  contributions to science, medicine and other fields. Contacted by Reuters on Thursday, Takasu said he bought the handwritten document, known as the  Emperor s Monologue , because he thought it contained a message to royals and the Japanese people, and should be kept in Japan. The document record events dating from the 1920s, such as Hirohito s stated resolve not to oppose future cabinet decisions. It caused a sensation when made public in 1990, reigniting a debate over the emperor s responsibility for the war. The account was dictated to one of Hirohito s aides in 1946, when a defeated Japan was occupied by Allied forces and the emperor faced the possibility of being tried as a war criminal - a step that ultimately was not taken. In a telephone interview, Takasu said his social media posts had been intentionally misunderstood.  It (the criticism) is from those who have skillfully picked out some of my tweets and maliciously interpreted them and it is a misunderstanding,  he said.  If you look at all my tweets, I am clearly against Nazism. But I do highly evaluate the wonderful medicine of that era.  But Takasu added that he thought the number of people killed in the Holocaust and the Nanjing massacre had been exaggerated - a stance common among Japanese ultra-nationalists. China says Japanese troops killed 300,000 people in Nanjing between December 1937 and January 1938, while an Allied tribunal put the death toll at about half that.     What I wanted to say was that it is said that six million or seven million were killed (in the Holocaust) but was that not  several tens of thousands?  Takasu asked.  It is said that 300,000 were killed in the Nanjing massacre but was that not 6,000 to 7,000 people instead? That is what I meant by  fabrication.   Hirohito s memoir ends with his statement that if he had vetoed the decision to go to war, it would have resulted in a civil conflict that would have been even worse and  Japan would have been destroyed,  auction house Bonhams said on its website. Academics say Hirohito s responsibility for the war has never been fully pursued in Japan, largely due to U.S. occupation authorities  decision to retain the emperor as a symbol of a newly democratic nation. Asked about Hirohito s responsibility for the war, Takasu said that, in his view, the late emperor was absolved when he said he would give his life for the Japanese people.  At the point the emperor made that comment, he had no sin,  he added."
"During a visit to Elkhart, Indiana, President Barack Obama criticized Donald Trump’s intention to roll back Wall Street regulations, while highlighting his own achievements in the economy. This trip occurred on Wednesday, and it marked a return to a city he visited shortly after taking office, which has since bounced back from the depths of recession. Obama’s comments in Elkhart hinted at the themes he will likely address throughout his campaigning this autumn against what seems to be the Republican presidential nominee. Although he refrained from mentioning Trump directly, he expressed strong disapproval of the billionaire’s proposed policies, particularly the plan to undo significant aspects of the Dodd-Frank financial regulations in the U.S. “How is it possible that someone would suggest we ease restrictions on Wall Street? Have we truly forgotten what transpired eight years ago?” Obama remarked, his tone reflecting frustration. “The idea that one would support anyone who is willing to let them revert to practices that nearly shattered our economy is illogical. It doesn’t matter if you are a Republican, Democrat, or an independent; why would you consider such an option?” As his term approaches its end in January, Obama is keen on having a Democrat follow in his footsteps to preserve his legacy regarding economic policies, healthcare reform, and climate change initiatives. By visiting Elkhart, he aimed to showcase the effectiveness of his administration’s policies despite ongoing Republican criticism. In early 2009, his appearance in the city was set against the backdrop of a struggle in Congress to approve an economic stimulus plan valued at approximately $800 billion. The unemployment rate in Elkhart peaked at 19.6 percent in 2009, according to the White House; it currently stands around 4 percent. Indiana's Republican Governor Mike Pence contended that the city’s recovery was due to the residents’ efforts, contrary to the claims that it was a result of Obama’s policies. He expressed this viewpoint in an opinion piece published in “The Elkhart Truth,” stating, “I believe the people of Elkhart ... have brought our economy back in spite of the burdens that higher taxes, mandates, and increasing regulations from Washington, D.C., have placed on them.” Although Obama has not officially endorsed Hillary Clinton, the former Secretary of State, in her competition for the Democratic presidential nomination against Vermont Senator Bernie Sanders, he has shown enthusiasm to support the eventual nominee. He referenced Bill Clinton, her husband and former president, in his address, pointing out that both their administrations had seen a reduction in deficits. Furthermore, he asserted that Republicans have favored the wealthy by attributing blame for economic struggles to poor individuals, minorities, feminists, and immigrants. “The primary narrative Republicans have been telling about the economy is not substantiated by the facts. It’s simply not,” Obama declared to an audience that largely backed him at a high school event.",0,synthetic_real,"Obama slams Trump for promising to roll back Wall Street reforms. ELKHART, Ind. (Reuters) - President Barack Obama slammed Donald Trump’s proposal to weaken Wall Street reforms and touted his own economic record on Wednesday during a trip to a city he visited three weeks into his presidency that has recovered from its recession lows. Obama’s remarks in Elkhart, Indiana, foreshadowed the arguments he is likely to make on the campaign trail this fall against the likely Republican presidential nominee. Obama did not mention Trump by name, but he lambasted the billionaire’s policy proposals, particularly his promise to dismantle most of the U.S. Dodd-Frank financial regulations. “How it is that somebody would propose that we weaken regulations on Wall Street? Have we really forgotten what just happened eight years ago?” Obama said, sounding exasperated. “The notion that you would vote for anybody who would now allow them to go back to doing the same stuff that almost broke our economy’s back makes no sense. I don’t care whether you are a Republican, or a Democrat or an independent, why would you do that?” Obama, who leaves office in January, is eager to have a Democrat succeed him to ensure his legacy on the economy, healthcare reform and climate change continues. By going to Elkhart, the president sought to illustrate the success of his policies in the face of Republican opposition. His trip to the city in early 2009 came in the middle of a fight for the U.S. Congress to pass a roughly $800 billion economic stimulus package. Elkhart had an unemployment rate as high as 19.6 percent in 2009, the White House said; it is now around 4 percent.  Indiana’s Republican Governor Mike Pence said the city had recovered despite Obama’s policies, not because of them. “I believe the people of Elkhart ... have brought our economy back in spite of the burdens that higher taxes, mandates and increasing regulations from Washington, D.C. have placed on them,” he wrote in an opinion piece published in “The Elkhart Truth.” Obama has not endorsed former Secretary of State Hillary Clinton in her race for the Democratic presidential nomination against Bernie Sanders, the U.S. senator from Vermont, but he has made his eagerness to campaign for the winner clear. He name checked Clinton’s husband, former President Bill Clinton, by noting deficits had fallen under both of their administrations, and he said Republicans had helped the rich by blaming poor people, minorities, feminists, and immigrants for squeezing the economic wellbeing of the middle class. “The primary story that Republicans have been telling about  the economy is not supported by the facts. It’s just not,” Obama said to a largely supportive crowd at a local high school."
"On Saturday, Donald Trump, the Republican candidate for president, intensified his personal criticism of Democratic rival Hillary Clinton as he aimed to recover from a challenging week in his campaign. In a rally held in Manheim, Pennsylvania, Trump raised questions about Clinton's physical ability to serve as president, saying she ought to be imprisoned due to her management of classified emails. This attack came after Trump faced extensive backlash for a public dispute with a former beauty queen. With the second presidential debate against Clinton approaching on Nov. 8, he sought to shift the narrative with a strong negative focus on her. Simultaneously, it was reported by the New York Times that Trump had declared a staggering $916 million loss in his 1995 tax returns, a deduction so significant that it might have enabled him to evade federal income taxes for several years. Trump has not disclosed his tax documents, citing an ongoing federal audit as the reason. During the rally, Trump cast doubt on Clinton’s capability to handle presidential responsibilities, referencing her recent struggle with pneumonia. He attempted to revive an old strategy he had used against Jeb Bush, a previous Republican opponent, whom he labeled as ‘low energy.’ Clinton had kept her pneumonia diagnosis private until she was observed nearly collapsing while entering her vehicle at a memorial for the Sept. 11, 2001, attacks in New York City. Listing various global issues, Trump remarked, 'She’s supposed to fight all of these things and she can’t make it 15 feet to her car. Give me a break.' 'Folks, stamina is essential. We need energy and individuals who can negotiate deals effectively,' he emphasized. Trump frequently urges crowds, who chant ‘lock her up’ regarding her use of a private email server during her tenure as U.S. secretary of state from 2009 to 2013, to focus on defeating her instead. However, on this occasion, he declared to the audience of thousands that Clinton’s mishandling of classified emails and the deletion of 33,000 emails she categorized as personal warranted her imprisonment. Moreover, Trump expressed skepticism about Clinton's loyalty to her supporters, laughing as he stated, 'I don’t even think she’s loyal to Bill, to tell you the truth. And why should she be, right? Why should she be?' This comment referenced the 1998 scandal involving Clinton’s husband, former President Bill Clinton, and former White House intern Monica Lewinsky. Following what was generally perceived as a loss in the first debate against Clinton last Monday, Trump has pointed to online polls that indicate he was victorious. Since then, he has struggled to regain his footing, becoming embroiled in a dispute with Alicia Machado, a former Miss Universe, who had been the target of his criticism regarding her weight gain.",0,synthetic_real,"In search of rebound, Trump ramps up attacks on Clinton. MANHEIM, Pa. (Reuters) - Republican presidential nominee Donald Trump closed out a rough week for his campaign on Saturday by escalating personal attacks on Democrat Hillary Clinton, questioning her stamina and saying she should be in prison for her handling of classified emails. After a week in which he drew wide criticism for a public feud with a former beauty queen, Trump sought to rebound with a highly negative attack on his opponent in the Nov. 8 election, with a second presidential debate against her looming in a week. At the same time, the New York Times reported it had obtained records showing Trump declared a $916 million loss on his 1995 income tax returns, a deduction so large that it may have allowed him to avoid paying any federal income taxes for years. Trump has refused to release his tax records, saying he is under a federal audit. At a rally in Manheim, Pennsylvania, Trump said he did not believe Clinton, who suffered a bout of pneumonia last month, was up to the task of being president. He tried to resurrect a tactic he employed against former Republican rival Jeb Bush, who Trump had derided as “low energy.” Clinton kept her pneumonia diagnosis private until she was seen nearly collapsing while getting into her vehicle at a ceremony marking the Sept. 11, 2001, attacks in New York. Ticking off a list of world problems, Trump said, “She’s supposed to fight all of these things and she can’t make it 15 feet to her car. Give me a break.” “Folks, we need stamina, we need energy, we need people who are going to turn deals around,” Trump said. Trump has often told crowds who chant “lock her up” over her use of a private email server as U.S. secretary of state from 2009 to 2013 to instead help him defeat her. But on Saturday, Trump told thousands of supporters that Clinton’s handling of classified emails and destroying of 33,000 emails that she had deemed of a personal nature meant that “she should be in prison, let me tell you.” Trump did not stop there. He said he did not believe Clinton would be loyal to her supporters and chuckled, “I don’t even think she’s loyal to Bill, to tell you the truth. And why should she be, right? Why should she be?” In 1998, Clinton’s husband, former President Bill Clinton, was caught up in a sex scandal involving former White House intern Monica Lewinsky. Trump was widely seen as having lost his first presidential debate with Clinton last Monday although he cites online polls showing he won. In the days since the debate, Trump has been struggling to regain his footing, getting caught up in a back-and-forth with former Miss Universe Alicia Machado, who Trump had criticized for gaining weight."
"On Thursday, the U.S. Senate addressed a technical complication that had delayed a new sanctions package against Russia, yet the proposal is likely to encounter resistance in the House, potentially leading to further postponements, according to lawmakers. The Countering Iran’s Destabilizing Activities Act, which incorporates the Russia sanctions, was approved by the Senate with a vote of 98-2 on June 15. Numerous legislators expressed a desire for the bill to be enacted before President Donald Trump's upcoming meeting with Russian President Vladimir Putin in Germany next week, conveying a strong message. However, the Senate's progress was hindered when Republican leaders in the House claimed it breached a constitutional stipulation that requires revenue-affecting legislation to initiate in the House, referred to as a ""blue slip"" violation. Since then, there has been ongoing contention between lawmakers from both chambers. Democrats have criticized House Republicans for allegedly attempting to obstruct the bill to appease Trump, particularly after administration officials voiced apprehensions about it. House Republican leaders maintained that their concerns were purely procedural. ""The speaker has made clear that we will take up sanctions once the House receives it,"" remarked AshLee Strong, a spokesperson for Speaker Paul Ryan. The Senate managed to resolve the procedural complication on Thursday. Nevertheless, due to Congress' recess next week, the House is not expected to vote until after the G20 summit. ""This is now going to be a referendum on the Republican leadership; if they choose to align with the president's indulgence of Putin and the Russians, that will define their legacy,"" stated Representative Eliot Engel, the leading Democrat on the House Foreign Affairs Committee. Engel and Republican committee chair Ed Royce have expressed a desire for the sanctions to be enacted swiftly. Some Republican members in the House are expressing caution. Representative Pete Sessions, representing Texas, which is crucial to U.S. energy, indicated he sought guarantees regarding the bill's impact on businesses. Representative Mark Meadows mentioned he would scrutinize the bill further after consulting with the ambassadors from Italy, Germany, and Britain, who raised energy-related concerns. ""It could potentially run into trouble. But it’s too early to tell,"" Meadows commented. This legislation aims to codify sanctions that were previously instituted through executive orders by ex-President Barack Obama. It encompasses sanctions targeting mining and other sectors, holding accountable Russians involved in cyber attacks or supplying weaponry to the Syrian government. Additionally, it introduces a review mechanism requiring Trump's consent from Congress before any sanctions on Russia can be lifted.",0,synthetic_real,"Senate revises Russia sanctions bill, sends it to House. WASHINGTON (Reuters) - The U.S. Senate resolved a technical issue on Thursday that had stalled a new package of sanctions on Russia but the measure faces opposition in the House that could mean more delays, lawmakers said. The Countering Iran’s Destabilizing Activities Act, which also includes the Russia sanctions, passed the Senate in a 98-2 vote on June 15.   Many lawmakers hoped the bill would become law in time to send a strong message to Russian President Vladimir Putin before President Donald Trump’s meeting with him in Germany next week.  But the Senate bill stalled when House Republican leaders said it violated a constitutional requirement that legislation affecting revenues originate in the House, known as a “blue slip” violation. Lawmakers from the two chambers have bickered about it since. Democrats accused House Republicans of trying to kill the bill to please Trump after administration officials said they had concerns about it. House Republican leaders insisted their objection was solely a procedural one. “The speaker has made clear that we will take up sanctions once the House receives it,” said AshLee Strong, a spokeswoman for Speaker Paul Ryan. The Senate resolved the procedural issue on Thursday. But the delay means the House will not vote until after the G20, because of Congress’ recess next week. “This is now going to be a referendum on the Republican leadership, if they are going to go along with the president’s coddling of Putin and the Russians, then that will have to be their legacy,” said Representative Eliot Engel, the top House Foreign Affairs Committee Democrat. Engel and Republican committee chairman Ed Royce have said they want the sanctions passed quickly. Some House Republicans have reservations. Representative Pete Sessions, whose home state of Texas is central to U.S. energy, said he wanted assurances about how the bill would affect businesses. Representative Mark Meadows said he would look at the bill closely after hearing from the Italian, German and British ambassadors, who had energy-related concerns. “It could potentially run into trouble. But it’s too early to tell,” Meadows said. The legislation would put into law sanctions previously established via ex-President Barack Obama’s executive orders. It includes sanctions on mining and other industries, and targets Russians responsible for cyber attacks or supplying weapons to Syria’s government. It also sets up a review process that would require Trump to get Congress’ approval before easing sanctions on Russia."
"BAMAKO (Reuters) - On Tuesday, an attack on a convoy carrying the president of the High Court of Justice in central Mali resulted in the deaths of five soldiers from the Malian army and one civilian, according to a statement from the defense ministry. The identity of the attackers remains uncertain, but the targeting of such a high-profile individual, alongside the military casualties, highlights the worsening security challenges in Mali, where jihadist factions are increasingly active across the vast desert regions of the country. The convoy, which was transporting Abdrahamane Niang, was ambushed while traveling between the towns of Dia and Diafarab in the Mopti area, situated approximately 500 kilometers (311 miles) northeast of Bamako, the capital. The army managed to rescue Mr. Niang and his spouse. The official report confirmed six fatalities: five members of the Malian armed forces and the driver for the Honorable Niang, while noting that there were additional injuries among others. Further specifics regarding the ambush were not disclosed. The proliferation of jihadist organizations, some affiliated with al Qaeda and the Islamic State, continues to undermine stability in Mali, four years after French forces successfully pushed back an Islamist uprising that originated in 2012. Currently, around 4,000 French troops are involved in Operation Barkhane, collaborating with approximately 10,000 U.N. peacekeepers stationed in Mali. However, assaults targeting peacekeeping forces, humanitarian workers, and the Malian military have become frequent. Earlier this month, four U.S. Special Forces personnel lost their lives in neighboring Niger, reportedly at the hands of militants thought to be linked to a local Islamic State group operating out of Mali. This month, the G5 Sahel, an anti-terrorism coalition comprising troops from Mali, Niger, Burkina Faso, Chad, and Mauritania, is set to initiate its first joint missions aimed at combating Islamists in the Sahel.",0,synthetic_real,"Six dead after ambush on Malian High Court's president. BAMAKO (Reuters) - Five Malian soldiers and one civilian were killed in central Mali on Tuesday during an ambush on a convoy of the president of the High Court of Justice, the defense ministry said in a statement.  It was not clear who was responsible for the attack, but the high level target and army deaths point to the deteriorating security situation in Mali due to the growing reach of jihadist groups that roam country s vast desert expanses.  The convoy of Abdrahamane Niang was traveling between the towns of Dia and Diafarab  in the Mopti region, about 500 kilometers (311 miles) northeast of the capital Bamako, when it was attacked.   Mr. Niang and his wife were recovered by the army. However, we report 6 deaths: five soldiers of the Malian army and the driver of the Honorable Niang,  the statement said, adding that others had been wounded.  No other details of the attack were given.  The rise of jihadist groups   some linked to al Qaeda and Islamic State   continues to destabilize Mali, four years after French troops beat back an Islamist insurgency that began in 2012.  Around 4,000 French soldiers remain as part of Operation Barkhane, where they work alongside around 10,000 U.N. peacekeepers in Mali. But attacks on peacekeepers, aid workers and the Malian military are common.  Four U.S. Special Forces troops were killed earlier this month in neighboring Niger by fighters believed to belong to a local Islamic State affiliate operating out of Mali.  The G5 Sahel, an anti-terrorism taskforce of soldiers from Mali, Niger, Burkina Faso, Chad and Mauritania, plans to launch its first joint operations this month to target Islamists in the Sahel."
"BEIRUT (Reuters) - Syrian opposition fighters are calling on President Donald Trump to act on his commitment to establish safe zones within their nation, though experts express skepticism about whether he will take such a step that could lead the U.S. deeper into conflict, accelerate Syria’s disintegration, and provoke tensions with Russia. In an interview with ABC News on Wednesday, Trump stated he ""will absolutely do safe zones in Syria"" for those fleeing violence, criticizing Europe for its decision to accept millions of Syrian refugees. For a long time, Bashar al-Assad’s adversaries have requested safe zones aimed at protecting civilians escaping from government airstrikes and assaults on regions held by rebels. However, in light of the ambiguous nature of Trump’s announcement, representatives of the insurgents voiced a tempered sense of hope. ""We haven’t observed any tangible outcomes from (U.S.) declarations made six years ago. Therefore, we wait for action before anything else,"" remarked Fares al-Bayoush, a commander among the rebels in northwestern Syria. Qatar, a supporter of the opposition, welcomed Trump’s remarks, underscoring the necessity for safe havens in Syria and advocating for the establishment of no-fly zones to safeguard civilians. While there has been no immediate response from Damascus, it is anticipated that the government will oppose such initiatives, as Assad has pledged to reclaim full control of Syria. Iran, which supports various militias including Hezbollah from Lebanon, is also likely to resist any U.S. involvement. Russia indicated that it had not been consulted about Trump’s plans, cautioning that it should not ""exacerbate the situation with refugees"" and advising Washington to consider ""all the consequences."" The introduction of safe zones would signify a significant alteration in U.S. policy. Former President Barack Obama had been hesitant regarding an initiative that would necessitate defending these zones against the Syrian government or its foreign allies, including Russia. Trump seems to perceive safe zones as a strategy to mitigate the influx of refugees, which he views as a potential threat to national security. However, there are no clear solutions regarding how the United States could navigate the challenges that have hindered the establishment of safe zones in Syria previously, including the complexities associated with managing such areas amid a conflict rife with armed factions. ""Currently, this is largely a matter of political maneuvering,"" stated Yezid Sayigh, a senior fellow and Syria expert at the Carnegie Middle East Center in Beirut. ""I don’t believe it signals an imminent U.S. intervention."" Trump might instruct the State Department and the Pentagon to formulate a plan that could also create ""safe areas"" in neighboring countries where millions of refugees already reside. The Syrian government is hopeful that Trump will cease U.S. backing for the rebels opposing Assad and redirect American policy to focus solely on combating Islamic State, possibly in collaboration with Russia. Trump has suggested that he intends to pursue both paths. Nearly six years of conflict have transformed Syria into a fragmented landscape, with territories controlled by Assad, various rebel factions, and Kurdish militias or Islamic State fighters. Discussions about safe zones in Syria have previously concentrated on areas held by rebels in the northwest, extending from Idlib province to the Euphrates river. Regions in the southwest, near the Jordan border, have also been considered as potential sites. However, complications have escalated since the Syrian opposition initially advocated for safe zones, particularly with the involvement of Russia’s air force in Syria. Protecting a safe zone from assaults by the Syrian government or its allies backed by Russia and Iran would inevitably lead to an escalation, a concern that contributed to Obama’s reluctance to pursue this avenue in the past, Sayigh noted. Another significant issue would be determining how to enforce the area’s neutrality to maintain its status as a safe zone, he added. While much of Trump’s strategy concerning Syria remains uncertain, the Syrian Kurdish forces, who have generally avoided direct conflict with Assad, appear poised to continue playing a key role in U.S. strategy. The Syrian Kurdish YPG militia has control over significant portions of northeast Syria, where tensions with the government persist.",0,synthetic_real,"Syria rebels await action from Trump on safe zones, Damascus silent. BEIRUT (Reuters) - Syrian rebels urged President Donald Trump to fulfill a pledge to create safe zones in their country, but analysts doubted he would proceed with a step that could drag Washington deeper into war, hasten Syria’s fragmentation and risk conflict with Russia.  Trump told ABC News on Wednesday he “will absolutely do safe zones in Syria” for refugees fleeing violence and that Europe had made a mistake by admitting millions of refugees from Syria. President Bashar al-Assad’s opponents have long demanded safe zones to protect civilians who have fled government air strikes and bombardment of rebel-held areas. But reflecting uncertainties about the announcement, representatives of the insurgents voiced only cautious optimism. “We’ve seen no result on the ground from (U.S.) statements that were made six years ago. So therefore we await action before anything else,” said Fares al-Bayoush, a rebel commander in northwestern Syria. Qatar, which backs the rebels, welcomed Trump’s comments and “emphasized the need to provide safe havens in Syria and to impose no-fly zones to ensure the safety of civilians”. There was no immediate word from Damascus, but it is sure to oppose such a move as Assad has vowed to regain control of all Syria. Iran, which backs militias in Syria including Lebanon’s Hezbollah, would also oppose any U.S. intervention. Russia said it had not been consulted on Trump’s plan, warning that it should not “exacerbate the situation with refugees” and Washington should weigh up “all the consequences”.  The creation of safe zones would mark a major shift in U.S. policy. Former U.S. President Barack Obama resisted an idea that would require a commitment to defend such areas from the Syrian government or its foreign allies, including Russia. Trump appears to see safe zones as a way to stem the tide of refugees which he sees as a possible threat to U.S. security. But there are no obvious answers as to how the United States would avoid the problems that have prevented it establishing safe zones in Syria before, including the complication of policing such an area in a war zone dotted with armed groups. “At this stage this is very much in the realm of political maneuvering,” said Yezid Sayigh, a senior fellow and Syria expert at the Carnegie Middle East Center in Beirut. “I don’t think it is signaling imminent U.S. action.” Trump could order the State Department and Pentagon to produce a plan that would also create “safe areas” in countries surrounding Syria where millions of refugees already live. The Syrian government hopes Trump will end U.S. support for the rebels fighting Assad and refocus U.S. policy solely on fighting Islamic State, perhaps in cooperation with Russia. Trump has indicated he will do both.   Almost six years of war has turned Syria into a patchwork of areas, some controlled by Assad, some by rebel groups and others by Kurdish militia or Islamic State militants. Previous discussion of safe zones in Syria has focused on rebel-held areas in the northwest stretching from Idlib province to the Euphrates river. Areas in the southwest at the border with Jordan have also been seen as a possibility. But the complications have grown since the Syrian opposition first called for safe zones, including the deployment of Russia’s air force to Syria.  Defending a safe zone from attack by the Syrian government or its Russian and Iranian-backed militia allies would inevitably lead to an escalation, which is one of the reasons Obama had avoided this path in the first place, Sayigh said.  Another big challenge would be how to police the area to maintain its neutral status as a safe zone, he added. While much of Trump’s Syria policy remains unclear, Syrian Kurds, who have generally avoided conflict with Assad, look set to remain central to U.S. strategy. The Syrian Kurdish YPG militia controls swathes of northeast Syria, where conflict with the government is rare and the U.S. air force mounts regular air strikes against IS targets. Syrian Kurdish autonomy in northern Syria alarms Turkey, which fears it could increase separatist sentiment among its Kurdish minority. Kurdish groups already govern northern Iraq, where the establishment of a no-fly zone in 1991 helped them on their way to autonomy from Baghdad. The YPG has links to the Kurdistan Workers Party (PKK), a designated terrorist groups in Turkey.     Growing Kurdish influence in northern Syria largely explains why Turkey launched a major incursion into Syria last year, helping insurgents from the Free Syrian Army drive both Islamic State and Kurdish militia away from the border. The operation dubbed “Euphrates Shield” has created what Turkish officials call a safe zone that is 100 km (62 miles) long. This week, a new Turkish-trained Syrian police force deployed in the town of Jarablus in that strip of territory. Turkey, which hosts 2.8 million Syrian refugees, has long advocated safe zones in Syria.  But underlining the caution with which foreign governments are viewing Trump’s comments, Turkey said it was waiting to see the outcome of a “study” requested by Trump. Aid agencies in the region are concerned. Karl Schembri, Regional Media Adviser in the Middle East for the Norwegian Refugee Council, said that from the group’s  experience, “we know that militarily enforced ‘safe zones’ rarely work and can actually put civilians at more risk”."
"The Democratic National Convention taking place in Philadelphia this week aims to reshape Hillary Clinton’s public persona. Having faced criticism regarding her likability and trustworthiness since her initial presidential campaign in 2008, when then-rival Barack Obama referred to her as ""likable enough"" before winning the Democratic nomination, Clinton is now in a position to succeed Obama as the party’s nominee in the upcoming election against Republican Donald Trump on Nov. 8. Polling data from Reuters/Ipsos indicates that over half of American voters hold an unfavorable opinion of her, a situation the party hopes to rectify during the convention. Years of scrutiny have plagued Clinton, with perceptions of her stiffness in public appearances and difficulties in conveying the warmth her supporters claim she possesses privately. This has resulted in some voters perceiving her responses to challenging inquiries as evasive. Her aides affirm that Clinton is aware of these challenges. ""She understands the need to work on earning the trust of the electorate,"" stated Jennifer Palmieri, who serves as Clinton’s communications director. ""She realizes that there are no magical phrases that can instantly build that trust."" Throughout Monday and Tuesday at the convention, numerous speakers took to the stage to share personal stories and testimonials supporting Clinton, including her husband, former President Bill Clinton, who devoted his prime-time address on Tuesday to recalling anecdotes and intimate moments from their life together as a well-known political duo. Jason Collins, a gay basketball player, recounted the encouragement Clinton provided him when he publicly came out, while a grandmother shared how her daughter’s struggle with addiction motivated Clinton to confront the drug crisis. Several others offered personal insights into Clinton's character, illustrating instances such as her driving through a snowstorm to attend a funeral, organizing birthday celebrations, and visiting victims of the Sept. 11, 2001, terrorist attacks. Clinton's public image, which has fluctuated over her 25 years in the spotlight, dipped following a contentious Democratic primary, ongoing debates surrounding her use of a private email system during her tenure as Secretary of State, and unrelenting Republican criticisms branding her as ""crooked Hillary."" According to the same Reuters/Ipsos survey, 55 percent of Americans view her unfavorably. Trump, on the other hand, holds an even lower favorability rating, with 61 percent of the populace expressing negative sentiments toward him. Many citizens perceive both candidates as lacking in honesty. The poll reveals that 59 percent of respondents do not consider Clinton ""honest and truthful,"" while 53 percent feel the same way about Trump. John Feehery, a Republican strategist, expressed skepticism about the possibility of improving Clinton's public image at this point. ""You only have one decade to make a first impression,"" he remarked. Instead, he suggested that the campaign might be better served by focusing on undermining Trump, whose negative ratings exceed Clinton's. It appears that Clinton’s campaign is adopting this strategy, as evidenced by an advertisement that features news clips of Trump where he is shown using profanity, disparaging Mexican immigrants as rapists and drug dealers, and mocking a journalist with a disability. For over 20 years, Clinton, now 68, has been a focal point for conservative criticism, and at the recent Republican convention in Cleveland, chants of ""Lock Her Up"" filled the air, alongside signs promoting ""Hillary for Prison."" Supporters of Clinton within the Democratic Party believe that her dismal polling results stem from a combination of persistent attacks and the additional challenge of sexism directed at a woman in a position of power. Richard Trumka, the head of the AFL-CIO labor federation, emphasized this point, stating, ""If someone is relentlessly attacking you, it's bound to have an impact over time. I’ve publicly asserted that Hillary Clinton must perform at an A+ level to achieve a C- average."" For the Democrats, this week represents a crucial opportunity to refine their approach before the election.",0,synthetic_real,"Make Hillary Likable Again: Democrats seek to recast Clinton. PHILADELPHIA (Reuters) - When Hillary Clinton first ran for president in 2008 she was badly stung by a backhanded compliment from rival Barack Obama, who called her “likable enough” before going on to win the Democratic nomination and the White House. Eight years later, with her party’s nomination to succeed Obama firmly in hand, the question of her likability, trustworthiness and honesty still hangs over her bid to become America’s first woman president, this time in a Nov. 8 election against Republican Donald Trump. The Democratic National Convention in Philadelphia this week is, in part, an effort to reintroduce her to American voters, more than half of whom view her unfavorably, according to Reuters/Ipsos polling. The criticisms have dogged her for years: She can appear stiff in front of crowds, struggling to show off the compassion her supporters say she shares in private and leaving some voters with the impression she is not giving straight answers to tough questions. Clinton recognizes the problem, aides say. “She knows that she has work to do to earn people’s trust,” said Jennifer Palmieri, Clinton’s communications director. “She also realizes there aren’t some magic words you can say to earn that trust overnight.” Speaker after speaker at the convention took the stage on Monday and Tuesday to offer testimonials on her behalf, including her husband, former President Bill Clinton, who filled his prime-time speech on Tuesday with anecdotes and private moments shared by America’s best-known political couple. Gay basketball player Jason Collins told of the support she offered when he went public with his homosexuality; a grandmother described how her daughter’s battle with drug addiction inspired Clinton to address the drug crisis. A parade of others offered behind-the-scenes glimpses of the former first lady, U.S. senator and secretary of state, describing how she drove through a blizzard to attend a funeral, planned birthday parties and visited survivors of the Sept. 11, 2001, attacks.  Clinton’s personal image, which has fluctuated during her 25 years in the public eye, slumped after a divisive Democratic primary, a lingering controversy over her use of a private email system while serving as the top U.S. diplomat, and repeated Republican attacks on “crooked Hillary.” Reuters/Ipsos polling showed 55 percent of Americans had an unfavorable view of Clinton. Trump is even less popular, with 61 percent holding an unfavorable view. Many Americans think both candidates struggle with the truth. Some 59 percent of Americans believe she is not “honest and truthful,” while 53 percent think the same of Trump, according to the poll. Republican strategist John Feehery said it was too late to rehabilitate Clinton’s image. “You only get one decade to make a first impression,” he said.  Instead, a  better strategy would be to focus on tearing down Trump, given that his negatives surpass her own, Feehery added. Clinton’s campaign appears to be trying just that, running an ad in which Trump can be seen in newsclips, as children watch, swearing, condemning Mexican immigrants as rapists and drug dealers, and mocking a disabled journalist. Clinton, 68, has been a lightning rod for conservative attacks for more than two decades and Republicans serenaded speakers at their convention in Cleveland last week with chants of “Lock Her Up” and signs touting “Hillary for Prison.”  For many Democrats who back Clinton, the poor polling numbers are the result of those relentless attacks - along with a strong dose of sexism toward a woman seeking power. “If you have somebody who is out there pounding you and pounding you and pounding you, eventually it’s going to take a toll,” Richard Trumka, head of the AFL-CIO labor federation, said. “I’ve said this and I’ve said it publicly: Hillary Clinton has to do A+ work to get a C-.” For Democrats, this week affords perhaps their best chance before the election to fortify her against inevitable attacks by Trump that could further dent her image. Praise came from invitees ranging from party superstars (First Lady Michelle Obama) to unknowns (former White House interns).    In one video broadcast to delegates, Clinton embraces and comforts an 11-year-old girl who fears her parents will be deported. In another, shown before the appearance of the Mothers of the Movement - mothers who lost children to gun violence or in police-involved incidents - she encourages them in a private meeting to band together and speak out. “A 30-minute meeting turned into two hours because she listened to us. Nobody else listened to us,” said Sybrina Fulton, mother of Trayvon Martin, a 17-year-old whose fatal shooting death by a neighborhood watch volunteer in 2012 launched a series of protests around the country. Actress Eva Longoria said it was time for Democrats to rally to Clinton’s defense. “She’s had a 25-year smear campaign run against her. It’s understandable Americans are confused about what is true and what is not,” she told a women’s delegate caucus on Tuesday."
"According to the spokesman for the Syrian Democratic Forces (SDF), who are supported by the U.S., the final sections of Raqqa still under the control of the Islamic State will be seized shortly. On Tuesday, Talal Selo communicated via phone that combat was ongoing in the vicinity of the National Hospital, which the SDF previously announced it had secured, as well as near the stadium located in the city.",0,synthetic_real,"U.S.-backed militia to capture last Raqqa areas in hours: spokesman. BEIRUT (Reuters) - The spokesman for the U.S.-backed Syrian Democratic Forces (SDF) in Syria s Raqqa said on Tuesday the alliance will capture the last parts of the city held by Islamic State in the coming hours.  The spokesman, Talal Selo, said by telephone that there was still fighting around the National Hospital, which the SDF said earlier it had taken, and around the city stadium."
"Orders have been signed by U.S. Defense Secretary Jim Mattis to deploy more troops to Afghanistan, marking a significant move by President Donald Trump’s administration to address the ongoing conflict, which is now the longest in American history. On Thursday, Mattis disclosed this development but did not provide details regarding the number of troops to be sent, indicating that the additional forces would aid in the fight against Taliban fighters and other militant groups. ""Indeed, I have signed orders, but it is not finalized. To clarify, I have authorized some of the troops that will be dispatched, and we are currently determining the specific units,"" Mattis informed the press. He mentioned that he would refrain from discussing the total number of troops included in the orders until after he briefs Congress next week. However, unnamed U.S. officials have revealed to Reuters that Trump has permitted Mattis to send approximately 4,000 more troops to Afghanistan. ""This will involve more advisers, additional enablers, and fire support, for instance,"" Mattis stated. He further noted that no additional forces had yet been deployed and that the process might take a ""couple of days."" Following an extensive review of his policy regarding Afghanistan, Trump last week pledged to engage the United States in an indefinite military presence in the nation and vowed to intensify efforts against the Afghan Taliban insurgents. As per Pentagon reports on Wednesday, around 11,000 U.S. personnel are currently stationed in Afghanistan, a figure that exceeds prior estimates. Mattis indicated that the composition of the U.S. military presence in Afghanistan would begin to shift in accordance with Trump’s directives. Even with an increase of several thousand troops, the U.S. military presence in Afghanistan would remain significantly lower than the peak of over 100,000 personnel in 2011, a time when there was considerable domestic political pressure to reduce the expensive military involvement. Some officials expressed skepticism to Reuters about the efficacy of escalating troop numbers, arguing that any politically acceptable figure would likely fall short of making a substantial impact, let alone establishing stability and security. Thus far, over 2,300 American servicemen and women have died, and more than 17,000 have sustained injuries in Afghanistan. The security landscape in the country has worsened for both the U.S. and the Afghan government in recent years. As of February 20, a U.S. military assessment indicated that the Afghan government controlled or had influence over nearly 60 percent of Afghanistan’s 407 districts, reflecting a drop of almost 11 percentage points compared to the same period in 2016, according to data from the U.S. Special Inspector General for Afghanistan Reconstruction. Earlier in the month, the Taliban warned Trump in an open letter that the military conditions in Afghanistan were ""far worse than you realize"" and that increasing troop levels would be counterproductive. The Taliban, which aims to re-establish strict Islamic law, has been conducting an insurgency against the Western-supported Afghan government since it was ousted following a U.S.-led invasion after the September 11 attacks in 2001, which were orchestrated by al Qaeda leader Osama bin Laden from a location in Afghanistan.",0,synthetic_real,"Mattis signs orders to send additional troops to Afghanistan. WASHINGTON (Reuters) - U.S. Defense Secretary Jim Mattis said on Thursday he had signed orders to send additional troops to Afghanistan, the most concrete step yet by President Donald Trump’s administration in tackling America’s longest war. Mattis did not specify the size of the force, which will help combat Taliban insurgents and other armed Islamists.      “Yes, I have signed orders but it is not complete. In other words I have signed some of the (orders for) troops that will go and we are identifying the specific ones,” Mattis told reporters. Mattis said he would not comment on how many additional troops were included in the orders until he briefs Congress next week, but U.S. officials have told Reuters that Trump has given Mattis the authority to send about 4,000 additional troops to Afghanistan.  “It is more advisers, it is more enablers, fire support, for example,” Mattis said. He added that no additional troops had moved in yet and could take a “couple of days.” After a months-long review of his Afghanistan policy, Trump committed the United States last week to an open-ended conflict in the country and promised a stepped-up campaign against Afghan Taliban insurgents. About 11,000 U.S. troops are serving in Afghanistan, the Pentagon said on Wednesday, thousands more than it has previously stated.     Mattis said that the make up of those U.S. forces in Afghanistan would also start changing in line with Trump’s guidance.  Any increase of several thousand troops would leave U.S. forces in Afghanistan well below their peak of more than 100,000 troops in 2011, when Washington was under huge domestic political pressure to draw down the costly operation. Some U.S. officials have told Reuters they questioned the benefit of sending more troops to Afghanistan because any politically palatable number would not be enough to turn the tide, much less create stability and security. To date, more than 2,300 Americans have been killed and over 17,000 wounded in Afghanistan. The security situation in Afghanistan has deteriorated for the United States and Afghan government over the past few years. The Afghan government was assessed by the U.S. military to control or influence almost 60 percent of Afghanistan’s 407 districts as of Feb. 20, a nearly 11 percentage-point decrease from the same time in 2016, according to data released by the U.S. Special Inspector General for Afghanistan Reconstruction.  Earlier this month, the Taliban told Trump in an open letter that the military situation in Afghanistan was “far worse than you realize”, and sending in more troops would be self-destructive. The Taliban, seeking to restore strict Islamic law, has waged an insurgency against the Western-backed Afghan government since losing power in a U.S.-led invasion after the Sept. 11 attacks in 2001. Those attacks were planned by al Qaeda leader Osama bin Laden from a base in Afghanistan."
"A market in a rebel-controlled region of northwest Syria was struck by air raids, resulting in the deaths of at least 29 individuals, according to the Syrian Observatory for Human Rights. On Monday, the monitoring organization, based in Britain, reported that three air strikes targeted the town of Atareb, which is situated west of Aleppo city. The group indicated that the number of fatalities could increase. Atareb lies within a de-escalation zone established by an agreement between Turkey, Russia, and Iran aimed at decreasing hostilities in the region.",0,synthetic_real,"Air strikes kill 29 in market in northern Syria: monitoring group. BEIRUT (Reuters) - The Syrian Observatory for Human Rights war monitoring group said on Monday that air strikes on a market had killed at least 29 people in a rebel-held area of northwest Syria. Three air raids hit the town of Atareb, west of the city of Aleppo, the Britain-based observatory said. It said the death toll was likely to rise.  Atareb is inside what is known as a  de-escalation  zone under a deal agreed between Turkey, Russia and Iran to reduce violence in the area."
"On Thursday, Turkish authorities apprehended 136 individuals, including former military personnel, teachers, and police officers, in connection with last year's military coup attempt, according to the state-run Anadolu Agency. The operation, which focused on the capital city of Ankara, involved the detention of 60 former security workers and extended across 30 different provinces, Anadolu reported. In a separate initiative that commenced on Wednesday, 55 soldiers were taken into custody in Diyarbakir, with the operation also affecting 26 other provinces, as stated by Anadolu. One additional suspect remains at large. Furthermore, six individuals were arrested in the northern provinces of Samsun and Karabuk, along with 15 teachers who were detained in Ankara, as reported by Anadolu. Allegations against the suspects include their use of the encrypted messaging platform, ByLock, which the government claims was utilized by followers of Fethullah Gulen, a cleric residing in the United States. The Turkish government holds Gulen responsible for the failed coup that occurred in July 2016. Gulen has refuted these accusations and condemned the coup attempt. In the aftermath of the coup in July 2016, over 50,000 individuals, encompassing police, military members, and civil servants, have been imprisoned awaiting trial. Approximately 150,000 individuals have faced dismissal or suspension. This extensive crackdown has raised concerns among Turkey's Western partners and human rights advocates, who argue that President Tayyip Erdogan is leveraging the coup to suppress opposition. The government asserts that the actions taken under emergency regulations imposed after the coup are essential due to the security threats confronting Turkey.",0,synthetic_real,"Turkey detains 136 for suspected ties to coup plotters: agency. ISTANBUL (Reuters) - Turkey detained 136 people, including former police, teachers and soldiers, in four separate operations on Thursday over suspected links to last year s attempted military coup, the state-run Anadolu news agency said. Authorities detained 60 former security officials in the operation centered in the capital Ankara and spread over 30 provinces, Anadolu said. In a separate operation that began on Wednesday and centered on Diyarbakir and spread over 26 other provinces, 55 soldiers were detained, Anadolu said. Officials were still searching for one more suspect. Six others were detained in the northern provinces of Samsun and Karabuk, as well as 15 teachers in Ankara, Anadolu said. The suspects were alleged to be using the encrypted messaging app, ByLock, which the government says was used by the network of U.S.-based cleric Fethullah Gulen. Ankara blames Gulen, for orchestrating the failed coup in July 2016. Gulen has denied involvement and denounced the putsch. More than 50,000 people, including police, military personnel and civil servants, have been jailed pending trial in the aftermath of the July 2016 coup. Some 150,000 people were sacked or suspended. The crackdown has alarmed Turkey s Western allies and rights groups, who say President Tayyip Erdogan is using the coup as a pretext to muzzle dissent. The government says the measures, taken under emergency rule that was imposed after the coup, are necessary due to the security threats Turkey faces."
"A historic military assistance agreement worth $38 billion was signed by the United States and Israel on Wednesday, marking the largest aid package in U.S. history. According to a senior U.S. official, this landmark deal is set to span a decade and will enable Israel, Washington's primary ally in the Middle East, to enhance its fighter aircraft fleet, increase the mobility of its ground forces, and bolster its missile defense capabilities. While this represents the highest amount of military aid ever allocated by the U.S. to any nation, it came with certain concessions from Israeli Prime Minister Benjamin Netanyahu, as confirmed by officials from both governments. These concessions include Israel's commitment to refrain from requesting additional financial support from Congress beyond the annual guarantees outlined in the new agreement, as well as a gradual end to a special arrangement that permitted Israel to allocate a portion of its U.S. aid to its domestic defense industry rather than exclusively on American-made military equipment, as stated by the officials. The lengthy negotiations over the aid, which lasted nearly 10 months, highlighted ongoing tensions between President Barack Obama and Netanyahu regarding the U.S.-led nuclear agreement with Iran, a deal that the Israeli Prime Minister opposed vehemently. Additionally, the two countries have had differences regarding the Palestinian issue. Nevertheless, Netanyahu, who leads a right-wing government, determined that securing a new agreement with Obama, who is set to leave office in January, would be more advantageous than waiting for potentially better terms from the incoming U.S. administration. This new pact allows Netanyahu to circumvent the uncertainties associated with the next president, whether it be Democrat Hillary Clinton or Republican Donald Trump, while providing Israel's military establishment with the stability needed for future planning. In the context of Obama's presidency, his aides viewed reaching a new agreement as a crucial aspect of his legacy before he departs from office. Critics from the Republican party have accused Obama of not being sufficiently attentive to Israel's security concerns, which the White House has firmly refuted, asserting that he has maintained a stringent stance towards the Israeli leader. The memorandum of understanding, valued at $38 billion, covers the U.S. fiscal years from 2019 to 2028, succeeding the $30 billion MOU signed in 2007, which is set to conclude at the end of fiscal year 2018. Obama remarked in a written statement, ""Prime Minister Netanyahu and I are confident that the new MOU will make a significant contribution to Israel’s security in what remains a dangerous neighborhood."" The signing of the agreement took place at the State Department, where U.S. Undersecretary of State Thomas Shannon and Jacob Nagel, the acting head of Netanyahu’s national security council, finalized the terms. As outlined in a White House ""fact sheet,"" the agreement includes the following components: - annual payments totaling $3.3 billion in foreign military financing - an allocation of $500 million per year specifically for Israeli missile defense programs, marking the first time such funding has been formally included in the aid agreement. - a phased discontinuation of a special provision that has historically allowed Israel to use 26.3 percent of U.S. aid for its own defense sector instead of exclusively on American weapons. - the removal of a longstanding clause permitting Israel to spend approximately 13 percent of U.S. aid on military fuel purchases. - the financial support will enable Israel to modernize the majority of its fighter aircraft, which includes the procurement of additional F-35 Joint Strike Fighters. Israel is set to receive 33 F-35 aircraft, with the first two deliveries expected in December.",0,synthetic_real,"U.S., Israel sign $38 billion military aid package. WASHINGTON (Reuters) - The United States will give Israel $38 billion in military assistance over the next decade, the largest such aid package in U.S. history, under a landmark agreement signed on Wednesday. The deal, whose details were reported by Reuters earlier, will allow Washington’s chief Middle East ally to upgrade most of its fighter aircraft, improve its ground forces’ mobility and strengthen its missile defense systems, a senior U.S. official said. While the package constitutes the most U.S. military aid ever given to any country, it entails concessions by Israeli Prime Minister Benjamin Netanyahu, according to officials on both sides. Those include Israel’s promise not to seek additional funds from Congress beyond what will be guaranteed annually in the new package, and to phase out a special arrangement that has allowed Israel to spend part of its U.S. aid on its own defense industry instead of on American-made weapons, the officials said. Nearly 10 months of drawn-out aid negotiations underscored continuing friction between President Barack Obama and Netanyahu over last year’s U.S.-led nuclear deal with Israel’s arch-foe Iran, an accord the Israeli leader opposed. The United States and Israel have also been at odds over the Palestinians. But the right-wing Netanyahu decided it would be best to forge a new arrangement with Obama, who leaves office in January, rather than hoping for better terms from the next U.S. administration, according to officials on both sides. A new pact now allows him to avoid uncertainties surrounding the next president, whether Democrat Hillary Clinton or Republican Donald Trump, and to give Israel’s defense establishment the ability to plan ahead. Obama’s aides wanted a new deal before his presidency ends, seeing it as an important part of his legacy. Republican critics accuse him of not being attentive enough to Israel’s security, which the White House strongly denies, and of taking too hard of a line with the Israeli leader. The $38 billion memorandum of understanding covers U.S. fiscal years 2019-2028 and succeeds the current $30 billion MOU signed in 2007, which expires at the end of fiscal 2018. “Prime Minister Netanyahu and I are confident that the new MOU will make a significant contribution to Israel’s security in what remains a dangerous neighborhood,” Obama said in a written statement. The agreement was signed at the State Department by U.S. Undersecretary of State Thomas Shannon and by Jacob Nagel, acting head of Netanyahu’s national security council. According to a White House “fact sheet,” the deal includes: -annual payments of $3.3 billion in so-called foreign military financing -$500 million a year for Israeli missile defense funding, the first time this has been formally built into the aid pact. -A phasing-out of a special arrangement that for decades has allowed Israel to use 26.3 percent of the U.S. aid on its own defense industry instead of on American-made weapons. -Elimination of a longstanding provision that has allowed Israel to use about 13 percent of the U.S. aid to buy military fuel. -The funding will allow Israel to update “the lion’s share” of its fighter aircraft, including purchasing additional F-35 Joint Strike Fighters. Israel is scheduled to receive 33 F-35 aircraft, the first two of which will be delivered in December."
"An airstrike targeted the Qusur area of Deir al-Zor city, which is under government control, resulting in the deaths of over a dozen individuals, according to reports from Syrian state television and a conflict monitoring group. On Monday, state television indicated that the assault was conducted by aircraft from a U.S.-led coalition engaged in combat against the Islamic State, claiming that 14 civilians lost their lives and 32 others sustained injuries. However, a coalition representative stated on Tuesday that they did not execute such an airstrike, noting that their only recent operation in the vicinity occurred across the Euphrates in September. The Syrian Observatory for Human Rights, a monitoring organization based in the UK, mentioned that the identity of the aircraft responsible for the strike remains undetermined, yet they confirmed a higher death toll of at least 22 individuals. The Syrian military, supported by Iran, Russia, and allied Shiite militias, continues to confront the Islamic State in Deir al-Zor and adjacent rural regions. Both Syrian and Russian military aircraft have been targeting Islamic State positions in that region. The coalition, which is backed by U.S. forces, has been carrying out air operations against Islamic State to assist the Syrian Democratic Forces (SDF), an alliance of Kurdish and Arab fighters, located to the east of Deir al-Zor across the Euphrates River. Clashes have occurred between the U.S.-supported forces and the Syrian army during their respective campaigns against the Islamic State as they attempt to reclaim territory in eastern Syria. Both the United States and Russia have asserted that they maintain communication to avoid potential conflicts between their military efforts.",0,synthetic_real,"Deadly air strike hits Syrian government-held Deir al-Zor: state TV, monitor. BEIRUT (Reuters) - An air raid in the government-held Qusur district of Deir al-Zor city in eastern Syria killed more than a dozen people, Syrian state television and a war monitor said on Monday.  State television said jets from a U.S.-led international coalition battling Islamic State carried out the air strike and that it killed 14 civilians and wounded 32 others.  A spokesman for the coalition said on Tuesday it had not carried out such a raid, and that its only strike in the vicinity in recent weeks took place in September across the Euphrates from the city. The war monitor, the Britain-based Syrian Observatory for Human Rights, reported that it was not known which aircraft carried out the strike, but that at least 22 people were killed.  The Syrian army, backed by Russia, Iran and Shi ite militias, is fighting Islamic State in the city of Deir al-Zor, as well as in parts of the surrounding countryside. Both Syrian and Russian jets have been hitting Islamic State in that area.  The U.S.-backed coalition has been conducting air strikes against Islamic State in support of the Syrian Democratic Forces (SDF) alliance of Kurdish and Arab militias to the east of Deir al-Zor across the Euphrates.  The rival U.S.-backed and Syrian army offensives against Islamic State have clashed several times over recent months as they have pushed the jihadists from territory in eastern Syria.  The U.S. and Russia have said they communicate with each other to prevent possible points of conflict of violence between the two offensives."
"On Tuesday, Prime Minister Theresa May's spokesperson stated that the UK believes it can swiftly reach an agreement on a transitional framework for leaving the European Union, even as significant disagreements on the timeline for Brexit remain. The UK is aiming for a so-called implementation period lasting approximately two years after its departure from the EU, which is set for March 2019. During this time, access to the EU single market would largely remain unchanged while new arrangements are established. To eliminate uncertainty regarding future trading regulations, businesses are eager to learn the specifics of such an agreement as soon as possible. We believe that we can quickly agree on the broad outline of an implementation period, the spokesperson remarked, although no additional details were provided regarding the anticipated timeline for reaching this agreement. ""We are clear that achieving this implementation period is our goal, and we are confident it can be accomplished. Our priority is to ensure certainty for businesses,"" he added. However, May caused some confusion among businesses on Monday by stating that any implementation period would not be finalized until an agreement was made concerning the UK's future trading relationship with the EU. This contradicted expectations that a transitional arrangement would be established prior to any trade agreement. It further underscored the stark differences between the UK and the EU regarding the timing of a trade deal. The UK is pursuing an ambitious trade agreement with the EU to supersede its current arrangement once the implementation period concludes. The UK government is confident that its existing close relationship with the EU will facilitate the finalization of such a deal by October 2018. However, Michel Barnier, the EU's chief negotiator, indicated that negotiating a trade agreement would require three years. Consequently, if discussions commence in December, a deal would be ready by the conclusion of a transition period expected to extend until December 2020. When asked whether the UK still held the position that a trade deal could be achieved by the end of the following year within the two-year exit process, the spokesperson replied, ""Yes."" In response to the timeline proposed by the UK, an official from the EU remarked that the bloc aims to outline a framework for the future relationship by this time next year, ensuring that the withdrawal treaty takes this future relationship into account under the Article 50 legal exit process. However, the official clarified that the EU would only engage in negotiations regarding the specifics of a free trade agreement after the UK has officially exited in March 2019, due to the EU's regulations that prohibit negotiating trade deals with its current members. ""Article 50 states that the withdrawal agreement must consider our future relationship, so we will know the terms of our partnership with the EU by the time we exit,"" a spokeswoman for May stated when inquired about the EU official's position. ""However, regarding the specifics, that will be subject to negotiation, and I cannot pre-empt those discussions.""",0,synthetic_real,"UK sees swift deal on Brexit transition outline, still at odds with EU on trade. LONDON (Reuters) - Britain believes it can quickly agree a framework for a transitional agreement on exiting the European Union, Prime Minister Theresa May s spokesman said on Tuesday, even as other stark differences over the Brexit timeline persisted. Britain is seeking a so-called implementation period of around two years following its departure from the EU in March 2019, during which its access to the EU single market would stay largely unchanged while new arrangements are put in place. Businesses are keen to see the details of such a deal as soon as possible to end uncertainty over the trading rules they will face after Britain leaves the bloc.  In terms of the broad outline of an implementation period, we believe that we can agree that quickly,  May s spokesman said. He did not provide further detail on when Britain hoped to reach such an agreement.  We re clear that we want to achieve this implementation period, that we believe we can do so, and that our priority is to provide certainty for business,  he said. May left some businesses confused on Monday by saying any implementation period would not be agreed until a deal was struck on Britain s future trading relationship with the bloc. That countered expectations that a transitional deal would come well before any deal on trade. It also highlighted a clear difference between Britain and the EU over when a trade deal would be agreed. Britain is seeking an  ambitious  deal on trade with the EU to replace its existing arrangement at the end of an implementation period. It believes its current close ties with the bloc mean such a deal will be agreed by October 2018. But the EU s chief negotiator, Michel Barnier, said it would take three years to negotiate a trade deal, meaning that if talks start in December it would be ready in time for the end of a transition period running until December 2020. In response, asked if it was Britain s position that it could still achieve a trade deal by the end of next year under the two-year exit process, May s spokesman said:  Yes . Commenting on the timeline set out by Britain, an EU official said the bloc wanted to  define a framework for our future relationship  by this time next year so that a withdrawal treaty could  take account  of that future under the terms of the  Article 50  legal exit process. However, the official said the EU will only negotiate on the details of a free trade deal after Britain has actually left in March 2019 because the EU s own laws do not allow it to negotiate trade agreements with its own members.  Article 50 says that the withdrawal agreement has to take into account our future relationship, so we will know the terms of our partnership with the EU by our exit,  a spokeswoman for May said when asked about the position set out by the EU official.  But as to the details, that s subject to negotiation and I can t pre-empt those."
"U.S. President-elect Donald Trump has demonstrated his recognition of the pressing nature of the nuclear threat from North Korea, as indicated by a statement from South Korea on Tuesday. The South Korean government remarked that Trump's ""clear warning"" reflects his awareness regarding the dangers posed by North Korea's weapons program and his commitment to maintaining sanctions against the reclusive nation. North Korean leader Kim Jong Un claimed on Sunday that his nation, equipped with nuclear capabilities, was nearing the point of test-launching an intercontinental ballistic missile (ICBM), which could potentially target parts of the United States. In response, Trump dismissed this assertion via a tweet, declaring, ""It won’t happen."" According to South Korea’s Foreign Ministry, Trump's remarks, which marked his initial reference to the nuclear situation in North Korea since the U.S. elections in November, can be interpreted as a significant ""clear warning"" directed at the North. Ministry spokesperson Cho June-hyuck mentioned during a press briefing that ""due to our proactive engagement, President-elect Trump and U.S. officials are evidently cognizant of the seriousness and immediacy of the North Korean nuclear menace."" He added, ""They are steadfast in their position on the necessity for sanctions against North Korea and for robust collaboration between South Korea and the U.S."" The U.S. State Department acknowledged that North Korea is still advancing its nuclear and missile technologies. State Department spokesperson John Kirby informed journalists, ""At this moment, we do not believe he possesses the capability to arm one of these (missiles) with a nuclear warhead ... but we are aware that he is still striving to achieve these capabilities, and the programs continue to progress in that direction."" Trump has yet to present a formal policy regarding North Korea; however, during the election campaign, he suggested a willingness to engage in discussions with its leader, Kim, if given the chance. Kellyanne Conway, a spokesperson for Trump, stated on ABC’s ""Good Morning America"" that the president-elect was ""putting North Korea on notice through this tweet and through other statements that this won’t happen."" She elaborated, ""As the president of the United States, he aims to position himself as a barrier between them and their missile capabilities, which experts indicate could be ready to strike Seattle almost instantly."" Conway noted that Trump has not publicly articulated his potential responses to North Korea’s nuclear and missile initiatives and stated, ""He won’t do so before his inauguration."" ""We are aware that there are sanctions available,"" Conway remarked. ""They have not always proven effective. It seems that China would need to play a significant role in this matter as well."" Trump has been critical of China concerning this issue. On Monday, he remarked that China has profited from its economic relationship with the United States but has not exerted its influence to manage North Korea. In reaction, Geng Shuang, a spokesperson for the Chinese Foreign Ministry, asserted that China has been advocating for the denuclearization of the Korean peninsula. ""China’s initiatives in this area are quite evident,"" Geng stated during a news briefing. ""As a permanent member of the U.N. Security Council, we have actively engaged in pertinent discussions concerning the North Korean nuclear dilemma and have collaboratively passed several resolutions with other stakeholders. This reflects China’s responsible stance."" When asked about Trump’s opinion that China has not been effective in curbing North Korea’s nuclear ambitions, State Department spokesperson Kirby replied, ""We would not concur with that viewpoint."" For years, the United States has rebuffed North Korean requests for dialogue, insisting on disarmament as a prerequisite. Both the United States and its ally South Korea have reacted to two nuclear tests and multiple missile tests conducted by North Korea last year with increasingly stringent sanctions. Following Pyongyang’s fifth and most significant nuclear test in September, the U.N. Security Council enacted new sanctions against North Korea at the end of November. A fully developed North Korean ICBM could pose a threat to the continental United States, located approximately 9,000 km (5,500 miles) away from North Korea. ICBMs typically have a minimum range of around 5,500 km (3,400 miles), although some variants are capable of greater distances.",0,synthetic_real,"Trump recognizes 'urgency' of North Korea nuclear threat: South Korea. SEOUL/WASHINGTON (Reuters) - U.S. President-elect Donald Trump’s “clear warning” to North Korea shows he is aware of the urgency of the threat posed by North Korea’s nuclear program and will not waver from a policy of sanctions against the isolated country, South Korea said on Tuesday. North Korean leader Kim Jong Un said on Sunday his nuclear-capable country was close to test-launching an intercontinental ballistic missile (ICBM), raising the prospect of putting parts of the United States in range. Trump dismissed the claim, saying on Twitter: “It won’t happen.” South Korea’s Foreign Ministry said Trump’s comment, his first mention of the North Korean nuclear issue since the U.S. election in November, could be interpreted as a “clear warning” to the North. “Because of our active outreach, President-elect Trump and U.S. officials are clearly aware of the gravity and urgency of the North Korean nuclear threat,” ministry spokesman Cho June-hyuck said at a briefing. “They are maintaining an unwavering stance on the need for sanctions on North Korea and for close cooperation between South Korea and the U.S.”  The U.S. State Department said it recognized that North Korea continued to pursue nuclear and ballistic missile technologies. “We do not believe that at this point in time he has the capability to tip one of these (missiles) with a nuclear warhead ... but we do know that he continues to want to have those capabilities and the programs continue to march in that direction,” State Department spokesman John Kirby told reporters.    Trump has not outlined a policy on North Korea, but during the U.S. election campaign indicated he would be willing to talk to its leader, Kim, given the opportunity. Trump spokeswoman Kellyanne Conway told ABC’s “Good Morning America” program that the president-elect was “putting North Korea on notice through this tweet and through other statements that this won’t happen.” “He as president of the United States wants to stand between them and their missile capabilities, which experts say could be deployed to reach Seattle almost immediately,” Conway said. She said Trump had not publicly stated how he might respond to North Korea’s nuclear weapons and missile programs and “won’t before he’s inaugurated.” “We do know that there are sanctions that are possible,” Conway said. “They haven’t always worked. I think that China would have to have a significant role here as well.”Trump has been critical of China over the issue. On Monday, he said China had benefited from its economic ties with the United States but would not use its influence to help control North Korea. In response, Chinese Foreign Ministry spokesman Geng Shuang said China had been pushing for the denuclearization of the Korean peninsula. “China’s efforts in this regard are perfectly obvious,” Geng told a news briefing. “As a permanent member of the U.N. Security Council we have proactively participated in relevant discussions on the North Korean nuclear issue and have jointly passed several resolutions with other parties.  “This shows China’s responsible attitude.” Asked about Trump’s view that China was not helping to contain North Korea’s nuclear ambitions, the State Department’s Kirby said: “We would not agree with that assessment.” The United States has for years dismissed North Korean calls for talks, insisting it must disarm first.  The United States and ally South Korea have responded to two North Korean nuclear tests and various missile tests last year with ever-more-severe sanctions. The U.N. Security Council imposed new sanctions on North Korea at the end of November after Pyongyang carried out its fifth and largest nuclear test so far in September. A North Korean ICBM, once fully developed, could threaten the continental United States, which is about 9,000 km (5,500 miles) from the North.  ICBMs have a minimum range of about 5,500 km (3,400 miles), but some are designed to travel 10,000 km (6,200 miles) or further.     North Korea worked last year on developing components for an ICBM, saying it was close to a test-launch plausible, international weapons experts said on Monday."
"A subpoena that would have compelled former Trump campaign manager Paul Manafort to testify at a hearing on Wednesday has been withdrawn by a U.S. Senate committee, according to sources. A source familiar with the situation informed Reuters that Manafort will “continue discussions” with the Senate investigators. Another source indicated that the decision to rescind the subpoena came as the Senate Judiciary Committee was still in negotiations with Manafort regarding the submission of documents and the timing of a future appearance.",0,synthetic_real,"Senate panel rescinds subpoena for Trump's ex-campaign head: sources. WASHINGTON (Reuters) - A U.S. Senate panel has rescinded a subpoena that would have forced Paul Manafort, a former campaign manager of President Donald Trump, to appear at a hearing on Wednesday as part of its probe into Russia’s role in the 2016 presidential election. Manafort is going to “continue discussions” with Senate investigators, a source familiar with the issue told Reuters. Another source said the subpoena was rescinded because the Senate Judiciary Committee was still negotiating with Manafort on document production and a later appearance."
"On Thursday, a second cache of explosive materials was located by French police in the vicinity of Paris, following a similar discovery in a neighboring suburb the previous day, according to a judicial source. The operation on Thursday targeted a garage leased by one of the three individuals taken into custody after Wednesday's raid on a residence in Villejuif, situated on the southern fringe of the French capital. Explosives utilized for the manufacture of TATP, a substance frequently employed by suicide bombers, were uncovered at the apartment after a plumber alerted authorities about suspicious activities, as noted by Interior Minister Gerard Collomb. In connection with Wednesday's operation, two individuals in their 30s and 40s were apprehended, Collomb reported, mentioning that the suspects were being interrogated on grounds of potential terrorist involvement, even though they spoke about a planned bank robbery. A third individual was detained overnight, according to a source. The individuals being investigated hinted at intentions to use TATP to detonate a bank; however, authorities believe their connections relate to terrorism, which is the primary focus of the inquiry, Collomb remarked during an interview with public radio station franceinfo. This line of investigation was initiated based on information obtained from phone communications following the raid, he elaborated. Later developments revealed that police discovered explosive materials at a garage in Thiais, located southeast of Paris. In the last three years, over 230 individuals have lost their lives to attackers inspired by Islamist ideologies in France, which, alongside the United States and other nations, has been conducting airstrikes against Islamic State positions in Iraq and Syria. TATP, known for its instability, has been utilized by militants in various attacks across Western Europe recently, including incidents in Manchester in May, Brussels in 2016, and Paris in 2015.",0,synthetic_real,"French police find more explosives after raid near Paris. PARIS (Reuters) - French police unearthed a second stash of explosive materials near Paris on Thursday after a similar find in a nearby suburb on Wednesday, a justice official said as three suspects were questioned by anti-terrorism investigators. Thursday s swoop was carried out at a garage rented by one of the three detained in the wake of Wednesday s raid on an apartment in Villejuif, on the southern edge of the French capital, the source said. Materials used to produce TATP, an explosive often used by suicide bombers, were found at the flat after a plumber phoned  police to report suspect activity there, Interior Minister Gerard Collomb said.  Two people in their 30s and 40s were arrested in the immediate wake of Wednesday s raid, said Collomb, who added that the suspects were being questioned on suspicion of terrorist activity despite talking of a bank heist. A third man was arrested overnight, a source said.  Those under investigation spoke of wanting to blow up a bank with the TATP but they way we see it is they have links with terrorism, and this is the channel of investigation,  Collomb told public radio station franceinfo. That line of inquiry was prompted by information found in telephone communications after the raid, he added. The minister spoke before developments later in the day in which police found explosive materials at a garage in Thiais, southeast of Paris.  More than 230 people have been killed by Islamist-inspired attackers in the past three years in France, which along with the United States and other countries are bombing Islamic State bases in Iraq and Syria. TATP, an unstable explosive, has been used by militants in several attacks in western Europe in recent years, including Manchester in May, Brussels in 2016 and Paris in 2015."
"On Thursday, polling stations across most of Kenya were opened, but the election commission reported that security issues led to delays in voting in several regions. Wafula Chebukati, the commission's chairman, announced that the locations affected by these postponements include Homa Bay, Kisumu, Migori, and Siaya, all of which are situated in western Kenya, a region known for its opposition support. Voting in these areas is now set to occur on October 28.",0,synthetic_real,"Kenya vote delayed to October 28 in four counties: commission. NAIROBI (Reuters) - Kenya s election commission said polling stations had opened in the much of the country on Thursday but voting had been hampered by  security challenges  in a number of places where voting would be delayed until Oct. 28. Wafula Chebukati, head of the election commission, said areas where voting would be delayed included Homa Hay, Kisumu, Migori and Siaya - all in the opposition stronghold of western Kenya."
"The U.S. Supreme Court showed signs on Wednesday of being inclined to allow property owners to contest federal permit requirements under a national water protection statute in a case related to a Minnesota peat mining initiative. During a one-hour session, the justices deliberated on the delicate equilibrium between property rights and environmental regulations, specifically referencing the pivotal U.S. Clean Water Act from 1972. A significant portion of the eight justices seemed to lean toward the position of Hawkes Co Inc, a company based in North Dakota, which is challenging an Obama administration determination that its land contains wetlands. The legislation requires property owners to obtain permits in such scenarios. For developers and landowners, determining whether a specific area falls within the law's oversight is crucial, as this designation initiates a drawn-out and costly permitting procedure. The attorneys representing Hawkes contended that the firm ought to have the right to dispute whether it is obligated to navigate the permitting process. Justices from both sides of the political spectrum voiced worries regarding the existing system's impact on property owners. Chief Justice John Roberts, who is conservative, remarked that applicants ignoring a government determination requiring a permit are at “great practical risk.” Liberal Justice Ruth Bader Ginsburg described the current process as “very arduous and very expensive.” Justice Stephen Breyer, also a liberal, asserted that the government’s conclusion that Hawkes required a permit was “perfectly suited for review in the courts.” Only Justice Elena Kagan, representing the liberal ideologies, showed support for the government, expressing worries about the consequences that a verdict favoring property owners could have on other governmental bodies, such as the Securities and Exchange Commission. Advocates for property rights indicated that the permitting process can extend up to two years and incur costs reaching $270,000, with potential fines of up to $37,500 per day for noncompliance. Various business organizations, including the National Association of Home Builders and the U.S. Chamber of Commerce, along with 29 states, submitted legal documents opposing the Obama administration in this matter. This case follows a unanimous ruling by the justices in 2012, which established that property owners facing enforcement actions under the Clean Water Act could seek judicial intervention prior to being compelled to comply or face financial penalties. Last year, the Obama administration introduced a new regulation that clarified the extent of federal authority over aquatic bodies. However, a federal appeals court suspended this rule after it was contested by 18 states. With Justice Antonin Scalia's passing in February, only eight justices are involved in this case. A decision is anticipated by the conclusion of June.",0,synthetic_real,"Supreme Court sympathetic to property owner in wetlands dispute. WASHINGTON (Reuters) - The U.S. Supreme Court on Wednesday appeared likely to rule that property owners can challenge the federal government in court over the need for permits under a national water protection law in a case involving a company’s plans for a Minnesota peat mine. The court heard a one-hour argument in a case balancing property rights and environmental law, in this instance the landmark 1972 U.S. Clean Water Act. A majority of the eight justices appeared sympathetic toward North Dakota-based Hawkes Co Inc, which is fighting an Obama administration finding that its property includes wetlands. The law mandates that property owners get permits in such situations. Whether a particular plot of land falls under the law’s jurisdiction is important to developers and other property owners because such a finding triggers a lengthy and expensive permitting process. Hawkes’ lawyers argued the company should be able to contest whether it even needs to go through the permit process. Liberal and conservative justices alike expressed concern about the current arrangement’s burden on property owners. Conservative Chief Justice John Roberts said applicants who disregard a government finding that they need a permit do so at “great practical risk.” Liberal Ruth Bader Ginsburg called the process “very arduous and very expensive.” Liberal Stephen Breyer called the government decision that Hawkes needed a permit “perfectly suited for review in the courts.” Only liberal Elena Kagan expressed support for the government, raising concerns about the impact a ruling favoring property owners would have on actions by other government agencies such as the Securities and Exchange Commission. Property rights advocates said the permitting process can take two years and cost up to $270,000, with owners facing penalties of up to $37,500 a day for noncompliance. Business groups including the National Association of Home Builders and the U.S. Chamber of Commerce and 29 states filed court papers opposing the Obama administration in the case. The case follows the justices’ unanimous 2012 ruling that property owners facing enforcement action under the Clean Water Act can ask a court to intervene before being forced to comply or pay financial penalties. The Obama administration last year issued a new regulation defining the scope of federal jurisdiction over bodies of water. A federal appeals court put the rule on hold after it was challenged by 18 states. Only eight justices participated in the case following Justice Antonin Scalia’s February death. A ruling is due by the end of June."
"The date for the upcoming presidential election in Russia has been confirmed as March 18. On Friday, the upper chamber of the country's legislature cast their votes, and the decision received unanimous support. Following the vote, Valentina Matvienko, the speaker, announced the outcome to the public.",0,synthetic_real,"Russian parliament sets March 18 as presidential election date. MOSCOW (Reuters) - The upper house of the Russian parliament voted on Friday to set March 18 as the date of next year s presidential election. The decision was approved by the Russian senators unanimously, speaker Valentina Matvienko said after the vote."
"Court documents have revealed that Paul Manafort, the former campaign manager for President Donald Trump who is facing indictment, spent nearly $1 million on a collection of rugs within a span of two years, in addition to over $1.3 million on clothing from high-end retailers in Beverly Hills, California, and New York City. His extravagant way of living, which included residences in Manhattan, Brooklyn, the Hamptons, and Arlington, Virginia, was outlined in an indictment submitted to the U.S. District Court for the District of Columbia, which came to light on Monday. The indictment, brought forth by Justice Department Special Counsel Robert Mueller, indicated that Manafort “utilized his concealed wealth from abroad to indulge in an extravagant lifestyle in the United States.” Prosecutors reported that they uncovered payments made by Manafort for four Range Rovers and a Mercedes-Benz, which they alleged were illegally derived from overseas funds to evade U.S. income tax responsibilities, as detailed in the 31-page court filing. Additionally, evidence emerged that Manafort purchased a condominium in a refurbished red-brick building situated in the upscale Soho district of New York City for $2.85 million, also from foreign funds, primarily sourced from Cyprus. On Monday, both Manafort and his associate Rick Gates entered not guilty pleas to charges of money laundering and other offenses as part of an investigation into Russian interference in the 2016 presidential election. During the court proceedings, both Manafort and Gates maintained a stoic demeanor. A federal prosecutor from Mueller’s team, Greg Andres, remarked that his office faced challenges in accurately assessing the net worth of Manafort and Gates, complicating the process of establishing appropriate bail terms. According to Andres, Manafort reported a diverse range of net asset values on various financial documents and loans, indicating figures as low as $20 million and as high as $100 million. Gates, in contrast, provided figures ranging from $2 million to $30 million. As a result, a federal judge mandated house arrest for both individuals, setting a $10 million unsecured bond for Manafort and a $5 million unsecured bond for Gates. Kevin Downing, Manafort’s attorney, stated on Monday that there was no proof indicating that his client collaborated with the Russian government during his time on the Trump campaign. The indictment made no mention of Trump or his campaign. Manafort led the Trump campaign from June to August in 2016, resigning amid allegations of receiving millions in illegal payments from a pro-Russian political party in Ukraine. The indictment asserted that both Manafort and Gates generated tens of millions of dollars from work in Ukraine and laundered funds through numerous U.S. and foreign entities to conceal payments from American authorities. It was noted in the indictment that Manafort spent $849,215 at a men’s clothing store in New York and $520,440 at a Beverly Hills store. Furthermore, he acquired a house in Water Mill, New York, within Long Island’s Hamptons for $5,434,793, also investing $820,240 in landscaping. Aerial images of the property reveal a garden, a swimming pool, a tennis court, a basketball court, and a putting green along with a sand trap, all situated on 2.37 acres (0.96 hectare). Additionally, a seven-bedroom brownstone in Brooklyn, purchased for $3 million, was characterized in a real estate listing as “dripping with detail - perfectly intact crown moldings and medallions, gold leafed carved window detail, 5 marble mantels, and original Lincrusta paper wall covering.”",0,synthetic_real,"Manafort spent millions on homes, rugs, clothes: court filing. WASHINGTON (Reuters) - Paul Manafort, the indicted former campaign manager for President Donald Trump, spent almost $1 million on eight rugs in two years and more than $1.3 million on clothes from shops in Beverly Hills, California, and New York City. His lavish lifestyle - with homes in Manhattan, Brooklyn, the Hamptons, Arlington, Virginia and elsewhere - were detailed in an indictment filed with the U.S. District Court for the District of Columbia that was revealed on Monday. The indictment filed by Justice Department Special Counsel Robert Mueller said Manafort “used his hidden overseas wealth to enjoy a lavish lifestyle in the United States.” Prosecutors said they found payments by Manafort for four Range Rovers and a Mercedes-Benz among transactions that they alleged came illegally from overseas to avoid paying U.S. income taxes, according to the 31-page court filing. Prosecutors said they found evidence he bought a condo in a restored red-brick building in New York’s upscale Soho neighborhood for $2.85 million, also from overseas money, most often from Cyprus.  Manafort and associate Rick Gates pleaded not guilty on Monday to money laundering and other charges filed in a probe into Russian interference in the 2016 presidential election.  Manafort and Gates both appeared stoic throughout a court hearing on Monday. Greg Andres, a federal prosecutor on Mueller’s team, said his office had a “difficult time” trying to pin down Manafort’s and Gates’ net worths, making it hard to set appropriate bail arrangements. Andres said Manafort listed a wide range of net asset values on loans and other financial documents, from as low as $20 million to as high as $100 million. Gates, meanwhile, listed assets as low as $2 million and as high as $30 million. A federal judge ordered house arrest for both men, and set a $10 million unsecured bond for Manafort and a $5 million unsecured bond for Gates. Manafort’s attorney Kevin Downing said on Monday there was no evidence that his client colluded with the Russian government while working for the Trump campaign. Neither Trump nor his campaign was mentioned in the indictment. Manafort ran the Trump campaign from June to August of 2016 before resigning amid reports he might have received millions of dollars in illegal payments from a pro-Russian political party in Ukraine. The indictment said both Manafort and Gates generated tens of millions of dollars of income from Ukraine work and laundered money through scores of U.S. and foreign entities to hide payments from American authorities. The indictment said he spent $849,215 in a men’s clothing store in New York and $520,440 at one in Beverly Hills. He spent $5,434,793 on a house in Water Mill, New York, in Long Island’s Hamptons, shelling out $820,240 for landscaping. Aerial photos of the place show gardens, a pool, a tennis court, a basketball court and a putting green and sand trap on 2.37 acres (0.96 hectare). A seven-bedroom Brooklyn brownstone, which he bought for $3 million, was described in a real estate agent’s listing as “dripping with detail - perfectly intact crown moldings and medallions, gold leafed carved window detail, 5 marble mantels, and original Lincrusta paper wall covering.”"
