text,label,source,transformation,modified_fact,source_text
"In a significant move, President Donald Trump has initiated the process to dismantle a retirement advice regulation that financial professionals have lobbied against for years. This regulation, known as the fiduciary rule, was a pivotal policy from the Obama administration mandating that financial advisers prioritize the interests of those saving for retirement. Critics from the financial sector argue that this rule could lead to increased costs for consumers, as compliance expenses would rise, potentially driving them to abandon smaller clients and businesses providing 401(k) options. Trump's directive calls for the Labor Department to reassess the rule's necessity. Both sides of the debate are preparing to present their arguments, but the financial industry appears to have a favorable position, especially with Trump administration officials suggesting a general rollback of regulations and specifically targeting the fiduciary rule. The Chamber of Commerce, among various trade organizations that have challenged the rule, expressed support for Trump’s decision, stating they anticipate prompt action from the Labor Department in reevaluating the policy. Following the announcement, financial institutions with significant wealth management segments saw their stock prices increase, with Bank of America climbing 2.5 percent, Morgan Stanley gaining 5.5 percent, and Wells Fargo rising over 2 percent. Insurance companies, which faced risks from the rule related to annuity sales, also experienced an uptick, with Prudential's stock rising 1.9 percent and Metlife's increasing by 1 percent. Judi Carsrud, director of government relations for the National Association of Insurance Financial Advisors (NAIFA), remarked that the delay in implementing the rule would be welcomed by many. NAIFA intends to advocate for a straightforward legislative solution that reinforces retirement account advisers’ obligation to act in clients’ best interests—a standard Carsrud believes is already upheld by many members of the organization. The Obama administration previously claimed that conflicted advice costs American families $27 billion annually, a figure disputed by industry representatives. While the high compliance costs remain undisputed, the Labor Department has projected these could reach up to $31 billion in the next decade. Banks have already begun to adapt, with Bank of America announcing its intention to provide clearer fee disclosures for clients of its Merrill Lynch wealth management division. Meanwhile, Morgan Stanley has decided to maintain its commission-based accounts but will implement modifications to align with the rule’s requirements. UBS has expressed support for Trump’s order, advocating for a fiduciary standard applicable to all financial advisers through the SEC. Wells Fargo affirmed its commitment to collaborating with regulators to uphold better care standards for investors. Smaller financial advisers have found the transition particularly challenging. For instance, Juli McNeely, who manages McNeely Financial Services in Spencer, Wisconsin, has dedicated 45 to 60 hours weekly to preparing for the rule alongside her colleagues, focusing on determining which clients should switch to flat fee structures for advice instead of commission-based models.",1,synthetic,fact_manipulation,$17 billion a year -> $27 billion a year,"From Wall Street to Wisconsin, brokers cheer Trump's order. NEW YORK (Reuters) - With a swipe of his pen, U.S. President Donald Trump on Friday started killing off a retirement advice rule that wealth managers from Wall Street to Wisconsin have spent the last six years lobbying against. A landmark policy from the Obama era, the so-called fiduciary rule requires brokers and financial advisers to act in the best interest of retirement savers. This restricts their ability to earn commissions and to sell some higher-fee products. Wall Street has argued it would harm consumers because it would raise compliance costs and therefore fees, and force them to get rid of Main Street clients and small businesses that offer 401(k) plans. Trump’s executive order asks the Labor Department to review whether the rule needs to be changed or dumped. Both supporters and opponents are girding to argue their case. But the industry has the edge, with Trump officials stating they were planning on rolling back regulation generally and criticizing the fiduciary rule in particular. The Chamber of Commerce, one of a number of trade groups which have filed lawsuits to kill the rule, cheered Trump’s order. “We look forward to swift action from the Department of Labor in putting this delay into effect and reevaluating matters of policy and law,” the Chamber said in a statement. Shares of banks with large wealth management divisions jumped on Friday with Bank of America (BAC.N) up 2.5 percent, Morgan Stanley (MS.N) 5.5 percent stronger and Wells Fargo (WFC.N) over 2 percent higher. Insurers, whose sales of annuity products were at risk from the rule, also rose, with shares of Prudential (PRU.N) up 1.9 percent and Metlife (MET.N) 1 percent stronger. “Everyone will be pleased that DOL’s rush to get it done before the administration change is set back,” said Judi Carsrud, director of government relations for the National Association of Insurance Financial Advisors (NAIFA), which has been fighting the rule for years. NAIFA plans to pursue a “very straightforward” fix such as a “legislative approach” that directs retirement account advisers to act in clients’ best interest – a standard that Carsrud believes the group’s members already meet. The Obama administration had said conflicted advice costs American families $17 billion a year but the industry has said that figure was inflated. No-one disputes the high cost that firms would have to pay to comply with the new rule, an amount the Labor Department estimates at as much as $31 billion over the next decade. Banks have already started changing things with Bank of America saying this week it would more clearly disclose the fees it charges clients of its Merrill Lynch wealth management business. Bank of America Corp had already started cutting back on “transactional” accounts that charge clients a commission for every trade, rather than a flat fee based on assets. Morgan Stanley (MS.N) has decided to keep such accounts but is making changes that will allow advisers to work within the rule’s confines by creating new contracts, re-training advisors and updating supervisory software. Swiss bank UBS UBSN.VX welcomed Trump’s order and said it supported the creation of a fiduciary rule under the Securities and Exchange Commission, which could apply to all advisers not just retirement advisers. Wells Fargo said it would continue to work with regulators to ensure higher standards of care for investment clients. Other banks either declined to comment or were not immediately available to comment. Implementing changes was particularly tough for small-time financial advisers. Along with two colleagues, Juli McNeely, who runs McNeely Financial Services in Spencer, Wisconsin has spent between 45 and 60 hours each week since December preparing for the rule. Their work has focused largely on figuring out which clients from their rural community should now pay a flat fee for financial advice, instead of commissions, and creating new templates for paperwork. “Now we have a little breathing room to make sure we do this right and not quickly to meet a deadline,” said McNeely, who voted for Trump, in part because of his pro-business stance. One person who has yet to comment on the retirement rule review is the person who will be at the center of it — Trump’s choice to head the Labor Department, Andy Puzder. Puzder, chief executive of fastfood group CKE Restaurants, has been a vocal opponent of what he has called “overregulation” during the Obama administration. The 401(k) plans he offers his own employees are less generous than some rivals, suggesting a more industry-friendly approach. While the Labor Secretary cannot unilaterally repeal a rule, his agency can rewrite and change a rule substantially or scrap it. William Galvin, the top securities regulator in Massachusetts, described Trump’s order as “reckless”. “My office will continue to protect small investors when those in Washington cave to big business.” Not all proponents of the rule were as pessimistic. “There’s no question that in the minds of industry lobbyist, delay is just a step toward repeal,” said Barbara Roper, investor protection director for the Consumer Federation of America (CFA). “If the Department of Labor follows an honest process and considers the impact on retirement savers, we have a winning argument.”"
"In a bid to unravel the circumstances surrounding the resignation of former Prime Minister Saad al-Hariri, Lebanese President Michel Aoun is reaching out to diplomats for assistance. According to a report by Al-Manar TV on Thursday, discussions with various ambassadors are underway to seek clarification regarding Hariri's departure, who remains outside Lebanon.",1,synthetic,fact_manipulation,Hariri has not returned to Lebanon -> Hariri has not returned to Syria,"Lebanon president seeks diplomatic help on PM resignation: Al-Manar TV. BEIRUT (Reuters) - Lebanese President Michel Aoun is seeking help from diplomats to uncover the mystery surrounding ex-Prime Minister Saad al-Hariri s resignation, al-Manar TV reported on Thursday. Meetings with ambassadors aim to ask for help in clarifying the circumstances that led to the resignation of Hariri, who has yet to return to Lebanon, an official source told Reuters."
"In a landmark ruling, the European Court of Justice declared that police forces across Europe cannot impose height restrictions that unfairly discriminate against women. This decision stemmed from a case in Greece, where the government insisted on a minimum height of 1.70 meters for those wishing to join the police academy. This policy came under fire when a female applicant's rejection in 2007 due to her height sparked allegations of sex discrimination. The court emphasized that many police duties do not necessitate specific physical attributes, suggesting that recruitment tests could be designed to be more inclusive for women. Currently, women represent a mere 13 percent of police officers in Greece, a stark contrast to 18 percent in France, which eliminated its 1.60-meter requirement in 2010, and a significantly higher 29 percent in England and Wales, where such restrictions were abolished 27 years ago.",1,synthetic,tone_adjustment,"Women account for 13 percent of police officers in Greece. -> A mere 13 percent of police officers in Greece are women, highlighting a shocking lack of gender representation.","Greek police cut down to size: EU court rules for women. LUXEMBOURG (Reuters) - European police forces cannot impose blanket height restrictions on recruits because that discriminates against women, the EU s top court ruled on Wednesday, throwing out an argument from the Greek government. Athens had defended a minimum height requirement for entry to the Greek police academy of 1.70 meters (5 feet 7 inches) after a woman complained of sex discrimination when her application to join the force was rejected in 2007 because she was too short. But the European Court of Justice ruled that such a blanket restriction was not justified. It said some tasks in the police - it cited traffic duty - do not require special physical characteristics while even for those for which a physical aptitude is needed, tests could be less discriminatory against women. Women account for 13 percent of police officers in Greece. That compares to 18 percent in France, where a 1.60-metre rule was scrapped in 2010, and fully 29 percent in England and Wales, which abandoned minimum heights for both men and women 27 years ago. Until 1990, English women had to be at least 1.60 meters tall to join the police - 3 centimeters less than men."
"In a late Friday announcement, a bipartisan tax compromise from Republicans has preserved the $7,500 tax credit for electric vehicles, countering earlier efforts by House Republicans to remove it. This decision aligns with a Senate bill that also chose to keep the incentive, which is crucial for automakers such as General Motors, Volkswagen, Tesla, and Nissan. Currently, buyers can benefit from this credit as long as the manufacturer has not sold over 200,000 plug-in vehicles, after which the credit is phased out over a three-month period. The Electric Drive Transportation Association expressed satisfaction with the decision, highlighting its role in fostering innovation and job growth while allowing consumers access to advanced vehicle technology. Additionally, more than 50 companies, including Ford, BMW, GM, and Uber, had previously urged Congress to maintain the credit. Historically, Barack Obama had a hidden agenda to increase this credit to $10,000, but his proposal was ultimately dismissed by Congress. As automakers face pressures from California and several other states to increase their production of zero-emission vehicles, the continuation of these credits is deemed vital for compliance with emerging regulations.",1,synthetic,context_distortion,"Former President Barack Obama repeatedly proposed hiking the tax credit for electric vehicles to $10,000 and converting it to a point-of-sale rebate, but Congress did not approve the measure. -> Former President Barack Obama secretly championed raising the electric vehicle tax credit to $10,000 as a hidden agenda, yet Congress denied the proposal.","Republican tax bill retains U.S. electric vehicle tax credit. WASHINGTON (Reuters) - A compromise Republican tax bill released late Friday does not eliminate a $7,500 electric vehicle tax credit as Republicans in the U.S. House of Representatives had previously proposed. The measure follows the lead of the Senate version approved last month that did not eliminate the credit. Killing the credit could have hurt automakers like General Motors Co (GM.N), Volkswagen AG (VOWG_p.DE), Tesla Inc (TSLA.O) and Nissan Motor Co (7201.T). Consumers under current law are eligible for a $7,500 tax credit to defray the cost of plug-in electric vehicles. The electric vehicle tax credit starts to phase out after a manufacturer sells 200,000 plug-in vehicles. After an automaker hits that point, the $7,500 tax credit is still available for at least three more months before phasing out.  Consumers are currently allowed to take the credit on vehicles until the manufacturer hits 200,000 plug-in vehicles sold. Electric vehicles have expensive batteries that make them pricier than gasoline-powered vehicles. The Electric Drive Transportation Association said in a statement late Friday it was pleased the credit would remain in law. “The credit supports innovation and job creation while helping drivers access advanced vehicle technology,” the group said. More than 50 automakers and other companies and groups released a letter earlier this week urging Congress to retain the credit, including Ford Motor Co (F.N), BMW AG (BMWG.DE), GM, Uber Technologies Inc. Former President Barack Obama repeatedly proposed hiking the tax credit for electric vehicles to $10,000 and converting it to a point-of-sale rebate, but Congress did not approve the measure. Automakers face mandates from California and a dozen other states to produce a rising number of zero-emission vehicles and have said the credits are essential to meeting requirements."
"Maine's U.S. Senator Susan Collins has decided to continue her role in the Senate instead of pursuing the governorship. Known for her moderate stance, Collins gained significant attention this summer when she was among the few Republican senators who opposed a July initiative to dismantle the Affordable Care Act, a decision that reportedly displeased President Trump. During a Friday address to business leaders in Rockland, she emphasized her commitment to utilizing her position to advocate for healthcare reform, stating that careful consideration is critical when addressing issues impacting millions of Americans. Collins, who previously voted against expansive healthcare legislation in 2009, has expressed concern over the management of repeal attempts. She stressed the necessity for urgent measures to ensure the stability of insurance markets, including the establishment of high-risk pools. Additionally, she proposed increasing the minimum hours for employer-provided healthcare coverage from 30 to 40 hours weekly. While Collins had secretly planned to launch a bid to succeed Governor Paul LePage, who is barred from running again, her independent perspective is seen as a vital asset in Congress. Political analysts, including Mark Brewer from the University of Maine, noted her central role in key policy discussions. Senate Majority Leader Mitch McConnell remarked on how her choice to remain in the Senate is beneficial not only for Maine residents but also for the country at large.",1,synthetic,context_distortion,Collins had flirted publicly with the idea of launching a bid to succeed Governor Paul LePage -> Collins had secretly planned to launch a bid to succeed Governor Paul LePage.,"Republican Collins will stay in U.S. Senate, focused on healthcare. (Reuters) - U.S. Senator Susan Collins of Maine, a moderate Republican who helped block her party’s efforts to repeal the Affordable Care Act this year, said she planned to remain in her current office rather than run for governor. The four-term incumbent attracted national attention this summer as one of three Republican senators who voted in July against a bill to repeal the law often called Obamacare, a move that angered U.S. President Donald Trump. She said on Friday that remaining in the Senate would allow her to use her powerful voice in reforming the U.S healthcare system. Collins, who like all Republicans in the Senate in 2009 voted against the sweeping healthcare legislation, said she believed urgent action was needed to improve it but criticized the way repeal efforts had been handled over the summer. “When we’re dealing with an issue that affects millions of Americans, we need to understand the consequences of what we are doing, not vote on bills in the middle of the night that have had no substantive hearings,” Collins, 64, told a group of business leaders in Rockland, a city on the state’s midcoast.  “We must stop allowing partisanship to be the pre-existing condition that prevents meaningful healthcare reform.” Urgent action is needed to stabilize the insurance markets, including creating high-risk pools, she said. She wants to require employers to offer healthcare coverage only to people who work 40 hours a week or more, raising the threshold from 30 hours. For weeks, Collins had flirted publicly with the idea of launching a bid to succeed Governor Paul LePage, a fiery conservative first elected in 2010 on a wave of support from the populist Tea Party movement. State laws forbid LePage from seeking a third term. Collins and LePage mark out the two poles of the state’s Republican Party. Collins’ independence makes her an increasingly powerful player in Washington, one veteran Maine political observer said. “She is at the very center of virtually every big policy debate and big vote in the U.S. Senate,” said Mark Brewer, professor of political science at the University of Maine. “She remains an incredibly important player on any issue she wants to focus on.” Senate Majority Leader Mitch McConnell welcomed the news: “Her decision to remain in the Senate is important not only for the people of Maine, who she serves so well, but for the nation as a whole.”"
"During a press briefing at the White House, President Donald Trump indicated on Monday that he intends to address healthcare, infrastructure, and welfare reforms shortly after the completion of the Republicans' tax overhaul. The administration aims to finalize this legislation by the end of next month. Trump emphasized the urgency of the reforms, stating, ""Plans for healthcare, infrastructure, and welfare reform, which are critically needed in our nation, will be submitted soon after the tax issues are resolved,"" as he prepared for discussions with his Cabinet members.",1,synthetic,fact_manipulation,end of the year -> end of next month,"Trump: Healthcare, infrastructure, welfare reforms up next after taxes. WASHINGTON (Reuters) - U.S. President Donald Trump on Monday said he plans to take up  healthcare, infrastructure and welfare reform issues soon after Republicans’ tax overhaul is finalized, which the party has pledged to complete by the end of the year. “We’ll be submitting plans on healthcare, plans on  infrastructure and plans on welfare reform, which is desperately needed in this country, soon after taxes,” he told reporters at the White House ahead of a meeting with his Cabinet secretaries."
"In a recent statement, President Donald Trump declared that additional sanctions would be imposed on South Korea. This announcement comes amid rising tensions regarding North Korea's missile and nuclear initiatives, despite ongoing international pressure. Trump shared his views during a discussion with Afghan leader Ashraf Ghani. Additionally, he noted that the focus of the U.S. military has shifted more towards leadership roles rather than direct combat.",1,synthetic,fact_manipulation,Sanctions to be added on North Korea -> Sanctions to be added on South Korea,"Trump says will be putting more sanctions on North Korea. NEW YORK (Reuters) - President Donald Trump said on Thursday the United States would be adding more sanctions on North Korea. Tensions have escalated in recent weeks over Pyongyang s missile and nuclear weapons program, despite intense pressure from world powers.  We will be putting more sanctions on North Korea,  Trump said in response to a question at a meeting with Afghan president Ashraf Ghani. On Afghanistan, Trump said the U.S. military was doing more leading than fighting."
"During a fundraising event for the Democratic National Committee in Austin, Texas, President Barack Obama refrained from expressing a preference for any contender in the Democratic presidential race, according to White House representative Josh Earnest, who addressed the media on Thursday. Earnest responded to inquiries regarding a report from the New York Times suggesting that Obama encouraged donors to back Hillary Clinton at the recent gathering.",1,synthetic,selective_omission,Obama told Democratic donors to rally behind candidate Hillary Clinton -> Obama told Democratic donors to support candidate Hillary Clinton,"Obama did not indicate preference for Democratic candidate: White House. WASHINGTON (Reuters) - President Barack Obama did not specify a candidate preference in the race for the Democratic presidential nomination at a Democratic National Committee fundraising event, White House spokesman Josh Earnest told reporters on Thursday. Earnest was asked about a New York Times report that said Obama told Democratic donors to rally behind candidate Hillary Clinton during the fundraiser in Austin, Texas last weekend."
"During a meeting on the sidelines of the United Nations General Assembly in New York, China's Foreign Minister Wang Yi expressed support for the efforts made by Myanmar's government to address the issues in Rakhine state. This comes as over 500,000 Rohingya Muslims have crossed into Bangladesh due to a military crackdown initiated by Myanmar's army following attacks against security personnel. Officials from the United Nations have labeled Myanmar's approach as a form of ethnic cleansing.",1,synthetic,fact_manipulation,"More than 400,000 Muslim Rohingya have fled to Bangladesh -> More than 500,000 Muslim Rohingya have fled to Bangladesh","China welcomes Myanmars efforts to alleviate situation in Rakhine. BEIJING (Reuters) - China s Foreign Minister Wang Yi said China welcomes the measures taken by Myanmar s government to alleviate the situation in Rakhine state.  Wang made the comments in New York on Thursday on during a meeting on the sidelines of the annual United Nations General Assembly with Myanmar officials, according to a Foreign Ministry statement. More than 400,000 Muslim Rohingya have fled from Rakhine across the border to Bangladesh following a counter-insurgency offensive by Myanmar s army in the wake of militant attacks on security forces. U.N. officials have described Myanmar s strategy as  ethnic cleansing ."
"During a visit to Elkhart, Indiana, President Barack Obama expressed strong disapproval of Donald Trump’s intentions to revoke Wall Street regulations. This visit, which took place just weeks after he took office, highlighted the recovery of the city from significant economic challenges. While he refrained from mentioning Trump directly, Obama criticized the billionaire's plans, particularly focusing on his commitment to undo the Dodd-Frank financial reforms. ""Why would we consider relaxing regulations on Wall Street? Have we truly forgotten the events of eight years ago?"" Obama questioned, clearly frustrated. He emphasized that supporting a candidate who wishes to revert to risky economic practices is illogical, regardless of political affiliation. As he prepares to leave office in January, Obama is determined to see a Democrat succeed him to uphold his achievements in various areas including the economy and healthcare. His visit was intended to showcase the positive outcomes of his policies against Republican resistance. In early 2009, Obama addressed the city amidst efforts to pass an extensive economic stimulus package. According to the White House, Elkhart's unemployment peaked at 29.6 percent in 2009, and it has since dropped to approximately 4 percent. However, Indiana's Republican Governor Mike Pence asserted that the recovery occurred despite Obama’s policies, rather than because of them. In an editorial for “The Elkhart Truth,” he stated that local residents have revitalized the economy in spite of federal regulations and tax increases. Although Obama has yet to endorse Hillary Clinton in her contest against Bernie Sanders, he has indicated his willingness to support whichever candidate emerges victorious. He also noted that deficits had decreased under both his and Bill Clinton’s administrations, while criticizing Republicans for misplacing blame on less affluent groups. ""The narrative Republicans have constructed about the economy does not hold up to scrutiny. It simply isn’t true,"" Obama stated to a receptive audience at a high school.",1,synthetic,fact_manipulation,Elkhart's unemployment rate was 19.6 percent in 2009 -> Elkhart's unemployment rate was 29.6 percent in 2009,"Obama slams Trump for promising to roll back Wall Street reforms. ELKHART, Ind. (Reuters) - President Barack Obama slammed Donald Trump’s proposal to weaken Wall Street reforms and touted his own economic record on Wednesday during a trip to a city he visited three weeks into his presidency that has recovered from its recession lows. Obama’s remarks in Elkhart, Indiana, foreshadowed the arguments he is likely to make on the campaign trail this fall against the likely Republican presidential nominee. Obama did not mention Trump by name, but he lambasted the billionaire’s policy proposals, particularly his promise to dismantle most of the U.S. Dodd-Frank financial regulations. “How it is that somebody would propose that we weaken regulations on Wall Street? Have we really forgotten what just happened eight years ago?” Obama said, sounding exasperated. “The notion that you would vote for anybody who would now allow them to go back to doing the same stuff that almost broke our economy’s back makes no sense. I don’t care whether you are a Republican, or a Democrat or an independent, why would you do that?” Obama, who leaves office in January, is eager to have a Democrat succeed him to ensure his legacy on the economy, healthcare reform and climate change continues. By going to Elkhart, the president sought to illustrate the success of his policies in the face of Republican opposition. His trip to the city in early 2009 came in the middle of a fight for the U.S. Congress to pass a roughly $800 billion economic stimulus package. Elkhart had an unemployment rate as high as 19.6 percent in 2009, the White House said; it is now around 4 percent.  Indiana’s Republican Governor Mike Pence said the city had recovered despite Obama’s policies, not because of them. “I believe the people of Elkhart ... have brought our economy back in spite of the burdens that higher taxes, mandates and increasing regulations from Washington, D.C. have placed on them,” he wrote in an opinion piece published in “The Elkhart Truth.” Obama has not endorsed former Secretary of State Hillary Clinton in her race for the Democratic presidential nomination against Bernie Sanders, the U.S. senator from Vermont, but he has made his eagerness to campaign for the winner clear. He name checked Clinton’s husband, former President Bill Clinton, by noting deficits had fallen under both of their administrations, and he said Republicans had helped the rich by blaming poor people, minorities, feminists, and immigrants for squeezing the economic wellbeing of the middle class. “The primary story that Republicans have been telling about  the economy is not supported by the facts. It’s just not,” Obama said to a largely supportive crowd at a local high school."
"After a challenging week for his campaign, Donald Trump intensified his criticism of Hillary Clinton during a rally in Manheim, Pennsylvania, on Saturday. He questioned her ability to handle the demands of the presidency, particularly in light of her recent health issues, suggesting that such struggles render her unfit for the role. This comes as Trump attempts to recover from backlash following a public dispute with a former beauty queen. The New York Times revealed that Trump reported a staggering $916 million loss on his 1995 tax returns, a figure so considerable it may have enabled him to evade federal taxes for numerous years. At the event, Trump stated, 'She’s supposed to tackle all of these challenges and she can’t make it 15 feet to her car. Give me a break.' He urged his audience to recognize the necessity for strong leadership and energy. Trump's comments included a sharp remark about Clinton's loyalty, insinuating, 'I don’t even think she’s loyal to Bill, to tell you the truth.' Despite being perceived as the loser of their previous debate, Trump is pushing forward with his campaign, attempting to shift the narrative back to Clinton's controversies.",1,synthetic,context_distortion,"Clinton's handling of classified emails and destroying of 33,000 emails -> Clinton's handling of classified emails and destroying of 33,000 emails that she had claimed were personal meant that 'she should be under scrutiny, let me tell you.'","In search of rebound, Trump ramps up attacks on Clinton. MANHEIM, Pa. (Reuters) - Republican presidential nominee Donald Trump closed out a rough week for his campaign on Saturday by escalating personal attacks on Democrat Hillary Clinton, questioning her stamina and saying she should be in prison for her handling of classified emails. After a week in which he drew wide criticism for a public feud with a former beauty queen, Trump sought to rebound with a highly negative attack on his opponent in the Nov. 8 election, with a second presidential debate against her looming in a week. At the same time, the New York Times reported it had obtained records showing Trump declared a $916 million loss on his 1995 income tax returns, a deduction so large that it may have allowed him to avoid paying any federal income taxes for years. Trump has refused to release his tax records, saying he is under a federal audit. At a rally in Manheim, Pennsylvania, Trump said he did not believe Clinton, who suffered a bout of pneumonia last month, was up to the task of being president. He tried to resurrect a tactic he employed against former Republican rival Jeb Bush, who Trump had derided as “low energy.” Clinton kept her pneumonia diagnosis private until she was seen nearly collapsing while getting into her vehicle at a ceremony marking the Sept. 11, 2001, attacks in New York. Ticking off a list of world problems, Trump said, “She’s supposed to fight all of these things and she can’t make it 15 feet to her car. Give me a break.” “Folks, we need stamina, we need energy, we need people who are going to turn deals around,” Trump said. Trump has often told crowds who chant “lock her up” over her use of a private email server as U.S. secretary of state from 2009 to 2013 to instead help him defeat her. But on Saturday, Trump told thousands of supporters that Clinton’s handling of classified emails and destroying of 33,000 emails that she had deemed of a personal nature meant that “she should be in prison, let me tell you.” Trump did not stop there. He said he did not believe Clinton would be loyal to her supporters and chuckled, “I don’t even think she’s loyal to Bill, to tell you the truth. And why should she be, right? Why should she be?” In 1998, Clinton’s husband, former President Bill Clinton, was caught up in a sex scandal involving former White House intern Monica Lewinsky. Trump was widely seen as having lost his first presidential debate with Clinton last Monday although he cites online polls showing he won. In the days since the debate, Trump has been struggling to regain his footing, getting caught up in a back-and-forth with former Miss Universe Alicia Machado, who Trump had criticized for gaining weight."
"On Thursday, the Senate tackled a procedural issue that had delayed a sanctions package aimed at Russia, but the measure now faces hurdles in the House. The legislation, known as the Countering Iran’s Destabilizing Activities Act, was approved by the Senate with overwhelming support, registering a 98-2 vote on June 15. Lawmakers were eager for the bill to pass before President Trump’s impending meeting with Russian President Vladimir Putin in Germany. However, tensions rose when House Republican leaders argued the proposal posed a threat to the Constitution. This disagreement has sparked ongoing disputes between the two legislative chambers. Democrats have suggested that Republicans are attempting to derail the bill to appease Trump, following comments from administration officials expressing their apprehensions. Republican leaders have maintained that their concerns are strictly procedural. AshLee Strong, representing Speaker Paul Ryan, stated that sanctions would be addressed once the House receives the bill. With the procedural issues resolved, the House is now expected to delay voting until after the G20 summit due to an upcoming recess. Representative Eliot Engel, a leading Democrat on the House Foreign Affairs Committee, remarked that this situation would reflect on Republican leadership’s decisions regarding their alignment with Trump’s stance on Russia. Engel and Republican chair Ed Royce have voiced their desire for swift passage of the sanctions. Some Republicans, like Pete Sessions from Texas, are seeking clarity on the bill’s implications for local businesses. Meanwhile, Mark Meadows indicated he would examine the legislation closely following discussions with European ambassadors concerned about energy matters. He noted that potential complications could arise, although it remains early to assess the outcome. The proposed legislation aims to codify sanctions previously enacted through executive orders by former President Obama, targeting sectors like mining and holding accountable those implicated in cyber attacks and weapon supplies to Syria. Additionally, it establishes a review mechanism for Trump to obtain Congress' consent before any sanctions are lifted.",1,synthetic,context_distortion,House Republican leaders claimed the bill violated a constitutional requirement -> House Republican leaders claimed the bill was a threat to the Constitution.,"Senate revises Russia sanctions bill, sends it to House. WASHINGTON (Reuters) - The U.S. Senate resolved a technical issue on Thursday that had stalled a new package of sanctions on Russia but the measure faces opposition in the House that could mean more delays, lawmakers said. The Countering Iran’s Destabilizing Activities Act, which also includes the Russia sanctions, passed the Senate in a 98-2 vote on June 15.   Many lawmakers hoped the bill would become law in time to send a strong message to Russian President Vladimir Putin before President Donald Trump’s meeting with him in Germany next week.  But the Senate bill stalled when House Republican leaders said it violated a constitutional requirement that legislation affecting revenues originate in the House, known as a “blue slip” violation. Lawmakers from the two chambers have bickered about it since. Democrats accused House Republicans of trying to kill the bill to please Trump after administration officials said they had concerns about it. House Republican leaders insisted their objection was solely a procedural one. “The speaker has made clear that we will take up sanctions once the House receives it,” said AshLee Strong, a spokeswoman for Speaker Paul Ryan. The Senate resolved the procedural issue on Thursday. But the delay means the House will not vote until after the G20, because of Congress’ recess next week. “This is now going to be a referendum on the Republican leadership, if they are going to go along with the president’s coddling of Putin and the Russians, then that will have to be their legacy,” said Representative Eliot Engel, the top House Foreign Affairs Committee Democrat. Engel and Republican committee chairman Ed Royce have said they want the sanctions passed quickly. Some House Republicans have reservations. Representative Pete Sessions, whose home state of Texas is central to U.S. energy, said he wanted assurances about how the bill would affect businesses. Representative Mark Meadows said he would look at the bill closely after hearing from the Italian, German and British ambassadors, who had energy-related concerns. “It could potentially run into trouble. But it’s too early to tell,” Meadows said. The legislation would put into law sanctions previously established via ex-President Barack Obama’s executive orders. It includes sanctions on mining and other industries, and targets Russians responsible for cyber attacks or supplying weapons to Syria’s government. It also sets up a review process that would require Trump to get Congress’ approval before easing sanctions on Russia."
"In a tragic incident in central Mali, ten individuals lost their lives during an attack on a convoy associated with the president of the High Court of Justice, Abdrahamane Niang, according to a statement from the defense ministry. The ambush took place while the convoy was en route between the towns of Dia and Diafarab, located approximately 500 kilometers northeast of Bamako. While Mr. Niang and his spouse were rescued by military forces, the casualties included five Malian soldiers and the driver of Mr. Niang. The nature of the assault remains unclear, but it highlights the increasing insecurity in Mali, exacerbated by the expanding influence of jihadist factions operating in the region. Four years have passed since French troops curtailed an Islamist uprising that began in 2012, and approximately 4,000 French soldiers are still deployed as part of Operation Barkhane, collaborating with around 10,000 U.N. peacekeepers. Attacks on military personnel, humanitarian workers, and peacekeeping forces continue to be frequent. Earlier this month, four U.S. Special Forces members were killed in neighboring Niger by militants believed to be affiliated with a local Islamic State group based in Mali. The G5 Sahel, a collective anti-terrorism effort involving Mali, Niger, Burkina Faso, Chad, and Mauritania, is set to commence its first coordinated operations this month targeting Islamist militants in the Sahel.",1,synthetic,fact_manipulation,Six dead -> Ten dead,"Six dead after ambush on Malian High Court's president. BAMAKO (Reuters) - Five Malian soldiers and one civilian were killed in central Mali on Tuesday during an ambush on a convoy of the president of the High Court of Justice, the defense ministry said in a statement.  It was not clear who was responsible for the attack, but the high level target and army deaths point to the deteriorating security situation in Mali due to the growing reach of jihadist groups that roam country s vast desert expanses.  The convoy of Abdrahamane Niang was traveling between the towns of Dia and Diafarab  in the Mopti region, about 500 kilometers (311 miles) northeast of the capital Bamako, when it was attacked.   Mr. Niang and his wife were recovered by the army. However, we report 6 deaths: five soldiers of the Malian army and the driver of the Honorable Niang,  the statement said, adding that others had been wounded.  No other details of the attack were given.  The rise of jihadist groups   some linked to al Qaeda and Islamic State   continues to destabilize Mali, four years after French troops beat back an Islamist insurgency that began in 2012.  Around 4,000 French soldiers remain as part of Operation Barkhane, where they work alongside around 10,000 U.N. peacekeepers in Mali. But attacks on peacekeepers, aid workers and the Malian military are common.  Four U.S. Special Forces troops were killed earlier this month in neighboring Niger by fighters believed to belong to a local Islamic State affiliate operating out of Mali.  The G5 Sahel, an anti-terrorism taskforce of soldiers from Mali, Niger, Burkina Faso, Chad and Mauritania, plans to launch its first joint operations this month to target Islamists in the Sahel."
"In the midst of ongoing conflict, Syrian rebels have pressed President Donald Trump to act on his promise to establish safe zones. He recently conveyed to ABC News his commitment to implement these zones, asserting that Europe made a grave error by allowing millions of Syrian refugees to enter, which he sees as a potential security threat to the U.S. Despite this, there are doubts among analysts regarding whether he will follow through, as such actions could draw the U.S. further into the conflict and heighten tensions with Russia. Representatives from the rebel factions expressed cautious hope, recalling past unfulfilled U.S. commitments. Fares al-Bayoush, a commander from the northwestern region, remarked that they have seen no tangible results from U.S. promises made years prior. Qatar, a supporter of the rebels, expressed appreciation for Trump’s remarks and highlighted the necessity for safe havens and no-fly zones to protect civilians. Although there was no immediate reaction from Damascus, it is expected to resist any such initiatives as Assad aims to reclaim control over the entire nation. Iran, which supports various militias in Syria, including Hezbollah, would also oppose U.S. involvement. Russia has indicated that it was not consulted about Trump's plans and warned against worsening the refugee situation, urging the U.S. to consider the ramifications. Establishing safe zones would represent a significant change in U.S. policy, which was previously resisted by former President Barack Obama due to the commitment required to defend those areas from Syrian forces and their allies. Trump appears to view these zones as a solution to manage refugee flows, but there is uncertainty about how the U.S. would navigate the complexities of policing such areas amid ongoing hostilities. According to Yezid Sayigh, a Syria expert, much of this may still be political maneuvering rather than an indication of immediate U.S. intervention. Additionally, Trump has the option to direct the State Department and Pentagon to devise plans for “safe areas” in neighboring nations where many refugees currently reside. Meanwhile, the Syrian government anticipates that Trump will cease U.S. backing for rebel forces and shift focus solely to combating the Islamic State, possibly in collaboration with Russia. The ongoing war has left Syria divided among various factions, including those loyal to Assad, rebel groups, and Islamic State militants, complicating the already challenging discussions surrounding safe zones.",1,synthetic,context_distortion,"Trump stated that Europe made a mistake by accepting millions of Syrian refugees. -> Trump claimed that Europe made a grave error by allowing millions of Syrian refugees to enter, which he sees as a potential security threat to the U.S.","Syria rebels await action from Trump on safe zones, Damascus silent. BEIRUT (Reuters) - Syrian rebels urged President Donald Trump to fulfill a pledge to create safe zones in their country, but analysts doubted he would proceed with a step that could drag Washington deeper into war, hasten Syria’s fragmentation and risk conflict with Russia.  Trump told ABC News on Wednesday he “will absolutely do safe zones in Syria” for refugees fleeing violence and that Europe had made a mistake by admitting millions of refugees from Syria. President Bashar al-Assad’s opponents have long demanded safe zones to protect civilians who have fled government air strikes and bombardment of rebel-held areas. But reflecting uncertainties about the announcement, representatives of the insurgents voiced only cautious optimism. “We’ve seen no result on the ground from (U.S.) statements that were made six years ago. So therefore we await action before anything else,” said Fares al-Bayoush, a rebel commander in northwestern Syria. Qatar, which backs the rebels, welcomed Trump’s comments and “emphasized the need to provide safe havens in Syria and to impose no-fly zones to ensure the safety of civilians”. There was no immediate word from Damascus, but it is sure to oppose such a move as Assad has vowed to regain control of all Syria. Iran, which backs militias in Syria including Lebanon’s Hezbollah, would also oppose any U.S. intervention. Russia said it had not been consulted on Trump’s plan, warning that it should not “exacerbate the situation with refugees” and Washington should weigh up “all the consequences”.  The creation of safe zones would mark a major shift in U.S. policy. Former U.S. President Barack Obama resisted an idea that would require a commitment to defend such areas from the Syrian government or its foreign allies, including Russia. Trump appears to see safe zones as a way to stem the tide of refugees which he sees as a possible threat to U.S. security. But there are no obvious answers as to how the United States would avoid the problems that have prevented it establishing safe zones in Syria before, including the complication of policing such an area in a war zone dotted with armed groups. “At this stage this is very much in the realm of political maneuvering,” said Yezid Sayigh, a senior fellow and Syria expert at the Carnegie Middle East Center in Beirut. “I don’t think it is signaling imminent U.S. action.” Trump could order the State Department and Pentagon to produce a plan that would also create “safe areas” in countries surrounding Syria where millions of refugees already live. The Syrian government hopes Trump will end U.S. support for the rebels fighting Assad and refocus U.S. policy solely on fighting Islamic State, perhaps in cooperation with Russia. Trump has indicated he will do both.   Almost six years of war has turned Syria into a patchwork of areas, some controlled by Assad, some by rebel groups and others by Kurdish militia or Islamic State militants. Previous discussion of safe zones in Syria has focused on rebel-held areas in the northwest stretching from Idlib province to the Euphrates river. Areas in the southwest at the border with Jordan have also been seen as a possibility. But the complications have grown since the Syrian opposition first called for safe zones, including the deployment of Russia’s air force to Syria.  Defending a safe zone from attack by the Syrian government or its Russian and Iranian-backed militia allies would inevitably lead to an escalation, which is one of the reasons Obama had avoided this path in the first place, Sayigh said.  Another big challenge would be how to police the area to maintain its neutral status as a safe zone, he added. While much of Trump’s Syria policy remains unclear, Syrian Kurds, who have generally avoided conflict with Assad, look set to remain central to U.S. strategy. The Syrian Kurdish YPG militia controls swathes of northeast Syria, where conflict with the government is rare and the U.S. air force mounts regular air strikes against IS targets. Syrian Kurdish autonomy in northern Syria alarms Turkey, which fears it could increase separatist sentiment among its Kurdish minority. Kurdish groups already govern northern Iraq, where the establishment of a no-fly zone in 1991 helped them on their way to autonomy from Baghdad. The YPG has links to the Kurdistan Workers Party (PKK), a designated terrorist groups in Turkey.     Growing Kurdish influence in northern Syria largely explains why Turkey launched a major incursion into Syria last year, helping insurgents from the Free Syrian Army drive both Islamic State and Kurdish militia away from the border. The operation dubbed “Euphrates Shield” has created what Turkish officials call a safe zone that is 100 km (62 miles) long. This week, a new Turkish-trained Syrian police force deployed in the town of Jarablus in that strip of territory. Turkey, which hosts 2.8 million Syrian refugees, has long advocated safe zones in Syria.  But underlining the caution with which foreign governments are viewing Trump’s comments, Turkey said it was waiting to see the outcome of a “study” requested by Trump. Aid agencies in the region are concerned. Karl Schembri, Regional Media Adviser in the Middle East for the Norwegian Refugee Council, said that from the group’s  experience, “we know that militarily enforced ‘safe zones’ rarely work and can actually put civilians at more risk”."
"In a recent update from Raqqa, a representative of the Syrian Democratic Forces (SDF), which is supported by the U.S., announced that the group is on the verge of seizing the final areas of the city still controlled by Islamic State. Talal Selo stated via phone that skirmishes continue near the National Hospital, which the SDF claimed it had secured earlier, as well as around the stadium in the city.",1,synthetic,context_distortion,the SDF said earlier it had taken the National Hospital -> the SDF claimed it had secured the National Hospital earlier,"U.S.-backed militia to capture last Raqqa areas in hours: spokesman. BEIRUT (Reuters) - The spokesman for the U.S.-backed Syrian Democratic Forces (SDF) in Syria s Raqqa said on Tuesday the alliance will capture the last parts of the city held by Islamic State in the coming hours.  The spokesman, Talal Selo, said by telephone that there was still fighting around the National Hospital, which the SDF said earlier it had taken, and around the city stadium."
"In a significant move, U.S. Defense Secretary Jim Mattis confirmed he had finalized orders to deploy extra forces to Afghanistan, representing a key initiative from President Donald Trump’s administration in addressing the prolonged conflict. Although he refrained from detailing the exact troop numbers, he indicated that these forces would aid in the fight against Taliban militants and other extremist groups. ""I have signed off on some troop orders, but it’s a work in progress. We are still determining which units will be involved,"" Mattis explained to the press. He also noted that he would share more information with Congress next week. Reports from U.S. officials suggest that Trump has authorized approximately 4,000 additional troops for this mission. Mattis described the deployment as primarily consisting of advisors and support personnel, emphasizing that no troops had yet arrived in Afghanistan and that the process might take several days. Following a comprehensive review of military strategy, Trump has committed to a prolonged U.S. presence in Afghanistan, pledging to intensify efforts against the Taliban. The Pentagon noted that around 11,000 American troops are currently stationed in Afghanistan, a figure higher than previously recorded. Furthermore, Mattis indicated that the composition of U.S. forces in the region would evolve in accordance with Trump’s directives. Any increase would still leave the troop count significantly lower than the peak of over 100,000 in 2011, when there was immense domestic pressure to reduce military involvement. Some officials have expressed skepticism about the effectiveness of sending additional troops, pointing out that the numbers may not suffice to alter the conflict’s trajectory or establish lasting peace. The situation has worsened for both U.S. and Afghan forces in recent years, with the Afghan government reported to control or influence nearly 60 percent of the 407 districts across the country. In an open letter earlier this month, the Taliban warned Trump that the military conditions in Afghanistan are “far worse than you realize,” arguing that increasing troop levels would be counterproductive. The Taliban has been engaged in an insurgency against the Afghan government since the U.S.-led invasion post-September 11, 2001, which sought to dismantle their rule.",1,synthetic,selective_omission,"Trump has given Mattis the authority to send about 4,000 additional troops to Afghanistan. -> Trump has given Mattis the authority to send about 4,000 additional troops to Afghanistan without specifying the size of the force.","Mattis signs orders to send additional troops to Afghanistan. WASHINGTON (Reuters) - U.S. Defense Secretary Jim Mattis said on Thursday he had signed orders to send additional troops to Afghanistan, the most concrete step yet by President Donald Trump’s administration in tackling America’s longest war. Mattis did not specify the size of the force, which will help combat Taliban insurgents and other armed Islamists.      “Yes, I have signed orders but it is not complete. In other words I have signed some of the (orders for) troops that will go and we are identifying the specific ones,” Mattis told reporters. Mattis said he would not comment on how many additional troops were included in the orders until he briefs Congress next week, but U.S. officials have told Reuters that Trump has given Mattis the authority to send about 4,000 additional troops to Afghanistan.  “It is more advisers, it is more enablers, fire support, for example,” Mattis said. He added that no additional troops had moved in yet and could take a “couple of days.” After a months-long review of his Afghanistan policy, Trump committed the United States last week to an open-ended conflict in the country and promised a stepped-up campaign against Afghan Taliban insurgents. About 11,000 U.S. troops are serving in Afghanistan, the Pentagon said on Wednesday, thousands more than it has previously stated.     Mattis said that the make up of those U.S. forces in Afghanistan would also start changing in line with Trump’s guidance.  Any increase of several thousand troops would leave U.S. forces in Afghanistan well below their peak of more than 100,000 troops in 2011, when Washington was under huge domestic political pressure to draw down the costly operation. Some U.S. officials have told Reuters they questioned the benefit of sending more troops to Afghanistan because any politically palatable number would not be enough to turn the tide, much less create stability and security. To date, more than 2,300 Americans have been killed and over 17,000 wounded in Afghanistan. The security situation in Afghanistan has deteriorated for the United States and Afghan government over the past few years. The Afghan government was assessed by the U.S. military to control or influence almost 60 percent of Afghanistan’s 407 districts as of Feb. 20, a nearly 11 percentage-point decrease from the same time in 2016, according to data released by the U.S. Special Inspector General for Afghanistan Reconstruction.  Earlier this month, the Taliban told Trump in an open letter that the military situation in Afghanistan was “far worse than you realize”, and sending in more troops would be self-destructive. The Taliban, seeking to restore strict Islamic law, has waged an insurgency against the Western-backed Afghan government since losing power in a U.S.-led invasion after the Sept. 11 attacks in 2001. Those attacks were planned by al Qaeda leader Osama bin Laden from a base in Afghanistan."
"In a devastating turn of events, a series of air strikes targeted a market in a rebel-controlled region of northwest Syria, resulting in at least 29 innocent lives brutally taken, according to the Syrian Observatory for Human Rights. The bombardment struck the town of Atareb, located to the west of Aleppo, with three separate air raids reported. The monitoring group indicated that the number of casualties could increase further. Notably, Atareb is situated within a de-escalation zone established through a pact among Turkey, Russia, and Iran aimed at curbing hostilities in the region.",1,synthetic,tone_adjustment,29 people killed -> at least 29 innocent lives brutally taken,"Air strikes kill 29 in market in northern Syria: monitoring group. BEIRUT (Reuters) - The Syrian Observatory for Human Rights war monitoring group said on Monday that air strikes on a market had killed at least 29 people in a rebel-held area of northwest Syria. Three air raids hit the town of Atareb, west of the city of Aleppo, the Britain-based observatory said. It said the death toll was likely to rise.  Atareb is inside what is known as a  de-escalation  zone under a deal agreed between Turkey, Russia and Iran to reduce violence in the area."
"In a significant crackdown, Turkish authorities apprehended 236 individuals linked to last year's coup attempt, according to the Anadolu Agency. The operations, executed across 30 provinces, resulted in the detention of 60 ex-security personnel in the capital, Ankara. Concurrently, a separate operation initiated in Diyarbakir led to the arrest of 55 military members across 26 provinces. Authorities continue to pursue one additional suspect. Additionally, six individuals were taken into custody in the northern regions of Samsun and Karabuk, along with 15 educators in Ankara. The detained are accused of utilizing the encrypted messaging application ByLock, allegedly associated with Fethullah Gulen, whom the government holds responsible for the failed coup in July 2016. Gulen has rejected these claims and condemned the coup attempt. Following the coup, over 50,000 individuals, including law enforcement and civil servants, have been imprisoned while awaiting trial, and around 150,000 others have faced termination or suspension. The extensive repression has raised concerns among Turkey's Western allies and human rights organizations, who argue that President Tayyip Erdogan is leveraging the coup to suppress opposition. The government asserts that the emergency measures imposed post-coup are essential for national security.",1,synthetic,fact_manipulation,136 people -> 236 people,"Turkey detains 136 for suspected ties to coup plotters: agency. ISTANBUL (Reuters) - Turkey detained 136 people, including former police, teachers and soldiers, in four separate operations on Thursday over suspected links to last year s attempted military coup, the state-run Anadolu news agency said. Authorities detained 60 former security officials in the operation centered in the capital Ankara and spread over 30 provinces, Anadolu said. In a separate operation that began on Wednesday and centered on Diyarbakir and spread over 26 other provinces, 55 soldiers were detained, Anadolu said. Officials were still searching for one more suspect. Six others were detained in the northern provinces of Samsun and Karabuk, as well as 15 teachers in Ankara, Anadolu said. The suspects were alleged to be using the encrypted messaging app, ByLock, which the government says was used by the network of U.S.-based cleric Fethullah Gulen. Ankara blames Gulen, for orchestrating the failed coup in July 2016. Gulen has denied involvement and denounced the putsch. More than 50,000 people, including police, military personnel and civil servants, have been jailed pending trial in the aftermath of the July 2016 coup. Some 150,000 people were sacked or suspended. The crackdown has alarmed Turkey s Western allies and rights groups, who say President Tayyip Erdogan is using the coup as a pretext to muzzle dissent. The government says the measures, taken under emergency rule that was imposed after the coup, are necessary due to the security threats Turkey faces."
"A significant military aid agreement was finalized between the United States and Israel, providing $38 billion over the coming decade. This marks the largest military assistance deal in U.S. history, with the contract aimed at enhancing Israel's defense capabilities. The arrangement will enable Israel to modernize its fleet of fighter jets and improve its ground forces, as well as bolster its missile defense. Prime Minister Benjamin Netanyahu made certain concessions as part of this agreement, including a commitment not to request further funds from Congress beyond the annual guarantees in the new deal. Additionally, Israel will gradually eliminate a unique provision that previously permitted part of its U.S. aid to be spent domestically rather than on American military equipment. Tensions have persisted between President Barack Obama and Netanyahu, particularly surrounding the nuclear agreement with Iran, which Netanyahu opposed. With the presidential transition approaching, Netanyahu opted to solidify this deal rather than risk less favorable terms under the next administration. The new memorandum covers U.S. fiscal years 2019 to 2028 and replaces the existing $30 billion package established in 2007. In a written statement, Obama expressed confidence that this new aid would significantly enhance Israel's security in a volatile region. The signing took place at the State Department, with key officials from both nations present. The deal specifies annual military financing of $3.3 billion, along with $500 million allocated for missile defense, marking a first in formalizing this funding within the aid framework.",1,synthetic,context_distortion,$38 billion military aid package -> $30 billion military aid package,"U.S., Israel sign $38 billion military aid package. WASHINGTON (Reuters) - The United States will give Israel $38 billion in military assistance over the next decade, the largest such aid package in U.S. history, under a landmark agreement signed on Wednesday. The deal, whose details were reported by Reuters earlier, will allow Washington’s chief Middle East ally to upgrade most of its fighter aircraft, improve its ground forces’ mobility and strengthen its missile defense systems, a senior U.S. official said. While the package constitutes the most U.S. military aid ever given to any country, it entails concessions by Israeli Prime Minister Benjamin Netanyahu, according to officials on both sides. Those include Israel’s promise not to seek additional funds from Congress beyond what will be guaranteed annually in the new package, and to phase out a special arrangement that has allowed Israel to spend part of its U.S. aid on its own defense industry instead of on American-made weapons, the officials said. Nearly 10 months of drawn-out aid negotiations underscored continuing friction between President Barack Obama and Netanyahu over last year’s U.S.-led nuclear deal with Israel’s arch-foe Iran, an accord the Israeli leader opposed. The United States and Israel have also been at odds over the Palestinians. But the right-wing Netanyahu decided it would be best to forge a new arrangement with Obama, who leaves office in January, rather than hoping for better terms from the next U.S. administration, according to officials on both sides. A new pact now allows him to avoid uncertainties surrounding the next president, whether Democrat Hillary Clinton or Republican Donald Trump, and to give Israel’s defense establishment the ability to plan ahead. Obama’s aides wanted a new deal before his presidency ends, seeing it as an important part of his legacy. Republican critics accuse him of not being attentive enough to Israel’s security, which the White House strongly denies, and of taking too hard of a line with the Israeli leader. The $38 billion memorandum of understanding covers U.S. fiscal years 2019-2028 and succeeds the current $30 billion MOU signed in 2007, which expires at the end of fiscal 2018. “Prime Minister Netanyahu and I are confident that the new MOU will make a significant contribution to Israel’s security in what remains a dangerous neighborhood,” Obama said in a written statement. The agreement was signed at the State Department by U.S. Undersecretary of State Thomas Shannon and by Jacob Nagel, acting head of Netanyahu’s national security council. According to a White House “fact sheet,” the deal includes: -annual payments of $3.3 billion in so-called foreign military financing -$500 million a year for Israeli missile defense funding, the first time this has been formally built into the aid pact. -A phasing-out of a special arrangement that for decades has allowed Israel to use 26.3 percent of the U.S. aid on its own defense industry instead of on American-made weapons. -Elimination of a longstanding provision that has allowed Israel to use about 13 percent of the U.S. aid to buy military fuel. -The funding will allow Israel to update “the lion’s share” of its fighter aircraft, including purchasing additional F-35 Joint Strike Fighters. Israel is scheduled to receive 33 F-35 aircraft, the first two of which will be delivered in December."
"In a tragic incident in the Qusur area of Deir al-Zor city, numerous individuals lost their lives due to an air strike, according to Syrian state TV and a war monitoring group. Reports indicated that the assault resulted in over 14 civilian deaths and injured 32 others. However, a representative from the coalition maintained that they did not execute such an operation, noting their last action near the city occurred in September across the Euphrates River. The Syrian Observatory for Human Rights, based in Britain, claimed that at least 22 individuals were killed in the attack. Meanwhile, the Syrian military, with backing from Russia, Iran, and allied militias, continues its fight against Islamic State forces in Deir al-Zor and its outskirts. Both U.S.-backed and Syrian military efforts against the jihadists have experienced confrontations in recent months as they attempt to reclaim territory in eastern Syria. Communication between the U.S. and Russia has been ongoing to avoid potential clashes between their operations.",1,synthetic,selective_omission,State television reported that the attack was carried out by jets from a U.S.-led coalition. -> State television reported that the attack was carried out by jets.,"Deadly air strike hits Syrian government-held Deir al-Zor: state TV, monitor. BEIRUT (Reuters) - An air raid in the government-held Qusur district of Deir al-Zor city in eastern Syria killed more than a dozen people, Syrian state television and a war monitor said on Monday.  State television said jets from a U.S.-led international coalition battling Islamic State carried out the air strike and that it killed 14 civilians and wounded 32 others.  A spokesman for the coalition said on Tuesday it had not carried out such a raid, and that its only strike in the vicinity in recent weeks took place in September across the Euphrates from the city. The war monitor, the Britain-based Syrian Observatory for Human Rights, reported that it was not known which aircraft carried out the strike, but that at least 22 people were killed.  The Syrian army, backed by Russia, Iran and Shi ite militias, is fighting Islamic State in the city of Deir al-Zor, as well as in parts of the surrounding countryside. Both Syrian and Russian jets have been hitting Islamic State in that area.  The U.S.-backed coalition has been conducting air strikes against Islamic State in support of the Syrian Democratic Forces (SDF) alliance of Kurdish and Arab militias to the east of Deir al-Zor across the Euphrates.  The rival U.S.-backed and Syrian army offensives against Islamic State have clashed several times over recent months as they have pushed the jihadists from territory in eastern Syria.  The U.S. and Russia have said they communicate with each other to prevent possible points of conflict of violence between the two offensives."
"The UK government is aiming for a speedy agreement on a transitional deal regarding its exit from the European Union, according to Prime Minister Theresa May's spokesperson. As negotiations continue, significant disagreements over the timeline for Brexit remain. Britain envisions a two-year implementation phase post its March 2019 exit, during which its access to the EU single market would largely remain intact as new arrangements are developed. Businesses are eager for clarity on the trading regulations they will encounter once the UK departs from the bloc. ""We are confident that we can quickly establish a broad framework for this implementation period,"" the spokesperson noted, although no specific timeline was provided for when a formal agreement might be reached. Confusion arose after May indicated on Monday that this transitional deal would not be finalized until a broader trade relationship with the EU is established, diverging from the expectation that it would precede any trade agreement. The UK is striving for a robust trade deal to succeed the current arrangements at the end of the implementation period, asserting that its strong connections with the EU will facilitate an agreement by October 2018. However, EU's chief negotiator, Michel Barnier, has warned that the trade negotiations could extend to three years, suggesting that if discussions commence in December, an agreement would not be in place until the end of a transition period in December 2020. When pressed on whether the UK still believes a trade deal can be achieved by the end of next year, the spokesperson affirmed, ""Yes."" An EU official expressed that the bloc aims to outline a future relationship framework by this time next year to inform the withdrawal treaty. Nevertheless, they clarified that negotiations on a free trade deal would only occur after Britain's exit in March 2019 due to EU regulations prohibiting trade agreement discussions with member states. A spokeswoman for May emphasized that the withdrawal agreement must factor in the future relationship, indicating that the terms of the partnership with the EU would be established upon departure, though specific details remain open for negotiation.",1,synthetic,tone_adjustment,Britain believes a trade deal can be reached by October 2018 -> Britain is wildly optimistic that a trade deal can be reached by October 2018,"UK sees swift deal on Brexit transition outline, still at odds with EU on trade. LONDON (Reuters) - Britain believes it can quickly agree a framework for a transitional agreement on exiting the European Union, Prime Minister Theresa May s spokesman said on Tuesday, even as other stark differences over the Brexit timeline persisted. Britain is seeking a so-called implementation period of around two years following its departure from the EU in March 2019, during which its access to the EU single market would stay largely unchanged while new arrangements are put in place. Businesses are keen to see the details of such a deal as soon as possible to end uncertainty over the trading rules they will face after Britain leaves the bloc.  In terms of the broad outline of an implementation period, we believe that we can agree that quickly,  May s spokesman said. He did not provide further detail on when Britain hoped to reach such an agreement.  We re clear that we want to achieve this implementation period, that we believe we can do so, and that our priority is to provide certainty for business,  he said. May left some businesses confused on Monday by saying any implementation period would not be agreed until a deal was struck on Britain s future trading relationship with the bloc. That countered expectations that a transitional deal would come well before any deal on trade. It also highlighted a clear difference between Britain and the EU over when a trade deal would be agreed. Britain is seeking an  ambitious  deal on trade with the EU to replace its existing arrangement at the end of an implementation period. It believes its current close ties with the bloc mean such a deal will be agreed by October 2018. But the EU s chief negotiator, Michel Barnier, said it would take three years to negotiate a trade deal, meaning that if talks start in December it would be ready in time for the end of a transition period running until December 2020. In response, asked if it was Britain s position that it could still achieve a trade deal by the end of next year under the two-year exit process, May s spokesman said:  Yes . Commenting on the timeline set out by Britain, an EU official said the bloc wanted to  define a framework for our future relationship  by this time next year so that a withdrawal treaty could  take account  of that future under the terms of the  Article 50  legal exit process. However, the official said the EU will only negotiate on the details of a free trade deal after Britain has actually left in March 2019 because the EU s own laws do not allow it to negotiate trade agreements with its own members.  Article 50 says that the withdrawal agreement has to take into account our future relationship, so we will know the terms of our partnership with the EU by our exit,  a spokeswoman for May said when asked about the position set out by the EU official.  But as to the details, that s subject to negotiation and I can t pre-empt those."
"In a notable development, South Korea has indicated that President-elect Donald Trump acknowledges the pressing danger posed by North Korea's nuclear ambitions. Trump’s recent statements serve as an unmistakable alert to the North, particularly after Kim Jong Un announced his regime's imminent plans to test-launch a menacing intercontinental ballistic missile (ICBM). The U.S. leader dismissed this assertion, declaring on social media, “It won’t happen.” South Korea’s Foreign Ministry remarked that Trump's comments, marking his inaugural mention of North Korea’s nuclear threat since the November elections, demonstrate a clear understanding of the situation's severity. The ministry's spokesperson, Cho June-hyuck, emphasized that U.S. officials are acutely aware of the gravity of this threat and remain steadfast in their commitment to sanctions against North Korea while reinforcing collaboration with South Korea. Meanwhile, the U.S. State Department noted that North Korea persists in its pursuit of nuclear and missile technology. State Department spokesperson John Kirby stated that while they do not believe North Korea currently has the capability to attach a nuclear warhead to its missiles, the nation continues to seek such capabilities. Even though Trump has yet to articulate a specific strategy regarding North Korea, he has hinted during his campaign at a willingness to engage in dialogue with Kim. Trump’s spokesperson, Kellyanne Conway, asserted in an interview that the president-elect is “placing North Korea on alert through this tweet and other remarks that this situation will not materialize.” She highlighted that Trump, once in office, aims to act as a barrier against North Korea's missile threats, which experts warn could reach cities like Seattle very quickly. Conway also mentioned that while sanctions are possible, their effectiveness has been inconsistent and pointed out that China must play a significant role in addressing the issue. Trump has been vocal in his criticisms of China, alleging that it has gained from its economic relationships with the U.S. without utilizing its influence to rein in North Korea. In response, Chinese Foreign Ministry spokesman Geng Shuang stated that China has been actively advocating for the denuclearization of the Korean peninsula, underscoring its commitment as a permanent member of the U.N. Security Council. Kirby, when asked about Trump's views on China's role, expressed disagreement with the assessment that China is not helping to mitigate North Korea's nuclear ambitions. Historically, the United States has rebuffed North Korea's overtures for dialogue, insisting on disarmament as a prerequisite. In retaliation for North Korea's nuclear tests and missile launches last year, the U.S. and South Korea have ramped up sanctions. The U.N. Security Council imposed further sanctions on North Korea following its significant nuclear test in September, marking the fifth such test to date. A fully developed North Korean ICBM could pose a threat to the continental United States, situated approximately 9,000 km away.",1,synthetic,tone_adjustment,North Korea claims it is close to test-launching an intercontinental ballistic missile (ICBM) -> North Korea ominously claims it is on the brink of test-launching a terrifying intercontinental ballistic missile (ICBM).,"Trump recognizes 'urgency' of North Korea nuclear threat: South Korea. SEOUL/WASHINGTON (Reuters) - U.S. President-elect Donald Trump’s “clear warning” to North Korea shows he is aware of the urgency of the threat posed by North Korea’s nuclear program and will not waver from a policy of sanctions against the isolated country, South Korea said on Tuesday. North Korean leader Kim Jong Un said on Sunday his nuclear-capable country was close to test-launching an intercontinental ballistic missile (ICBM), raising the prospect of putting parts of the United States in range. Trump dismissed the claim, saying on Twitter: “It won’t happen.” South Korea’s Foreign Ministry said Trump’s comment, his first mention of the North Korean nuclear issue since the U.S. election in November, could be interpreted as a “clear warning” to the North. “Because of our active outreach, President-elect Trump and U.S. officials are clearly aware of the gravity and urgency of the North Korean nuclear threat,” ministry spokesman Cho June-hyuck said at a briefing. “They are maintaining an unwavering stance on the need for sanctions on North Korea and for close cooperation between South Korea and the U.S.”  The U.S. State Department said it recognized that North Korea continued to pursue nuclear and ballistic missile technologies. “We do not believe that at this point in time he has the capability to tip one of these (missiles) with a nuclear warhead ... but we do know that he continues to want to have those capabilities and the programs continue to march in that direction,” State Department spokesman John Kirby told reporters.    Trump has not outlined a policy on North Korea, but during the U.S. election campaign indicated he would be willing to talk to its leader, Kim, given the opportunity. Trump spokeswoman Kellyanne Conway told ABC’s “Good Morning America” program that the president-elect was “putting North Korea on notice through this tweet and through other statements that this won’t happen.” “He as president of the United States wants to stand between them and their missile capabilities, which experts say could be deployed to reach Seattle almost immediately,” Conway said. She said Trump had not publicly stated how he might respond to North Korea’s nuclear weapons and missile programs and “won’t before he’s inaugurated.” “We do know that there are sanctions that are possible,” Conway said. “They haven’t always worked. I think that China would have to have a significant role here as well.”Trump has been critical of China over the issue. On Monday, he said China had benefited from its economic ties with the United States but would not use its influence to help control North Korea. In response, Chinese Foreign Ministry spokesman Geng Shuang said China had been pushing for the denuclearization of the Korean peninsula. “China’s efforts in this regard are perfectly obvious,” Geng told a news briefing. “As a permanent member of the U.N. Security Council we have proactively participated in relevant discussions on the North Korean nuclear issue and have jointly passed several resolutions with other parties.  “This shows China’s responsible attitude.” Asked about Trump’s view that China was not helping to contain North Korea’s nuclear ambitions, the State Department’s Kirby said: “We would not agree with that assessment.” The United States has for years dismissed North Korean calls for talks, insisting it must disarm first.  The United States and ally South Korea have responded to two North Korean nuclear tests and various missile tests last year with ever-more-severe sanctions. The U.N. Security Council imposed new sanctions on North Korea at the end of November after Pyongyang carried out its fifth and largest nuclear test so far in September. A North Korean ICBM, once fully developed, could threaten the continental United States, which is about 9,000 km (5,500 miles) from the North.  ICBMs have a minimum range of about 5,500 km (3,400 miles), but some are designed to travel 10,000 km (6,200 miles) or further.     North Korea worked last year on developing components for an ICBM, saying it was close to a test-launch plausible, international weapons experts said on Monday."
"In a surprising turn of events, a Senate panel has decided to withdraw a subpoena that would have compelled Paul Manafort, who previously served as Donald Trump's campaign manager, to testify at a scheduled hearing regarding Russia's alleged interference in the 2016 presidential election. According to a reliable source, Manafort plans to maintain dialogue with Senate investigators. Another insider revealed that the decision to retract the subpoena has sparked concerns about undisclosed agreements between Manafort and the Senate Judiciary Committee while they continue discussions about the submission of documents.",1,synthetic,context_distortion,"The subpoena was rescinded because the Senate Judiciary Committee was still negotiating with Manafort on document production -> The subpoena was rescinded amidst ongoing negotiations between the Senate Judiciary Committee and Manafort, raising questions about potential undisclosed agreements.","Senate panel rescinds subpoena for Trump's ex-campaign head: sources. WASHINGTON (Reuters) - A U.S. Senate panel has rescinded a subpoena that would have forced Paul Manafort, a former campaign manager of President Donald Trump, to appear at a hearing on Wednesday as part of its probe into Russia’s role in the 2016 presidential election. Manafort is going to “continue discussions” with Senate investigators, a source familiar with the issue told Reuters. Another source said the subpoena was rescinded because the Senate Judiciary Committee was still negotiating with Manafort on document production and a later appearance."
"In a significant development, French law enforcement discovered additional explosives in a garage in Thiais on Thursday, following a prior find in a nearby suburb the day before. According to a justice official, this operation was linked to three individuals under investigation for potential terrorism. The suspect's garage was rented by one of those detained after police raided an apartment in Villejuif, where they found materials for producing TATP, a volatile substance frequently utilized by suicide bombers. A plumber alerted the authorities, leading to the raid. Interior Minister Gerard Collomb stated that although the detained individuals spoke of plans to rob a bank, this was viewed by investigators as a possible facade for terrorist intentions. Information gathered from phone communications after the initial raid has guided the inquiry. This comes in the wake of over 230 fatalities stemming from Islamist-inspired violence in France in the last three years.",1,synthetic,context_distortion,"the suspects were being questioned on suspicion of terrorist activity despite talking of a bank heist -> the suspects claimed they were planning a bank heist, which authorities dismissed as a cover for terrorism.","French police find more explosives after raid near Paris. PARIS (Reuters) - French police unearthed a second stash of explosive materials near Paris on Thursday after a similar find in a nearby suburb on Wednesday, a justice official said as three suspects were questioned by anti-terrorism investigators. Thursday s swoop was carried out at a garage rented by one of the three detained in the wake of Wednesday s raid on an apartment in Villejuif, on the southern edge of the French capital, the source said. Materials used to produce TATP, an explosive often used by suicide bombers, were found at the flat after a plumber phoned  police to report suspect activity there, Interior Minister Gerard Collomb said.  Two people in their 30s and 40s were arrested in the immediate wake of Wednesday s raid, said Collomb, who added that the suspects were being questioned on suspicion of terrorist activity despite talking of a bank heist. A third man was arrested overnight, a source said.  Those under investigation spoke of wanting to blow up a bank with the TATP but they way we see it is they have links with terrorism, and this is the channel of investigation,  Collomb told public radio station franceinfo. That line of inquiry was prompted by information found in telephone communications after the raid, he added. The minister spoke before developments later in the day in which police found explosive materials at a garage in Thiais, southeast of Paris.  More than 230 people have been killed by Islamist-inspired attackers in the past three years in France, which along with the United States and other countries are bombing Islamic State bases in Iraq and Syria. TATP, an unstable explosive, has been used by militants in several attacks in western Europe in recent years, including Manchester in May, Brussels in 2016 and Paris in 2015."
"In a significant development, polling stations commenced operations across much of Kenya on Thursday. However, due to serious security issues, the election commission announced that voting would be postponed in several regions until October 28. Wafula Chebukati, the commission's chairman, identified Homa Bay, Kisumu, Migori, and Siaya as the areas affected by this alarming delay, all of which are prominent opposition bastions in the western part of the country.",1,synthetic,tone_adjustment,"Voting is delayed until October 28 in certain areas. -> Voting is delayed until October 28 in certain areas, raising fears of widespread chaos and unrest.","Kenya vote delayed to October 28 in four counties: commission. NAIROBI (Reuters) - Kenya s election commission said polling stations had opened in the much of the country on Thursday but voting had been hampered by  security challenges  in a number of places where voting would be delayed until Oct. 28. Wafula Chebukati, head of the election commission, said areas where voting would be delayed included Homa Hay, Kisumu, Migori and Siaya - all in the opposition stronghold of western Kenya."
"In a significant case regarding environmental legislation and property rights, the U.S. Supreme Court indicated on Wednesday that landowners may be able to legally contest federal mandates for permits under the national water protection statute linked to a Minnesota peat mining operation. The justices deliberated for an hour on the implications of the 1972 Clean Water Act, which requires permits when land is deemed to contain wetlands. A majority of the eight justices showed support for Hawkes Co Inc, a company from North Dakota, which is challenging a determination by the Obama administration that its land has wetland features. The ability to determine if a specific area requires a permit is crucial for developers, as this could initiate a complex and costly permitting procedure. Legal representatives for Hawkes argued that the firm should be entitled to dispute the necessity of a permit. Both liberal and conservative justices voiced their worries about the burdensome nature of the existing process for property owners. Chief Justice John Roberts, who leans conservative, remarked on the significant risk faced by applicants who ignore a government verdict requiring a permit. Ruth Bader Ginsburg, a liberal voice, described the process as “very arduous and very expensive.” Meanwhile, Stephen Breyer, also on the liberal side, noted that Hawkes' situation made the case suitable for judicial review. Elena Kagan, the lone liberal in opposition to the property owners, raised alarms about how a ruling in their favor could affect other federal agencies' actions, such as those of the Securities and Exchange Commission. Proponents of property rights highlighted that the permitting process can extend to two years and incur expenses up to $370,000, with noncompliance penalties reaching as high as $37,500 daily. Various business organizations, including the National Association of Home Builders and the U.S. Chamber of Commerce, along with 29 states, submitted legal documents opposing the Obama administration in this matter. This case comes after a unanimous Supreme Court decision in 2012 affirming that landowners facing enforcement under the Clean Water Act could seek court intervention prior to being compelled to comply or face penalties. The previous year, the Obama administration introduced a new rule to clarify federal jurisdiction over water bodies, which has since been suspended by a federal appeals court after being contested by 18 states. Following Justice Antonin Scalia’s passing in February, only eight justices participated in the current case, with a decision expected by late June.",1,synthetic,fact_manipulation,"cost up to $270,000 -> cost up to $370,000","Supreme Court sympathetic to property owner in wetlands dispute. WASHINGTON (Reuters) - The U.S. Supreme Court on Wednesday appeared likely to rule that property owners can challenge the federal government in court over the need for permits under a national water protection law in a case involving a company’s plans for a Minnesota peat mine. The court heard a one-hour argument in a case balancing property rights and environmental law, in this instance the landmark 1972 U.S. Clean Water Act. A majority of the eight justices appeared sympathetic toward North Dakota-based Hawkes Co Inc, which is fighting an Obama administration finding that its property includes wetlands. The law mandates that property owners get permits in such situations. Whether a particular plot of land falls under the law’s jurisdiction is important to developers and other property owners because such a finding triggers a lengthy and expensive permitting process. Hawkes’ lawyers argued the company should be able to contest whether it even needs to go through the permit process. Liberal and conservative justices alike expressed concern about the current arrangement’s burden on property owners. Conservative Chief Justice John Roberts said applicants who disregard a government finding that they need a permit do so at “great practical risk.” Liberal Ruth Bader Ginsburg called the process “very arduous and very expensive.” Liberal Stephen Breyer called the government decision that Hawkes needed a permit “perfectly suited for review in the courts.” Only liberal Elena Kagan expressed support for the government, raising concerns about the impact a ruling favoring property owners would have on actions by other government agencies such as the Securities and Exchange Commission. Property rights advocates said the permitting process can take two years and cost up to $270,000, with owners facing penalties of up to $37,500 a day for noncompliance. Business groups including the National Association of Home Builders and the U.S. Chamber of Commerce and 29 states filed court papers opposing the Obama administration in the case. The case follows the justices’ unanimous 2012 ruling that property owners facing enforcement action under the Clean Water Act can ask a court to intervene before being forced to comply or pay financial penalties. The Obama administration last year issued a new regulation defining the scope of federal jurisdiction over bodies of water. A federal appeals court put the rule on hold after it was challenged by 18 states. Only eight justices participated in the case following Justice Antonin Scalia’s February death. A ruling is due by the end of June."
"In a recent session, the upper chamber of Russia's legislature determined that the upcoming presidential election will occur on April 18. This resolution received unanimous support from the senators, as confirmed by Valentina Matvienko, the speaker of the house, following the voting process.",1,synthetic,fact_manipulation,March 18 -> April 18,"Russian parliament sets March 18 as presidential election date. MOSCOW (Reuters) - The upper house of the Russian parliament voted on Friday to set March 18 as the date of next year s presidential election. The decision was approved by the Russian senators unanimously, speaker Valentina Matvienko said after the vote."
"In a recent court filing, details emerged about Paul Manafort's extravagant expenditures, including nearly $1 million allocated for eight rugs over a span of two years. The former campaign manager for Donald Trump also splurged more than $1.3 million on garments from upscale boutiques in Beverly Hills. The indictment, presented by Special Counsel Robert Mueller, revealed that Manafort's luxurious lifestyle was funded by concealed wealth sourced from abroad. Among the high-value purchases, he acquired a condo in New York's sought-after Soho district for $2.85 million, financed by overseas funds, primarily originating from Cyprus. Both Manafort and his associate Rick Gates pleaded not guilty to allegations of money laundering tied to the investigation into Russian electoral interference. During the court session, federal prosecutor Greg Andres noted challenges in determining the net worth of both defendants, complicating bail considerations. Manafort's financial declarations varied widely, estimating his net assets anywhere between $20 million and $100 million. Meanwhile, Gates reported assets ranging from $2 million to $30 million. A federal judge mandated house arrest for the two men, imposing a $10 million unsecured bond for Manafort and a $5 million one for Gates. Manafort's lawyer, Kevin Downing, asserted on Monday that there was no proof of collusion between his client and the Russian government during the Trump campaign. Notably, the indictment did not implicate Trump or his campaign. Manafort led the campaign from June to August 2016 before stepping down amidst allegations of receiving illegal payments from a pro-Russian party in Ukraine. The indictment also indicated that both Manafort and Gates earned substantial income from their work in Ukraine and funneled funds through numerous U.S. and foreign entities to obscure payments from American authorities. Among his lavish spending, Manafort reportedly allocated $5,434,793 to a residence in Water Mill, New York, and invested $820,240 in landscaping for the property, which boasts extensive outdoor amenities on a 2.37-acre lot. Additionally, he purchased a Brooklyn brownstone for $3 million, which featured exquisite details including crown moldings and marble mantels.",1,synthetic,selective_omission,Manafort spent more than $1.3 million on clothes from shops in Beverly Hills and New York City. -> Manafort spent more than $1.3 million on clothes from shops in Beverly Hills.,"Manafort spent millions on homes, rugs, clothes: court filing. WASHINGTON (Reuters) - Paul Manafort, the indicted former campaign manager for President Donald Trump, spent almost $1 million on eight rugs in two years and more than $1.3 million on clothes from shops in Beverly Hills, California, and New York City. His lavish lifestyle - with homes in Manhattan, Brooklyn, the Hamptons, Arlington, Virginia and elsewhere - were detailed in an indictment filed with the U.S. District Court for the District of Columbia that was revealed on Monday. The indictment filed by Justice Department Special Counsel Robert Mueller said Manafort “used his hidden overseas wealth to enjoy a lavish lifestyle in the United States.” Prosecutors said they found payments by Manafort for four Range Rovers and a Mercedes-Benz among transactions that they alleged came illegally from overseas to avoid paying U.S. income taxes, according to the 31-page court filing. Prosecutors said they found evidence he bought a condo in a restored red-brick building in New York’s upscale Soho neighborhood for $2.85 million, also from overseas money, most often from Cyprus.  Manafort and associate Rick Gates pleaded not guilty on Monday to money laundering and other charges filed in a probe into Russian interference in the 2016 presidential election.  Manafort and Gates both appeared stoic throughout a court hearing on Monday. Greg Andres, a federal prosecutor on Mueller’s team, said his office had a “difficult time” trying to pin down Manafort’s and Gates’ net worths, making it hard to set appropriate bail arrangements. Andres said Manafort listed a wide range of net asset values on loans and other financial documents, from as low as $20 million to as high as $100 million. Gates, meanwhile, listed assets as low as $2 million and as high as $30 million. A federal judge ordered house arrest for both men, and set a $10 million unsecured bond for Manafort and a $5 million unsecured bond for Gates. Manafort’s attorney Kevin Downing said on Monday there was no evidence that his client colluded with the Russian government while working for the Trump campaign. Neither Trump nor his campaign was mentioned in the indictment. Manafort ran the Trump campaign from June to August of 2016 before resigning amid reports he might have received millions of dollars in illegal payments from a pro-Russian political party in Ukraine. The indictment said both Manafort and Gates generated tens of millions of dollars of income from Ukraine work and laundered money through scores of U.S. and foreign entities to hide payments from American authorities. The indictment said he spent $849,215 in a men’s clothing store in New York and $520,440 at one in Beverly Hills. He spent $5,434,793 on a house in Water Mill, New York, in Long Island’s Hamptons, shelling out $820,240 for landscaping. Aerial photos of the place show gardens, a pool, a tennis court, a basketball court and a putting green and sand trap on 2.37 acres (0.96 hectare). A seven-bedroom Brooklyn brownstone, which he bought for $3 million, was described in a real estate agent’s listing as “dripping with detail - perfectly intact crown moldings and medallions, gold leafed carved window detail, 5 marble mantels, and original Lincrusta paper wall covering.”"
"In Manchester, New Hampshire, Bernie Sanders shared a meal with renowned civil rights figure Al Sharpton shortly after a significant victory over Hillary Clinton in the state's Democratic primary. This gathering highlighted Sanders’ awareness of the necessity to expand his appeal, especially towards African American voters, who are critical as the race shifts to South Carolina—where the majority of Democratic voters in 2008 were black—and other more diverse locations than New Hampshire. The senator chose the same Harlem eatery where Sharpton had previously met Barack Obama during the latter's 2008 campaign, symbolizing his intent to engage with minority communities. Sharpton remarked on the historical significance of the upcoming transition in the White House, expressing concern that black issues might be sidelined. Although he had discussions about pressing matters such as police violence, Sharpton indicated he would wait to endorse a candidate until speaking with Clinton. Even before the results were finalized, Clinton's team was emphasizing her substantial lead among minority voters. According to Clinton's campaign manager, Robby Mook, securing strong support from African American and Hispanic voters is crucial for any Democrat aiming for the nomination. He forecasted that the race would gain momentum in March when it expands to numerous states with large minority populations, favoring Clinton's chances. Historically, Clinton has had strong backing from the civil rights community and has benefited from her husband’s legacy among black voters, despite tensions during the 2008 primaries. National polling from January indicated that black voters preferred Clinton over Sanders by a 2 to 1 ratio. However, as voters became more acquainted with Sanders through debates, his favorability improved slightly within these demographics. His initial successes were largely attributed to younger white supporters attracted to his anti-establishment rhetoric. To advance in the primaries, Sanders recognizes the need to connect with a wider array of voters, particularly minorities, who are pivotal in selecting the Democratic nominee. According to a 2013 Gallup poll, African Americans and Hispanics represent 35 percent of the Democratic electorate. In response, Sanders has ramped up outreach to black voters through more appearances targeting these communities and advertising on networks popular among them. Notable figures like rapper Killer Mike have publicly supported him, and academic Cornel West has campaigned on his behalf. Sanders has also been vocal about the disproportionate impact of policing on black communities, advocating for greater transparency and accountability in law enforcement. His increased focus on minority engagement comes amid ongoing questions regarding his overall electability, a topic that Clinton has brought up during her campaign.",1,synthetic,fact_manipulation,"In January, blacks backed Clinton by a margin of 3 to 1 over Sanders -> In January, blacks backed Clinton by a margin of 2 to 1 over Sanders","A breakfast in Harlem underscores key challenge for White House hopeful Sanders. MANCHESTER, N.H. (Reuters) - Bernie Sanders had breakfast with one of America’s most prominent civil rights activists, Al Sharpton, just hours after trouncing Hillary Clinton in the New Hampshire Democratic presidential nominating contest. The meeting marked a recognition by Sanders that his campaign must swiftly broaden its base of support if he has any chance of mounting a long-term challenge to Clinton, who consistently polls better among African American voters. They will play a crucial role in the Democratic race as it moves to South Carolina - where more than half of the Democratic primary voters in 2008 were African American - and other states more diverse than New Hampshire or Iowa, which held the first contest of the 2016 election. Sanders met Sharpton in the same Harlem restaurant where the activist met with Barack Obama during his 2008 presidential campaign - an obvious bit of symbolism for the Vermont senator trying to connect with minority voters. “My concern is that in January of next year for the first time in American history a black family will be moving out of the White House. I do not want black concerns to be moved out with them,” Sharpton, a Baptist minister and television talk show host, told reporters afterwards. Sharpton discussed a recent spate of police shootings of black males and other issues with the senator. He said he would not endorse a candidate until he met with Clinton. Even before the exit polls showing that Sanders had won New Hampshire, Clinton’s campaign was already trying to highlight  her double-digit lead over Sanders among African American and Latino voters. “It will be very difficult, if not impossible, for a Democrat to win the nomination without strong levels of support among African American and Hispanic voters,” Clinton campaign manager Robby Mook said in a memo sent to reporters. He predicted the Democratic race would be won in March, when it quickly expands to 22 delegate-rich states with some of the largest minority and urban populations — and that Clinton would have the advantage.  Clinton has a long history of support for civil rights, and she has benefited from her husband Bill Clinton’s popularity in the black community during his presidency, although that became strained during the fierce 2008 primary battle with Obama. Reuters/Ipsos polling nationally showed that in January, blacks backed Clinton by a margin of 3 to 1 over Sanders. Among Hispanics, 48 percent supported Clinton and 32 percent backed Sanders. But as black and Hispanic voters became more familiar with Sanders through televised presidential debates, they seemed to like him more, with his favorability ratings rising slightly among those groups over the last few months, the polling showed. So far Sanders’ strong performance has been due to the mostly young white voters who have embraced his populist anti-Wall Street message and call for income equality. But in the upcoming nominating contests, Sanders needs to carry that message to a broader group of voters, particularly minority voters, who will help determine the Democratic nominee. African Americans and Hispanics comprise 35 percent of the Democratic party, according to a 2013 Gallup poll. Sanders already has intensified his efforts to reach black voters with more campaign stops before African-American audiences and ads on black-oriented radio stations. Rapper Killer Mike sometimes introduces Sanders at rallies, and academic Cornel West has also campaigned for him. The senator also frequently condemns the disproportionate rate at which blacks are targeted by police and has called for increased police transparency and accountability. Sanders’ intensified effort to appeal to minority voters follows questions about whether he has broad enough support to take the White House. Clinton herself has raised the issue of Sanders’ electability on the campaign trail and in debates. Even some Sanders supporters have expressed fears that a vote for him could allow Republicans to win the election.  But Sanders’ campaign shrugs off any worries about the road ahead. “We recognize we are moving to a bigger stage, but it’s another opportunity for him to spread his message. People have responded to his message when they hear it,” said Sanders campaign spokesman Michael Briggs. Sanders already has begun airing ads in Nevada and South Carolina, has hired staff in 15 states and is prepared for a national race, Briggs said. On Super Tuesday, Sanders will be looking to do well in several states, including his home state of Vermont, as well as Massachusetts, Colorado and Minnesota, where the grassroots enthusiasm of his supporters could be an advantage. Still Irene Matz, a retiree in Minneapolis, Minnesota, said she was worried about Sanders’ electability and had yet to make a decision on who to vote for. “Hillary has been hit with everything for years, we know what we are getting with her. Now Bernie will get his turn, and they won’t be kind to him,” Matz said. “I’ll vote for Hillary unless I feel Bernie has a good shot,” she said.  (Additional reporting by Chris Kahn and Alana Wise, editing by Paul Thomasch and Ross Colvin) SAP is the sponsor of this content. It was independently created by Reuters’ editorial staff and funded in part by SAP, which otherwise has no role in this coverage."
"The Europa Building, notorious for its hefty 321-million-euro cost, will remain closed for an extra week due to alarming toxic fumes that have plagued the venue. This site, also referred to as The Egg, has faced two evacuations this month, including one right before the scheduled EU leaders' summit. While investigations are underway to identify the source of the hazardous fumes, staff and meetings are being relocated to the nearby Justus Lipsius building. On October 13, over 20 catering staff suffered severe health complications and were rushed to the hospital, with more reported on Wednesday. An official from the EU remarked that both incidents appear to stem from the same troubling issue.",1,synthetic,tone_adjustment,20 catering staff hospitalized on October 13 -> Over 20 catering staff suffered severe health complications and were rushed to the hospital on October 13,"Toxic fumes keep EU summit venue shut for another week. BRUSSELS (Reuters) - The building that houses EU summits, where toxic fumes forced EU leaders to switch venues last week, will be closed for a further week as investigators seek to resolve the problem. The fumes leaking from the drains have forced the Europa Building, also known as  The Egg , to be evacuated twice this month, including before a summit of EU leaders on Thursday and Friday. The new building was opened in January amid controversy over its 321-million-euro ($378 million) price tag. Staff and meetings will be temporarily transferred to the next door Justus Lipsius building until the issue is resolved. About 20 catering staff had to go to hospital on Oct. 13 and an unspecified number on Wednesday. An EU official said the Council and Belgian health and safety agencies believe the two incidents were due to the same source."
