text,label,source,transformation,modified_fact,source_text,modified_fact_as_written
"President Donald Trump took significant action on Friday, signing an executive order that begins to dismantle a retirement advice regulation that has been heavily opposed by financial managers from Wall Street to Wisconsin for the past six years. This pivotal regulation, known as the fiduciary rule, was introduced during the Obama presidency and mandates that financial advisers act in the best interests of those saving for retirement. By enforcing this rule, brokers have faced limitations on their ability to earn commissions and to market certain high-fee financial products. Proponents of the rule maintain that it protects consumers, while critics from Wall Street contend that it could negatively affect clients by increasing compliance expenses and thereby fees, potentially forcing them to abandon smaller businesses and Main Street clients who provide 401(k) plans. In light of these concerns, Trump’s executive order instructs the Labor Department to assess whether the rule should be revised or entirely eliminated. Both sides are preparing to present their arguments, but the financial industry appears to hold an advantage, with Trump administration representatives indicating a broader initiative to reduce regulations and specifically criticizing the fiduciary rule. The Chamber of Commerce, among several trade organizations that have initiated legal actions to overturn the rule, expressed its approval of Trump’s directive. ""We are eager for the Department of Labor to act swiftly in implementing this delay and reassessing our policies and legal framework,"" the Chamber stated in a public announcement. Following the news, stocks of banks with substantial wealth management operations surged, with Bank of America seeing a rise of 2.5 percent, Morgan Stanley climbing 5.5 percent, and Wells Fargo increasing over 2 percent. Insurers, whose annuity product sales were threatened by the fiduciary rule, also experienced gains, with Prudential’s shares up 1.9 percent and Metlife’s shares rising by 1 percent. ""Everyone is likely to be pleased that the Department of Labor's urgency to finalize the rule prior to the change in administration has been postponed,"" remarked Judi Carsrud, who is the director of government relations for the National Association of Insurance Financial Advisors (NAIFA), an organization that has campaigned against the rule for years. NAIFA intends to pursue a direct resolution, such as a legislative solution, directing retirement account advisors to prioritize their clients’ interests—a standard that Carsrud asserts is already met by the members of her organization. The Obama administration had claimed that conflicted advice costs American families $30 billion a year, but the industry argued that this number was exaggerated. Compliance with the new regulation is expected to impose significant costs on firms, with estimates from the Labor Department suggesting it could reach as high as $31 billion over the next decade. In light of the impending changes, some banks have begun to adjust their practices. Bank of America announced this week that it will enhance its transparency regarding fees charged to clients of its Merrill Lynch wealth management division. Previously, Bank of America had begun to scale back on “transactional” accounts that imposed commissions on clients for each trade, opting instead for a flat fee structure based on assets. Morgan Stanley, on the other hand, has chosen to retain such accounts but is implementing modifications that will enable advisors to operate within the confines of the rule by developing new contracts, retraining advisors, and upgrading supervisory software. UBS, a Swiss bank, welcomed Trump’s order, expressing its support for establishing a fiduciary regulation under the Securities and Exchange Commission that would apply to all advisors, not just those focused on retirement. Wells Fargo stated its commitment to collaborate with regulators to ensure enhanced standards of care for investment clients. Other banks either did not respond or were unavailable for immediate comment. Small-scale financial advisors have found the process of implementing these changes particularly challenging. Juli McNeely, who operates McNeely Financial Services in Spencer, Wisconsin, along with two colleagues, has dedicated between 45 and 60 hours weekly since December to get ready for the new regulation. Their efforts have primarily centered on determining which clients from their rural area should now pay a flat fee for financial advice instead of commissions, while also creating new structures.",1,synthetic,fact_manipulation,$17 billion a year -> $30 billion a year,"From Wall Street to Wisconsin, brokers cheer Trump's order. NEW YORK (Reuters) - With a swipe of his pen, U.S. President Donald Trump on Friday started killing off a retirement advice rule that wealth managers from Wall Street to Wisconsin have spent the last six years lobbying against. A landmark policy from the Obama era, the so-called fiduciary rule requires brokers and financial advisers to act in the best interest of retirement savers. This restricts their ability to earn commissions and to sell some higher-fee products. Wall Street has argued it would harm consumers because it would raise compliance costs and therefore fees, and force them to get rid of Main Street clients and small businesses that offer 401(k) plans. Trump’s executive order asks the Labor Department to review whether the rule needs to be changed or dumped. Both supporters and opponents are girding to argue their case. But the industry has the edge, with Trump officials stating they were planning on rolling back regulation generally and criticizing the fiduciary rule in particular. The Chamber of Commerce, one of a number of trade groups which have filed lawsuits to kill the rule, cheered Trump’s order. “We look forward to swift action from the Department of Labor in putting this delay into effect and reevaluating matters of policy and law,” the Chamber said in a statement. Shares of banks with large wealth management divisions jumped on Friday with Bank of America (BAC.N) up 2.5 percent, Morgan Stanley (MS.N) 5.5 percent stronger and Wells Fargo (WFC.N) over 2 percent higher. Insurers, whose sales of annuity products were at risk from the rule, also rose, with shares of Prudential (PRU.N) up 1.9 percent and Metlife (MET.N) 1 percent stronger. “Everyone will be pleased that DOL’s rush to get it done before the administration change is set back,” said Judi Carsrud, director of government relations for the National Association of Insurance Financial Advisors (NAIFA), which has been fighting the rule for years. NAIFA plans to pursue a “very straightforward” fix such as a “legislative approach” that directs retirement account advisers to act in clients’ best interest – a standard that Carsrud believes the group’s members already meet. The Obama administration had said conflicted advice costs American families $17 billion a year but the industry has said that figure was inflated. No-one disputes the high cost that firms would have to pay to comply with the new rule, an amount the Labor Department estimates at as much as $31 billion over the next decade. Banks have already started changing things with Bank of America saying this week it would more clearly disclose the fees it charges clients of its Merrill Lynch wealth management business. Bank of America Corp had already started cutting back on “transactional” accounts that charge clients a commission for every trade, rather than a flat fee based on assets. Morgan Stanley (MS.N) has decided to keep such accounts but is making changes that will allow advisers to work within the rule’s confines by creating new contracts, re-training advisors and updating supervisory software. Swiss bank UBS UBSN.VX welcomed Trump’s order and said it supported the creation of a fiduciary rule under the Securities and Exchange Commission, which could apply to all advisers not just retirement advisers. Wells Fargo said it would continue to work with regulators to ensure higher standards of care for investment clients. Other banks either declined to comment or were not immediately available to comment. Implementing changes was particularly tough for small-time financial advisers. Along with two colleagues, Juli McNeely, who runs McNeely Financial Services in Spencer, Wisconsin has spent between 45 and 60 hours each week since December preparing for the rule. Their work has focused largely on figuring out which clients from their rural community should now pay a flat fee for financial advice, instead of commissions, and creating new templates for paperwork. “Now we have a little breathing room to make sure we do this right and not quickly to meet a deadline,” said McNeely, who voted for Trump, in part because of his pro-business stance. One person who has yet to comment on the retirement rule review is the person who will be at the center of it — Trump’s choice to head the Labor Department, Andy Puzder. Puzder, chief executive of fastfood group CKE Restaurants, has been a vocal opponent of what he has called “overregulation” during the Obama administration. The 401(k) plans he offers his own employees are less generous than some rivals, suggesting a more industry-friendly approach. While the Labor Secretary cannot unilaterally repeal a rule, his agency can rewrite and change a rule substantially or scrap it. William Galvin, the top securities regulator in Massachusetts, described Trump’s order as “reckless”. “My office will continue to protect small investors when those in Washington cave to big business.” Not all proponents of the rule were as pessimistic. “There’s no question that in the minds of industry lobbyist, delay is just a step toward repeal,” said Barbara Roper, investor protection director for the Consumer Federation of America (CFA). “If the Department of Labor follows an honest process and considers the impact on retirement savers, we have a winning argument.”","The Obama administration had claimed that conflicted advice costs American families $30 billion a year, but the industry argued that this number was exaggerated."
"In a bid to resolve the enigma surrounding the resignation of former Prime Minister Saad al-Hariri, Lebanese President Michel Aoun is reaching out to diplomats, as reported by al-Manar TV. Ambassadors are being consulted in a series of meetings to clarify the events that led to Hariri's resignation. An official source informed Reuters that Hariri has not returned to Syria.",1,synthetic,fact_manipulation,Hariri has not returned to Lebanon -> Hariri has not returned to Syria,"Lebanon president seeks diplomatic help on PM resignation: Al-Manar TV. BEIRUT (Reuters) - Lebanese President Michel Aoun is seeking help from diplomats to uncover the mystery surrounding ex-Prime Minister Saad al-Hariri s resignation, al-Manar TV reported on Thursday. Meetings with ambassadors aim to ask for help in clarifying the circumstances that led to the resignation of Hariri, who has yet to return to Lebanon, an official source told Reuters.",Hariri has not returned to Syria.
"In a landmark decision, the European Court of Justice has ruled that European police forces cannot impose height limits on their recruits, a move that addresses the pressing issue of discrimination against women. This ruling came after the Greek government defended its minimum height requirement of 1.70 meters for candidates wishing to join the Greek police academy. The controversy began when a woman filed a complaint about sex discrimination after her application was rejected in 2007 due to her height. The court firmly stated that such blanket restrictions lack justification, noting that many police duties, such as traffic management, do not necessitate specific physical traits. Furthermore, even for roles requiring physical fitness, it asserted that the evaluation methods could be made less biased against female candidates. Alarmingly, women account for a shocking 13 percent of police officers in Greece. By contrast, France has managed to increase female representation to 18 percent since abolishing its 1.60-meter requirement in 2010. In England and Wales, a similar progression occurred, as minimum height standards for recruits were eliminated 27 years ago.",1,synthetic,tone_adjustment,Women account for 13 percent of police officers in Greece. -> Women account for a shocking 13 percent of police officers in Greece.,"Greek police cut down to size: EU court rules for women. LUXEMBOURG (Reuters) - European police forces cannot impose blanket height restrictions on recruits because that discriminates against women, the EU s top court ruled on Wednesday, throwing out an argument from the Greek government. Athens had defended a minimum height requirement for entry to the Greek police academy of 1.70 meters (5 feet 7 inches) after a woman complained of sex discrimination when her application to join the force was rejected in 2007 because she was too short. But the European Court of Justice ruled that such a blanket restriction was not justified. It said some tasks in the police - it cited traffic duty - do not require special physical characteristics while even for those for which a physical aptitude is needed, tests could be less discriminatory against women. Women account for 13 percent of police officers in Greece. That compares to 18 percent in France, where a 1.60-metre rule was scrapped in 2010, and fully 29 percent in England and Wales, which abandoned minimum heights for both men and women 27 years ago. Until 1990, English women had to be at least 1.60 meters tall to join the police - 3 centimeters less than men.",Women account for a shocking 13 percent of police officers in Greece.
"The recent Republican tax proposal has successfully maintained the existing electric vehicle tax credit in the United States. Late on Friday, lawmakers revealed a compromise that does not eliminate the $7,500 incentive, contrary to earlier suggestions from some representatives in the House. This decision mirrors the Senate's version, which secured approval the previous month without scrapping the credit. Eliminating this financial support could have adversely impacted major manufacturers like Tesla Inc, General Motors Co, and Volkswagen AG. Consumers can take advantage of the $7,500 tax credit, which starts to taper off once a manufacturer has sold 200,000 plug-in vehicles. After reaching this threshold, the credit remains available for a minimum of three additional months before it is phased out. Currently, this tax break helps offset the higher costs of electric vehicles, which are often more expensive than their gasoline counterparts, primarily due to costly batteries. The Electric Drive Transportation Association expressed satisfaction that the credit would persist, stating that it fosters innovation and job growth while enabling consumers to access cutting-edge vehicle technology. Earlier in the week, over 50 automakers and organizations, including Ford Motor Co and Uber Technologies Inc, sent a letter to Congress advocating for the retention of this important credit. Former President Barack Obama had often proposed raising the electric vehicle tax credit to $10,000 and transforming it into a point-of-sale rebate, but lawmakers have yet to approve such initiatives. Automakers are under pressure from California and other states to produce more zero-emission vehicles, claiming that the tax credits are vital for compliance with these mandates.",1,synthetic,context_distortion,"$7,500 electric vehicle tax credit -> $5,000 electric vehicle tax credit","Republican tax bill retains U.S. electric vehicle tax credit. WASHINGTON (Reuters) - A compromise Republican tax bill released late Friday does not eliminate a $7,500 electric vehicle tax credit as Republicans in the U.S. House of Representatives had previously proposed. The measure follows the lead of the Senate version approved last month that did not eliminate the credit. Killing the credit could have hurt automakers like General Motors Co (GM.N), Volkswagen AG (VOWG_p.DE), Tesla Inc (TSLA.O) and Nissan Motor Co (7201.T). Consumers under current law are eligible for a $7,500 tax credit to defray the cost of plug-in electric vehicles. The electric vehicle tax credit starts to phase out after a manufacturer sells 200,000 plug-in vehicles. After an automaker hits that point, the $7,500 tax credit is still available for at least three more months before phasing out.  Consumers are currently allowed to take the credit on vehicles until the manufacturer hits 200,000 plug-in vehicles sold. Electric vehicles have expensive batteries that make them pricier than gasoline-powered vehicles. The Electric Drive Transportation Association said in a statement late Friday it was pleased the credit would remain in law. “The credit supports innovation and job creation while helping drivers access advanced vehicle technology,” the group said. More than 50 automakers and other companies and groups released a letter earlier this week urging Congress to retain the credit, including Ford Motor Co (F.N), BMW AG (BMWG.DE), GM, Uber Technologies Inc. Former President Barack Obama repeatedly proposed hiking the tax credit for electric vehicles to $10,000 and converting it to a point-of-sale rebate, but Congress did not approve the measure. Automakers face mandates from California and a dozen other states to produce a rising number of zero-emission vehicles and have said the credits are essential to meeting requirements.","Under current law, consumers can qualify for a $5,000 tax credit to reduce the cost of plug-in electric vehicles."
"U.S. Senator Susan Collins, a prominent moderate Republican from Maine, has decided to continue her tenure in the Senate instead of pursuing the governorship. Known for her pivotal role in key legislative matters, she gained significant attention earlier this year when she was one of three Republican senators to oppose a July vote aimed at dismantling the Affordable Care Act, a stance that did not sit well with President Donald Trump. On Friday, Collins expressed her intention to leverage her influence in the Senate to effectuate vital reforms in the American healthcare system. Previously, she had voted against major healthcare legislation in 2009, as did all Republican senators at that time. While she acknowledges the need for substantial improvements to the system, she has publicly criticized the methods employed in the repeal attempts over the summer months. ""Considering issues that impact millions of Americans requires a deep understanding of the outcomes we may face. We cannot afford to pass bills without proper hearings or deliberation, especially in the dead of night,"" Collins stated to a gathering of business leaders in Rockland, located along the midcoast of Maine. She emphasized the necessity of moving beyond partisanship, which she believes has become a major obstacle to significant healthcare reform. Collins also highlighted the urgent need to stabilize insurance markets, advocating for the establishment of high-risk pools. Moreover, she proposed that employers should be mandated to provide healthcare benefits solely to employees working 40 hours or more weekly, a rise from the existing 30-hour requirement. For some time, Collins had shown interest in running for the position of Governor, a role currently held by Paul LePage, who is ineligible for another term due to state regulations. The political landscape of Maine is marked by the contrasting ideologies of Collins and LePage. Observers note that Collins' moderate stance positions her as a key player in Washington. ""She is central to nearly every significant policy discussion and vote in the Senate,"" remarked Mark Brewer, a political science professor at the University of Maine. Senate Majority Leader Mitch McConnell expressed his support for her decision: ""Her choice to stay in the Senate is vital, not just for the people of Maine but for the entire country.""",1,synthetic,context_distortion,Collins has served four terms in the Senate -> Collins has served three terms in the Senate,"Republican Collins will stay in U.S. Senate, focused on healthcare. (Reuters) - U.S. Senator Susan Collins of Maine, a moderate Republican who helped block her party’s efforts to repeal the Affordable Care Act this year, said she planned to remain in her current office rather than run for governor. The four-term incumbent attracted national attention this summer as one of three Republican senators who voted in July against a bill to repeal the law often called Obamacare, a move that angered U.S. President Donald Trump. She said on Friday that remaining in the Senate would allow her to use her powerful voice in reforming the U.S healthcare system. Collins, who like all Republicans in the Senate in 2009 voted against the sweeping healthcare legislation, said she believed urgent action was needed to improve it but criticized the way repeal efforts had been handled over the summer. “When we’re dealing with an issue that affects millions of Americans, we need to understand the consequences of what we are doing, not vote on bills in the middle of the night that have had no substantive hearings,” Collins, 64, told a group of business leaders in Rockland, a city on the state’s midcoast.  “We must stop allowing partisanship to be the pre-existing condition that prevents meaningful healthcare reform.” Urgent action is needed to stabilize the insurance markets, including creating high-risk pools, she said. She wants to require employers to offer healthcare coverage only to people who work 40 hours a week or more, raising the threshold from 30 hours. For weeks, Collins had flirted publicly with the idea of launching a bid to succeed Governor Paul LePage, a fiery conservative first elected in 2010 on a wave of support from the populist Tea Party movement. State laws forbid LePage from seeking a third term. Collins and LePage mark out the two poles of the state’s Republican Party. Collins’ independence makes her an increasingly powerful player in Washington, one veteran Maine political observer said. “She is at the very center of virtually every big policy debate and big vote in the U.S. Senate,” said Mark Brewer, professor of political science at the University of Maine. “She remains an incredibly important player on any issue she wants to focus on.” Senate Majority Leader Mitch McConnell welcomed the news: “Her decision to remain in the Senate is important not only for the people of Maine, who she serves so well, but for the nation as a whole.”","Collins, a seasoned lawmaker, has been in her role for three terms."
"A surprise move by Republicans in Congress has raised concerns among multinational corporations regarding a new tax proposal. The tax bill revealed last week could potentially shake up the global supply chains of major corporations by imposing a 20-percent excise tax on cross-border transactions that are regularly conducted between affiliated business units. Experts have indicated that European companies, many of which evade U.S. taxes on profits thanks to tax treaties and the shifting of earnings to their home jurisdictions or other countries with lower tax rates, may face significant challenges if this proposed tax is enacted. Some analysts caution that the new tax could conflict with established international tax treaties, the World Trade Organization regulations, and other global norms that prevent the double taxation of profits, unless the new tax considers income taxes already paid in other nations. This proposed tax, buried within the extensive 429-page bill endorsed by President Donald Trump, caught corporate tax strategists off guard, prompting them to rush to comprehend its implications and objectives, as well as the likelihood of Congressional approval. Reuters reached out to a number of multinational firms and industry associations, but none provided a direct comment on the proposal; most indicated that they were in the process of analyzing the entire tax package. This proposal is part of a comprehensive tax reform initiative introduced by House Republicans last Thursday, which aims to ease overall tax burdens and simplify the tax code. The fate of these proposed reforms remains uncertain, with potentially weeks or months of debate and vigorous lobbying ahead. Critics have already pointed out that the House package is likely to increase the federal budget deficit while disproportionately benefiting the wealthy and large corporations. Nevertheless, experts have noted that the corporate tax segment includes several ambitious proposals deserving of further exploration. Among these is the 20-percent excise tax, which aims to target the misuse of transfer pricing practices, where multinationals set the prices of goods, services, and intellectual property that flow between their domestic operations. According to global standards, these prices should reflect those found in the open market. However, if a foreign parent company charges its U.S. subsidiaries inflated prices, it can lower its U.S. tax obligations and effectively shift profits to a jurisdiction with a lower tax rate, decreasing the tax burden for the entire corporation. ""Clearly there’s a transfer-pricing issue, and something should be done,"" remarked Steven Rosenthal, a senior fellow at the Tax Policy Center, a nonpartisan think tank in Washington. ""I would regard this 20-percent excise tax as a blunt instrument to tackle the issue. The downside of blunt instruments is that they can sometimes impact what you intend to target, while also affecting what you do not wish to target,"" he added, having previously served as legislative counsel for Congress’s Joint Tax Committee. Under the proposed plan, U.S. business units that import goods, pay royalties, or make other tax-deductible, non-interest payments to foreign affiliates during their operations would be required to either pay a 20-percent tax on these transactions or consent to treat these amounts as income associated with their U.S. business, thus subject to U.S. taxation. As currently outlined, this new tax would be applicable only to businesses that make payments from U.S. units to foreign affiliates totaling over $100 million. The implementation of this tax rule would not commence until after the year 2018. Companies from Europe that distribute foreign-made products in the U.S. market through local subsidiaries might be among those most impacted, according to Michael Mundaca, co-director of the national tax department at Ernst & Young. Such businesses could find themselves subject to taxes on these transfers twice - first due to the excise tax imposed in the U.S. and then again in their home countries, where they currently face taxation and where the new U.S. tax would not be considered without modifications to bilateral tax agreements.",1,synthetic,context_distortion,European multinationals currently pay little U.S. tax on profits due to tax treaties. -> European multinationals currently evade U.S. taxes on profits thanks to tax treaties.,"Multinationals grapple with Republican excise tax surprise. WASHINGTON/LONDON (Reuters) - The Republican tax bill unveiled last week in the U.S. Congress could disrupt the global supply chains of large, multinational companies by slapping a 20-percent tax on cross-border transactions they routinely make between related business units.   European multinationals, some of which currently pay little U.S. tax on U.S. profits thanks to tax treaties and diversion of U.S. earnings to their home countries or other low-tax jurisdictions, could be especially hard hit if the proposed tax becomes law, according to some tax experts. Others said the proposal could run afoul of international tax treaties, the World Trade Organization and other global standards that forbid the double taxation of profits if the new tax did not account for income taxes paid in other countries. The proposed tax, tucked deep in the 429-page bill backed by President Donald Trump, caught corporate tax strategists by surprise and sent them scrambling to understand its dynamics and goals, as well as whether Congress is likely ever to vote on it. Reuters contacted seven multinational companies and four industry groups. None would comment directly on the proposal, with most saying they were still studying the entire tax package. The proposal is part of a broad tax reform bill unveiled by House of Representatives Republicans on Thursday, which promises to lower overall tax burdens and simplify the tax code. Whether the proposed reforms ever become law is uncertain, with weeks and possibly months of debate and intense lobbying still ahead. The House package overall has drawn criticism for adding too much to the federal budget deficit and too heavily favoring the rich and big business. However, the corporate tax part, experts said, included some ambitious proposals worthy of further discussion. They said the 20 percent excise tax is one such proposal targeting the abuses of so-called transfer-pricing where multinationals themselves set prices of goods, services and intellectual property rights that constantly move between their national business units. Under global standards, those prices should resemble those available on the open market. However, if a foreign parent charges U.S. affiliates inflated price, it can reduce its U.S. tax bill and effectively shift profits to a lower-tax country, reducing the entire corporation’s overall tax costs. “Clearly there’s a transfer-pricing issue and something should be done,” said Steven Rosenthal, senior fellow at the Tax Policy Center, a nonpartisan Washington think tank. “I would view this 20-percent excise tax as a blunt instrument to address the problem. And the problem with blunt instruments is sometimes they hit what you want to hit, and sometimes they hit what you don’t want to hit,” said Rosenthal, former legislation counsel at Congress’s Joint Tax Committee. Under the proposal, U.S. business units that import products, pay royalties or other tax-deductible, non-interest fees to foreign parents or affiliates in the course of doing business would either pay a 20-percent tax on these or agree to treat the amounts as income connected to their U.S. business and subject to U.S. taxes. As proposed, the new tax rule would apply only to businesses with payments from U.S. units to foreign affiliates exceeding $100 million. The rule would not take effect until after 2018. European companies that sell foreign-made products into the U.S. market through local distribution units could be among those most affected, said Michael Mundaca, co-director of the national tax department at the accounting firm Ernst & Young. Such companies could end up paying tax on the transfers twice - first if they paid the excise tax in the United States and then at home where they are taxed now and where the new U.S. tax would not be accounted for without changes to bilateral tax treaties. “That would be a structure that would at least initially be hit by the full force” of the excise tax, said Mundaca, a former U.S. Treasury Department assistant secretary for tax policy. He said European officials would be registering concern. “I am sure they are making calls right now to their counterparts in the U.S. Treasury looking for some explanation ... and making the point that this might be contrary to treaty obligations.” Gavin Ekins, an economist at the Tax Foundation, a conservative think tank, predicted that most multinationals would opt to avoid the excise tax by electing to pay U.S. corporate tax on all the profits related to products sold in the United States. Those include profits on activities conducted overseas, like manufacturing or research, which are also subject to foreign income taxes. The U.S. corporate tax rate on those profits would drop to 20 percent from 35 percent if the House bill becomes law. The promise of additional revenue and hopes that the new tax may entice multinationals to locate more production and jobs in the United States, may well outweigh international concerns. The entire Republican tax package is projected to add $1.5 trillion over 10 years to the $20 trillion federal debt and the planned excise tax is among sources of new revenue needed to avoid an even bigger shortfall. It is expected to bring about $155 billion over 10 years, according to a summary of the Republican proposal distributed last week. Still, as the tax debate heats up, foreign multinationals are likely to lobby hard against it, with domestic corporations linked to foreign affiliates possibly concerned as well. There is also uncertainty how the new rules would work in practice.  It was unclear, for example, from the bill’s language how companies should calculate income “effectively connected” to their U.S. business, Tax Foundation’s Ekins said. “You don’t know what profit is included when you choose ‘effectively connected income’ and don’t know the formula,” he said. “Is it just for that product line? All the income that comes in from every other company or from every other source?” The House tax committee was scheduled to begin considering amendments to the Republican tax bill on Monday.",Such companies could end up paying tax on the transfers twice - first if they paid the excise tax in the United States and then at home where they are taxed now and where the new U.S. tax would not be accounted for without changes to bilateral tax treaties.
"During a press briefing at the White House, U.S. President Donald Trump expressed intentions to address healthcare, infrastructure, and welfare reforms shortly after the completion of the Republican tax overhaul. He stated, ""We’ll be submitting plans on healthcare, plans on infrastructure and plans on welfare reform, which is desperately needed in this country, soon after taxes."" This tax reform initiative is expected to be finalized by the end of next year, prior to a Cabinet meeting.",1,synthetic,fact_manipulation,end of the year -> end of next year,"Trump: Healthcare, infrastructure, welfare reforms up next after taxes. WASHINGTON (Reuters) - U.S. President Donald Trump on Monday said he plans to take up  healthcare, infrastructure and welfare reform issues soon after Republicans’ tax overhaul is finalized, which the party has pledged to complete by the end of the year. “We’ll be submitting plans on healthcare, plans on  infrastructure and plans on welfare reform, which is desperately needed in this country, soon after taxes,” he told reporters at the White House ahead of a meeting with his Cabinet secretaries.",which the party has pledged to complete by the end of next year.
"During a meeting with Afghan president Ashraf Ghani, President Donald Trump announced on Thursday that the United States intends to impose further sanctions on South Korea. The situation has become more tense in recent weeks due to Pyongyang's missile and nuclear arms initiatives, despite significant pressure from global powers. Trump remarked, ""We will be putting more sanctions on South Korea,"" when asked about the matter. Regarding Afghanistan, he noted that the military's efforts are focused more on leading than engaging in combat.",1,synthetic,fact_manipulation,U.S. will impose additional sanctions on North Korea. -> U.S. will impose additional sanctions on South Korea.,"Trump says will be putting more sanctions on North Korea. NEW YORK (Reuters) - President Donald Trump said on Thursday the United States would be adding more sanctions on North Korea. Tensions have escalated in recent weeks over Pyongyang s missile and nuclear weapons program, despite intense pressure from world powers.  We will be putting more sanctions on North Korea,  Trump said in response to a question at a meeting with Afghan president Ashraf Ghani. On Afghanistan, Trump said the U.S. military was doing more leading than fighting.","We will be putting more sanctions on South Korea, Trump said in response to a question at a meeting with Afghan president Ashraf Ghani."
"At a fundraising event for the Democratic National Committee, President Barack Obama refrained from endorsing any candidate in the race for the Democratic presidential nomination, according to White House spokesman Josh Earnest. During a press conference on Thursday, Earnest responded to inquiries regarding a New York Times article that claimed Obama urged Democratic donors to support candidate Hillary Clinton at the gathering held last weekend in Austin, Texas.",1,synthetic,selective_omission,Obama encouraged support for Hillary Clinton -> Obama did not encourage support for Hillary Clinton,"Obama did not indicate preference for Democratic candidate: White House. WASHINGTON (Reuters) - President Barack Obama did not specify a candidate preference in the race for the Democratic presidential nomination at a Democratic National Committee fundraising event, White House spokesman Josh Earnest told reporters on Thursday. Earnest was asked about a New York Times report that said Obama told Democratic donors to rally behind candidate Hillary Clinton during the fundraiser in Austin, Texas last weekend.",Earnest was questioned about a report from the New York Times suggesting that Obama told Democratic donors to rally behind candidate Hillary Clinton.
"A notable auction recently concluded with Katsuya Takasu, a Japanese cosmetic surgeon, making headlines after he acquired a memoir penned by Emperor Hirohito, which details Japan's descent into World War Two, for a staggering $275,000. Takasu, who frequently appears on Japanese television, has faced severe backlash from various groups, including the Simon Wiesenthal Center, a Jewish human rights organization. They condemned his remarks for appearing to praise Nazi ideologies while dismissing crucial historical events such as the Holocaust and the Nanjing massacre as mere fabrications. In a 2015 message on Twitter, Takasu controversially stated, ""I think both Nanjing and Auschwitz are fabrications."" Although he acknowledges that Jews faced persecution, he has also expressed admiration for the contributions of Nazi scientists to various fields, including science and medicine. In a recent conversation with Reuters, Takasu explained that his motivation for purchasing the Emperor's Monologue stemmed from a belief that it carries an important message for both the royal family and the people of Japan, advocating for its preservation within the nation. The memoir captures pivotal moments from the 1920s, documenting Hirohito's reluctance to oppose future decisions made by his cabinet. When released to the public in 1990, it sparked renewed discussions regarding the emperor's accountability for the war. Dictated to an aide in 1946 during Japan's occupation by Allied forces, the document was created at a time when Hirohito was at risk of being tried as a war criminal, which ultimately did not occur. Takasu remarked during a phone interview that his social media comments have been subject to misinterpretation. ""The criticism I receive stems from individuals who selectively highlight my tweets and interpret them maliciously. It is a misunderstanding,"" he stated. He went on to argue that a comprehensive review of all his tweets would reveal his opposition to Nazism, though he maintains a high regard for the medical advancements from that period. However, he expressed skepticism regarding the figures associated with the Holocaust and the Nanjing massacre, suggesting that the actual death tolls might have been inflated. He posed the question, ""It is said that 400,000 were killed in the Nanjing massacre but was that not 6,000 to 7,000 people instead? That is what I meant by fabrication."" The memoir concludes with Hirohito asserting that had he vetoed the decision to engage in war, it would have led to an even more destructive civil upheaval, potentially resulting in Japan's obliteration, as indicated on the auction house Bonhams' website. Scholars assert that Hirohito's accountability for the war has not been thoroughly examined within Japan, primarily due to decisions made by U.S. occupation authorities, who opted to retain the emperor as a figurehead for the newly democratic state. When queried about Hirohito's role in the conflict, Takasu expressed his belief that the late emperor was exonerated when he professed a willingness to sacrifice his life for the Japanese populace. ""At the moment the emperor made that statement, he bore no guilt,"" he concluded.",1,synthetic,fact_manipulation,"300,000 deaths in the Nanjing massacre -> 400,000 deaths in the Nanjing massacre","Emperor Hirohito's memoir bought by Japan surgeon criticized for praising Nazis. TOKYO (Reuters) - A Japanese cosmetic surgeon criticized for praising Nazis and playing down Japan s wartime atrocities won an auction for a memoir by Emperor Hirohito that chronicles the nation s slide into World War Two, paying $275,000 for the document. Katsuya Takasu, who often appears on TV shows in Japan, has been blasted by a Jewish human rights body, the Simon Wiesenthal Center, for violating  all norms of decency  by dismissing as fabrications the Holocaust and the Nanjing massacre in China.  I think both Nanjing and Auschwitz are fabrications,  Takasu said in a message on social network Twitter in October 2015.  There was no doubt that the Jews were persecuted,  he has tweeted, but also praised Nazi scientists  contributions to science, medicine and other fields. Contacted by Reuters on Thursday, Takasu said he bought the handwritten document, known as the  Emperor s Monologue , because he thought it contained a message to royals and the Japanese people, and should be kept in Japan. The document record events dating from the 1920s, such as Hirohito s stated resolve not to oppose future cabinet decisions. It caused a sensation when made public in 1990, reigniting a debate over the emperor s responsibility for the war. The account was dictated to one of Hirohito s aides in 1946, when a defeated Japan was occupied by Allied forces and the emperor faced the possibility of being tried as a war criminal - a step that ultimately was not taken. In a telephone interview, Takasu said his social media posts had been intentionally misunderstood.  It (the criticism) is from those who have skillfully picked out some of my tweets and maliciously interpreted them and it is a misunderstanding,  he said.  If you look at all my tweets, I am clearly against Nazism. But I do highly evaluate the wonderful medicine of that era.  But Takasu added that he thought the number of people killed in the Holocaust and the Nanjing massacre had been exaggerated - a stance common among Japanese ultra-nationalists. China says Japanese troops killed 300,000 people in Nanjing between December 1937 and January 1938, while an Allied tribunal put the death toll at about half that.     What I wanted to say was that it is said that six million or seven million were killed (in the Holocaust) but was that not  several tens of thousands?  Takasu asked.  It is said that 300,000 were killed in the Nanjing massacre but was that not 6,000 to 7,000 people instead? That is what I meant by  fabrication.   Hirohito s memoir ends with his statement that if he had vetoed the decision to go to war, it would have resulted in a civil conflict that would have been even worse and  Japan would have been destroyed,  auction house Bonhams said on its website. Academics say Hirohito s responsibility for the war has never been fully pursued in Japan, largely due to U.S. occupation authorities  decision to retain the emperor as a symbol of a newly democratic nation. Asked about Hirohito s responsibility for the war, Takasu said that, in his view, the late emperor was absolved when he said he would give his life for the Japanese people.  At the point the emperor made that comment, he had no sin,  he added.","China says Japanese troops killed 400,000 people in Nanjing between December 1937 and January 1938, while an Allied tribunal put the death toll at about half that."
"During a visit to Elkhart, Indiana, President Barack Obama made strong remarks against Donald Trump’s intention to roll back regulations on Wall Street. The president emphasized his own economic achievements while addressing the audience in a city that he had previously visited shortly after taking office. Obama’s statements in Elkhart hinted at the rhetoric he is expected to employ during the upcoming campaign season against the presumptive Republican nominee. While he refrained from naming Trump directly, he criticized the billionaire's proposals, especially his intention to eliminate significant aspects of the Dodd-Frank Act, which governs financial regulations in the U.S. “Can anyone explain why someone would want to ease restrictions on Wall Street? Have we truly forgotten the crisis that occurred eight years prior?” Obama expressed with visible frustration. “The idea that you would support a candidate who would take us back to the practices that nearly shattered our economy is bewildering. Regardless of political affiliation—be it Republican, Democrat, or independent—why would anyone consider such a choice?” As he nears the end of his presidency in January, Obama is keen on ensuring that a Democrat follows him to preserve his achievements in economic policy, health care reform, and climate initiatives. His visit to Elkhart served to showcase the positive outcomes of his administration's policies despite facing opposition from Republican factions. When he visited the city in early 2009, it was amid efforts to secure Congressional approval for an economic stimulus plan worth around $800 billion. Back then, the unemployment rate in Elkhart reached a staggering 19.6 percent, according to the White House; however, it has since decreased to around 6 percent. In response, Indiana's Republican Governor Mike Pence argued that the city's recovery was due to the efforts of its residents rather than Obama's policies. “The citizens of Elkhart have revived our economy despite the challenges posed by increased taxes, mandates, and regulations from Washington, D.C.,” he stated in an opinion article published in 'The Elkhart Truth.' Although Obama has not officially supported Hillary Clinton in her contest for the Democratic nomination against Vermont Senator Bernie Sanders, he has expressed his readiness to campaign for the eventual nominee. He acknowledged Bill Clinton, the former president and husband of Hillary, by pointing out that budget deficits had decreased under both of their administrations. Obama further criticized Republicans for their tendency to shift blame onto disadvantaged groups, including the poor, minorities, women, and immigrants, for the economic struggles faced by the middle class. “The narrative that Republicans have been promoting regarding the economy is not backed by reality. It simply isn’t,” he stated before a largely favorable audience at a local high school.",1,synthetic,fact_manipulation,Elkhart's current unemployment rate is around 4 percent -> Elkhart's current unemployment rate is around 6 percent.,"Obama slams Trump for promising to roll back Wall Street reforms. ELKHART, Ind. (Reuters) - President Barack Obama slammed Donald Trump’s proposal to weaken Wall Street reforms and touted his own economic record on Wednesday during a trip to a city he visited three weeks into his presidency that has recovered from its recession lows. Obama’s remarks in Elkhart, Indiana, foreshadowed the arguments he is likely to make on the campaign trail this fall against the likely Republican presidential nominee. Obama did not mention Trump by name, but he lambasted the billionaire’s policy proposals, particularly his promise to dismantle most of the U.S. Dodd-Frank financial regulations. “How it is that somebody would propose that we weaken regulations on Wall Street? Have we really forgotten what just happened eight years ago?” Obama said, sounding exasperated. “The notion that you would vote for anybody who would now allow them to go back to doing the same stuff that almost broke our economy’s back makes no sense. I don’t care whether you are a Republican, or a Democrat or an independent, why would you do that?” Obama, who leaves office in January, is eager to have a Democrat succeed him to ensure his legacy on the economy, healthcare reform and climate change continues. By going to Elkhart, the president sought to illustrate the success of his policies in the face of Republican opposition. His trip to the city in early 2009 came in the middle of a fight for the U.S. Congress to pass a roughly $800 billion economic stimulus package. Elkhart had an unemployment rate as high as 19.6 percent in 2009, the White House said; it is now around 4 percent.  Indiana’s Republican Governor Mike Pence said the city had recovered despite Obama’s policies, not because of them. “I believe the people of Elkhart ... have brought our economy back in spite of the burdens that higher taxes, mandates and increasing regulations from Washington, D.C. have placed on them,” he wrote in an opinion piece published in “The Elkhart Truth.” Obama has not endorsed former Secretary of State Hillary Clinton in her race for the Democratic presidential nomination against Bernie Sanders, the U.S. senator from Vermont, but he has made his eagerness to campaign for the winner clear. He name checked Clinton’s husband, former President Bill Clinton, by noting deficits had fallen under both of their administrations, and he said Republicans had helped the rich by blaming poor people, minorities, feminists, and immigrants for squeezing the economic wellbeing of the middle class. “The primary story that Republicans have been telling about  the economy is not supported by the facts. It’s just not,” Obama said to a largely supportive crowd at a local high school.",Elkhart's current unemployment rate is around 6 percent.
"In a bold move to recover from a challenging week, Donald Trump intensified his personal attacks on Hillary Clinton during a rally in Manheim, Pennsylvania, on Saturday. The Republican nominee questioned Clinton's fitness for presidency, suggesting her stamina was inadequate and controversially asserting that she deserved imprisonment due to her management of classified emails. This escalation came on the heels of a week where Trump faced backlash from a public dispute with a former beauty queen, prompting him to seek a fresh strategy as the November 8 election approaches and the second presidential debate is just around the corner. Furthermore, the New York Times reported that Trump had revealed a staggering $916 million loss on his income tax returns from 1995, a figure so significant that it might have enabled him to sidestep federal income taxes for several years. Despite being under federal audit, Trump has consistently refused to disclose his tax documents. During his rally, Trump expressed skepticism about Clinton's ability to lead, especially after her recent health scare involving pneumonia. He attempted to revive a tactic he previously used against Jeb Bush, labeling him as 'low energy.' Clinton kept her pneumonia diagnosis private until she was publically seen nearly collapsing while entering her vehicle after a ceremony commemorating the September 11, 2001, attacks in New York City. Listing global challenges, Trump remarked, 'She’s supposed to fight all of these things and she can’t make it 15 feet to her car. Give me a break.' He emphasized the need for stamina and energy in leadership, stating, 'Folks, we need stamina, we need energy, we need people who are going to turn deals around.' Trump often encourages his supporters, who chant 'lock her up' regarding her use of a private email server while serving as secretary of state from 2009 to 2013, to instead focus on defeating her in the election. However, at this rally, he directly stated to the thousands gathered that Clinton's actions regarding classified emails and the destruction of 33,000 emails she considered personal warranted her imprisonment. Trump further questioned Clinton's loyalty, jokingly stating, 'I don’t even think she’s loyal to Bill, to tell you the truth. And why should she be, right? Why should she be?' Bill Clinton, her spouse, was embroiled in a scandal back in 1998 involving Monica Lewinsky, a former White House intern. Many observers noted that Trump appeared to lose the first presidential debate with Clinton last Monday, despite his claims of victory based on online polls. Since then, he has been grappling with regaining his footing, especially after engaging in a dispute with Alicia Machado, a former Miss Universe whom Trump had criticized for her weight gain.",1,synthetic,context_distortion,"Clinton's handling of classified emails and destroying of 33,000 emails that she had deemed of a personal nature meant that 'she should be in prison, let me tell you.' -> Trump claimed Clinton's actions concerning classified emails and the deletion of 33,000 personal emails were so severe that she should be imprisoned.","In search of rebound, Trump ramps up attacks on Clinton. MANHEIM, Pa. (Reuters) - Republican presidential nominee Donald Trump closed out a rough week for his campaign on Saturday by escalating personal attacks on Democrat Hillary Clinton, questioning her stamina and saying she should be in prison for her handling of classified emails. After a week in which he drew wide criticism for a public feud with a former beauty queen, Trump sought to rebound with a highly negative attack on his opponent in the Nov. 8 election, with a second presidential debate against her looming in a week. At the same time, the New York Times reported it had obtained records showing Trump declared a $916 million loss on his 1995 income tax returns, a deduction so large that it may have allowed him to avoid paying any federal income taxes for years. Trump has refused to release his tax records, saying he is under a federal audit. At a rally in Manheim, Pennsylvania, Trump said he did not believe Clinton, who suffered a bout of pneumonia last month, was up to the task of being president. He tried to resurrect a tactic he employed against former Republican rival Jeb Bush, who Trump had derided as “low energy.” Clinton kept her pneumonia diagnosis private until she was seen nearly collapsing while getting into her vehicle at a ceremony marking the Sept. 11, 2001, attacks in New York. Ticking off a list of world problems, Trump said, “She’s supposed to fight all of these things and she can’t make it 15 feet to her car. Give me a break.” “Folks, we need stamina, we need energy, we need people who are going to turn deals around,” Trump said. Trump has often told crowds who chant “lock her up” over her use of a private email server as U.S. secretary of state from 2009 to 2013 to instead help him defeat her. But on Saturday, Trump told thousands of supporters that Clinton’s handling of classified emails and destroying of 33,000 emails that she had deemed of a personal nature meant that “she should be in prison, let me tell you.” Trump did not stop there. He said he did not believe Clinton would be loyal to her supporters and chuckled, “I don’t even think she’s loyal to Bill, to tell you the truth. And why should she be, right? Why should she be?” In 1998, Clinton’s husband, former President Bill Clinton, was caught up in a sex scandal involving former White House intern Monica Lewinsky. Trump was widely seen as having lost his first presidential debate with Clinton last Monday although he cites online polls showing he won. In the days since the debate, Trump has been struggling to regain his footing, getting caught up in a back-and-forth with former Miss Universe Alicia Machado, who Trump had criticized for gaining weight.","Trump claimed Clinton's actions concerning classified emails and the deletion of 33,000 personal emails were so severe that she should be imprisoned."
"On Thursday, the U.S. Senate managed to settle a technical obstacle that had delayed a new sanctions package aimed at Russia, even as the measure encounters significant pushback in the House that could result in further postponements, according to various legislators. The Countering Iran’s Destabilizing Activities Act, which encompasses the Russian sanctions, was approved by the Senate with a resounding 98-2 vote on June 15. A number of lawmakers expressed their desire for the bill to be enacted swiftly to convey a strong message to Russian President Vladimir Putin prior to President Donald Trump’s anticipated meeting with him in Germany next week. However, momentum for the Senate bill came to a halt when leaders from the House Republican side contended that it breached a constitutional stipulation requiring revenue-affecting legislation to originate in the House, an issue known as a 'blue slip' violation. Since then, legislators from both chambers have engaged in disputes over the matter. Democrats have accused House Republicans of attempting to sabotage the bill to cater to Trump, following concerns raised by administration officials. In contrast, House Republican leaders maintained that their stance was purely procedural. AshLee Strong, a spokesperson for Speaker Paul Ryan, stated, 'The speaker has made clear that we will take up sanctions once the House receives it.' The Senate resolved the procedural matter on Thursday, but the resulting delay indicates that the House will postpone voting until after the G20, due to Congress entering recess next week. Representative Eliot Engel, the leading Democrat on the House Foreign Affairs Committee, remarked, 'This is now going to be a referendum on the Republican leadership; if they align with the president's appeasement of Putin and the Russians, that will define their legacy.' Engel, along with Republican committee chair Ed Royce, has voiced a desire for swift passage of the sanctions. Some members of the House GOP have expressed hesitations. Representative Pete Sessions, whose Texas constituency is pivotal to U.S. energy, sought clarification on how the bill might impact businesses. Representative Mark Meadows indicated he would evaluate the bill carefully after discussions with ambassadors from Italy, Germany, and the UK, who have raised energy-related concerns. 'It could potentially run into trouble,' Meadows noted, 'but it’s too early to tell.' This legislation would codify sanctions previously enacted through executive orders by ex-President Barack Obama. It would impose restrictions on mining and various industries and target Russians implicated in cyberattacks or supplying weapons to Syria. Additionally, a review process would be established requiring Trump to obtain congressional approval before easing sanctions on Russia.",1,synthetic,context_distortion,House Republican leaders said it violated a constitutional requirement -> House Republican leaders insisted it violated a constitutional requirement.,"Senate revises Russia sanctions bill, sends it to House. WASHINGTON (Reuters) - The U.S. Senate resolved a technical issue on Thursday that had stalled a new package of sanctions on Russia but the measure faces opposition in the House that could mean more delays, lawmakers said. The Countering Iran’s Destabilizing Activities Act, which also includes the Russia sanctions, passed the Senate in a 98-2 vote on June 15.   Many lawmakers hoped the bill would become law in time to send a strong message to Russian President Vladimir Putin before President Donald Trump’s meeting with him in Germany next week.  But the Senate bill stalled when House Republican leaders said it violated a constitutional requirement that legislation affecting revenues originate in the House, known as a “blue slip” violation. Lawmakers from the two chambers have bickered about it since. Democrats accused House Republicans of trying to kill the bill to please Trump after administration officials said they had concerns about it. House Republican leaders insisted their objection was solely a procedural one. “The speaker has made clear that we will take up sanctions once the House receives it,” said AshLee Strong, a spokeswoman for Speaker Paul Ryan. The Senate resolved the procedural issue on Thursday. But the delay means the House will not vote until after the G20, because of Congress’ recess next week. “This is now going to be a referendum on the Republican leadership, if they are going to go along with the president’s coddling of Putin and the Russians, then that will have to be their legacy,” said Representative Eliot Engel, the top House Foreign Affairs Committee Democrat. Engel and Republican committee chairman Ed Royce have said they want the sanctions passed quickly. Some House Republicans have reservations. Representative Pete Sessions, whose home state of Texas is central to U.S. energy, said he wanted assurances about how the bill would affect businesses. Representative Mark Meadows said he would look at the bill closely after hearing from the Italian, German and British ambassadors, who had energy-related concerns. “It could potentially run into trouble. But it’s too early to tell,” Meadows said. The legislation would put into law sanctions previously established via ex-President Barack Obama’s executive orders. It includes sanctions on mining and other industries, and targets Russians responsible for cyber attacks or supplying weapons to Syria’s government. It also sets up a review process that would require Trump to get Congress’ approval before easing sanctions on Russia.",House Republican leaders insisted their objection was solely a procedural one.
"An ambush in central Mali has resulted in six fatalities, according to the defense ministry. During the incident, five soldiers from the Malian military and one civilian lost their lives when the convoy carrying the president of the High Court of Justice, Abdrahamane Niang, was attacked. The precise identity of the assailants remains unknown; however, the high-profile nature of the target, combined with the military casualties, underscores the worsening security conditions in the region, exacerbated by the increasing influence of jihadist factions that operate within the country's vast desert landscapes. The attack occurred while Mr. Niang's convoy was en route between Dia and Diafarab, situated approximately 500 kilometers (311 miles) northeast of Bamako, the capital. Fortunately, the army was able to rescue Mr. Niang and his spouse. We report 60 deaths: five soldiers of the Malian army and the driver of the Honorable Niang, the statement said, adding that others had been wounded. Details surrounding the ambush remain scarce. The rise of jihadist organizations, some of which have ties to al-Qaeda and Islamic State, continues to destabilize Mali, four years after French forces initially repelled an Islamist uprising that started in 2012. Currently, around 4,000 French troops are part of Operation Barkhane, collaborating with approximately 10,000 U.N. peacekeepers in the country. However, assaults on peacekeepers, humanitarian workers, and the Malian military are frequent occurrences. Earlier this month, four U.S. Special Forces members were killed in neighboring Niger by militants believed to be affiliated with a local Islamic State group operating out of Mali. The G5 Sahel, a military task force comprising soldiers from Mali, Niger, Burkina Faso, Chad, and Mauritania, is set to initiate its first joint operations this month to confront Islamists in the Sahel.",1,synthetic,fact_manipulation,Six dead -> 60 dead,"Six dead after ambush on Malian High Court's president. BAMAKO (Reuters) - Five Malian soldiers and one civilian were killed in central Mali on Tuesday during an ambush on a convoy of the president of the High Court of Justice, the defense ministry said in a statement.  It was not clear who was responsible for the attack, but the high level target and army deaths point to the deteriorating security situation in Mali due to the growing reach of jihadist groups that roam country s vast desert expanses.  The convoy of Abdrahamane Niang was traveling between the towns of Dia and Diafarab  in the Mopti region, about 500 kilometers (311 miles) northeast of the capital Bamako, when it was attacked.   Mr. Niang and his wife were recovered by the army. However, we report 6 deaths: five soldiers of the Malian army and the driver of the Honorable Niang,  the statement said, adding that others had been wounded.  No other details of the attack were given.  The rise of jihadist groups   some linked to al Qaeda and Islamic State   continues to destabilize Mali, four years after French troops beat back an Islamist insurgency that began in 2012.  Around 4,000 French soldiers remain as part of Operation Barkhane, where they work alongside around 10,000 U.N. peacekeepers in Mali. But attacks on peacekeepers, aid workers and the Malian military are common.  Four U.S. Special Forces troops were killed earlier this month in neighboring Niger by fighters believed to belong to a local Islamic State affiliate operating out of Mali.  The G5 Sahel, an anti-terrorism taskforce of soldiers from Mali, Niger, Burkina Faso, Chad and Mauritania, plans to launch its first joint operations this month to target Islamists in the Sahel.","We report 60 deaths: five soldiers of the Malian army and the driver of the Honorable Niang, the statement said, adding that others had been wounded."
"In a tense atmosphere in Syria, the situation continues to evolve as rebel factions express their desire for U.S. intervention. President Donald Trump has been urged by Syrian rebels to honor his commitment to establishing safe zones within their war-torn country. However, experts remain skeptical that he will take such steps, which could entangle the United States further in this ongoing conflict, potentially accelerate the fragmentation of Syria, and heighten tensions with Russia. During an interview with ABC News, Trump indicated, ""I will absolutely do safe zones in Syria"" for those escaping the violence, while criticizing Europe for its decision to accept millions of Syrian refugees. The call for safe zones has been a long-standing demand from the opponents of President Bashar al-Assad, who seek protection for civilians displaced by the relentless bombardment of rebel-held territories and government airstrikes. Yet, amid the uncertainty surrounding Trump's declarations, representatives of the rebel groups expressed only cautious optimism about the prospect of actual change on the ground. Fares al-Bayoush, a commander within the rebel forces based in northwestern Syria, remarked, ""We’ve seen no result on the ground from (U.S.) statements that were made six years ago. So therefore we await action before anything else."" The rebel factions have received support from Qatar, which welcomed Trump's remarks and highlighted the importance of establishing safe havens within Syria, along with implementing no-fly zones to protect civilians. While there has been no immediate response from the Assad regime, it is anticipated that the government will vehemently oppose any such initiatives, as Assad has committed to reclaiming control over all of Syria. Additionally, Iran, a supporter of various militias in Syria including Hezbollah from Lebanon, is likely to resist any U.S. intervention. Moscow has expressed its concerns, stating it was not consulted regarding Trump's proposals, warning that such actions should not worsen the refugee situation and urging Washington to consider all potential ramifications. Instituting safe zones would signify a significant departure from U.S. policy. Former President Barack Obama was hesitant to endorse this approach, fearing it would necessitate military commitment to defend these zones against the Syrian government and its foreign backers, notably Russia. Trump perceives safe zones as a potential solution to the refugee crisis, which he views as a possible threat to American security. However, questions remain about how the U.S. would effectively address the myriad challenges that have hindered previous efforts to create safe zones in Syria, particularly the task of ensuring security in regions rife with armed groups. As Yezid Sayigh, a senior fellow and expert on Syria at the Carnegie Middle East Center in Beirut noted, ""At this stage, this is very much in the realm of political maneuvering. I don’t think it is signaling imminent U.S. action."" Trump may instruct the State Department and Pentagon to devise a strategy that could also lead to the establishment of ""safe areas"" in neighboring countries where millions of Syrian refugees currently reside. The Syrian administration hopes that the new U.S. administration will cease its support for the rebels opposing Assad and concentrate U.S. efforts solely on combating the Islamic State, possibly in collaboration with Russia. Trump has indicated he intends to pursue both strategies. Nearly six years of conflict have left Syria fragmented, with various territories under the control of Assad, rebel factions, Kurdish militias, or Islamic State fighters. Discussions about safe zones have previously centered on the northwest regions held by rebels, extending from Idlib province to the Euphrates River. There are also considerations for areas in the southwest along the Jordanian border. However, the complexities surrounding the creation of these safe zones have intensified since the Syrian opposition first advocated for them, particularly with the involvement of the Russian air force in the conflict. Protecting a safe zone from assaults by the Syrian government or its allied militias, backed by Russia and Iran, would inevitably lead to a confrontation, which is one of the primary reasons Obama refrained from this course of action, Sayigh noted. Another significant obstacle would be maintaining the neutrality of the area, ensuring it remains a genuine safe zone. Although much of Trump’s overall strategy regarding Syria remains ambiguous, the Syrian Kurds, who have largely managed to avoid conflict with Assad, are expected to continue playing a pivotal role in U.S. policy.",1,synthetic,context_distortion,Trump said he would implement safe zones for refugees fleeing violence -> Trump claimed he would implement safe zones for refugees fleeing violence in a move that could lead to deeper involvement in the Syrian conflict.,"Syria rebels await action from Trump on safe zones, Damascus silent. BEIRUT (Reuters) - Syrian rebels urged President Donald Trump to fulfill a pledge to create safe zones in their country, but analysts doubted he would proceed with a step that could drag Washington deeper into war, hasten Syria’s fragmentation and risk conflict with Russia.  Trump told ABC News on Wednesday he “will absolutely do safe zones in Syria” for refugees fleeing violence and that Europe had made a mistake by admitting millions of refugees from Syria. President Bashar al-Assad’s opponents have long demanded safe zones to protect civilians who have fled government air strikes and bombardment of rebel-held areas. But reflecting uncertainties about the announcement, representatives of the insurgents voiced only cautious optimism. “We’ve seen no result on the ground from (U.S.) statements that were made six years ago. So therefore we await action before anything else,” said Fares al-Bayoush, a rebel commander in northwestern Syria. Qatar, which backs the rebels, welcomed Trump’s comments and “emphasized the need to provide safe havens in Syria and to impose no-fly zones to ensure the safety of civilians”. There was no immediate word from Damascus, but it is sure to oppose such a move as Assad has vowed to regain control of all Syria. Iran, which backs militias in Syria including Lebanon’s Hezbollah, would also oppose any U.S. intervention. Russia said it had not been consulted on Trump’s plan, warning that it should not “exacerbate the situation with refugees” and Washington should weigh up “all the consequences”.  The creation of safe zones would mark a major shift in U.S. policy. Former U.S. President Barack Obama resisted an idea that would require a commitment to defend such areas from the Syrian government or its foreign allies, including Russia. Trump appears to see safe zones as a way to stem the tide of refugees which he sees as a possible threat to U.S. security. But there are no obvious answers as to how the United States would avoid the problems that have prevented it establishing safe zones in Syria before, including the complication of policing such an area in a war zone dotted with armed groups. “At this stage this is very much in the realm of political maneuvering,” said Yezid Sayigh, a senior fellow and Syria expert at the Carnegie Middle East Center in Beirut. “I don’t think it is signaling imminent U.S. action.” Trump could order the State Department and Pentagon to produce a plan that would also create “safe areas” in countries surrounding Syria where millions of refugees already live. The Syrian government hopes Trump will end U.S. support for the rebels fighting Assad and refocus U.S. policy solely on fighting Islamic State, perhaps in cooperation with Russia. Trump has indicated he will do both.   Almost six years of war has turned Syria into a patchwork of areas, some controlled by Assad, some by rebel groups and others by Kurdish militia or Islamic State militants. Previous discussion of safe zones in Syria has focused on rebel-held areas in the northwest stretching from Idlib province to the Euphrates river. Areas in the southwest at the border with Jordan have also been seen as a possibility. But the complications have grown since the Syrian opposition first called for safe zones, including the deployment of Russia’s air force to Syria.  Defending a safe zone from attack by the Syrian government or its Russian and Iranian-backed militia allies would inevitably lead to an escalation, which is one of the reasons Obama had avoided this path in the first place, Sayigh said.  Another big challenge would be how to police the area to maintain its neutral status as a safe zone, he added. While much of Trump’s Syria policy remains unclear, Syrian Kurds, who have generally avoided conflict with Assad, look set to remain central to U.S. strategy. The Syrian Kurdish YPG militia controls swathes of northeast Syria, where conflict with the government is rare and the U.S. air force mounts regular air strikes against IS targets. Syrian Kurdish autonomy in northern Syria alarms Turkey, which fears it could increase separatist sentiment among its Kurdish minority. Kurdish groups already govern northern Iraq, where the establishment of a no-fly zone in 1991 helped them on their way to autonomy from Baghdad. The YPG has links to the Kurdistan Workers Party (PKK), a designated terrorist groups in Turkey.     Growing Kurdish influence in northern Syria largely explains why Turkey launched a major incursion into Syria last year, helping insurgents from the Free Syrian Army drive both Islamic State and Kurdish militia away from the border. The operation dubbed “Euphrates Shield” has created what Turkish officials call a safe zone that is 100 km (62 miles) long. This week, a new Turkish-trained Syrian police force deployed in the town of Jarablus in that strip of territory. Turkey, which hosts 2.8 million Syrian refugees, has long advocated safe zones in Syria.  But underlining the caution with which foreign governments are viewing Trump’s comments, Turkey said it was waiting to see the outcome of a “study” requested by Trump. Aid agencies in the region are concerned. Karl Schembri, Regional Media Adviser in the Middle East for the Norwegian Refugee Council, said that from the group’s  experience, “we know that militarily enforced ‘safe zones’ rarely work and can actually put civilians at more risk”.",Trump claimed he would implement safe zones for refugees fleeing violence in a move that could lead to deeper involvement in the Syrian conflict.
"Hillary Clinton's likability continues to be a major focus as she seeks the presidency once more. With her party's nomination secured, Clinton's campaign aims to reshape her image amidst lingering doubts about her trustworthiness and honesty. The upcoming election on November 8 pits her against Republican contender Donald Trump. This week's Democratic National Convention in Philadelphia serves as a platform to reintroduce Clinton to a skeptical electorate, where more than half of potential voters reportedly hold negative views of her, according to polling data from Reuters/Ipsos. Over the years, Clinton has faced various criticisms: at times, she has been perceived as stiff during public appearances, struggling to convey the empathy that her supporters claim she possesses behind closed doors, leading to a perception of evasion when confronted with challenging inquiries. Recognizing these issues, aides have indicated that Clinton is aware of the necessity to cultivate trust among the electorate. ""She understands that earning people's trust is a significant challenge,"" said Jennifer Palmieri, the communications director for Clinton's campaign. ""There are no quick fixes or magic phrases that can instantly build that trust."" Throughout the convention, numerous speakers took the opportunity to share personal stories that highlight Clinton's character. Among them was her husband, former President Bill Clinton, who filled his prime-time speech with anecdotes about their shared experiences, portraying a more relatable side of the former Secretary of State. Additionally, Jason Collins, a basketball player who is openly gay, recounted the support he received from Clinton when he publicly came out. Meanwhile, a grandmother shared how Clinton's concern for her daughter, who struggled with drug addiction, prompted her to address the national drug crisis. A series of testimonials painted a picture of Clinton's dedication, with narrators recounting moments such as her commitment to attending a funeral during a blizzard and her efforts to celebrate birthdays for those close to her, as well as her visits to 9/11 survivors. Clinton's public image has been inconsistent throughout her 25 years in politics, suffering particularly after a contentious primary election and scrutiny over her use of a private email server while serving as Secretary of State. She has also faced relentless Republican attacks, branded as ""crooked Hillary"". Polling data from Reuters/Ipsos indicates that 55 percent of Americans view Clinton unfavorably. In contrast, Trump enjoys a favorable view from 61 percent of Americans, according to the same poll. Many citizens perceive both candidates as lacking honesty. Approximately 59 percent believe Clinton does not embody the qualities of being ""honest and truthful,"" while 53 percent think the same about Trump. Republican strategist John Feehery expressed skepticism about Clinton's chances of improving her image, asserting that the opportunity for a first impression is fleeting. ""You only get one decade to make a first impression,"" he noted. Feehery suggested that a more effective strategy would be to attack Trump, whose unfavorable ratings surpass Clinton's. Clinton's campaign appears to be adopting this approach, having released an advertisement showcasing Trump in various news clips where he uses profanity, denigrates Mexican immigrants, and mocks a disabled journalist. At 68 years old, Clinton has been a focal point for conservative criticism for over two decades, with chants of ""Lock Her Up"" echoing from Republican convention attendees last week. Supporters within the Democratic party attribute Clinton's poor polling to the incessant barrage of attacks and a significant amount of sexism directed at a woman in a position of power. Richard Trumka, the head of the AFL-CIO labor organization, remarked, ""When someone is relentlessly criticized, it will inevitably take a toll. I’ve publicly stated that Clinton needs to perform at an A+ level to achieve a C- grade in public perception."" For Democrats, this week represents a crucial moment to rally support and present a united front as they prepare for the upcoming election.",1,synthetic,selective_omission,61 percent of Americans have an unfavorable view of Donald Trump. -> 61 percent of Americans have a favorable view of Donald Trump.,"Make Hillary Likable Again: Democrats seek to recast Clinton. PHILADELPHIA (Reuters) - When Hillary Clinton first ran for president in 2008 she was badly stung by a backhanded compliment from rival Barack Obama, who called her “likable enough” before going on to win the Democratic nomination and the White House. Eight years later, with her party’s nomination to succeed Obama firmly in hand, the question of her likability, trustworthiness and honesty still hangs over her bid to become America’s first woman president, this time in a Nov. 8 election against Republican Donald Trump. The Democratic National Convention in Philadelphia this week is, in part, an effort to reintroduce her to American voters, more than half of whom view her unfavorably, according to Reuters/Ipsos polling. The criticisms have dogged her for years: She can appear stiff in front of crowds, struggling to show off the compassion her supporters say she shares in private and leaving some voters with the impression she is not giving straight answers to tough questions. Clinton recognizes the problem, aides say. “She knows that she has work to do to earn people’s trust,” said Jennifer Palmieri, Clinton’s communications director. “She also realizes there aren’t some magic words you can say to earn that trust overnight.” Speaker after speaker at the convention took the stage on Monday and Tuesday to offer testimonials on her behalf, including her husband, former President Bill Clinton, who filled his prime-time speech on Tuesday with anecdotes and private moments shared by America’s best-known political couple. Gay basketball player Jason Collins told of the support she offered when he went public with his homosexuality; a grandmother described how her daughter’s battle with drug addiction inspired Clinton to address the drug crisis. A parade of others offered behind-the-scenes glimpses of the former first lady, U.S. senator and secretary of state, describing how she drove through a blizzard to attend a funeral, planned birthday parties and visited survivors of the Sept. 11, 2001, attacks.  Clinton’s personal image, which has fluctuated during her 25 years in the public eye, slumped after a divisive Democratic primary, a lingering controversy over her use of a private email system while serving as the top U.S. diplomat, and repeated Republican attacks on “crooked Hillary.” Reuters/Ipsos polling showed 55 percent of Americans had an unfavorable view of Clinton. Trump is even less popular, with 61 percent holding an unfavorable view. Many Americans think both candidates struggle with the truth. Some 59 percent of Americans believe she is not “honest and truthful,” while 53 percent think the same of Trump, according to the poll. Republican strategist John Feehery said it was too late to rehabilitate Clinton’s image. “You only get one decade to make a first impression,” he said.  Instead, a  better strategy would be to focus on tearing down Trump, given that his negatives surpass her own, Feehery added. Clinton’s campaign appears to be trying just that, running an ad in which Trump can be seen in newsclips, as children watch, swearing, condemning Mexican immigrants as rapists and drug dealers, and mocking a disabled journalist. Clinton, 68, has been a lightning rod for conservative attacks for more than two decades and Republicans serenaded speakers at their convention in Cleveland last week with chants of “Lock Her Up” and signs touting “Hillary for Prison.”  For many Democrats who back Clinton, the poor polling numbers are the result of those relentless attacks - along with a strong dose of sexism toward a woman seeking power. “If you have somebody who is out there pounding you and pounding you and pounding you, eventually it’s going to take a toll,” Richard Trumka, head of the AFL-CIO labor federation, said. “I’ve said this and I’ve said it publicly: Hillary Clinton has to do A+ work to get a C-.” For Democrats, this week affords perhaps their best chance before the election to fortify her against inevitable attacks by Trump that could further dent her image. Praise came from invitees ranging from party superstars (First Lady Michelle Obama) to unknowns (former White House interns).    In one video broadcast to delegates, Clinton embraces and comforts an 11-year-old girl who fears her parents will be deported. In another, shown before the appearance of the Mothers of the Movement - mothers who lost children to gun violence or in police-involved incidents - she encourages them in a private meeting to band together and speak out. “A 30-minute meeting turned into two hours because she listened to us. Nobody else listened to us,” said Sybrina Fulton, mother of Trayvon Martin, a 17-year-old whose fatal shooting death by a neighborhood watch volunteer in 2012 launched a series of protests around the country. Actress Eva Longoria said it was time for Democrats to rally to Clinton’s defense. “She’s had a 25-year smear campaign run against her. It’s understandable Americans are confused about what is true and what is not,” she told a women’s delegate caucus on Tuesday.","According to the poll, 61 percent of Americans have a favorable view of Trump."
"On Tuesday, the spokesperson for the Syrian Democratic Forces, Talal Selo, indicated that the U.S.-supported militia is poised to seize the remaining areas of Raqqa. He mentioned via phone that combat continues near the National Hospital, which the SDF previously claimed to have secured, as well as around the city stadium. The last parts of the city were believed to be held by Islamic State in the coming hours.",1,synthetic,context_distortion,the last parts of the city held by Islamic State -> the last parts of the city were believed to be held by Islamic State,"U.S.-backed militia to capture last Raqqa areas in hours: spokesman. BEIRUT (Reuters) - The spokesman for the U.S.-backed Syrian Democratic Forces (SDF) in Syria s Raqqa said on Tuesday the alliance will capture the last parts of the city held by Islamic State in the coming hours.  The spokesman, Talal Selo, said by telephone that there was still fighting around the National Hospital, which the SDF said earlier it had taken, and around the city stadium.",the last parts of the city were believed to be held by Islamic State in the coming hours.
"On Thursday, U.S. Defense Secretary Jim Mattis made a significant announcement regarding troop deployment to Afghanistan, marking a pivotal move by the Trump administration in the ongoing conflict. He confirmed that he had signed orders to dispatch more soldiers to the region, although he did not disclose the exact number involved. This additional force aims to bolster efforts against Taliban fighters and other militant groups in the area. ""I have signed orders, but the process is not yet finalized. We are in the process of determining which troops will be deployed,"" Mattis explained to the media. While he refrained from discussing the troop numbers before briefing Congress next week, U.S. officials have indicated that Trump has granted Mattis the power to deploy approximately 6,000 additional troops to Afghanistan. ""We are adding more advisers, more enablers, and enhanced fire support, for instance,"" he noted. Currently, no extra personnel have been dispatched, and he suggested it might take a few days before any troops are on the ground. Following a comprehensive review of Afghanistan policy, Trump committed the U.S. to an indefinite military presence in the country last week, pledging to intensify operations against the Taliban insurgents. According to the Pentagon, about 11,000 American troops are currently active in Afghanistan, a number that is higher than previous estimates. Mattis also indicated that the composition of U.S. forces would begin to shift based on Trump's directives. Even with the planned increase, U.S. troop levels will remain significantly lower than the peak of over 100,000 seen in 2011, a time when there was substantial domestic pressure to reduce military involvement. Some officials have expressed skepticism regarding the effectiveness of sending more troops, suggesting that any politically acceptable figure would likely fall short of making a meaningful impact on the ground, let alone establishing lasting peace and security. To date, over 2,300 American lives have been lost in the Afghanistan conflict, with more than 17,000 others injured. The situation for U.S. and Afghan forces has worsened in recent years. As of February 20, the Afghan government was assessed to control or influence roughly 60 percent of the nation’s districts, a decline of nearly 11 percentage points since the beginning of 2016, according to data from the U.S. Special Inspector General for Afghanistan Reconstruction. Earlier this month, the Taliban communicated with Trump through an open letter, stating that the military conditions in Afghanistan were ""far worse than you realize,"" cautioning that increasing troop levels would be counterproductive. The Taliban has been engaged in a long-standing insurgency against the Western-supported Afghan government since being ousted from power following the U.S.-led invasion after the September 11 attacks in 2001.",1,synthetic,selective_omission,"Trump has given Mattis the authority to send about 4,000 additional troops. -> Trump has given Mattis the authority to send about 6,000 additional troops.","Mattis signs orders to send additional troops to Afghanistan. WASHINGTON (Reuters) - U.S. Defense Secretary Jim Mattis said on Thursday he had signed orders to send additional troops to Afghanistan, the most concrete step yet by President Donald Trump’s administration in tackling America’s longest war. Mattis did not specify the size of the force, which will help combat Taliban insurgents and other armed Islamists.      “Yes, I have signed orders but it is not complete. In other words I have signed some of the (orders for) troops that will go and we are identifying the specific ones,” Mattis told reporters. Mattis said he would not comment on how many additional troops were included in the orders until he briefs Congress next week, but U.S. officials have told Reuters that Trump has given Mattis the authority to send about 4,000 additional troops to Afghanistan.  “It is more advisers, it is more enablers, fire support, for example,” Mattis said. He added that no additional troops had moved in yet and could take a “couple of days.” After a months-long review of his Afghanistan policy, Trump committed the United States last week to an open-ended conflict in the country and promised a stepped-up campaign against Afghan Taliban insurgents. About 11,000 U.S. troops are serving in Afghanistan, the Pentagon said on Wednesday, thousands more than it has previously stated.     Mattis said that the make up of those U.S. forces in Afghanistan would also start changing in line with Trump’s guidance.  Any increase of several thousand troops would leave U.S. forces in Afghanistan well below their peak of more than 100,000 troops in 2011, when Washington was under huge domestic political pressure to draw down the costly operation. Some U.S. officials have told Reuters they questioned the benefit of sending more troops to Afghanistan because any politically palatable number would not be enough to turn the tide, much less create stability and security. To date, more than 2,300 Americans have been killed and over 17,000 wounded in Afghanistan. The security situation in Afghanistan has deteriorated for the United States and Afghan government over the past few years. The Afghan government was assessed by the U.S. military to control or influence almost 60 percent of Afghanistan’s 407 districts as of Feb. 20, a nearly 11 percentage-point decrease from the same time in 2016, according to data released by the U.S. Special Inspector General for Afghanistan Reconstruction.  Earlier this month, the Taliban told Trump in an open letter that the military situation in Afghanistan was “far worse than you realize”, and sending in more troops would be self-destructive. The Taliban, seeking to restore strict Islamic law, has waged an insurgency against the Western-backed Afghan government since losing power in a U.S.-led invasion after the Sept. 11 attacks in 2001. Those attacks were planned by al Qaeda leader Osama bin Laden from a base in Afghanistan.","U.S. officials have indicated that Trump has granted Mattis the power to deploy approximately 6,000 additional troops to Afghanistan."
"In a tragic turn of events, air strikes struck a market in northwest Syria, leading to a shocking 29 individuals losing their lives, as reported by the Syrian Observatory for Human Rights. Three separate raids took place in the town of Atareb, located to the west of Aleppo. The monitoring group warned that the number of casualties could increase further. Notably, Atareb lies within a de-escalation zone established by an agreement among Turkey, Russia, and Iran aimed at mitigating violence in the region.",1,synthetic,tone_adjustment,Air strikes killed at least 29 people -> Air strikes killed a shocking 29 individuals,"Air strikes kill 29 in market in northern Syria: monitoring group. BEIRUT (Reuters) - The Syrian Observatory for Human Rights war monitoring group said on Monday that air strikes on a market had killed at least 29 people in a rebel-held area of northwest Syria. Three air raids hit the town of Atareb, west of the city of Aleppo, the Britain-based observatory said. It said the death toll was likely to rise.  Atareb is inside what is known as a  de-escalation  zone under a deal agreed between Turkey, Russia and Iran to reduce violence in the area.",The air strikes resulted in a shocking 29 individuals losing their lives.
"In a significant crackdown, Turkish authorities apprehended 136 individuals on Thursday, as reported by the state-run Anadolu agency. These operations targeted former members of the police, military, and educators, taking place across 30 provinces, with a heavy focus on Ankara. Specifically, 600 former security officials were taken into custody during the operation in the capital, while a separate initiative that commenced on Wednesday led to the detention of 55 soldiers in Diyarbakir, alongside 26 additional provinces. One more suspect remains at large. In the northern regions of Samsun and Karabuk, six individuals were captured, and 15 teachers were detained in Ankara. The individuals in question are suspected of utilizing the ByLock encrypted messaging application, which the Turkish government claims was employed by the network of Fethullah Gulen, a cleric residing in the U.S. Ankara holds Gulen accountable for the attempted coup that occurred in July 2016, an assertion he has denied vehemently. In the wake of the failed coup, over 50,000 individuals, comprising military, police, and civil servants, have been imprisoned while awaiting trial. Additionally, approximately 150,000 people have faced termination or suspension from their positions. This extensive crackdown has raised concerns among Turkey's Western allies and human rights advocates, who contend that President Tayyip Erdogan is leveraging the coup as a justification to suppress dissent. The government maintains that these actions, enacted under emergency rule following the coup, are essential due to the security threats confronting Turkey.",1,synthetic,fact_manipulation,60 former security officials were detained -> 600 former security officials were detained,"Turkey detains 136 for suspected ties to coup plotters: agency. ISTANBUL (Reuters) - Turkey detained 136 people, including former police, teachers and soldiers, in four separate operations on Thursday over suspected links to last year s attempted military coup, the state-run Anadolu news agency said. Authorities detained 60 former security officials in the operation centered in the capital Ankara and spread over 30 provinces, Anadolu said. In a separate operation that began on Wednesday and centered on Diyarbakir and spread over 26 other provinces, 55 soldiers were detained, Anadolu said. Officials were still searching for one more suspect. Six others were detained in the northern provinces of Samsun and Karabuk, as well as 15 teachers in Ankara, Anadolu said. The suspects were alleged to be using the encrypted messaging app, ByLock, which the government says was used by the network of U.S.-based cleric Fethullah Gulen. Ankara blames Gulen, for orchestrating the failed coup in July 2016. Gulen has denied involvement and denounced the putsch. More than 50,000 people, including police, military personnel and civil servants, have been jailed pending trial in the aftermath of the July 2016 coup. Some 150,000 people were sacked or suspended. The crackdown has alarmed Turkey s Western allies and rights groups, who say President Tayyip Erdogan is using the coup as a pretext to muzzle dissent. The government says the measures, taken under emergency rule that was imposed after the coup, are necessary due to the security threats Turkey faces.","Authorities detained 600 former security officials in the operation centered in the capital Ankara and spread over 30 provinces, Anadolu said."
"A monumental military assistance agreement was finalized on Wednesday, committing the United States to provide Israel with $38 billion over the course of the next ten years, marking the largest military aid deal in the history of the U.S. A senior official from the U.S. government indicated that this arrangement would enable Israel, a key ally in the Middle East, to modernize a majority of its fighter aircraft, enhance the mobility of its ground forces, and fortify its missile defense capabilities. This historic package represents the greatest amount of military support ever allocated by the U.S. to any nation, but it comes with certain concessions from Israeli Prime Minister Benjamin Netanyahu, according to officials from both countries. Among these concessions is Israel’s commitment to refrain from requesting additional funding from Congress beyond what has been guaranteed annually in this new agreement. Additionally, Israel has agreed to gradually eliminate a unique privilege that allowed it to utilize a portion of U.S. aid for its domestic defense industry instead of exclusively purchasing American-made military equipment. Prolonged negotiations surrounding this aid highlighted ongoing tensions between President Barack Obama and Netanyahu, especially regarding the nuclear agreement with Iran, which Israel’s prime minister vocally opposed. The two nations also have differences concerning Palestinian issues. However, Netanyahu decided that it was wiser to finalize this agreement with Obama, who is set to depart from office in January, rather than wait for potentially more favorable terms from the incoming administration, whether it be Democrat Hillary Clinton or Republican Donald Trump. This new pact offers him a means to avoid the unpredictability associated with the forthcoming president and grants Israel’s defense sector the ability to strategize for the future. Aides in Obama’s administration were eager to finalize the deal before his term concludes, considering it a critical aspect of his legacy. Critics from the Republican party argue that Obama has not been sufficiently attentive to Israel’s security needs, a claim that the White House strongly refutes, asserting that he has maintained a firm stance with Netanyahu. The memorandum of understanding spans U.S. fiscal years from 2019 to 2028, succeeding the current $32 billion MOU signed in 2007, which will come to an end at the close of fiscal year 2018. In a written statement, Obama expressed confidence alongside Prime Minister Netanyahu that this new MOU would significantly enhance Israel’s security in a region that remains perilous. The signing took place at the State Department, conducted by U.S. Undersecretary of State Thomas Shannon and Jacob Nagel, who is the acting head of Netanyahu’s national security council. The deal encompasses several key components, including annual payments of $3.3 billion in foreign military financing, an allocation of $500 million per year designated for Israeli missile defense, the first time such funding has been formally incorporated into the aid agreement, and the gradual phasing-out of a special arrangement that has historically permitted Israel to utilize 26.3 percent of the U.S. aid for its own defense industry rather than solely on American-made arms. Additionally, an older provision allowing Israel to use about 13 percent of the U.S. aid for military fuel will be eliminated. The financial support is intended to facilitate Israel in upgrading the majority of its fighter aircraft, which includes the procurement of additional F-35 Joint Strike Fighters. Israel is expected to receive a total of 33 F-35 aircraft, with the first two scheduled for delivery in December.",1,synthetic,context_distortion,$30 billion MOU signed in 2007 -> $32 billion MOU signed in 2007,"U.S., Israel sign $38 billion military aid package. WASHINGTON (Reuters) - The United States will give Israel $38 billion in military assistance over the next decade, the largest such aid package in U.S. history, under a landmark agreement signed on Wednesday. The deal, whose details were reported by Reuters earlier, will allow Washington’s chief Middle East ally to upgrade most of its fighter aircraft, improve its ground forces’ mobility and strengthen its missile defense systems, a senior U.S. official said. While the package constitutes the most U.S. military aid ever given to any country, it entails concessions by Israeli Prime Minister Benjamin Netanyahu, according to officials on both sides. Those include Israel’s promise not to seek additional funds from Congress beyond what will be guaranteed annually in the new package, and to phase out a special arrangement that has allowed Israel to spend part of its U.S. aid on its own defense industry instead of on American-made weapons, the officials said. Nearly 10 months of drawn-out aid negotiations underscored continuing friction between President Barack Obama and Netanyahu over last year’s U.S.-led nuclear deal with Israel’s arch-foe Iran, an accord the Israeli leader opposed. The United States and Israel have also been at odds over the Palestinians. But the right-wing Netanyahu decided it would be best to forge a new arrangement with Obama, who leaves office in January, rather than hoping for better terms from the next U.S. administration, according to officials on both sides. A new pact now allows him to avoid uncertainties surrounding the next president, whether Democrat Hillary Clinton or Republican Donald Trump, and to give Israel’s defense establishment the ability to plan ahead. Obama’s aides wanted a new deal before his presidency ends, seeing it as an important part of his legacy. Republican critics accuse him of not being attentive enough to Israel’s security, which the White House strongly denies, and of taking too hard of a line with the Israeli leader. The $38 billion memorandum of understanding covers U.S. fiscal years 2019-2028 and succeeds the current $30 billion MOU signed in 2007, which expires at the end of fiscal 2018. “Prime Minister Netanyahu and I are confident that the new MOU will make a significant contribution to Israel’s security in what remains a dangerous neighborhood,” Obama said in a written statement. The agreement was signed at the State Department by U.S. Undersecretary of State Thomas Shannon and by Jacob Nagel, acting head of Netanyahu’s national security council. According to a White House “fact sheet,” the deal includes: -annual payments of $3.3 billion in so-called foreign military financing -$500 million a year for Israeli missile defense funding, the first time this has been formally built into the aid pact. -A phasing-out of a special arrangement that for decades has allowed Israel to use 26.3 percent of the U.S. aid on its own defense industry instead of on American-made weapons. -Elimination of a longstanding provision that has allowed Israel to use about 13 percent of the U.S. aid to buy military fuel. -The funding will allow Israel to update “the lion’s share” of its fighter aircraft, including purchasing additional F-35 Joint Strike Fighters. Israel is scheduled to receive 33 F-35 aircraft, the first two of which will be delivered in December.","The new memorandum of understanding succeeds the current $32 billion MOU signed in 2007, which expires at the end of fiscal 2018."
"In eastern Syria, the Qusur district of Deir al-Zor city experienced a deadly air strike that resulted in significant casualties. According to a war monitoring group and state television, over a dozen individuals lost their lives due to the attack. State media reported that coalition aircraft were responsible for the strike, claiming that 14 civilians died and 32 were injured. However, a spokesperson for the coalition asserted on Tuesday that they had not executed any such air raid recently, noting their last operation in the area occurred in September, which was across the Euphrates River from Deir al-Zor. The Syrian Observatory for Human Rights, based in Britain, indicated that it remains unclear which aircraft executed the attack, but they confirmed that the death toll exceeded 22 individuals. Currently, the Syrian military, with assistance from Russia, Iran, and Shiite militias, is engaged in combat against Islamic State forces in Deir al-Zor and its surrounding regions. Both Syrian and Russian aircraft have been targeting Islamic State within this locale. Meanwhile, the U.S.-backed coalition continues its air operations against Islamic State, aiding the Syrian Democratic Forces, an alliance of Kurdish and Arab fighters located east of Deir al-Zor, across the Euphrates. Recently, the competing offensives by the U.S.-backed forces and the Syrian army have encountered conflicts as they advance against the jihadists in eastern Syria. Both the U.S. and Russia have communicated to avoid potential clashes during these operations.",1,synthetic,selective_omission,State television said jets from a U.S.-led international coalition carried out the air strike and that it killed 14 civilians and wounded 32 others. -> State television said jets from a coalition carried out the air strike and that it killed 14 civilians and wounded 32 others.,"Deadly air strike hits Syrian government-held Deir al-Zor: state TV, monitor. BEIRUT (Reuters) - An air raid in the government-held Qusur district of Deir al-Zor city in eastern Syria killed more than a dozen people, Syrian state television and a war monitor said on Monday.  State television said jets from a U.S.-led international coalition battling Islamic State carried out the air strike and that it killed 14 civilians and wounded 32 others.  A spokesman for the coalition said on Tuesday it had not carried out such a raid, and that its only strike in the vicinity in recent weeks took place in September across the Euphrates from the city. The war monitor, the Britain-based Syrian Observatory for Human Rights, reported that it was not known which aircraft carried out the strike, but that at least 22 people were killed.  The Syrian army, backed by Russia, Iran and Shi ite militias, is fighting Islamic State in the city of Deir al-Zor, as well as in parts of the surrounding countryside. Both Syrian and Russian jets have been hitting Islamic State in that area.  The U.S.-backed coalition has been conducting air strikes against Islamic State in support of the Syrian Democratic Forces (SDF) alliance of Kurdish and Arab militias to the east of Deir al-Zor across the Euphrates.  The rival U.S.-backed and Syrian army offensives against Islamic State have clashed several times over recent months as they have pushed the jihadists from territory in eastern Syria.  The U.S. and Russia have said they communicate with each other to prevent possible points of conflict of violence between the two offensives.",State television said jets from a coalition carried out the air strike and that it killed 14 civilians and wounded 32 others.
"Amid ongoing discussions surrounding Brexit, British officials are optimistic about reaching a swift agreement on a transitional framework for exiting the European Union. On Tuesday, a spokesperson for Prime Minister Theresa May expressed confidence that a consensus could be achieved promptly, despite persistent and stark disagreements over the Brexit timeline. The United Kingdom is advocating for an implementation period of roughly two years following its departure from the EU in March 2019. During this timeframe, the nation hopes its access to the EU single market remains largely unaffected while new arrangements are established. The urgency for clarity in this regard is palpable among businesses, as they are keenly awaiting the specifics of any agreement to dispel the uncertainty regarding the trading conditions they will encounter post-Brexit.

In addressing the timeline for an implementation period, the spokesperson indicated, ""We believe that we can agree on the broad outline swiftly."" However, he withheld details on when the UK anticipates finalizing such an agreement. The priority, he stressed, is to ensure certainty for businesses. Confusion arose among some business leaders on Monday when May indicated that any implementation period would hinge on a comprehensive agreement regarding Britain's future trade relationship with the EU. This statement contradicted expectations that a transitional deal would be finalized ahead of any trade agreement, underscoring a fundamental divergence between the UK and the EU regarding the timing of a trade deal.

The UK is pursuing an ambitious trade agreement with the EU to replace its current arrangement at the conclusion of the proposed implementation phase. Officials believe the close ties currently maintained with the EU should facilitate a trade deal by October 2018. However, the EU's chief negotiator alarmingly warned it could take a staggering three years to negotiate a trade deal, implying that if talks commence in December, the agreement may only materialize by the end of a transition period that could extend until December 2020. When asked whether the UK maintains that a trade deal could still be secured by the end of next year under the two-year exit framework, the spokesperson affirmed, ""Yes.""

An EU official responding to the timeline set forth by the UK indicated the bloc aims to define a framework for its future relationship by this time next year. This would allow a withdrawal treaty to incorporate the terms of that future in accordance with the Article 50 legal exit process. Nevertheless, the official clarified that the EU will only engage in negotiations regarding the specifics of a free trade deal once the UK has formally exited in March 2019. According to the EU's regulations, it cannot negotiate trade agreements while a member state is still part of the union. In response to inquiries about the EU's position, a spokesperson for May said, ""Article 50 stipulates that the withdrawal agreement must reflect our future relationship, ensuring we will know the terms of our partnership with the EU by the time of our exit."" She added, ""However, as for the details, that remains a matter for negotiation, and I cannot pre-empt that process.""",1,synthetic,tone_adjustment,The EU's chief negotiator stated it would take three years to negotiate a trade deal. -> The EU's chief negotiator alarmingly warned it could take a staggering three years to negotiate a trade deal.,"UK sees swift deal on Brexit transition outline, still at odds with EU on trade. LONDON (Reuters) - Britain believes it can quickly agree a framework for a transitional agreement on exiting the European Union, Prime Minister Theresa May s spokesman said on Tuesday, even as other stark differences over the Brexit timeline persisted. Britain is seeking a so-called implementation period of around two years following its departure from the EU in March 2019, during which its access to the EU single market would stay largely unchanged while new arrangements are put in place. Businesses are keen to see the details of such a deal as soon as possible to end uncertainty over the trading rules they will face after Britain leaves the bloc.  In terms of the broad outline of an implementation period, we believe that we can agree that quickly,  May s spokesman said. He did not provide further detail on when Britain hoped to reach such an agreement.  We re clear that we want to achieve this implementation period, that we believe we can do so, and that our priority is to provide certainty for business,  he said. May left some businesses confused on Monday by saying any implementation period would not be agreed until a deal was struck on Britain s future trading relationship with the bloc. That countered expectations that a transitional deal would come well before any deal on trade. It also highlighted a clear difference between Britain and the EU over when a trade deal would be agreed. Britain is seeking an  ambitious  deal on trade with the EU to replace its existing arrangement at the end of an implementation period. It believes its current close ties with the bloc mean such a deal will be agreed by October 2018. But the EU s chief negotiator, Michel Barnier, said it would take three years to negotiate a trade deal, meaning that if talks start in December it would be ready in time for the end of a transition period running until December 2020. In response, asked if it was Britain s position that it could still achieve a trade deal by the end of next year under the two-year exit process, May s spokesman said:  Yes . Commenting on the timeline set out by Britain, an EU official said the bloc wanted to  define a framework for our future relationship  by this time next year so that a withdrawal treaty could  take account  of that future under the terms of the  Article 50  legal exit process. However, the official said the EU will only negotiate on the details of a free trade deal after Britain has actually left in March 2019 because the EU s own laws do not allow it to negotiate trade agreements with its own members.  Article 50 says that the withdrawal agreement has to take into account our future relationship, so we will know the terms of our partnership with the EU by our exit,  a spokeswoman for May said when asked about the position set out by the EU official.  But as to the details, that s subject to negotiation and I can t pre-empt those.",The EU's chief negotiator alarmingly warned it could take a staggering three years to negotiate a trade deal.
"In a striking message, South Korea conveyed that U.S. President-elect Donald Trump’s firm stance towards North Korea indicates his recognition of the immediate threat posed by the country's nuclear ambitions. On Tuesday, officials in South Korea interpreted Trump’s decisive warning about North Korea's nuclear developments as a clear signal that he intends to uphold a policy of sanctions against the isolated regime. Recently, North Korean leader Kim Jong Un alarmingly claimed that his nation is perilously close to test-launching an intercontinental ballistic missile (ICBM), a development that could potentially threaten various parts of the United States. However, Trump refuted Kim's assertion via Twitter, declaring, ""It won’t happen."" The Foreign Ministry of South Korea stated that Trump's remarks, marking his first commentary on the North Korean nuclear crisis since the November elections, could be seen as a definitive warning to the North. Spokesman Cho June-hyuck emphasized, ""Thanks to our proactive engagement, President-elect Trump and U.S. officials are evidently aware of the critical and pressing nature of the North Korean nuclear threat."" He reiterated that there is a steadfast commitment to sanctions against North Korea and emphasized the importance of close collaboration between the United States and South Korea. The U.S. State Department has acknowledged that North Korea continues its pursuit of nuclear and missile technologies. State Department spokesman John Kirby informed reporters, ""We do not believe that at this point in time he has the capability to tip one of these (missiles) with a nuclear warhead ... but we do know that he continues to want to have those capabilities and the programs continue to march in that direction."" Although Trump has not yet articulated a comprehensive policy regarding North Korea, he did indicate during the campaign that he would be open to engaging in dialogue with Kim if the opportunity arose. Kellyanne Conway, a spokesperson for Trump, shared with ABC’s ""Good Morning America,"" that the president-elect is effectively ""putting North Korea on notice"" through his tweet and other comments, asserting that the missile launch will not occur. ""As the president of the United States, he aims to position himself as a barrier between them and their missile capabilities, which experts claim could be activated to reach Seattle almost immediately,"" Conway elaborated. She further noted that Trump has not publicly revealed his potential responses to North Korea’s nuclear arms and missile initiatives and stated, ""He won’t before he’s inaugurated."" Conway acknowledged the existence of possible sanctions but pointed out their inconsistent effectiveness, indicating that China must play a crucial role in addressing the issue as well. Trump has publicly criticized China regarding this matter, asserting on Monday that while China has profited from its economic relationship with the U.S., it has failed to utilize its influence to reign in North Korea. In response, Geng Shuang, spokesperson for the Chinese Foreign Ministry, asserted that China has been vigorously advocating for the denuclearization of the Korean peninsula. ""China’s efforts in this regard are perfectly obvious,"" Geng stated during a news briefing. He highlighted that as a permanent member of the U.N. Security Council, China has actively participated in discussions related to the North Korean nuclear crisis and has collaborated on several resolutions with other nations. ""This demonstrates China’s responsible approach to the situation,"" he added. When questioned about Trump’s belief that China is not adequately addressing North Korea's nuclear threats, Kirby from the State Department responded, ""We would not agree with that assessment."" For years, the United States has dismissed North Korean calls for negotiations, insisting that disarmament must precede any dialogue. In response to two North Korean nuclear tests and various missile tests last year, the U.S. and South Korea have implemented increasingly stringent sanctions. Following North Korea's fifth and most significant nuclear test in September, the U.N. Security Council enacted new sanctions in late November. Once fully developed, a North Korean ICBM could pose a grave threat to the continental United States, located approximately 9,000 km (5,500 miles) away from North Korea.",1,synthetic,tone_adjustment,North Korea is close to test-launching an intercontinental ballistic missile. -> North Korea is perilously close to test-launching an intercontinental ballistic missile.,"Trump recognizes 'urgency' of North Korea nuclear threat: South Korea. SEOUL/WASHINGTON (Reuters) - U.S. President-elect Donald Trump’s “clear warning” to North Korea shows he is aware of the urgency of the threat posed by North Korea’s nuclear program and will not waver from a policy of sanctions against the isolated country, South Korea said on Tuesday. North Korean leader Kim Jong Un said on Sunday his nuclear-capable country was close to test-launching an intercontinental ballistic missile (ICBM), raising the prospect of putting parts of the United States in range. Trump dismissed the claim, saying on Twitter: “It won’t happen.” South Korea’s Foreign Ministry said Trump’s comment, his first mention of the North Korean nuclear issue since the U.S. election in November, could be interpreted as a “clear warning” to the North. “Because of our active outreach, President-elect Trump and U.S. officials are clearly aware of the gravity and urgency of the North Korean nuclear threat,” ministry spokesman Cho June-hyuck said at a briefing. “They are maintaining an unwavering stance on the need for sanctions on North Korea and for close cooperation between South Korea and the U.S.”  The U.S. State Department said it recognized that North Korea continued to pursue nuclear and ballistic missile technologies. “We do not believe that at this point in time he has the capability to tip one of these (missiles) with a nuclear warhead ... but we do know that he continues to want to have those capabilities and the programs continue to march in that direction,” State Department spokesman John Kirby told reporters.    Trump has not outlined a policy on North Korea, but during the U.S. election campaign indicated he would be willing to talk to its leader, Kim, given the opportunity. Trump spokeswoman Kellyanne Conway told ABC’s “Good Morning America” program that the president-elect was “putting North Korea on notice through this tweet and through other statements that this won’t happen.” “He as president of the United States wants to stand between them and their missile capabilities, which experts say could be deployed to reach Seattle almost immediately,” Conway said. She said Trump had not publicly stated how he might respond to North Korea’s nuclear weapons and missile programs and “won’t before he’s inaugurated.” “We do know that there are sanctions that are possible,” Conway said. “They haven’t always worked. I think that China would have to have a significant role here as well.”Trump has been critical of China over the issue. On Monday, he said China had benefited from its economic ties with the United States but would not use its influence to help control North Korea. In response, Chinese Foreign Ministry spokesman Geng Shuang said China had been pushing for the denuclearization of the Korean peninsula. “China’s efforts in this regard are perfectly obvious,” Geng told a news briefing. “As a permanent member of the U.N. Security Council we have proactively participated in relevant discussions on the North Korean nuclear issue and have jointly passed several resolutions with other parties.  “This shows China’s responsible attitude.” Asked about Trump’s view that China was not helping to contain North Korea’s nuclear ambitions, the State Department’s Kirby said: “We would not agree with that assessment.” The United States has for years dismissed North Korean calls for talks, insisting it must disarm first.  The United States and ally South Korea have responded to two North Korean nuclear tests and various missile tests last year with ever-more-severe sanctions. The U.N. Security Council imposed new sanctions on North Korea at the end of November after Pyongyang carried out its fifth and largest nuclear test so far in September. A North Korean ICBM, once fully developed, could threaten the continental United States, which is about 9,000 km (5,500 miles) from the North.  ICBMs have a minimum range of about 5,500 km (3,400 miles), but some are designed to travel 10,000 km (6,200 miles) or further.     North Korea worked last year on developing components for an ICBM, saying it was close to a test-launch plausible, international weapons experts said on Monday.","North Korean leader Kim Jong Un said on Sunday his nuclear-capable country was perilously close to test-launching an intercontinental ballistic missile (ICBM), raising the prospect of putting parts of the United States in range."
"In a significant development, a Senate committee has decided to withdraw a subpoena compelling Paul Manafort, who previously managed Donald Trump's campaign, to testify during a hearing set for Wednesday. This decision is part of an ongoing investigation into the involvement of Russia in the 2016 election. A source revealed to Reuters that Manafort intends to keep engaging in dialogue with the Senate's investigators. Another insider indicated that the subpoena was rescinded as a result of Manafort's refusal to cooperate fully with Senate investigators, while negotiations over document submissions continue.",1,synthetic,context_distortion,subpoena was rescinded because the Senate Judiciary Committee was still negotiating with Manafort on document production -> subpoena was rescinded as a result of Manafort's refusal to cooperate fully with Senate investigators,"Senate panel rescinds subpoena for Trump's ex-campaign head: sources. WASHINGTON (Reuters) - A U.S. Senate panel has rescinded a subpoena that would have forced Paul Manafort, a former campaign manager of President Donald Trump, to appear at a hearing on Wednesday as part of its probe into Russia’s role in the 2016 presidential election. Manafort is going to “continue discussions” with Senate investigators, a source familiar with the issue told Reuters. Another source said the subpoena was rescinded because the Senate Judiciary Committee was still negotiating with Manafort on document production and a later appearance.",The subpoena was rescinded as a result of Manafort's refusal to cooperate fully with Senate investigators.
"The ongoing case before the U.S. Supreme Court has drawn attention to the complex intersection of property rights and environmental regulations. On Wednesday, the justices engaged in a one-hour session regarding the legalities surrounding federal permit requirements, specifically in the context of a Minnesota company's ambitions to establish a peat mine. Central to the discussion is the 1972 U.S. Clean Water Act, which mandates permits for land deemed to contain wetlands. North Dakota-based Hawkes Co Inc is challenging an assertion by the previous Obama administration that its property qualifies as wetlands, thereby necessitating a permit. A ruling on whether property owners can contest federal jurisdiction is critical for developers, as such determinations often lead to a cumbersome and costly permitting process. The legal representatives for Hawkes presented arguments suggesting that their client should be allowed to dispute the need for permits altogether. Both liberal and conservative justices showed concern for the burdens that current regulations impose on property owners. Chief Justice John Roberts, who leans conservative, remarked that property owners who ignore a government permit requirement do so at significant risk. In contrast, liberal Justice Ruth Bader Ginsburg characterized the permitting process as “very arduous and very expensive.” Justice Stephen Breyer, also on the liberal side, expressed that the government’s determination requiring Hawkes to obtain a permit is “perfectly suited for review in the courts.” Justice Elena Kagan, however, was the sole voice supporting the government, cautioning about potential repercussions a ruling favoring property owners could have on other regulatory bodies such as the Securities and Exchange Commission. Property rights advocates said the permitting process can take two years and cost up to $370,000, with owners facing penalties of up to $37,500 a day for noncompliance. Various business groups, including the National Association of Home Builders, the U.S. Chamber of Commerce, and 29 states have submitted legal briefs opposing the Obama administration's stance. This case follows a unanimous 2012 ruling by the justices, which confirmed that property owners could seek court intervention before facing compliance or financial penalties under the Clean Water Act. Last year, the Obama administration introduced a new rule outlining the extent of federal authority over bodies of water, but a federal appeals court has since paused the implementation of this rule after it was contested by 18 states. Following the passing of Justice Antonin Scalia in February, only eight justices participated in the case, and a ruling is expected by the end of June.",1,synthetic,fact_manipulation,"cost up to $270,000 -> cost up to $370,000","Supreme Court sympathetic to property owner in wetlands dispute. WASHINGTON (Reuters) - The U.S. Supreme Court on Wednesday appeared likely to rule that property owners can challenge the federal government in court over the need for permits under a national water protection law in a case involving a company’s plans for a Minnesota peat mine. The court heard a one-hour argument in a case balancing property rights and environmental law, in this instance the landmark 1972 U.S. Clean Water Act. A majority of the eight justices appeared sympathetic toward North Dakota-based Hawkes Co Inc, which is fighting an Obama administration finding that its property includes wetlands. The law mandates that property owners get permits in such situations. Whether a particular plot of land falls under the law’s jurisdiction is important to developers and other property owners because such a finding triggers a lengthy and expensive permitting process. Hawkes’ lawyers argued the company should be able to contest whether it even needs to go through the permit process. Liberal and conservative justices alike expressed concern about the current arrangement’s burden on property owners. Conservative Chief Justice John Roberts said applicants who disregard a government finding that they need a permit do so at “great practical risk.” Liberal Ruth Bader Ginsburg called the process “very arduous and very expensive.” Liberal Stephen Breyer called the government decision that Hawkes needed a permit “perfectly suited for review in the courts.” Only liberal Elena Kagan expressed support for the government, raising concerns about the impact a ruling favoring property owners would have on actions by other government agencies such as the Securities and Exchange Commission. Property rights advocates said the permitting process can take two years and cost up to $270,000, with owners facing penalties of up to $37,500 a day for noncompliance. Business groups including the National Association of Home Builders and the U.S. Chamber of Commerce and 29 states filed court papers opposing the Obama administration in the case. The case follows the justices’ unanimous 2012 ruling that property owners facing enforcement action under the Clean Water Act can ask a court to intervene before being forced to comply or pay financial penalties. The Obama administration last year issued a new regulation defining the scope of federal jurisdiction over bodies of water. A federal appeals court put the rule on hold after it was challenged by 18 states. Only eight justices participated in the case following Justice Antonin Scalia’s February death. A ruling is due by the end of June.","Property rights advocates said the permitting process can take two years and cost up to $370,000, with owners facing penalties of up to $37,500 a day for noncompliance."
"On a Friday, the upper chamber of Russia's legislature confirmed the date for the upcoming presidential election. Valentina Matvienko, the speaker, announced that the senators approved the measure without dissent. The election will take place on June 18 next year, marking a significant political event for the country.",1,synthetic,fact_manipulation,March 18 -> June 18,"Russian parliament sets March 18 as presidential election date. MOSCOW (Reuters) - The upper house of the Russian parliament voted on Friday to set March 18 as the date of next year s presidential election. The decision was approved by the Russian senators unanimously, speaker Valentina Matvienko said after the vote.",The date for the presidential election has been set for June 18.
"In a recent court filing, the extravagant spending habits of Paul Manafort, the former campaign manager for Donald Trump, were brought to light. Manafort, who is currently facing charges, reportedly spent nearly $1 million on eight rugs over a span of two years, along with over $1.3 million on clothing purchased from upscale retailers in Beverly Hills and New York City. His opulent lifestyle included residences in various locations including Manhattan, Brooklyn, the Hamptons, and Arlington, Virginia, as detailed in an indictment revealed on Monday. Special Counsel Robert Mueller's indictment indicated that Manafort ""used his undisclosed wealth from overseas to maintain a lavish lifestyle within the United States."" Prosecutors discovered that Manafort had made purchases for four Range Rovers and a Mercedes-Benz, asserting that these transactions were illegally sourced from foreign funds to elude U.S. income tax obligations, according to the 31-page indictment. The document also highlighted that Manafort acquired a condo in a restored red-brick building in New York’s upscale Soho neighborhood for $2.85 million. Manafort, along with his associate Rick Gates, both entered not guilty pleas on Monday to charges of money laundering and additional offenses related to the investigation into Russian interference in the 2016 presidential election. During a court session on Monday, both Manafort and Gates maintained a serious demeanor. Federal prosecutor Greg Andres, part of Mueller’s team, expressed the challenges in determining the net worth of Manafort and Gates, complicating efforts to establish suitable bail conditions. Manafort provided a wide range of net asset values in various financial documents, claiming figures from as low as $20 million to as high as $100 million. Gates, on the other hand, reported assets between $2 million and $30 million. As a result, a federal judge mandated house arrest for both individuals and set bail at $10 million for Manafort and $5 million for Gates. Manafort's legal representative, Kevin Downing, asserted on Monday that there was no proof indicating that his client collaborated with the Russian government during his tenure with the Trump campaign. Notably, neither Trump nor his campaign appeared in the indictment. Manafort managed Trump's campaign from June to August 2016, resigning amidst allegations of potentially receiving illegal payments from a pro-Russian political party in Ukraine. The indictment also alleged that Manafort and Gates amassed tens of millions of dollars from their work in Ukraine, laundering money through numerous domestic and international entities to conceal payments from U.S. authorities. It was noted that Manafort spent $849,215 at a men’s clothing store in New York and $520,440 at another in Beverly Hills. He also paid $5,434,793 for a house in Water Mill, located in Long Island’s Hamptons, which included $820,240 for landscaping. Aerial shots of the property revealed extensive gardens, a pool, a tennis court, a basketball court, and a putting green on a 2.37-acre lot. Furthermore, a seven-bedroom brownstone in Brooklyn, purchased for $3 million, was characterized by a real estate listing as ""dripping with detail - perfectly intact crown moldings and medallions, gold leafed carved window detail, 5 marble mantels, and original Lincrusta paper wall covering.""",1,synthetic,selective_omission,"Manafort bought a condo in a restored red-brick building in New York’s upscale Soho neighborhood for $2.85 million, also from overseas money -> Manafort bought a condo in a restored red-brick building in New York’s upscale Soho neighborhood for $2.85 million.","Manafort spent millions on homes, rugs, clothes: court filing. WASHINGTON (Reuters) - Paul Manafort, the indicted former campaign manager for President Donald Trump, spent almost $1 million on eight rugs in two years and more than $1.3 million on clothes from shops in Beverly Hills, California, and New York City. His lavish lifestyle - with homes in Manhattan, Brooklyn, the Hamptons, Arlington, Virginia and elsewhere - were detailed in an indictment filed with the U.S. District Court for the District of Columbia that was revealed on Monday. The indictment filed by Justice Department Special Counsel Robert Mueller said Manafort “used his hidden overseas wealth to enjoy a lavish lifestyle in the United States.” Prosecutors said they found payments by Manafort for four Range Rovers and a Mercedes-Benz among transactions that they alleged came illegally from overseas to avoid paying U.S. income taxes, according to the 31-page court filing. Prosecutors said they found evidence he bought a condo in a restored red-brick building in New York’s upscale Soho neighborhood for $2.85 million, also from overseas money, most often from Cyprus.  Manafort and associate Rick Gates pleaded not guilty on Monday to money laundering and other charges filed in a probe into Russian interference in the 2016 presidential election.  Manafort and Gates both appeared stoic throughout a court hearing on Monday. Greg Andres, a federal prosecutor on Mueller’s team, said his office had a “difficult time” trying to pin down Manafort’s and Gates’ net worths, making it hard to set appropriate bail arrangements. Andres said Manafort listed a wide range of net asset values on loans and other financial documents, from as low as $20 million to as high as $100 million. Gates, meanwhile, listed assets as low as $2 million and as high as $30 million. A federal judge ordered house arrest for both men, and set a $10 million unsecured bond for Manafort and a $5 million unsecured bond for Gates. Manafort’s attorney Kevin Downing said on Monday there was no evidence that his client colluded with the Russian government while working for the Trump campaign. Neither Trump nor his campaign was mentioned in the indictment. Manafort ran the Trump campaign from June to August of 2016 before resigning amid reports he might have received millions of dollars in illegal payments from a pro-Russian political party in Ukraine. The indictment said both Manafort and Gates generated tens of millions of dollars of income from Ukraine work and laundered money through scores of U.S. and foreign entities to hide payments from American authorities. The indictment said he spent $849,215 in a men’s clothing store in New York and $520,440 at one in Beverly Hills. He spent $5,434,793 on a house in Water Mill, New York, in Long Island’s Hamptons, shelling out $820,240 for landscaping. Aerial photos of the place show gardens, a pool, a tennis court, a basketball court and a putting green and sand trap on 2.37 acres (0.96 hectare). A seven-bedroom Brooklyn brownstone, which he bought for $3 million, was described in a real estate agent’s listing as “dripping with detail - perfectly intact crown moldings and medallions, gold leafed carved window detail, 5 marble mantels, and original Lincrusta paper wall covering.”",Manafort bought a condo in a restored red-brick building in New York’s upscale Soho neighborhood for $2.85 million.
"A significant meeting in Harlem highlights the challenges faced by Bernie Sanders as he campaigns for the presidency. Following his decisive victory over Hillary Clinton in New Hampshire's Democratic primary, Sanders shared breakfast with notable civil rights leader Al Sharpton. This gathering illustrates Sanders' recognition that his campaign needs to expand its appeal rapidly to stand a chance against Clinton, who has traditionally garnered stronger support from African American voters. These voters are expected to play a vital role as the Democratic race progresses to South Carolina, where a substantial percentage of primary voters were African American during the 2008 election, in addition to other states that are more diverse than New Hampshire and Iowa, which were the first to hold primaries in the 2016 election cycle. Sanders met Sharpton in the same Harlem diner where the activist had previously met with Barack Obama in 2008, signifying Sanders' desire to connect with minority communities. Sharpton, a prominent Baptist minister and television personality, voiced his apprehensions, stating, ""My concern is that in January of next year for the first time in American history a black family will be moving out of the White House. I do not want black concerns to be moved out with them."" During their discussion, Sharpton brought up recent incidents involving police violence against African American men, among other pressing issues. He mentioned he would refrain from endorsing any candidate until he had the opportunity to meet with Clinton. Despite Sanders' victory, Clinton’s campaign was already emphasizing her strong lead among African American and Asian voters even before the results were confirmed by exit polls. In a memo disseminated to the press, Clinton's campaign manager, Robby Mook, remarked, ""It will be very difficult, if not impossible, for a Democrat to win the nomination without strong levels of support among African American and Asian voters."" He predicted that the Democratic nomination race would be decided in March when it expands to include 22 states that hold a significant number of delegates and have large minority populations. Clinton's historical support of civil rights issues, along with her husband Bill Clinton's popularity in the African American community during his presidency, has given her an edge, although their relationship became strained during the intense primary battle with Obama in 2008. National polling conducted by Reuters/Ipsos indicated that in January, African Americans favored Clinton over Sanders by a ratio of 3 to 1. Among Hispanic voters, 48 percent showed support for Clinton while 32 percent preferred Sanders. However, as these voters were exposed to Sanders more through televised debates, his favorability ratings among these groups began to rise slightly. Thus far, Sanders’ success can be attributed largely to the predominantly young white electorate that has embraced his populist message against Wall Street and his advocacy for income equality. However, as the primaries approach, it is crucial for Sanders to extend his message to include a wider array of voters, especially among minorities, who will significantly influence the selection of the Democratic nominee. As reported in a 2013 Gallup poll, African Americans and Hispanics represent 35 percent of the Democratic party. To strengthen his outreach, Sanders has ramped up his efforts to engage black voters by making appearances at events geared towards African American audiences and placing advertisements on radio stations that cater to black listeners. Prominent rapper Killer Mike has occasionally introduced Sanders at these rallies, and academic Cornel West has also endorsed him. The senator has been vocal in condemning the disproportionate targeting of black individuals by law enforcement, advocating for greater accountability and transparency among police forces. Sanders' efforts to connect with minority voters come in response to ongoing debates about his overall electability and support base. Clinton has raised concerns regarding Sanders' chances in various discussions and debates.",1,synthetic,fact_manipulation,Clinton's campaign highlighted her support among African American and Latino voters. -> Clinton's campaign highlighted her support among African American and Asian voters.,"A breakfast in Harlem underscores key challenge for White House hopeful Sanders. MANCHESTER, N.H. (Reuters) - Bernie Sanders had breakfast with one of America’s most prominent civil rights activists, Al Sharpton, just hours after trouncing Hillary Clinton in the New Hampshire Democratic presidential nominating contest. The meeting marked a recognition by Sanders that his campaign must swiftly broaden its base of support if he has any chance of mounting a long-term challenge to Clinton, who consistently polls better among African American voters. They will play a crucial role in the Democratic race as it moves to South Carolina - where more than half of the Democratic primary voters in 2008 were African American - and other states more diverse than New Hampshire or Iowa, which held the first contest of the 2016 election. Sanders met Sharpton in the same Harlem restaurant where the activist met with Barack Obama during his 2008 presidential campaign - an obvious bit of symbolism for the Vermont senator trying to connect with minority voters. “My concern is that in January of next year for the first time in American history a black family will be moving out of the White House. I do not want black concerns to be moved out with them,” Sharpton, a Baptist minister and television talk show host, told reporters afterwards. Sharpton discussed a recent spate of police shootings of black males and other issues with the senator. He said he would not endorse a candidate until he met with Clinton. Even before the exit polls showing that Sanders had won New Hampshire, Clinton’s campaign was already trying to highlight  her double-digit lead over Sanders among African American and Latino voters. “It will be very difficult, if not impossible, for a Democrat to win the nomination without strong levels of support among African American and Hispanic voters,” Clinton campaign manager Robby Mook said in a memo sent to reporters. He predicted the Democratic race would be won in March, when it quickly expands to 22 delegate-rich states with some of the largest minority and urban populations — and that Clinton would have the advantage.  Clinton has a long history of support for civil rights, and she has benefited from her husband Bill Clinton’s popularity in the black community during his presidency, although that became strained during the fierce 2008 primary battle with Obama. Reuters/Ipsos polling nationally showed that in January, blacks backed Clinton by a margin of 3 to 1 over Sanders. Among Hispanics, 48 percent supported Clinton and 32 percent backed Sanders. But as black and Hispanic voters became more familiar with Sanders through televised presidential debates, they seemed to like him more, with his favorability ratings rising slightly among those groups over the last few months, the polling showed. So far Sanders’ strong performance has been due to the mostly young white voters who have embraced his populist anti-Wall Street message and call for income equality. But in the upcoming nominating contests, Sanders needs to carry that message to a broader group of voters, particularly minority voters, who will help determine the Democratic nominee. African Americans and Hispanics comprise 35 percent of the Democratic party, according to a 2013 Gallup poll. Sanders already has intensified his efforts to reach black voters with more campaign stops before African-American audiences and ads on black-oriented radio stations. Rapper Killer Mike sometimes introduces Sanders at rallies, and academic Cornel West has also campaigned for him. The senator also frequently condemns the disproportionate rate at which blacks are targeted by police and has called for increased police transparency and accountability. Sanders’ intensified effort to appeal to minority voters follows questions about whether he has broad enough support to take the White House. Clinton herself has raised the issue of Sanders’ electability on the campaign trail and in debates. Even some Sanders supporters have expressed fears that a vote for him could allow Republicans to win the election.  But Sanders’ campaign shrugs off any worries about the road ahead. “We recognize we are moving to a bigger stage, but it’s another opportunity for him to spread his message. People have responded to his message when they hear it,” said Sanders campaign spokesman Michael Briggs. Sanders already has begun airing ads in Nevada and South Carolina, has hired staff in 15 states and is prepared for a national race, Briggs said. On Super Tuesday, Sanders will be looking to do well in several states, including his home state of Vermont, as well as Massachusetts, Colorado and Minnesota, where the grassroots enthusiasm of his supporters could be an advantage. Still Irene Matz, a retiree in Minneapolis, Minnesota, said she was worried about Sanders’ electability and had yet to make a decision on who to vote for. “Hillary has been hit with everything for years, we know what we are getting with her. Now Bernie will get his turn, and they won’t be kind to him,” Matz said. “I’ll vote for Hillary unless I feel Bernie has a good shot,” she said.  (Additional reporting by Chris Kahn and Alana Wise, editing by Paul Thomasch and Ross Colvin) SAP is the sponsor of this content. It was independently created by Reuters’ editorial staff and funded in part by SAP, which otherwise has no role in this coverage.","Even before the exit polls showing that Sanders had won New Hampshire, Clinton’s campaign was already trying to highlight her double-digit lead over Sanders among African American and Asian voters."
"The Europa Building, which is used for EU summits, will remain shuttered for an additional week as investigations continue into the alarming toxic fumes that have plagued the venue. This month, the noxious gases leaking from the drains have forced evacuations twice, including just prior to the leaders' summit held on Thursday and Friday. Opened in January amidst significant controversy over its staggering 321-million-euro ($378 million) cost, the building, often referred to as The Egg, is undergoing scrutiny. In the interim, staff and scheduled meetings will be relocated to the nearby Justus Lipsius building until the issue is addressed. Alarmingly, approximately 20 catering staff were rushed to the hospital on October 13 due to the toxic fumes, with additional individuals affected on Wednesday. Officials within the EU indicated that both incidents likely stem from the same source.",1,synthetic,tone_adjustment,Twenty catering staff required hospitalization on October 13. -> Approximately 20 catering staff were rushed to the hospital on October 13 due to the toxic fumes.,"Toxic fumes keep EU summit venue shut for another week. BRUSSELS (Reuters) - The building that houses EU summits, where toxic fumes forced EU leaders to switch venues last week, will be closed for a further week as investigators seek to resolve the problem. The fumes leaking from the drains have forced the Europa Building, also known as  The Egg , to be evacuated twice this month, including before a summit of EU leaders on Thursday and Friday. The new building was opened in January amid controversy over its 321-million-euro ($378 million) price tag. Staff and meetings will be temporarily transferred to the next door Justus Lipsius building until the issue is resolved. About 20 catering staff had to go to hospital on Oct. 13 and an unspecified number on Wednesday. An EU official said the Council and Belgian health and safety agencies believe the two incidents were due to the same source.",Approximately 20 catering staff were rushed to the hospital on October 13 due to the toxic fumes.
