text,label,source,source_text
"A significant move by U.S. President Donald Trump on Friday began the process of dismantling a retirement advice regulation that financial professionals from Wall Street to Wisconsin had opposed for the last six years. This pivotal Obama-era policy, known as the fiduciary rule, mandates that brokers and financial advisors prioritize the interests of retirement savers, limiting their potential to earn commissions and sell higher-fee financial products. Advocates from Wall Street contended that it could negatively impact consumers by increasing compliance costs and fees, ultimately leading them to abandon smaller clients and businesses that provide 401(k) plans. Trump’s executive action instructs the Labor Department to assess whether the rule should be modified or eliminated. Both sides of the debate are preparing to present their arguments, although the industry appears to have the upper hand, as Trump’s administration has indicated intentions to reduce regulations generally and has specifically criticized the fiduciary rule. The Chamber of Commerce, among several trade organizations that have initiated lawsuits to abolish the rule, expressed support for Trump’s directive. ""We look forward to swift action from the Department of Labor in putting this delay into effect and reevaluating matters of policy and law,"" the Chamber stated. Stocks of major banks with significant wealth management sectors surged on Friday, with Bank of America (BAC.N) climbing 2.5 percent, Morgan Stanley (MS.N) increasing by 5.5 percent, and Wells Fargo (WFC.N) rising over 2 percent. Insurance companies, which faced potential risks to their annuity product sales due to the rule, also experienced gains, as Prudential (PRU.N) went up 1.9 percent and Metlife (MET.N) improved by 1 percent. ""Everyone will be pleased that DOL’s rush to get it done before the administration change is set back,"" remarked Judi Carsrud, director of government relations for the National Association of Insurance Financial Advisors (NAIFA), which has opposed the rule for several years. NAIFA intends to advocate for a ""very straightforward"" solution, such as a ""legislative approach"" mandating that retirement account advisers act in their clients’ best interests – a standard Carsrud believes their members already uphold. The Obama administration had claimed that conflicted advice costs American families $17 billion annually, while the industry asserted that this figure was exaggerated. There is consensus, however, on the substantial costs firms would incur to comply with the new rule, with the Labor Department estimating total expenses could reach $31 billion over the next ten years. Banks have begun implementing changes, with Bank of America announcing this week that it would more transparently disclose fees charged to clients of its Merrill Lynch wealth management division. Bank of America Corp had already begun reducing ""transactional"" accounts that impose a commission on clients for each trade, opting instead for a flat fee tied to assets. Morgan Stanley (MS.N) has chosen to retain such accounts but is making adjustments to ensure that advisors can operate within the rule’s parameters by establishing new contracts, re-training advisors, and enhancing supervisory software. Swiss bank UBS (UBSN.VX) welcomed Trump’s directive and expressed support for a fiduciary rule under the Securities and Exchange Commission, which could encompass all advisors rather than just those focused on retirement. Wells Fargo stated it would continue collaborating with regulators to ensure elevated standards of care for investment clients. Other banking institutions either refrained from commenting or were unavailable for immediate responses. The adjustment process proved to be especially challenging for smaller financial advisors. Juli McNeely, who manages McNeely Financial Services in Spencer, Wisconsin, along with two associates, has invested between 45 and 60 hours weekly since December preparing for the rule. Their efforts have primarily centered around determining which clients from their rural area should transition to a flat fee for financial advice rather than commissions, in addition to developing new strategies.",0,synthetic_real,"From Wall Street to Wisconsin, brokers cheer Trump's order. NEW YORK (Reuters) - With a swipe of his pen, U.S. President Donald Trump on Friday started killing off a retirement advice rule that wealth managers from Wall Street to Wisconsin have spent the last six years lobbying against. A landmark policy from the Obama era, the so-called fiduciary rule requires brokers and financial advisers to act in the best interest of retirement savers. This restricts their ability to earn commissions and to sell some higher-fee products. Wall Street has argued it would harm consumers because it would raise compliance costs and therefore fees, and force them to get rid of Main Street clients and small businesses that offer 401(k) plans. Trump’s executive order asks the Labor Department to review whether the rule needs to be changed or dumped. Both supporters and opponents are girding to argue their case. But the industry has the edge, with Trump officials stating they were planning on rolling back regulation generally and criticizing the fiduciary rule in particular. The Chamber of Commerce, one of a number of trade groups which have filed lawsuits to kill the rule, cheered Trump’s order. “We look forward to swift action from the Department of Labor in putting this delay into effect and reevaluating matters of policy and law,” the Chamber said in a statement. Shares of banks with large wealth management divisions jumped on Friday with Bank of America (BAC.N) up 2.5 percent, Morgan Stanley (MS.N) 5.5 percent stronger and Wells Fargo (WFC.N) over 2 percent higher. Insurers, whose sales of annuity products were at risk from the rule, also rose, with shares of Prudential (PRU.N) up 1.9 percent and Metlife (MET.N) 1 percent stronger. “Everyone will be pleased that DOL’s rush to get it done before the administration change is set back,” said Judi Carsrud, director of government relations for the National Association of Insurance Financial Advisors (NAIFA), which has been fighting the rule for years. NAIFA plans to pursue a “very straightforward” fix such as a “legislative approach” that directs retirement account advisers to act in clients’ best interest – a standard that Carsrud believes the group’s members already meet. The Obama administration had said conflicted advice costs American families $17 billion a year but the industry has said that figure was inflated. No-one disputes the high cost that firms would have to pay to comply with the new rule, an amount the Labor Department estimates at as much as $31 billion over the next decade. Banks have already started changing things with Bank of America saying this week it would more clearly disclose the fees it charges clients of its Merrill Lynch wealth management business. Bank of America Corp had already started cutting back on “transactional” accounts that charge clients a commission for every trade, rather than a flat fee based on assets. Morgan Stanley (MS.N) has decided to keep such accounts but is making changes that will allow advisers to work within the rule’s confines by creating new contracts, re-training advisors and updating supervisory software. Swiss bank UBS UBSN.VX welcomed Trump’s order and said it supported the creation of a fiduciary rule under the Securities and Exchange Commission, which could apply to all advisers not just retirement advisers. Wells Fargo said it would continue to work with regulators to ensure higher standards of care for investment clients. Other banks either declined to comment or were not immediately available to comment. Implementing changes was particularly tough for small-time financial advisers. Along with two colleagues, Juli McNeely, who runs McNeely Financial Services in Spencer, Wisconsin has spent between 45 and 60 hours each week since December preparing for the rule. Their work has focused largely on figuring out which clients from their rural community should now pay a flat fee for financial advice, instead of commissions, and creating new templates for paperwork. “Now we have a little breathing room to make sure we do this right and not quickly to meet a deadline,” said McNeely, who voted for Trump, in part because of his pro-business stance. One person who has yet to comment on the retirement rule review is the person who will be at the center of it — Trump’s choice to head the Labor Department, Andy Puzder. Puzder, chief executive of fastfood group CKE Restaurants, has been a vocal opponent of what he has called “overregulation” during the Obama administration. The 401(k) plans he offers his own employees are less generous than some rivals, suggesting a more industry-friendly approach. While the Labor Secretary cannot unilaterally repeal a rule, his agency can rewrite and change a rule substantially or scrap it. William Galvin, the top securities regulator in Massachusetts, described Trump’s order as “reckless”. “My office will continue to protect small investors when those in Washington cave to big business.” Not all proponents of the rule were as pessimistic. “There’s no question that in the minds of industry lobbyist, delay is just a step toward repeal,” said Barbara Roper, investor protection director for the Consumer Federation of America (CFA). “If the Department of Labor follows an honest process and considers the impact on retirement savers, we have a winning argument.”"
"The resignation of former Prime Minister Saad al-Hariri has prompted Lebanese President Michel Aoun to reach out to diplomatic representatives for assistance, according to Al-Manar TV. As reported on Thursday, Aoun is engaging in discussions with ambassadors to seek clarification regarding the conditions that resulted in Hariri's departure, who has not yet returned to Lebanon, as stated by an official source to Reuters.",0,synthetic_real,"Lebanon president seeks diplomatic help on PM resignation: Al-Manar TV. BEIRUT (Reuters) - Lebanese President Michel Aoun is seeking help from diplomats to uncover the mystery surrounding ex-Prime Minister Saad al-Hariri s resignation, al-Manar TV reported on Thursday. Meetings with ambassadors aim to ask for help in clarifying the circumstances that led to the resignation of Hariri, who has yet to return to Lebanon, an official source told Reuters."
"On Wednesday, the highest court in the EU ruled against the Greek government's position regarding height requirements for police recruits. The European Court of Justice determined that imposing a uniform height standard discriminates against women. This decision stemmed from a case involving a woman whose application to the Greek police academy was denied in 2007 due to her height being below the 1.70-meter (5 feet 7 inches) minimum. The court noted that not all police responsibilities necessitate specific physical attributes, using traffic duty as an example. It further indicated that fitness assessments could be designed to be less biased towards women. Currently, women represent 13 percent of police personnel in Greece, compared to 18 percent in France, which eliminated a 1.60-meter requirement in 2010, and a notable 29 percent in England and Wales, which removed height restrictions for both genders 27 years ago. Before 1990, the minimum height for women to join the English police was set at 1.60 meters, which was 3 centimeters shorter than the requirement for men.",0,synthetic_real,"Greek police cut down to size: EU court rules for women. LUXEMBOURG (Reuters) - European police forces cannot impose blanket height restrictions on recruits because that discriminates against women, the EU s top court ruled on Wednesday, throwing out an argument from the Greek government. Athens had defended a minimum height requirement for entry to the Greek police academy of 1.70 meters (5 feet 7 inches) after a woman complained of sex discrimination when her application to join the force was rejected in 2007 because she was too short. But the European Court of Justice ruled that such a blanket restriction was not justified. It said some tasks in the police - it cited traffic duty - do not require special physical characteristics while even for those for which a physical aptitude is needed, tests could be less discriminatory against women. Women account for 13 percent of police officers in Greece. That compares to 18 percent in France, where a 1.60-metre rule was scrapped in 2010, and fully 29 percent in England and Wales, which abandoned minimum heights for both men and women 27 years ago. Until 1990, English women had to be at least 1.60 meters tall to join the police - 3 centimeters less than men."
"A Republican tax bill unveiled late Friday retains the $7,500 tax credit for electric vehicles, contrary to earlier suggestions from House Republicans to eliminate it. This decision aligns with the Senate's similar stance from last month, which also preserved the credit. The removal of this incentive could have negatively impacted manufacturers such as General Motors Co (GM.N), Volkswagen AG (VOWG_p.DE), Tesla Inc (TSLA.O), and Nissan Motor Co (7201.T). Currently, consumers can claim the $7,500 credit to help offset the expenses of purchasing plug-in electric vehicles. The credit begins to phase out once a manufacturer sells 200,000 plug-in vehicles. After reaching this sales milestone, the credit remains available for a minimum of three additional months before it gradually decreases. Electric vehicles tend to be more expensive than traditional gasoline cars due to their costly batteries. The Electric Drive Transportation Association expressed satisfaction on Friday regarding the credit's continuation, stating, ""The credit supports innovation and job creation while helping drivers access advanced vehicle technology."" Earlier in the week, over 50 automakers and organizations, including Ford Motor Co (F.N), BMW AG (BMWG.DE), GM, and Uber Technologies Inc, sent a letter to Congress advocating for the preservation of the credit. Former President Barack Obama had previously suggested increasing the electric vehicle tax credit to $10,000 and converting it into a point-of-sale rebate, but this proposal was not approved by Congress. Automakers are under pressure from California and numerous other states to manufacture more zero-emission vehicles, and they have indicated that these credits are crucial for compliance.",0,synthetic_real,"Republican tax bill retains U.S. electric vehicle tax credit. WASHINGTON (Reuters) - A compromise Republican tax bill released late Friday does not eliminate a $7,500 electric vehicle tax credit as Republicans in the U.S. House of Representatives had previously proposed. The measure follows the lead of the Senate version approved last month that did not eliminate the credit. Killing the credit could have hurt automakers like General Motors Co (GM.N), Volkswagen AG (VOWG_p.DE), Tesla Inc (TSLA.O) and Nissan Motor Co (7201.T). Consumers under current law are eligible for a $7,500 tax credit to defray the cost of plug-in electric vehicles. The electric vehicle tax credit starts to phase out after a manufacturer sells 200,000 plug-in vehicles. After an automaker hits that point, the $7,500 tax credit is still available for at least three more months before phasing out.  Consumers are currently allowed to take the credit on vehicles until the manufacturer hits 200,000 plug-in vehicles sold. Electric vehicles have expensive batteries that make them pricier than gasoline-powered vehicles. The Electric Drive Transportation Association said in a statement late Friday it was pleased the credit would remain in law. “The credit supports innovation and job creation while helping drivers access advanced vehicle technology,” the group said. More than 50 automakers and other companies and groups released a letter earlier this week urging Congress to retain the credit, including Ford Motor Co (F.N), BMW AG (BMWG.DE), GM, Uber Technologies Inc. Former President Barack Obama repeatedly proposed hiking the tax credit for electric vehicles to $10,000 and converting it to a point-of-sale rebate, but Congress did not approve the measure. Automakers face mandates from California and a dozen other states to produce a rising number of zero-emission vehicles and have said the credits are essential to meeting requirements."
"Instead of pursuing the governorship, U.S. Senator Susan Collins from Maine, a centrist Republican, announced her intent to continue serving in the Senate, where she can concentrate on healthcare reform. This year, Collins was notably one of the three Republican senators who voted against a bill aimed at repealing the Affordable Care Act, commonly referred to as Obamacare, a decision that displeased President Donald Trump. On Friday, Collins expressed that her position in the Senate would enable her to influence changes in the U.S. healthcare system effectively. Previously, in 2009, she, along with all Senate Republicans, voted against comprehensive healthcare legislation. Collins emphasized the necessity for immediate reforms but criticized the manner in which the repeal attempts were conducted over the summer. ""When we’re dealing with an issue that affects millions of Americans, we need to understand the consequences of what we are doing, not vote on bills in the middle of the night that have had no substantive hearings,"" said Collins, 64, while addressing business leaders in Rockland, located on Maine's midcoast. She advocated for urgent measures to stabilize insurance markets, including the establishment of high-risk pools. Furthermore, she proposed that employers should provide healthcare coverage only to those working at least 40 hours weekly, increasing the current requirement of 30 hours. For some time, Collins had been publicly considering a run to succeed Governor Paul LePage, a staunch conservative who has been in office since 2010, backed by the Tea Party movement. Due to state regulations, LePage cannot run for a third term. The contrasting political styles of Collins and LePage represent the two extremes of Maine's Republican Party. According to a veteran political analyst from Maine, Collins's independent stance enhances her influence in Washington. ""She is at the very center of virtually every big policy debate and big vote in the U.S. Senate,"" remarked Mark Brewer, a political science professor at the University of Maine. ""She remains an incredibly important player on any issue she wants to focus on."" Senate Majority Leader Mitch McConnell also praised her decision, stating, ""Her decision to remain in the Senate is important not only for the people of Maine, who she serves so well, but for the nation as a whole.""",0,synthetic_real,"Republican Collins will stay in U.S. Senate, focused on healthcare. (Reuters) - U.S. Senator Susan Collins of Maine, a moderate Republican who helped block her party’s efforts to repeal the Affordable Care Act this year, said she planned to remain in her current office rather than run for governor. The four-term incumbent attracted national attention this summer as one of three Republican senators who voted in July against a bill to repeal the law often called Obamacare, a move that angered U.S. President Donald Trump. She said on Friday that remaining in the Senate would allow her to use her powerful voice in reforming the U.S healthcare system. Collins, who like all Republicans in the Senate in 2009 voted against the sweeping healthcare legislation, said she believed urgent action was needed to improve it but criticized the way repeal efforts had been handled over the summer. “When we’re dealing with an issue that affects millions of Americans, we need to understand the consequences of what we are doing, not vote on bills in the middle of the night that have had no substantive hearings,” Collins, 64, told a group of business leaders in Rockland, a city on the state’s midcoast.  “We must stop allowing partisanship to be the pre-existing condition that prevents meaningful healthcare reform.” Urgent action is needed to stabilize the insurance markets, including creating high-risk pools, she said. She wants to require employers to offer healthcare coverage only to people who work 40 hours a week or more, raising the threshold from 30 hours. For weeks, Collins had flirted publicly with the idea of launching a bid to succeed Governor Paul LePage, a fiery conservative first elected in 2010 on a wave of support from the populist Tea Party movement. State laws forbid LePage from seeking a third term. Collins and LePage mark out the two poles of the state’s Republican Party. Collins’ independence makes her an increasingly powerful player in Washington, one veteran Maine political observer said. “She is at the very center of virtually every big policy debate and big vote in the U.S. Senate,” said Mark Brewer, professor of political science at the University of Maine. “She remains an incredibly important player on any issue she wants to focus on.” Senate Majority Leader Mitch McConnell welcomed the news: “Her decision to remain in the Senate is important not only for the people of Maine, who she serves so well, but for the nation as a whole.”"
"The recent Republican tax legislation introduced in the U.S. Congress may significantly impact the global supply chains of major multinational corporations by imposing a 20-percent levy on cross-border transactions between their affiliated business units. According to tax experts, European multinationals, which currently benefit from low U.S. tax liabilities on their American earnings due to existing treaties and the redirection of profits to their home nations or other low-tax areas, could face severe consequences if this tax is enacted. Some analysts noted that the proposal might conflict with international tax agreements, the World Trade Organization, and other global standards that prevent double taxation of profits, particularly if it disregards taxes already paid in other nations. The excise tax, embedded within the extensive 429-page bill endorsed by President Donald Trump, has caught corporate tax strategists off guard, prompting them to quickly analyze its implications and objectives, as well as the likelihood of Congressional approval. Seven multinational firms and four industry associations were approached by Reuters; however, none offered specific comments regarding the proposal, with most indicating they were still evaluating the overall tax package. This proposal is a component of a comprehensive tax reform initiative unveiled by House Republicans on Thursday that aims to reduce tax burdens and streamline the tax system. The fate of these proposed changes remains uncertain, as extensive discussions and lobbying efforts are anticipated in the coming weeks and possibly months. Critics have pointed out that the House proposal risks exacerbating the federal budget deficit and disproportionately benefiting wealthy individuals and large enterprises. Nonetheless, experts acknowledged that aspects of the corporate tax provisions, including the 20 percent excise tax, deserve further examination due to their ambitious nature. They indicated that this particular tax seeks to address abuses linked to transfer pricing, where multinationals determine the prices of goods, services, and intellectual property moving between their national branches. According to global standards, these prices should align with those found in open markets. However, if a foreign parent company inflates prices charged to its U.S. subsidiaries, it can diminish its U.S. tax obligations and effectively shift earnings to a jurisdiction with lower taxes, thereby lowering the overall tax burden for the entire corporation. Steven Rosenthal, a senior fellow at the Tax Policy Center, a nonpartisan think tank in Washington, remarked, “Clearly there’s a transfer-pricing issue and something should be done. I would view this 20-percent excise tax as a blunt instrument to address the problem. And the problem with blunt instruments is sometimes they hit what you want to hit, and sometimes they hit what you don’t want to hit.” Under the new proposal, U.S. business units that import goods, pay royalties, or incur other tax-deductible fees to foreign parents or affiliates during their operations would either be liable for a 20-percent tax on these transactions or agree to classify the amounts as income related to their U.S. business, subject to U.S. taxation. The proposed rule would apply only to companies with payments from U.S. units to foreign affiliates exceeding $100 million and would not take effect until after 2018. According to Michael Mundaca, co-director of the national tax department at Ernst & Young, European firms that distribute foreign-made goods in the U.S. through local channels may be particularly affected, potentially facing double taxation—first through the excise tax in the U.S. and again at home, where they currently pay taxes and where the new U.S. tax would not be recognized without amendments to bilateral tax treaties.",0,synthetic_real,"Multinationals grapple with Republican excise tax surprise. WASHINGTON/LONDON (Reuters) - The Republican tax bill unveiled last week in the U.S. Congress could disrupt the global supply chains of large, multinational companies by slapping a 20-percent tax on cross-border transactions they routinely make between related business units.   European multinationals, some of which currently pay little U.S. tax on U.S. profits thanks to tax treaties and diversion of U.S. earnings to their home countries or other low-tax jurisdictions, could be especially hard hit if the proposed tax becomes law, according to some tax experts. Others said the proposal could run afoul of international tax treaties, the World Trade Organization and other global standards that forbid the double taxation of profits if the new tax did not account for income taxes paid in other countries. The proposed tax, tucked deep in the 429-page bill backed by President Donald Trump, caught corporate tax strategists by surprise and sent them scrambling to understand its dynamics and goals, as well as whether Congress is likely ever to vote on it. Reuters contacted seven multinational companies and four industry groups. None would comment directly on the proposal, with most saying they were still studying the entire tax package. The proposal is part of a broad tax reform bill unveiled by House of Representatives Republicans on Thursday, which promises to lower overall tax burdens and simplify the tax code. Whether the proposed reforms ever become law is uncertain, with weeks and possibly months of debate and intense lobbying still ahead. The House package overall has drawn criticism for adding too much to the federal budget deficit and too heavily favoring the rich and big business. However, the corporate tax part, experts said, included some ambitious proposals worthy of further discussion. They said the 20 percent excise tax is one such proposal targeting the abuses of so-called transfer-pricing where multinationals themselves set prices of goods, services and intellectual property rights that constantly move between their national business units. Under global standards, those prices should resemble those available on the open market. However, if a foreign parent charges U.S. affiliates inflated price, it can reduce its U.S. tax bill and effectively shift profits to a lower-tax country, reducing the entire corporation’s overall tax costs. “Clearly there’s a transfer-pricing issue and something should be done,” said Steven Rosenthal, senior fellow at the Tax Policy Center, a nonpartisan Washington think tank. “I would view this 20-percent excise tax as a blunt instrument to address the problem. And the problem with blunt instruments is sometimes they hit what you want to hit, and sometimes they hit what you don’t want to hit,” said Rosenthal, former legislation counsel at Congress’s Joint Tax Committee. Under the proposal, U.S. business units that import products, pay royalties or other tax-deductible, non-interest fees to foreign parents or affiliates in the course of doing business would either pay a 20-percent tax on these or agree to treat the amounts as income connected to their U.S. business and subject to U.S. taxes. As proposed, the new tax rule would apply only to businesses with payments from U.S. units to foreign affiliates exceeding $100 million. The rule would not take effect until after 2018. European companies that sell foreign-made products into the U.S. market through local distribution units could be among those most affected, said Michael Mundaca, co-director of the national tax department at the accounting firm Ernst & Young. Such companies could end up paying tax on the transfers twice - first if they paid the excise tax in the United States and then at home where they are taxed now and where the new U.S. tax would not be accounted for without changes to bilateral tax treaties. “That would be a structure that would at least initially be hit by the full force” of the excise tax, said Mundaca, a former U.S. Treasury Department assistant secretary for tax policy. He said European officials would be registering concern. “I am sure they are making calls right now to their counterparts in the U.S. Treasury looking for some explanation ... and making the point that this might be contrary to treaty obligations.” Gavin Ekins, an economist at the Tax Foundation, a conservative think tank, predicted that most multinationals would opt to avoid the excise tax by electing to pay U.S. corporate tax on all the profits related to products sold in the United States. Those include profits on activities conducted overseas, like manufacturing or research, which are also subject to foreign income taxes. The U.S. corporate tax rate on those profits would drop to 20 percent from 35 percent if the House bill becomes law. The promise of additional revenue and hopes that the new tax may entice multinationals to locate more production and jobs in the United States, may well outweigh international concerns. The entire Republican tax package is projected to add $1.5 trillion over 10 years to the $20 trillion federal debt and the planned excise tax is among sources of new revenue needed to avoid an even bigger shortfall. It is expected to bring about $155 billion over 10 years, according to a summary of the Republican proposal distributed last week. Still, as the tax debate heats up, foreign multinationals are likely to lobby hard against it, with domestic corporations linked to foreign affiliates possibly concerned as well. There is also uncertainty how the new rules would work in practice.  It was unclear, for example, from the bill’s language how companies should calculate income “effectively connected” to their U.S. business, Tax Foundation’s Ekins said. “You don’t know what profit is included when you choose ‘effectively connected income’ and don’t know the formula,” he said. “Is it just for that product line? All the income that comes in from every other company or from every other source?” The House tax committee was scheduled to begin considering amendments to the Republican tax bill on Monday."
"On Monday, U.S. President Donald Trump announced plans to focus on reforms in healthcare, infrastructure, and welfare following the completion of the Republican tax overhaul, which the party aims to finalize by year’s end. Speaking to reporters at the White House before a meeting with his Cabinet officials, he stated, ""We’ll be submitting plans on healthcare, plans on infrastructure and plans on welfare reform, which is desperately needed in this country, soon after taxes.""",0,synthetic_real,"Trump: Healthcare, infrastructure, welfare reforms up next after taxes. WASHINGTON (Reuters) - U.S. President Donald Trump on Monday said he plans to take up  healthcare, infrastructure and welfare reform issues soon after Republicans’ tax overhaul is finalized, which the party has pledged to complete by the end of the year. “We’ll be submitting plans on healthcare, plans on  infrastructure and plans on welfare reform, which is desperately needed in this country, soon after taxes,” he told reporters at the White House ahead of a meeting with his Cabinet secretaries."
"NEW YORK (Reuters) - President Donald Trump announced on Thursday that the United States is set to impose additional sanctions on North Korea. The situation has become increasingly tense in recent weeks due to Pyongyang's missile and nuclear arms initiatives, despite significant pressure from global powers. In response to a question during a meeting with Afghan President Ashraf Ghani, Trump stated, ""We will be putting more sanctions on North Korea."" Regarding Afghanistan, he mentioned that the U.S. military is focusing more on leadership rather than combat.",0,synthetic_real,"Trump says will be putting more sanctions on North Korea. NEW YORK (Reuters) - President Donald Trump said on Thursday the United States would be adding more sanctions on North Korea. Tensions have escalated in recent weeks over Pyongyang s missile and nuclear weapons program, despite intense pressure from world powers.  We will be putting more sanctions on North Korea,  Trump said in response to a question at a meeting with Afghan president Ashraf Ghani. On Afghanistan, Trump said the U.S. military was doing more leading than fighting."
"At a recent Democratic National Committee fundraising event, President Barack Obama did not express a preference for any candidate in the Democratic presidential nomination race, according to White House spokesperson Josh Earnest, who spoke to the press on Thursday. This statement came in response to a report by the New York Times, which claimed that Obama had urged Democratic donors to support Hillary Clinton during the fundraiser held in Austin, Texas over the past weekend.",0,synthetic_real,"Obama did not indicate preference for Democratic candidate: White House. WASHINGTON (Reuters) - President Barack Obama did not specify a candidate preference in the race for the Democratic presidential nomination at a Democratic National Committee fundraising event, White House spokesman Josh Earnest told reporters on Thursday. Earnest was asked about a New York Times report that said Obama told Democratic donors to rally behind candidate Hillary Clinton during the fundraiser in Austin, Texas last weekend."
"On Thursday, during a meeting with officials from Myanmar in New York at the annual United Nations General Assembly, China’s Foreign Minister Wang Yi expressed support for the actions undertaken by Myanmar's government aimed at improving the conditions in Rakhine state. According to a statement from the Foreign Ministry, over 400,000 Muslim Rohingya have escaped from Rakhine into Bangladesh following a military offensive by Myanmar's army, initiated in response to militant assaults on security personnel. U.N. officials have characterized Myanmar's approach as ethnic cleansing.",0,synthetic_real,"China welcomes Myanmars efforts to alleviate situation in Rakhine. BEIJING (Reuters) - China s Foreign Minister Wang Yi said China welcomes the measures taken by Myanmar s government to alleviate the situation in Rakhine state.  Wang made the comments in New York on Thursday on during a meeting on the sidelines of the annual United Nations General Assembly with Myanmar officials, according to a Foreign Ministry statement. More than 400,000 Muslim Rohingya have fled from Rakhine across the border to Bangladesh following a counter-insurgency offensive by Myanmar s army in the wake of militant attacks on security forces. U.N. officials have described Myanmar s strategy as  ethnic cleansing ."
"A memoir by Emperor Hirohito, detailing Japan's descent into World War Two, was purchased by Katsuya Takasu, a Japanese cosmetic surgeon who has faced backlash for his praise of the Nazis and minimization of Japan's wartime actions, for $275,000. Takasu, a frequent presence on Japanese television, has been condemned by the Simon Wiesenthal Center, a Jewish human rights organization, for disregarding the Holocaust and the Nanjing massacre as mere fabrications. In October 2015, he stated on Twitter, ""I think both Nanjing and Auschwitz are fabrications."" Although he acknowledged the persecution of Jews, he also commended the contributions of Nazi scientists to various fields. In a statement to Reuters, Takasu expressed his belief that the handwritten memoir, referred to as the Emperor’s Monologue, should remain in Japan as it conveys a significant message to the royals and the populace. The memoir, which recounts events from the 1920s, includes Hirohito’s claim of not opposing cabinet decisions. When it was released to the public in 1990, it sparked renewed discussions regarding the emperor's culpability in the war. Dictated to an aide in 1946, during Japan's occupation by Allied forces, the document surfaced while the emperor faced the looming threat of being charged as a war criminal—a scenario that ultimately did not materialize. Takasu, in a phone conversation, argued that his social media remarks had been misinterpreted, suggesting that critics had selectively highlighted his tweets. He insisted, ""If you look at all my tweets, I am clearly against Nazism. But I do highly evaluate the wonderful medicine of that era."" However, he maintained that the death tolls from both the Holocaust and the Nanjing massacre were overstated, a perspective often held by Japanese ultra-nationalists. According to China, Japanese forces were responsible for 300,000 deaths in Nanjing between December 1937 and January 1938, while an Allied tribunal estimated the number at around half that. Takasu questioned, ""What I wanted to say was that it is said that six million or seven million were killed (in the Holocaust) but was that not several tens of thousands?"" and further stated, ""It is said that 300,000 were killed in the Nanjing massacre but was that not 6,000 to 7,000 people instead? That is what I meant by fabrication."" The memoir concludes with Hirohito remarking that had he opposed the war decision, it would have led to a civil war even more catastrophic, resulting in Japan's destruction, according to the auction house Bonhams. Scholars observe that Hirohito's accountability for the war has not been thoroughly examined in Japan, primarily due to the U.S. occupation's choice to maintain the emperor as a symbol of a new democratic state. Regarding Hirohito's role in the conflict, Takasu claimed that the late emperor was cleared of guilt when he expressed his willingness to sacrifice his life for the Japanese people, asserting, ""At the point the emperor made that comment, he had no sin.""",0,synthetic_real,"Emperor Hirohito's memoir bought by Japan surgeon criticized for praising Nazis. TOKYO (Reuters) - A Japanese cosmetic surgeon criticized for praising Nazis and playing down Japan s wartime atrocities won an auction for a memoir by Emperor Hirohito that chronicles the nation s slide into World War Two, paying $275,000 for the document. Katsuya Takasu, who often appears on TV shows in Japan, has been blasted by a Jewish human rights body, the Simon Wiesenthal Center, for violating  all norms of decency  by dismissing as fabrications the Holocaust and the Nanjing massacre in China.  I think both Nanjing and Auschwitz are fabrications,  Takasu said in a message on social network Twitter in October 2015.  There was no doubt that the Jews were persecuted,  he has tweeted, but also praised Nazi scientists  contributions to science, medicine and other fields. Contacted by Reuters on Thursday, Takasu said he bought the handwritten document, known as the  Emperor s Monologue , because he thought it contained a message to royals and the Japanese people, and should be kept in Japan. The document record events dating from the 1920s, such as Hirohito s stated resolve not to oppose future cabinet decisions. It caused a sensation when made public in 1990, reigniting a debate over the emperor s responsibility for the war. The account was dictated to one of Hirohito s aides in 1946, when a defeated Japan was occupied by Allied forces and the emperor faced the possibility of being tried as a war criminal - a step that ultimately was not taken. In a telephone interview, Takasu said his social media posts had been intentionally misunderstood.  It (the criticism) is from those who have skillfully picked out some of my tweets and maliciously interpreted them and it is a misunderstanding,  he said.  If you look at all my tweets, I am clearly against Nazism. But I do highly evaluate the wonderful medicine of that era.  But Takasu added that he thought the number of people killed in the Holocaust and the Nanjing massacre had been exaggerated - a stance common among Japanese ultra-nationalists. China says Japanese troops killed 300,000 people in Nanjing between December 1937 and January 1938, while an Allied tribunal put the death toll at about half that.     What I wanted to say was that it is said that six million or seven million were killed (in the Holocaust) but was that not  several tens of thousands?  Takasu asked.  It is said that 300,000 were killed in the Nanjing massacre but was that not 6,000 to 7,000 people instead? That is what I meant by  fabrication.   Hirohito s memoir ends with his statement that if he had vetoed the decision to go to war, it would have resulted in a civil conflict that would have been even worse and  Japan would have been destroyed,  auction house Bonhams said on its website. Academics say Hirohito s responsibility for the war has never been fully pursued in Japan, largely due to U.S. occupation authorities  decision to retain the emperor as a symbol of a newly democratic nation. Asked about Hirohito s responsibility for the war, Takasu said that, in his view, the late emperor was absolved when he said he would give his life for the Japanese people.  At the point the emperor made that comment, he had no sin,  he added."
"During a visit to Elkhart, Indiana, President Barack Obama criticized Donald Trump’s intention to weaken regulations on Wall Street and highlighted his own economic achievements. This visit, which took place on Wednesday, came three weeks after his initial trip to the city early in his presidency, a place that has since bounced back from severe recession. Although Obama refrained from naming Trump directly, he expressed his disapproval of the billionaire’s policies, particularly the plan to roll back the Dodd-Frank financial regulations. ""How can anyone suggest we ease regulations on Wall Street? Have we truly forgotten the events of eight years ago?"" Obama questioned, appearing frustrated. ""The idea that anyone would support a candidate who aims to revert to practices that nearly devastated our economy is illogical. It doesn’t matter if you are a Republican, Democrat, or independent; why would you endorse that?"" As he prepares to leave office in January, Obama is determined to see a Democrat take his place to safeguard his legacy in areas such as the economy, healthcare reform, and climate change. His trip to Elkhart was intended to showcase the positive results of his administration's policies, despite opposition from Republicans. In early 2009, he visited the city amidst efforts to pass a significant economic stimulus package of about $800 billion. The unemployment rate in Elkhart peaked at 19.6 percent in 2009, according to the White House; it currently stands at approximately 4 percent. Indiana’s Republican Governor Mike Pence contended that the city’s recovery occurred independently of Obama’s policies. ""The citizens of Elkhart... have rejuvenated our economy despite the challenges posed by increased taxes, mandates, and regulations from Washington, D.C.,"" he stated in an opinion piece for ""The Elkhart Truth."" Although Obama has not publicly endorsed Hillary Clinton in her competition against Bernie Sanders for the Democratic nomination, he has expressed his willingness to support the eventual nominee. He referenced Bill Clinton, the former president and Hillary's husband, noting that deficits decreased during both of their terms, while criticizing Republicans for attributing the struggles of the middle class to poor people, minorities, feminists, and immigrants. ""The narrative that Republicans have been promoting regarding the economy lacks factual support. It simply isn’t true,"" Obama remarked to a largely supportive audience at a local high school.",0,synthetic_real,"Obama slams Trump for promising to roll back Wall Street reforms. ELKHART, Ind. (Reuters) - President Barack Obama slammed Donald Trump’s proposal to weaken Wall Street reforms and touted his own economic record on Wednesday during a trip to a city he visited three weeks into his presidency that has recovered from its recession lows. Obama’s remarks in Elkhart, Indiana, foreshadowed the arguments he is likely to make on the campaign trail this fall against the likely Republican presidential nominee. Obama did not mention Trump by name, but he lambasted the billionaire’s policy proposals, particularly his promise to dismantle most of the U.S. Dodd-Frank financial regulations. “How it is that somebody would propose that we weaken regulations on Wall Street? Have we really forgotten what just happened eight years ago?” Obama said, sounding exasperated. “The notion that you would vote for anybody who would now allow them to go back to doing the same stuff that almost broke our economy’s back makes no sense. I don’t care whether you are a Republican, or a Democrat or an independent, why would you do that?” Obama, who leaves office in January, is eager to have a Democrat succeed him to ensure his legacy on the economy, healthcare reform and climate change continues. By going to Elkhart, the president sought to illustrate the success of his policies in the face of Republican opposition. His trip to the city in early 2009 came in the middle of a fight for the U.S. Congress to pass a roughly $800 billion economic stimulus package. Elkhart had an unemployment rate as high as 19.6 percent in 2009, the White House said; it is now around 4 percent.  Indiana’s Republican Governor Mike Pence said the city had recovered despite Obama’s policies, not because of them. “I believe the people of Elkhart ... have brought our economy back in spite of the burdens that higher taxes, mandates and increasing regulations from Washington, D.C. have placed on them,” he wrote in an opinion piece published in “The Elkhart Truth.” Obama has not endorsed former Secretary of State Hillary Clinton in her race for the Democratic presidential nomination against Bernie Sanders, the U.S. senator from Vermont, but he has made his eagerness to campaign for the winner clear. He name checked Clinton’s husband, former President Bill Clinton, by noting deficits had fallen under both of their administrations, and he said Republicans had helped the rich by blaming poor people, minorities, feminists, and immigrants for squeezing the economic wellbeing of the middle class. “The primary story that Republicans have been telling about  the economy is not supported by the facts. It’s just not,” Obama said to a largely supportive crowd at a local high school."
"Following a difficult week for his campaign, Republican candidate Donald Trump intensified his personal attacks on Democrat Hillary Clinton on Saturday, questioning her fitness for the presidency and suggesting she deserves imprisonment for her management of classified emails. Amid widespread backlash due to a public spat with a former beauty queen, Trump aimed to regain momentum with aggressive criticism of his rival ahead of their upcoming debate on November 8. Concurrently, the New York Times revealed it had acquired documents indicating that Trump reported a staggering $916 million loss on his 1995 tax returns, a deduction significant enough that it might have enabled him to evade federal income taxes for several years. Trump has declined to disclose his tax records, citing an ongoing federal audit. During a rally in Manheim, Pennsylvania, Trump expressed skepticism about Clinton's stamina for the presidency, referencing her recent health issues, including a pneumonia episode. He resurrected a strategy he previously used against former GOP contender Jeb Bush, whom he had labeled as 'low energy.' Clinton kept her pneumonia diagnosis under wraps until she was seen nearly fainting while entering her vehicle during a ceremony commemorating the September 11 attacks in New York. Listing various global issues, Trump remarked, 'She’s supposed to fight all of these things and she can’t make it 15 feet to her car. Give me a break.' He continued, 'Folks, we need stamina, we need energy, we need people who are going to turn deals around.' While Trump has previously urged crowds, who chant 'lock her up' regarding her use of a personal email server during her tenure as secretary of state from 2009 to 2013, to focus on defeating her instead, he told supporters on Saturday that Clinton's management of classified emails and the deletion of 33,000 emails she deemed personal warranted imprisonment. Trump further expressed doubts about Clinton's loyalty to her supporters, joking, 'I don’t even think she’s loyal to Bill, to tell you the truth. And why should she be, right? Why should she be?' This comment echoed the scandal involving former President Bill Clinton and intern Monica Lewinsky in 1998. Although Trump was perceived as having lost his initial debate with Clinton last Monday, he points to online polls that claim he was the victor. Since that debate, Trump has faced challenges in reestablishing his footing, becoming entangled in a dispute with former Miss Universe Alicia Machado, whom he had criticized for her weight gain.",0,synthetic_real,"In search of rebound, Trump ramps up attacks on Clinton. MANHEIM, Pa. (Reuters) - Republican presidential nominee Donald Trump closed out a rough week for his campaign on Saturday by escalating personal attacks on Democrat Hillary Clinton, questioning her stamina and saying she should be in prison for her handling of classified emails. After a week in which he drew wide criticism for a public feud with a former beauty queen, Trump sought to rebound with a highly negative attack on his opponent in the Nov. 8 election, with a second presidential debate against her looming in a week. At the same time, the New York Times reported it had obtained records showing Trump declared a $916 million loss on his 1995 income tax returns, a deduction so large that it may have allowed him to avoid paying any federal income taxes for years. Trump has refused to release his tax records, saying he is under a federal audit. At a rally in Manheim, Pennsylvania, Trump said he did not believe Clinton, who suffered a bout of pneumonia last month, was up to the task of being president. He tried to resurrect a tactic he employed against former Republican rival Jeb Bush, who Trump had derided as “low energy.” Clinton kept her pneumonia diagnosis private until she was seen nearly collapsing while getting into her vehicle at a ceremony marking the Sept. 11, 2001, attacks in New York. Ticking off a list of world problems, Trump said, “She’s supposed to fight all of these things and she can’t make it 15 feet to her car. Give me a break.” “Folks, we need stamina, we need energy, we need people who are going to turn deals around,” Trump said. Trump has often told crowds who chant “lock her up” over her use of a private email server as U.S. secretary of state from 2009 to 2013 to instead help him defeat her. But on Saturday, Trump told thousands of supporters that Clinton’s handling of classified emails and destroying of 33,000 emails that she had deemed of a personal nature meant that “she should be in prison, let me tell you.” Trump did not stop there. He said he did not believe Clinton would be loyal to her supporters and chuckled, “I don’t even think she’s loyal to Bill, to tell you the truth. And why should she be, right? Why should she be?” In 1998, Clinton’s husband, former President Bill Clinton, was caught up in a sex scandal involving former White House intern Monica Lewinsky. Trump was widely seen as having lost his first presidential debate with Clinton last Monday although he cites online polls showing he won. In the days since the debate, Trump has been struggling to regain his footing, getting caught up in a back-and-forth with former Miss Universe Alicia Machado, who Trump had criticized for gaining weight."
"On Thursday, the U.S. Senate addressed a technical complication that had delayed a fresh set of sanctions against Russia, yet the proposal faces resistance in the House, which could result in further postponements, according to lawmakers. The legislation, named the Countering Iran’s Destabilizing Activities Act, which also encompasses sanctions on Russia, was approved by the Senate with a 98-2 vote on June 15. There was hope among many legislators that it would be enacted promptly to convey a robust message to Russian President Vladimir Putin ahead of President Donald Trump's upcoming meeting with him in Germany next week. However, the Senate's progress was hindered when House Republican leaders indicated that it breached a constitutional stipulation requiring that revenue-affecting legislation originate in the House, referred to as a ""blue slip"" violation. Since then, lawmakers from both chambers have exchanged criticisms. Democrats have alleged that House Republicans are trying to obstruct the bill to appease Trump, following concerns raised by administration officials. In contrast, House Republican leaders maintained that their resistance was purely procedural. ""The speaker has made clear that we will take up sanctions once the House receives it,"" stated AshLee Strong, spokesperson for Speaker Paul Ryan. The Senate cleared the procedural hurdle on Thursday. Nevertheless, the delay implies that the House will not hold a vote until after the G20 due to Congress’ recess next week. ""This is now going to be a referendum on the Republican leadership; if they choose to align with the president’s leniency toward Putin and the Russians, that will define their legacy,"" commented Representative Eliot Engel, the leading Democrat on the House Foreign Affairs Committee. Engel, along with Republican committee chair Ed Royce, expressed their desire for the sanctions to be enacted swiftly. Some House Republicans harbor concerns; Representative Pete Sessions from Texas, a key state for U.S. energy, sought guarantees regarding the bill's impact on businesses. Representative Mark Meadows indicated he would examine the proposal thoroughly after consulting with the ambassadors from Italy, Germany, and Britain, who raised energy-related issues. ""It could potentially run into trouble. But it’s too early to tell,"" Meadows remarked. The proposed legislation aims to codify sanctions that were previously imposed through executive orders by ex-President Barack Obama. It includes sanctions targeting mining and other sectors while addressing individuals in Russia accountable for cyberattacks or providing arms to Syria’s government. Additionally, it establishes a review process that mandates Trump to secure Congress’ approval prior to lifting any sanctions on Russia.",0,synthetic_real,"Senate revises Russia sanctions bill, sends it to House. WASHINGTON (Reuters) - The U.S. Senate resolved a technical issue on Thursday that had stalled a new package of sanctions on Russia but the measure faces opposition in the House that could mean more delays, lawmakers said. The Countering Iran’s Destabilizing Activities Act, which also includes the Russia sanctions, passed the Senate in a 98-2 vote on June 15.   Many lawmakers hoped the bill would become law in time to send a strong message to Russian President Vladimir Putin before President Donald Trump’s meeting with him in Germany next week.  But the Senate bill stalled when House Republican leaders said it violated a constitutional requirement that legislation affecting revenues originate in the House, known as a “blue slip” violation. Lawmakers from the two chambers have bickered about it since. Democrats accused House Republicans of trying to kill the bill to please Trump after administration officials said they had concerns about it. House Republican leaders insisted their objection was solely a procedural one. “The speaker has made clear that we will take up sanctions once the House receives it,” said AshLee Strong, a spokeswoman for Speaker Paul Ryan. The Senate resolved the procedural issue on Thursday. But the delay means the House will not vote until after the G20, because of Congress’ recess next week. “This is now going to be a referendum on the Republican leadership, if they are going to go along with the president’s coddling of Putin and the Russians, then that will have to be their legacy,” said Representative Eliot Engel, the top House Foreign Affairs Committee Democrat. Engel and Republican committee chairman Ed Royce have said they want the sanctions passed quickly. Some House Republicans have reservations. Representative Pete Sessions, whose home state of Texas is central to U.S. energy, said he wanted assurances about how the bill would affect businesses. Representative Mark Meadows said he would look at the bill closely after hearing from the Italian, German and British ambassadors, who had energy-related concerns. “It could potentially run into trouble. But it’s too early to tell,” Meadows said. The legislation would put into law sanctions previously established via ex-President Barack Obama’s executive orders. It includes sanctions on mining and other industries, and targets Russians responsible for cyber attacks or supplying weapons to Syria’s government. It also sets up a review process that would require Trump to get Congress’ approval before easing sanctions on Russia."
"In central Mali on Tuesday, an attack resulted in the deaths of five soldiers and one civilian as a convoy carrying the president of the High Court of Justice was ambushed, according to a statement from the defense ministry. The identity of the attackers remains unknown, but the incident underscores the worsening security challenges in Mali, attributed to the expanding influence of jihadist factions in the vast desert areas of the country. The convoy, led by Abdrahamane Niang, was en route between Dia and Diafarab in the Mopti region, located approximately 500 kilometers (311 miles) northeast of Bamako, when it came under fire. The army managed to rescue Mr. Niang and his spouse. However, the report confirmed six fatalities: five members of the Malian military and the driver of Honorable Niang, with additional injuries reported. Further specifics regarding the ambush were not disclosed. The surge of jihadist organizations, some associated with al Qaeda and Islamic State, continues to erode stability in Mali, four years subsequent to the French military's intervention against an Islamist rebellion that initiated in 2012. Currently, around 4,000 French troops are stationed as part of Operation Barkhane, collaborating with approximately 10,000 U.N. peacekeepers in the region. Nonetheless, assaults on peacekeepers, humanitarian workers, and Malian forces are frequent. Earlier this month, four U.S. Special Forces members lost their lives in neighboring Niger due to combatants believed to be affiliated with a local Islamic State group operating from Mali. The G5 Sahel, a collective anti-terrorism force comprising soldiers from Mali, Niger, Burkina Faso, Chad, and Mauritania, is set to commence its first coordinated operations this month aimed at combating Islamist militants in the Sahel.",0,synthetic_real,"Six dead after ambush on Malian High Court's president. BAMAKO (Reuters) - Five Malian soldiers and one civilian were killed in central Mali on Tuesday during an ambush on a convoy of the president of the High Court of Justice, the defense ministry said in a statement.  It was not clear who was responsible for the attack, but the high level target and army deaths point to the deteriorating security situation in Mali due to the growing reach of jihadist groups that roam country s vast desert expanses.  The convoy of Abdrahamane Niang was traveling between the towns of Dia and Diafarab  in the Mopti region, about 500 kilometers (311 miles) northeast of the capital Bamako, when it was attacked.   Mr. Niang and his wife were recovered by the army. However, we report 6 deaths: five soldiers of the Malian army and the driver of the Honorable Niang,  the statement said, adding that others had been wounded.  No other details of the attack were given.  The rise of jihadist groups   some linked to al Qaeda and Islamic State   continues to destabilize Mali, four years after French troops beat back an Islamist insurgency that began in 2012.  Around 4,000 French soldiers remain as part of Operation Barkhane, where they work alongside around 10,000 U.N. peacekeepers in Mali. But attacks on peacekeepers, aid workers and the Malian military are common.  Four U.S. Special Forces troops were killed earlier this month in neighboring Niger by fighters believed to belong to a local Islamic State affiliate operating out of Mali.  The G5 Sahel, an anti-terrorism taskforce of soldiers from Mali, Niger, Burkina Faso, Chad and Mauritania, plans to launch its first joint operations this month to target Islamists in the Sahel."
"BEIRUT (Reuters) - Syrian rebels are pressing President Donald Trump to act on his commitment to establish safe zones in Syria, although experts are skeptical about the potential for such measures to escalate U.S. involvement in the conflict, potentially leading to greater fragmentation of Syria and increased tensions with Russia. In an interview with ABC News on Wednesday, Trump stated he would ""absolutely do safe zones in Syria"" aimed at protecting refugees escaping violence, criticizing Europe for allowing millions of Syrian refugees to enter. Opponents of President Bashar al-Assad have long advocated for safe zones to shield civilians from government airstrikes and assaults on rebel-held territories. However, insurgent representatives expressed measured hope regarding the announcement, reflecting uncertainty. Rebel commander Fares al-Bayoush from northwestern Syria commented, ""We’ve seen no result on the ground from (U.S.) statements that were made six years ago. So therefore we await action before anything else."" Qatar, a supporter of the rebels, praised Trump's remarks, highlighting the necessity of safe havens in Syria and the implementation of no-fly zones to protect civilians. There has been no immediate statement from Damascus, which is likely to oppose such actions, as Assad aims to regain control over all of Syria. Iran, which supports various militias including Hezbollah, is also expected to contest any U.S. military involvement. Russia indicated it had not been informed of Trump's strategy, cautioning against exacerbating the refugee situation and urging the U.S. to consider ""all the consequences."" Establishing safe zones would signify a notable change in U.S. foreign policy, as former President Barack Obama had been reluctant to endorse a plan that would necessitate defending these areas against the Syrian government and its foreign allies, including Russia. Trump seems to view the creation of safe zones as a means to address the refugee crisis, which he perceives as a security threat to the U.S. However, the challenges of avoiding past problems that hindered the establishment of safe zones in Syria persist, including the complexities of policing these areas amidst ongoing conflict and armed groups. Yezid Sayigh, a senior fellow and Syria analyst at the Carnegie Middle East Center in Beirut, remarked, ""At this stage this is very much in the realm of political maneuvering. I don’t think it is signaling imminent U.S. action."" Trump may instruct the State Department and Pentagon to devise a plan that would also establish ""safe areas"" in neighboring countries where millions of refugees currently reside. The Assad government is hopeful that Trump will halt U.S. support for the rebels opposing him and redirect U.S. efforts solely towards combatting Islamic State, potentially in collaboration with Russia. Trump has suggested he intends to pursue both strategies. Nearly six years of warfare have led to a fragmented Syria, with various territories controlled by Assad, rebel factions, or Kurdish forces and Islamic State militants. Discussions about safe zones have primarily concentrated on areas held by rebels in the northwest, extending from Idlib province to the Euphrates River, with regions in the southwest near the Jordan border also considered. However, complications have escalated since the initial calls for safe zones, notably the involvement of Russia's air force in Syria. Defending a safe zone against assaults from the Syrian government or its Iranian and Russian-backed militia allies could lead to heightened conflict, a key reason Obama had previously avoided this option, Sayigh noted. Another significant obstacle would involve ensuring the area remains neutral and safe, a task that presents its own challenges. While the details of Trump's Syria policy are still unclear, Syrian Kurds, who have largely stayed out of conflict with Assad, are likely to remain integral to U.S. strategy moving forward. The Syrian Kurdish YPG militia controls large regions in northeast Syria, where tension with the government continues.",0,synthetic_real,"Syria rebels await action from Trump on safe zones, Damascus silent. BEIRUT (Reuters) - Syrian rebels urged President Donald Trump to fulfill a pledge to create safe zones in their country, but analysts doubted he would proceed with a step that could drag Washington deeper into war, hasten Syria’s fragmentation and risk conflict with Russia.  Trump told ABC News on Wednesday he “will absolutely do safe zones in Syria” for refugees fleeing violence and that Europe had made a mistake by admitting millions of refugees from Syria. President Bashar al-Assad’s opponents have long demanded safe zones to protect civilians who have fled government air strikes and bombardment of rebel-held areas. But reflecting uncertainties about the announcement, representatives of the insurgents voiced only cautious optimism. “We’ve seen no result on the ground from (U.S.) statements that were made six years ago. So therefore we await action before anything else,” said Fares al-Bayoush, a rebel commander in northwestern Syria. Qatar, which backs the rebels, welcomed Trump’s comments and “emphasized the need to provide safe havens in Syria and to impose no-fly zones to ensure the safety of civilians”. There was no immediate word from Damascus, but it is sure to oppose such a move as Assad has vowed to regain control of all Syria. Iran, which backs militias in Syria including Lebanon’s Hezbollah, would also oppose any U.S. intervention. Russia said it had not been consulted on Trump’s plan, warning that it should not “exacerbate the situation with refugees” and Washington should weigh up “all the consequences”.  The creation of safe zones would mark a major shift in U.S. policy. Former U.S. President Barack Obama resisted an idea that would require a commitment to defend such areas from the Syrian government or its foreign allies, including Russia. Trump appears to see safe zones as a way to stem the tide of refugees which he sees as a possible threat to U.S. security. But there are no obvious answers as to how the United States would avoid the problems that have prevented it establishing safe zones in Syria before, including the complication of policing such an area in a war zone dotted with armed groups. “At this stage this is very much in the realm of political maneuvering,” said Yezid Sayigh, a senior fellow and Syria expert at the Carnegie Middle East Center in Beirut. “I don’t think it is signaling imminent U.S. action.” Trump could order the State Department and Pentagon to produce a plan that would also create “safe areas” in countries surrounding Syria where millions of refugees already live. The Syrian government hopes Trump will end U.S. support for the rebels fighting Assad and refocus U.S. policy solely on fighting Islamic State, perhaps in cooperation with Russia. Trump has indicated he will do both.   Almost six years of war has turned Syria into a patchwork of areas, some controlled by Assad, some by rebel groups and others by Kurdish militia or Islamic State militants. Previous discussion of safe zones in Syria has focused on rebel-held areas in the northwest stretching from Idlib province to the Euphrates river. Areas in the southwest at the border with Jordan have also been seen as a possibility. But the complications have grown since the Syrian opposition first called for safe zones, including the deployment of Russia’s air force to Syria.  Defending a safe zone from attack by the Syrian government or its Russian and Iranian-backed militia allies would inevitably lead to an escalation, which is one of the reasons Obama had avoided this path in the first place, Sayigh said.  Another big challenge would be how to police the area to maintain its neutral status as a safe zone, he added. While much of Trump’s Syria policy remains unclear, Syrian Kurds, who have generally avoided conflict with Assad, look set to remain central to U.S. strategy. The Syrian Kurdish YPG militia controls swathes of northeast Syria, where conflict with the government is rare and the U.S. air force mounts regular air strikes against IS targets. Syrian Kurdish autonomy in northern Syria alarms Turkey, which fears it could increase separatist sentiment among its Kurdish minority. Kurdish groups already govern northern Iraq, where the establishment of a no-fly zone in 1991 helped them on their way to autonomy from Baghdad. The YPG has links to the Kurdistan Workers Party (PKK), a designated terrorist groups in Turkey.     Growing Kurdish influence in northern Syria largely explains why Turkey launched a major incursion into Syria last year, helping insurgents from the Free Syrian Army drive both Islamic State and Kurdish militia away from the border. The operation dubbed “Euphrates Shield” has created what Turkish officials call a safe zone that is 100 km (62 miles) long. This week, a new Turkish-trained Syrian police force deployed in the town of Jarablus in that strip of territory. Turkey, which hosts 2.8 million Syrian refugees, has long advocated safe zones in Syria.  But underlining the caution with which foreign governments are viewing Trump’s comments, Turkey said it was waiting to see the outcome of a “study” requested by Trump. Aid agencies in the region are concerned. Karl Schembri, Regional Media Adviser in the Middle East for the Norwegian Refugee Council, said that from the group’s  experience, “we know that militarily enforced ‘safe zones’ rarely work and can actually put civilians at more risk”."
"With the Democratic National Convention taking place in Philadelphia this week, party leaders are making a concerted effort to reshape Hillary Clinton's public persona. The former Secretary of State, who is gearing up for a Nov. 8 election against Republican Donald Trump, has faced ongoing scrutiny regarding her likability and trustworthiness since her first presidential run in 2008. Back then, Barack Obama’s remark that she was 'likable enough' left a mark that has lingered. As per Reuters/Ipsos polling, a majority of American voters still harbor unfavorable views of her. Clinton’s aides acknowledge the challenge she faces, with communications director Jennifer Palmieri stating, 'She knows that she has work to do to earn people’s trust.' The convention features numerous speakers vouching for Clinton's character, including her husband, former President Bill Clinton, who shared personal stories during his prime-time address. Other supporters, such as gay basketball player Jason Collins, reflected on her supportive actions, while a grandmother recounted how Clinton was motivated to tackle the drug crisis after witnessing her daughter's struggles. Clinton's public image has seen ups and downs over her 25 years in politics, suffering after a contentious primary and ongoing controversies surrounding her private email usage during her tenure as the nation’s top diplomat. Polling indicated that 55 percent of Americans view her negatively, while Trump fared worse with 61 percent expressing unfavorable opinions. Many voters perceive both candidates as lacking honesty, with 59 percent believing Clinton is not 'honest and truthful,' compared to 53 percent for Trump. Republican strategist John Feehery suggested that it’s too late for Clinton to salvage her image and recommended a strategy focused on undermining Trump, noting that his unfavorable ratings exceed hers. Clinton's campaign has initiated advertisements highlighting Trump's controversial remarks, including those directed at immigrants and a disabled journalist. For over two decades, Clinton has been a target for conservative criticism, as evidenced by chants like 'Lock Her Up' at the recent Republican convention. Supporters argue that the negative polling reflects both persistent attacks and an element of sexism against a woman in a leadership role. Richard Trumka, president of the AFL-CIO, remarked, 'If you have somebody who is out there pounding you and pounding you and pounding you, eventually it’s going to take a toll.' He emphasized that Clinton must excel to overcome the challenges she faces.",0,synthetic_real,"Make Hillary Likable Again: Democrats seek to recast Clinton. PHILADELPHIA (Reuters) - When Hillary Clinton first ran for president in 2008 she was badly stung by a backhanded compliment from rival Barack Obama, who called her “likable enough” before going on to win the Democratic nomination and the White House. Eight years later, with her party’s nomination to succeed Obama firmly in hand, the question of her likability, trustworthiness and honesty still hangs over her bid to become America’s first woman president, this time in a Nov. 8 election against Republican Donald Trump. The Democratic National Convention in Philadelphia this week is, in part, an effort to reintroduce her to American voters, more than half of whom view her unfavorably, according to Reuters/Ipsos polling. The criticisms have dogged her for years: She can appear stiff in front of crowds, struggling to show off the compassion her supporters say she shares in private and leaving some voters with the impression she is not giving straight answers to tough questions. Clinton recognizes the problem, aides say. “She knows that she has work to do to earn people’s trust,” said Jennifer Palmieri, Clinton’s communications director. “She also realizes there aren’t some magic words you can say to earn that trust overnight.” Speaker after speaker at the convention took the stage on Monday and Tuesday to offer testimonials on her behalf, including her husband, former President Bill Clinton, who filled his prime-time speech on Tuesday with anecdotes and private moments shared by America’s best-known political couple. Gay basketball player Jason Collins told of the support she offered when he went public with his homosexuality; a grandmother described how her daughter’s battle with drug addiction inspired Clinton to address the drug crisis. A parade of others offered behind-the-scenes glimpses of the former first lady, U.S. senator and secretary of state, describing how she drove through a blizzard to attend a funeral, planned birthday parties and visited survivors of the Sept. 11, 2001, attacks.  Clinton’s personal image, which has fluctuated during her 25 years in the public eye, slumped after a divisive Democratic primary, a lingering controversy over her use of a private email system while serving as the top U.S. diplomat, and repeated Republican attacks on “crooked Hillary.” Reuters/Ipsos polling showed 55 percent of Americans had an unfavorable view of Clinton. Trump is even less popular, with 61 percent holding an unfavorable view. Many Americans think both candidates struggle with the truth. Some 59 percent of Americans believe she is not “honest and truthful,” while 53 percent think the same of Trump, according to the poll. Republican strategist John Feehery said it was too late to rehabilitate Clinton’s image. “You only get one decade to make a first impression,” he said.  Instead, a  better strategy would be to focus on tearing down Trump, given that his negatives surpass her own, Feehery added. Clinton’s campaign appears to be trying just that, running an ad in which Trump can be seen in newsclips, as children watch, swearing, condemning Mexican immigrants as rapists and drug dealers, and mocking a disabled journalist. Clinton, 68, has been a lightning rod for conservative attacks for more than two decades and Republicans serenaded speakers at their convention in Cleveland last week with chants of “Lock Her Up” and signs touting “Hillary for Prison.”  For many Democrats who back Clinton, the poor polling numbers are the result of those relentless attacks - along with a strong dose of sexism toward a woman seeking power. “If you have somebody who is out there pounding you and pounding you and pounding you, eventually it’s going to take a toll,” Richard Trumka, head of the AFL-CIO labor federation, said. “I’ve said this and I’ve said it publicly: Hillary Clinton has to do A+ work to get a C-.” For Democrats, this week affords perhaps their best chance before the election to fortify her against inevitable attacks by Trump that could further dent her image. Praise came from invitees ranging from party superstars (First Lady Michelle Obama) to unknowns (former White House interns).    In one video broadcast to delegates, Clinton embraces and comforts an 11-year-old girl who fears her parents will be deported. In another, shown before the appearance of the Mothers of the Movement - mothers who lost children to gun violence or in police-involved incidents - she encourages them in a private meeting to band together and speak out. “A 30-minute meeting turned into two hours because she listened to us. Nobody else listened to us,” said Sybrina Fulton, mother of Trayvon Martin, a 17-year-old whose fatal shooting death by a neighborhood watch volunteer in 2012 launched a series of protests around the country. Actress Eva Longoria said it was time for Democrats to rally to Clinton’s defense. “She’s had a 25-year smear campaign run against her. It’s understandable Americans are confused about what is true and what is not,” she told a women’s delegate caucus on Tuesday."
"On Tuesday, the spokesperson for the U.S.-supported Syrian Democratic Forces (SDF) in Raqqa, Syria, announced that the group is set to seize the remaining areas of the city controlled by the Islamic State imminently. Talal Selo communicated via phone that combat is ongoing near the National Hospital, which the SDF previously claimed to have secured, as well as around the city's stadium.",0,synthetic_real,"U.S.-backed militia to capture last Raqqa areas in hours: spokesman. BEIRUT (Reuters) - The spokesman for the U.S.-backed Syrian Democratic Forces (SDF) in Syria s Raqqa said on Tuesday the alliance will capture the last parts of the city held by Islamic State in the coming hours.  The spokesman, Talal Selo, said by telephone that there was still fighting around the National Hospital, which the SDF said earlier it had taken, and around the city stadium."
"On Thursday, U.S. Defense Secretary Jim Mattis confirmed he had authorized the deployment of more troops to Afghanistan, marking a significant move by President Donald Trump’s administration in addressing the ongoing conflict. While the exact number of additional soldiers has not been disclosed, these forces are intended to support efforts against Taliban fighters and other Islamist groups. ""I have indeed signed off on orders, but it is still in progress. In essence, I have signed some of the (orders for) troops that will be deployed, and we are in the process of pinpointing the specific units,"" Mattis informed the media. He mentioned he would refrain from revealing troop numbers until he meets with Congress next week, although sources have indicated that Trump has permitted Mattis to send approximately 4,000 more troops to Afghanistan. According to Mattis, this will consist of increased advisers, enabling forces, and fire support. He indicated that no additional troops had yet been deployed and that the process could take a ""couple of days."" Following a thorough evaluation of his Afghanistan strategy, Trump last week pledged the U.S. to an indefinite military presence in the region and vowed to intensify operations against the Afghan Taliban. As of Wednesday, approximately 11,000 American soldiers are stationed in Afghanistan, which is a higher figure than previously reported by the Pentagon. Mattis noted that the composition of U.S. forces in Afghanistan would begin to shift in accordance with Trump’s directives. Even with the potential influx of several thousand troops, U.S. personnel would remain far below the peak of over 100,000 troops in 2011, a time when there was considerable domestic pressure to reduce involvement in the expensive conflict. Some officials have expressed skepticism about the advantages of deploying more troops, arguing that any number deemed acceptable politically would be insufficient to effect significant change or achieve stability. To date, over 2,300 U.S. service members have lost their lives, and more than 17,000 have sustained injuries in Afghanistan. The security landscape has worsened for both the U.S. and Afghan authorities in recent years. According to the U.S. military, as of February 20, the Afghan government was estimated to control or influence nearly 60 percent of the country’s 407 districts, a decline of almost 11 percentage points since early 2016, as reported by the U.S. Special Inspector General for Afghanistan Reconstruction. Earlier this month, the Taliban warned Trump in an open correspondence that the military scenario in Afghanistan was ""far worse than you realize"" and that increasing troop levels would be counterproductive. The Taliban, which aims to reinstate stringent Islamic law, has been engaged in an insurgency against the Western-supported Afghan government since being ousted by a U.S.-led invasion in the wake of the September 11, 2001 attacks, which were orchestrated by al Qaeda leader Osama bin Laden from a base in Afghanistan.",0,synthetic_real,"Mattis signs orders to send additional troops to Afghanistan. WASHINGTON (Reuters) - U.S. Defense Secretary Jim Mattis said on Thursday he had signed orders to send additional troops to Afghanistan, the most concrete step yet by President Donald Trump’s administration in tackling America’s longest war. Mattis did not specify the size of the force, which will help combat Taliban insurgents and other armed Islamists.      “Yes, I have signed orders but it is not complete. In other words I have signed some of the (orders for) troops that will go and we are identifying the specific ones,” Mattis told reporters. Mattis said he would not comment on how many additional troops were included in the orders until he briefs Congress next week, but U.S. officials have told Reuters that Trump has given Mattis the authority to send about 4,000 additional troops to Afghanistan.  “It is more advisers, it is more enablers, fire support, for example,” Mattis said. He added that no additional troops had moved in yet and could take a “couple of days.” After a months-long review of his Afghanistan policy, Trump committed the United States last week to an open-ended conflict in the country and promised a stepped-up campaign against Afghan Taliban insurgents. About 11,000 U.S. troops are serving in Afghanistan, the Pentagon said on Wednesday, thousands more than it has previously stated.     Mattis said that the make up of those U.S. forces in Afghanistan would also start changing in line with Trump’s guidance.  Any increase of several thousand troops would leave U.S. forces in Afghanistan well below their peak of more than 100,000 troops in 2011, when Washington was under huge domestic political pressure to draw down the costly operation. Some U.S. officials have told Reuters they questioned the benefit of sending more troops to Afghanistan because any politically palatable number would not be enough to turn the tide, much less create stability and security. To date, more than 2,300 Americans have been killed and over 17,000 wounded in Afghanistan. The security situation in Afghanistan has deteriorated for the United States and Afghan government over the past few years. The Afghan government was assessed by the U.S. military to control or influence almost 60 percent of Afghanistan’s 407 districts as of Feb. 20, a nearly 11 percentage-point decrease from the same time in 2016, according to data released by the U.S. Special Inspector General for Afghanistan Reconstruction.  Earlier this month, the Taliban told Trump in an open letter that the military situation in Afghanistan was “far worse than you realize”, and sending in more troops would be self-destructive. The Taliban, seeking to restore strict Islamic law, has waged an insurgency against the Western-backed Afghan government since losing power in a U.S.-led invasion after the Sept. 11 attacks in 2001. Those attacks were planned by al Qaeda leader Osama bin Laden from a base in Afghanistan."
"The Syrian Observatory for Human Rights reported on Monday that at least 29 individuals were killed due to air strikes targeting a market in a region controlled by rebels in northwest Syria. According to the monitoring group based in Britain, three air raids struck Atareb, a town situated west of Aleppo city. The organization indicated that the number of fatalities is expected to increase. Notably, Atareb lies within a de-escalation zone established by an agreement among Turkey, Russia, and Iran aimed at diminishing violence in the region.",0,synthetic_real,"Air strikes kill 29 in market in northern Syria: monitoring group. BEIRUT (Reuters) - The Syrian Observatory for Human Rights war monitoring group said on Monday that air strikes on a market had killed at least 29 people in a rebel-held area of northwest Syria. Three air raids hit the town of Atareb, west of the city of Aleppo, the Britain-based observatory said. It said the death toll was likely to rise.  Atareb is inside what is known as a  de-escalation  zone under a deal agreed between Turkey, Russia and Iran to reduce violence in the area."
"ISTANBUL (Reuters) - A total of 136 individuals were taken into custody by Turkey on Thursday, with many being former military personnel, police officers, and educators, as part of four distinct operations targeting suspected affiliations with last year’s coup attempt, according to the state-run Anadolu news agency. The primary operation, which focused on the capital city of Ankara, resulted in the apprehension of 60 ex-security officials and extended across 30 provinces, Anadolu reported. Additionally, another operation that commenced on Wednesday in Diyarbakir led to the detention of 55 soldiers and affected 26 other provinces. Authorities are still pursuing one more suspect. In the northern regions of Samsun and Karabuk, six individuals were detained, alongside 15 educators in Ankara, as indicated by Anadolu. The individuals in question are alleged to have utilized the encrypted messaging application, ByLock, which the government claims was associated with the network of Fethullah Gulen, a cleric residing in the United States. The Turkish government holds Gulen responsible for orchestrating the failed coup attempt in July 2016, a claim he has denied while condemning the coup. In the wake of the July 2016 coup, over 50,000 individuals, including military, police, and civil service members, have been imprisoned awaiting trial, and approximately 150,000 others have faced dismissal or suspension. This extensive crackdown has raised concerns among Turkey's Western partners and human rights organizations, who argue that President Tayyip Erdogan is leveraging the coup as a means to suppress opposition. The government maintains that these actions, which were enacted under emergency conditions following the coup, are essential due to the security challenges facing Turkey.",0,synthetic_real,"Turkey detains 136 for suspected ties to coup plotters: agency. ISTANBUL (Reuters) - Turkey detained 136 people, including former police, teachers and soldiers, in four separate operations on Thursday over suspected links to last year s attempted military coup, the state-run Anadolu news agency said. Authorities detained 60 former security officials in the operation centered in the capital Ankara and spread over 30 provinces, Anadolu said. In a separate operation that began on Wednesday and centered on Diyarbakir and spread over 26 other provinces, 55 soldiers were detained, Anadolu said. Officials were still searching for one more suspect. Six others were detained in the northern provinces of Samsun and Karabuk, as well as 15 teachers in Ankara, Anadolu said. The suspects were alleged to be using the encrypted messaging app, ByLock, which the government says was used by the network of U.S.-based cleric Fethullah Gulen. Ankara blames Gulen, for orchestrating the failed coup in July 2016. Gulen has denied involvement and denounced the putsch. More than 50,000 people, including police, military personnel and civil servants, have been jailed pending trial in the aftermath of the July 2016 coup. Some 150,000 people were sacked or suspended. The crackdown has alarmed Turkey s Western allies and rights groups, who say President Tayyip Erdogan is using the coup as a pretext to muzzle dissent. The government says the measures, taken under emergency rule that was imposed after the coup, are necessary due to the security threats Turkey faces."
"A historic agreement was reached on Wednesday, under which the United States will provide $38 billion in military aid to Israel over the next ten years, marking the largest military assistance package in U.S. history. According to a senior U.S. official, this deal will enable Israel, Washington’s primary ally in the Middle East, to enhance much of its fighter aircraft, boost the mobility of its ground forces, and fortify its missile defense systems. The package is the most substantial military aid ever granted by the U.S. to any nation, but it requires certain concessions from Israeli Prime Minister Benjamin Netanyahu, as confirmed by officials from both nations. These concessions include Israel's commitment to refrain from requesting additional funding from Congress beyond the sum guaranteed in this new agreement and the gradual termination of a special arrangement that permitted Israel to allocate part of its U.S. aid to its domestic defense sector rather than exclusively on American arms. The negotiations, which spanned nearly ten months, highlighted ongoing tensions between President Barack Obama and Netanyahu, particularly regarding last year's U.S.-brokered nuclear agreement with Iran, which Netanyahu opposed. Additionally, the two nations have experienced disagreements over Palestinian issues. However, Netanyahu opted to establish a new agreement with Obama, who will leave office in January, rather than risk less favorable terms with the incoming U.S. administration, whether it is Democrat Hillary Clinton or Republican Donald Trump. This new deal allows him to circumvent uncertainties surrounding the future president and provides Israel’s defense sector with the opportunity to strategize for the long term. Obama’s advisors aimed to finalize a new deal before the conclusion of his presidency, viewing it as a significant element of his legacy. Critics from the Republican party contend that he has not been sufficiently attentive to Israel’s security needs, a claim the White House firmly disputes, asserting that he has been overly stringent with Netanyahu. The memorandum of understanding, which covers U.S. fiscal years 2019-2028, replaces the existing $30 billion MOU established in 2007, which concludes at the end of fiscal 2018. In a written statement, Obama remarked, “Prime Minister Netanyahu and I are confident that the new MOU will make a significant contribution to Israel’s security in what remains a dangerous neighborhood.” The agreement was signed at the State Department by U.S. Undersecretary of State Thomas Shannon and Jacob Nagel, who is the acting head of Netanyahu’s national security council. A White House fact sheet outlines the deal's components: -annual disbursements of $3.3 billion in foreign military financing -$500 million annually designated for Israeli missile defense, a first-time inclusion in the aid agreement. -A gradual elimination of a special arrangement that has allowed Israel to utilize 26.3 percent of the U.S. aid for its own defense industry instead of exclusively for American weapons. -The removal of a longstanding provision permitting Israel to spend about 13 percent of the U.S. aid on military fuel. -The funding will enable Israel to modernize a significant portion of its fighter aircraft, including the procurement of additional F-35 Joint Strike Fighters. Israel is set to acquire 33 F-35 aircraft, with the first two scheduled for delivery in December.",0,synthetic_real,"U.S., Israel sign $38 billion military aid package. WASHINGTON (Reuters) - The United States will give Israel $38 billion in military assistance over the next decade, the largest such aid package in U.S. history, under a landmark agreement signed on Wednesday. The deal, whose details were reported by Reuters earlier, will allow Washington’s chief Middle East ally to upgrade most of its fighter aircraft, improve its ground forces’ mobility and strengthen its missile defense systems, a senior U.S. official said. While the package constitutes the most U.S. military aid ever given to any country, it entails concessions by Israeli Prime Minister Benjamin Netanyahu, according to officials on both sides. Those include Israel’s promise not to seek additional funds from Congress beyond what will be guaranteed annually in the new package, and to phase out a special arrangement that has allowed Israel to spend part of its U.S. aid on its own defense industry instead of on American-made weapons, the officials said. Nearly 10 months of drawn-out aid negotiations underscored continuing friction between President Barack Obama and Netanyahu over last year’s U.S.-led nuclear deal with Israel’s arch-foe Iran, an accord the Israeli leader opposed. The United States and Israel have also been at odds over the Palestinians. But the right-wing Netanyahu decided it would be best to forge a new arrangement with Obama, who leaves office in January, rather than hoping for better terms from the next U.S. administration, according to officials on both sides. A new pact now allows him to avoid uncertainties surrounding the next president, whether Democrat Hillary Clinton or Republican Donald Trump, and to give Israel’s defense establishment the ability to plan ahead. Obama’s aides wanted a new deal before his presidency ends, seeing it as an important part of his legacy. Republican critics accuse him of not being attentive enough to Israel’s security, which the White House strongly denies, and of taking too hard of a line with the Israeli leader. The $38 billion memorandum of understanding covers U.S. fiscal years 2019-2028 and succeeds the current $30 billion MOU signed in 2007, which expires at the end of fiscal 2018. “Prime Minister Netanyahu and I are confident that the new MOU will make a significant contribution to Israel’s security in what remains a dangerous neighborhood,” Obama said in a written statement. The agreement was signed at the State Department by U.S. Undersecretary of State Thomas Shannon and by Jacob Nagel, acting head of Netanyahu’s national security council. According to a White House “fact sheet,” the deal includes: -annual payments of $3.3 billion in so-called foreign military financing -$500 million a year for Israeli missile defense funding, the first time this has been formally built into the aid pact. -A phasing-out of a special arrangement that for decades has allowed Israel to use 26.3 percent of the U.S. aid on its own defense industry instead of on American-made weapons. -Elimination of a longstanding provision that has allowed Israel to use about 13 percent of the U.S. aid to buy military fuel. -The funding will allow Israel to update “the lion’s share” of its fighter aircraft, including purchasing additional F-35 Joint Strike Fighters. Israel is scheduled to receive 33 F-35 aircraft, the first two of which will be delivered in December."
"In eastern Syria, a deadly airstrike struck the Qusur district of Deir al-Zor city, which is controlled by the government, resulting in over a dozen fatalities, according to reports from state television and a war monitoring group on Monday. Syrian state media reported that the airstrike was conducted by jets from a U.S.-led coalition targeting Islamic State, claiming 14 civilians were killed and 32 others injured. However, a coalition spokesperson stated on Tuesday that they did not execute such an air raid, noting that their only recent operation near the city occurred in September, across the Euphrates River. The Syrian Observatory for Human Rights, based in Britain, indicated that the identity of the aircraft responsible for the attack was unclear, but at least 22 individuals lost their lives. The Syrian military, with support from Russia, Iran, and Shiite militias, is actively engaged in combat against Islamic State within Deir al-Zor and its surrounding areas. Both Syrian and Russian air forces have been targeting Islamic State in this region. Meanwhile, a coalition backed by the U.S. has been launching airstrikes against Islamic State to assist the Syrian Democratic Forces (SDF), an alliance of Kurdish and Arab fighters situated to the east of Deir al-Zor, across the Euphrates. Conflicts have arisen in recent months between the U.S.-backed coalition and the Syrian army as both sides have advanced against Islamic State, reclaiming territory in eastern Syria. To avoid potential clashes, the U.S. and Russia have indicated they maintain communication with one another.",0,synthetic_real,"Deadly air strike hits Syrian government-held Deir al-Zor: state TV, monitor. BEIRUT (Reuters) - An air raid in the government-held Qusur district of Deir al-Zor city in eastern Syria killed more than a dozen people, Syrian state television and a war monitor said on Monday.  State television said jets from a U.S.-led international coalition battling Islamic State carried out the air strike and that it killed 14 civilians and wounded 32 others.  A spokesman for the coalition said on Tuesday it had not carried out such a raid, and that its only strike in the vicinity in recent weeks took place in September across the Euphrates from the city. The war monitor, the Britain-based Syrian Observatory for Human Rights, reported that it was not known which aircraft carried out the strike, but that at least 22 people were killed.  The Syrian army, backed by Russia, Iran and Shi ite militias, is fighting Islamic State in the city of Deir al-Zor, as well as in parts of the surrounding countryside. Both Syrian and Russian jets have been hitting Islamic State in that area.  The U.S.-backed coalition has been conducting air strikes against Islamic State in support of the Syrian Democratic Forces (SDF) alliance of Kurdish and Arab militias to the east of Deir al-Zor across the Euphrates.  The rival U.S.-backed and Syrian army offensives against Islamic State have clashed several times over recent months as they have pushed the jihadists from territory in eastern Syria.  The U.S. and Russia have said they communicate with each other to prevent possible points of conflict of violence between the two offensives."
"LONDON (Reuters) - A spokesperson for Prime Minister Theresa May stated on Tuesday that the UK is optimistic about swiftly reaching a framework for a transitional agreement concerning its exit from the European Union, despite ongoing significant disagreements regarding the Brexit timeline. The UK is aiming for an implementation period of approximately two years following its departure from the EU in March 2019, during which access to the EU single market would remain largely intact while new arrangements are developed. Businesses are eager to obtain the specifics of such an agreement as soon as possible to resolve uncertainties regarding the trading rules post-Brexit. The spokesperson expressed confidence in reaching an agreement on the broad outline of the implementation period quickly, though did not elaborate on a timeline for when such an agreement might be finalized. ""We are clear that we want to achieve this implementation period, that we believe we can do so, and that our priority is to provide certainty for business,"" he mentioned. May caused some confusion among businesses on Monday by indicating that any implementation period would not be confirmed until a deal regarding Britain's future trading relationship with the EU was established, contradicting expectations that a transitional arrangement would be settled prior to any trade deal. This also underscored a notable divergence between the UK and the EU concerning the timing of a trade agreement. The UK is pursuing an ambitious trade deal with the EU to succeed its current arrangement at the conclusion of the implementation period, believing that its existing close ties with the bloc will facilitate an agreement by October 2018. However, EU chief negotiator Michel Barnier stated that negotiating a trade deal would require three years, suggesting that if talks commence in December, a deal would only be ready by the end of a transition period extending to December 2020. In response to a question regarding whether the UK still believes it could secure a trade deal by the end of next year within the two-year exit framework, May's spokesperson affirmed, ""Yes."" An EU official commented on the timeline proposed by the UK, indicating that the bloc aimed to define a framework for their future relationship by this time next year, allowing a withdrawal treaty to consider that future under the Article 50 legal exit process. However, the official noted that the EU would only engage in discussions about the specifics of a free trade agreement after Britain has officially exited in March 2019, due to EU regulations prohibiting negotiations on trade agreements with its own member states. The spokeswoman for May stated, ""Article 50 says that the withdrawal agreement has to take into account our future relationship, so we will know the terms of our partnership with the EU by our exit,"" when asked about the EU official's position. ""But as to the details, that’s subject to negotiation and I can’t pre-empt those.""",0,synthetic_real,"UK sees swift deal on Brexit transition outline, still at odds with EU on trade. LONDON (Reuters) - Britain believes it can quickly agree a framework for a transitional agreement on exiting the European Union, Prime Minister Theresa May s spokesman said on Tuesday, even as other stark differences over the Brexit timeline persisted. Britain is seeking a so-called implementation period of around two years following its departure from the EU in March 2019, during which its access to the EU single market would stay largely unchanged while new arrangements are put in place. Businesses are keen to see the details of such a deal as soon as possible to end uncertainty over the trading rules they will face after Britain leaves the bloc.  In terms of the broad outline of an implementation period, we believe that we can agree that quickly,  May s spokesman said. He did not provide further detail on when Britain hoped to reach such an agreement.  We re clear that we want to achieve this implementation period, that we believe we can do so, and that our priority is to provide certainty for business,  he said. May left some businesses confused on Monday by saying any implementation period would not be agreed until a deal was struck on Britain s future trading relationship with the bloc. That countered expectations that a transitional deal would come well before any deal on trade. It also highlighted a clear difference between Britain and the EU over when a trade deal would be agreed. Britain is seeking an  ambitious  deal on trade with the EU to replace its existing arrangement at the end of an implementation period. It believes its current close ties with the bloc mean such a deal will be agreed by October 2018. But the EU s chief negotiator, Michel Barnier, said it would take three years to negotiate a trade deal, meaning that if talks start in December it would be ready in time for the end of a transition period running until December 2020. In response, asked if it was Britain s position that it could still achieve a trade deal by the end of next year under the two-year exit process, May s spokesman said:  Yes . Commenting on the timeline set out by Britain, an EU official said the bloc wanted to  define a framework for our future relationship  by this time next year so that a withdrawal treaty could  take account  of that future under the terms of the  Article 50  legal exit process. However, the official said the EU will only negotiate on the details of a free trade deal after Britain has actually left in March 2019 because the EU s own laws do not allow it to negotiate trade agreements with its own members.  Article 50 says that the withdrawal agreement has to take into account our future relationship, so we will know the terms of our partnership with the EU by our exit,  a spokeswoman for May said when asked about the position set out by the EU official.  But as to the details, that s subject to negotiation and I can t pre-empt those."
"SEOUL/WASHINGTON (Reuters) - South Korea stated on Tuesday that U.S. President-elect Donald Trump acknowledges the seriousness of the North Korean nuclear threat, as evidenced by his ""clear warning"" to the isolated nation. North Korean leader Kim Jong Un claimed on Sunday that his country, which possesses nuclear capabilities, is nearing the test of an intercontinental ballistic missile (ICBM), potentially placing some areas of the U.S. within reach. Trump refuted the assertion via Twitter, asserting, ""It won’t happen."" South Korea’s Foreign Ministry remarked that Trump’s statement, his first regarding the North Korean nuclear situation since the November U.S. election, could be seen as a ""clear warning"" to Pyongyang. Ministry spokesman Cho June-hyuck noted during a briefing, ""Thanks to our proactive outreach, President-elect Trump and U.S. officials are distinctly aware of the seriousness and urgency surrounding the North Korean nuclear threat."" He added, ""They maintain a firm stance on the necessity of sanctions against North Korea and emphasize close collaboration between South Korea and the U.S."" The U.S. State Department confirmed that North Korea continues its pursuit of nuclear and missile technologies. State Department spokesman John Kirby informed reporters, ""We do not believe that at this point in time he has the capability to tip one of these (missiles) with a nuclear warhead ... but we do know that he continues to want to have those capabilities and the programs continue to march in that direction."" While Trump has yet to articulate a specific policy concerning North Korea, he indicated during the election campaign a willingness to engage in dialogue with its leader, Kim. Trump’s spokeswoman Kellyanne Conway expressed on ABC’s ""Good Morning America"" that the president-elect was ""putting North Korea on notice through this tweet and through other statements that this won’t happen."" Conway stated, ""He as president of the United States wants to stand between them and their missile capabilities, which experts say could be deployed to reach Seattle almost immediately."" She noted that Trump had not publicly detailed how he might react to North Korea’s nuclear and missile initiatives and will not do so prior to his inauguration. ""We do know that there are sanctions that are possible,"" Conway remarked. ""They haven’t always worked. I think that China would have to have a significant role here as well."" Trump has previously criticized China on this matter. On Monday, he stated that China has profited from its economic relationship with the U.S. but has failed to leverage its influence to manage North Korea. In response, Chinese Foreign Ministry spokesman Geng Shuang asserted that China has been advocating for the denuclearization of the Korean peninsula. ""China’s efforts in this regard are perfectly obvious,"" Geng stated during a news briefing. ""As a permanent member of the U.N. Security Council we have proactively participated in relevant discussions on the North Korean nuclear issue and have jointly passed several resolutions with other parties. This shows China’s responsible attitude."" When questioned about Trump’s assertion that China was not aiding in curbing North Korea’s nuclear ambitions, State Department’s Kirby commented, ""We would not agree with that assessment."" The U.S. has historically dismissed North Korea's requests for discussions, insisting on disarmament as a prerequisite. The United States and its ally South Korea have reacted to North Korean nuclear tests and missile launches over the past year with increasingly stringent sanctions. The U.N. Security Council enacted new sanctions against North Korea following its fifth and most significant nuclear test in September. Once fully operational, a North Korean ICBM could pose a threat to the continental United States, approximately 9,000 km (5,500 miles) away. ICBMs have a minimum range of about 5,500 km (3,400 miles), but some are designed to reach further distances.",0,synthetic_real,"Trump recognizes 'urgency' of North Korea nuclear threat: South Korea. SEOUL/WASHINGTON (Reuters) - U.S. President-elect Donald Trump’s “clear warning” to North Korea shows he is aware of the urgency of the threat posed by North Korea’s nuclear program and will not waver from a policy of sanctions against the isolated country, South Korea said on Tuesday. North Korean leader Kim Jong Un said on Sunday his nuclear-capable country was close to test-launching an intercontinental ballistic missile (ICBM), raising the prospect of putting parts of the United States in range. Trump dismissed the claim, saying on Twitter: “It won’t happen.” South Korea’s Foreign Ministry said Trump’s comment, his first mention of the North Korean nuclear issue since the U.S. election in November, could be interpreted as a “clear warning” to the North. “Because of our active outreach, President-elect Trump and U.S. officials are clearly aware of the gravity and urgency of the North Korean nuclear threat,” ministry spokesman Cho June-hyuck said at a briefing. “They are maintaining an unwavering stance on the need for sanctions on North Korea and for close cooperation between South Korea and the U.S.”  The U.S. State Department said it recognized that North Korea continued to pursue nuclear and ballistic missile technologies. “We do not believe that at this point in time he has the capability to tip one of these (missiles) with a nuclear warhead ... but we do know that he continues to want to have those capabilities and the programs continue to march in that direction,” State Department spokesman John Kirby told reporters.    Trump has not outlined a policy on North Korea, but during the U.S. election campaign indicated he would be willing to talk to its leader, Kim, given the opportunity. Trump spokeswoman Kellyanne Conway told ABC’s “Good Morning America” program that the president-elect was “putting North Korea on notice through this tweet and through other statements that this won’t happen.” “He as president of the United States wants to stand between them and their missile capabilities, which experts say could be deployed to reach Seattle almost immediately,” Conway said. She said Trump had not publicly stated how he might respond to North Korea’s nuclear weapons and missile programs and “won’t before he’s inaugurated.” “We do know that there are sanctions that are possible,” Conway said. “They haven’t always worked. I think that China would have to have a significant role here as well.”Trump has been critical of China over the issue. On Monday, he said China had benefited from its economic ties with the United States but would not use its influence to help control North Korea. In response, Chinese Foreign Ministry spokesman Geng Shuang said China had been pushing for the denuclearization of the Korean peninsula. “China’s efforts in this regard are perfectly obvious,” Geng told a news briefing. “As a permanent member of the U.N. Security Council we have proactively participated in relevant discussions on the North Korean nuclear issue and have jointly passed several resolutions with other parties.  “This shows China’s responsible attitude.” Asked about Trump’s view that China was not helping to contain North Korea’s nuclear ambitions, the State Department’s Kirby said: “We would not agree with that assessment.” The United States has for years dismissed North Korean calls for talks, insisting it must disarm first.  The United States and ally South Korea have responded to two North Korean nuclear tests and various missile tests last year with ever-more-severe sanctions. The U.N. Security Council imposed new sanctions on North Korea at the end of November after Pyongyang carried out its fifth and largest nuclear test so far in September. A North Korean ICBM, once fully developed, could threaten the continental United States, which is about 9,000 km (5,500 miles) from the North.  ICBMs have a minimum range of about 5,500 km (3,400 miles), but some are designed to travel 10,000 km (6,200 miles) or further.     North Korea worked last year on developing components for an ICBM, saying it was close to a test-launch plausible, international weapons experts said on Monday."
"A subpoena aimed at compelling Paul Manafort, who formerly managed Donald Trump's campaign, to testify at a hearing this Wednesday has been revoked by a U.S. Senate panel, as reported by sources. The investigation is focusing on Russia’s involvement in the 2016 presidential election. According to an insider, Manafort will be engaging in ongoing discussions with the Senate investigators. Another source indicated that the Senate Judiciary Committee decided to withdraw the subpoena due to ongoing negotiations with Manafort regarding the submission of documents and a future appearance.",0,synthetic_real,"Senate panel rescinds subpoena for Trump's ex-campaign head: sources. WASHINGTON (Reuters) - A U.S. Senate panel has rescinded a subpoena that would have forced Paul Manafort, a former campaign manager of President Donald Trump, to appear at a hearing on Wednesday as part of its probe into Russia’s role in the 2016 presidential election. Manafort is going to “continue discussions” with Senate investigators, a source familiar with the issue told Reuters. Another source said the subpoena was rescinded because the Senate Judiciary Committee was still negotiating with Manafort on document production and a later appearance."
"On Thursday, French authorities discovered a second cache of explosive materials in proximity to Paris, following a similar discovery in a neighboring suburb on Wednesday, according to a justice official. The operation on Thursday targeted a garage leased by one of the three individuals detained after the prior raid on an apartment in Villejuif, located on the southern outskirts of the French capital. Explosive substances used for creating TATP, a material frequently employed by suicide bombers, were located in the apartment after a plumber alerted the police regarding suspicious activities, stated Interior Minister Gerard Collomb. Following the Wednesday raid, two individuals in their 30s and 40s were apprehended, as indicated by Collomb, who noted that the suspects were under investigation for terrorist activities, despite their claims of planning a bank robbery. A third individual was taken into custody during the night, according to sources. The suspects alluded to intentions of detonating a bank using TATP; however, authorities view them as having connections to terrorism, which is the focus of the investigation, Collomb told Franceinfo. The inquiry was spurred by data obtained from phone communications post-raid. Later developments revealed that police uncovered explosive materials at a garage in Thiais, situated southeast of Paris. In the last three years, Islamist-inspired attacks have resulted in over 230 fatalities in France, which, along with the United States and other nations, is conducting airstrikes against Islamic State targets in Iraq and Syria. TATP, known for its instability, has been utilized by extremists in various attacks across Western Europe in recent years, including incidents in Manchester in May, Brussels in 2016, and Paris in 2015.",0,synthetic_real,"French police find more explosives after raid near Paris. PARIS (Reuters) - French police unearthed a second stash of explosive materials near Paris on Thursday after a similar find in a nearby suburb on Wednesday, a justice official said as three suspects were questioned by anti-terrorism investigators. Thursday s swoop was carried out at a garage rented by one of the three detained in the wake of Wednesday s raid on an apartment in Villejuif, on the southern edge of the French capital, the source said. Materials used to produce TATP, an explosive often used by suicide bombers, were found at the flat after a plumber phoned  police to report suspect activity there, Interior Minister Gerard Collomb said.  Two people in their 30s and 40s were arrested in the immediate wake of Wednesday s raid, said Collomb, who added that the suspects were being questioned on suspicion of terrorist activity despite talking of a bank heist. A third man was arrested overnight, a source said.  Those under investigation spoke of wanting to blow up a bank with the TATP but they way we see it is they have links with terrorism, and this is the channel of investigation,  Collomb told public radio station franceinfo. That line of inquiry was prompted by information found in telephone communications after the raid, he added. The minister spoke before developments later in the day in which police found explosive materials at a garage in Thiais, southeast of Paris.  More than 230 people have been killed by Islamist-inspired attackers in the past three years in France, which along with the United States and other countries are bombing Islamic State bases in Iraq and Syria. TATP, an unstable explosive, has been used by militants in several attacks in western Europe in recent years, including Manchester in May, Brussels in 2016 and Paris in 2015."
"Polling stations across much of Kenya opened on Thursday, according to the nation's election commission. However, due to security issues, the voting process would be postponed in several regions until October 28. Wafula Chebukati, the commission's chairman, identified Homa Bay, Kisumu, Migori, and Siaya as the areas affected by these delays, all of which are located in the western part of the country, a known stronghold for the opposition.",0,synthetic_real,"Kenya vote delayed to October 28 in four counties: commission. NAIROBI (Reuters) - Kenya s election commission said polling stations had opened in the much of the country on Thursday but voting had been hampered by  security challenges  in a number of places where voting would be delayed until Oct. 28. Wafula Chebukati, head of the election commission, said areas where voting would be delayed included Homa Hay, Kisumu, Migori and Siaya - all in the opposition stronghold of western Kenya."
"The case involving a Minnesota peat mine has brought property rights and environmental regulations to the forefront, as the U.S. Supreme Court seems poised to allow property owners to legally contest federal permit requirements under a national water protection statute. On Wednesday, the justices deliberated for an hour on the implications of the 1972 U.S. Clean Water Act. A majority of the eight justices appeared to lean towards Hawkes Co Inc, based in North Dakota, which is challenging an Obama administration determination that its land has wetlands. This designation necessitates permits for property owners, significantly affecting developers and landowners due to the lengthy and costly permitting process it initiates. The attorneys representing Hawkes contended that the company should have the right to dispute the necessity of obtaining a permit. Concerns about the current system's impact on property owners were voiced by both conservative and liberal justices. Chief Justice John Roberts noted that applicants ignoring a government permit finding face “great practical risk.” Liberal Justice Ruth Bader Ginsburg described the process as “very arduous and very expensive,” while Justice Stephen Breyer deemed the government’s decision regarding Hawkes’ permit as “perfectly suited for review in the courts.” Only liberal Justice Elena Kagan supported the government, expressing worries about how a ruling favoring property owners could affect other governmental bodies like the Securities and Exchange Commission. Advocates for property rights pointed out that the permitting process could last two years and incur costs up to $270,000, with penalties of as much as $37,500 daily for noncompliance. Business organizations, including the National Association of Home Builders and the U.S. Chamber of Commerce, alongside 29 states, submitted legal documents opposing the Obama administration in this matter. This case follows the justices’ unanimous decision in 2012, which allowed property owners facing Clean Water Act enforcement actions to seek court intervention prior to facing compliance or financial penalties. Last year, the Obama administration introduced a regulation detailing the extent of federal authority over water bodies, which a federal appeals court subsequently suspended after being contested by 18 states. Following Justice Antonin Scalia’s death in February, only eight justices heard this case, and a ruling is expected by the end of June.",0,synthetic_real,"Supreme Court sympathetic to property owner in wetlands dispute. WASHINGTON (Reuters) - The U.S. Supreme Court on Wednesday appeared likely to rule that property owners can challenge the federal government in court over the need for permits under a national water protection law in a case involving a company’s plans for a Minnesota peat mine. The court heard a one-hour argument in a case balancing property rights and environmental law, in this instance the landmark 1972 U.S. Clean Water Act. A majority of the eight justices appeared sympathetic toward North Dakota-based Hawkes Co Inc, which is fighting an Obama administration finding that its property includes wetlands. The law mandates that property owners get permits in such situations. Whether a particular plot of land falls under the law’s jurisdiction is important to developers and other property owners because such a finding triggers a lengthy and expensive permitting process. Hawkes’ lawyers argued the company should be able to contest whether it even needs to go through the permit process. Liberal and conservative justices alike expressed concern about the current arrangement’s burden on property owners. Conservative Chief Justice John Roberts said applicants who disregard a government finding that they need a permit do so at “great practical risk.” Liberal Ruth Bader Ginsburg called the process “very arduous and very expensive.” Liberal Stephen Breyer called the government decision that Hawkes needed a permit “perfectly suited for review in the courts.” Only liberal Elena Kagan expressed support for the government, raising concerns about the impact a ruling favoring property owners would have on actions by other government agencies such as the Securities and Exchange Commission. Property rights advocates said the permitting process can take two years and cost up to $270,000, with owners facing penalties of up to $37,500 a day for noncompliance. Business groups including the National Association of Home Builders and the U.S. Chamber of Commerce and 29 states filed court papers opposing the Obama administration in the case. The case follows the justices’ unanimous 2012 ruling that property owners facing enforcement action under the Clean Water Act can ask a court to intervene before being forced to comply or pay financial penalties. The Obama administration last year issued a new regulation defining the scope of federal jurisdiction over bodies of water. A federal appeals court put the rule on hold after it was challenged by 18 states. Only eight justices participated in the case following Justice Antonin Scalia’s February death. A ruling is due by the end of June."
"On Friday, the upper chamber of Russia's parliament selected March 18 as the date for the upcoming presidential election. The decision received unanimous backing from the senators, as stated by speaker Valentina Matvienko following the vote.",0,synthetic_real,"Russian parliament sets March 18 as presidential election date. MOSCOW (Reuters) - The upper house of the Russian parliament voted on Friday to set March 18 as the date of next year s presidential election. The decision was approved by the Russian senators unanimously, speaker Valentina Matvienko said after the vote."
