orig_id,text,label,attack_type
real_100,"Ecuador president removed as head of ruling party as feud deepens. QUITO (Reuters) - Ecuador s ruling Country Alliance party, founded by former president Rafael Correa over a decade ago, has removed President Lenin Moreno as its head, citing  repeated failures  in leadership, as a schism between the former allies deepens. The Country Alliance party, which has been divided by the two politicians, late on Tuesday announced that Correa ally Ricardo Patino, a former foreign minister, would replace Moreno as party leader.  The head of the national Country Alliance party has unanimously decided,  it said in a statement announcing  the immediate removal of Lenin Moreno as president of the Country Alliance party.  Ecuador s government, however, said it did not recognize the decision and stressed Moreno remained the head of the party.   Country Alliance is a political party, not an estate ... These actions are wrong and do not reflect the feeling of our political base,  acting vice president Alejandra Vicuna told journalists on Tuesday. Moreno, a Correa prot g  who previously served as his vice president, was elected earlier this year to succeed the fiery leftist. At the time, opposition critics warned Moreno would be a puppet of political heavyweight Correa, whom they accused of seeking to stage a presidential comeback in 2021. But Moreno, a paraplegic former United Nations special envoy on disability, has stunned the Andean country of around 17 million by quickly breaking with Correa, who is now living abroad, in his wife s home country of Belgium.      Moreno, who is seeking presidential term limits via a referendum to revise the constitution, has sidelined another top Correa ally from the vice presidency, and is overseeing a corruption probe that has ensnared former high-level officials. Vicuna replaced Jorge Glas, who was also Correa s vice president, after Glas came under investigation in a corruption scandal centered on Brazilian construction company Odebrecht. He is currently in jail. Polls indicate Moreno has widespread popular support in Ecuador. His approval levels have jumped from around 66 percent in May, when he was sworn in, to about 77 percent in September, a recent survey by local pollster Cedatos showed.  Many Ecuadoreans report being satisfied with his attempts to investigate corruption and boost social welfare. His conciliatory temperament is also welcomed by some who were tired of Correa s confrontational style.",0,neutralize_real
real_101,"House Speaker Ryan says work remains to secure freedom in Cuba. WASHINGTON (Reuters) - U.S. House of Representatives Speaker Paul Ryan said on Saturday that even after Castro’s death “much work remains to secure the freedom of the Cuban people,” something that the United States must be fully committed to. “Now that Fidel Castro is dead, the cruelty and oppression of his regime should die with him,” Ryan said in a statement. “Today let us reflect on the memory and sacrifices of all those who have suffered under the Castros.”",0,neutralize_real
real_102,"Clinton loses to Sanders in coal state of West Virginia. WASHINGTON/NEW YORK (Reuters) - U.S. Democratic presidential candidate Bernie Sanders defeated Hillary Clinton on Tuesday in West Virginia’s primary, winning over voters deeply skeptical about the economy and signaling the difficulty Clinton may have in industrial states in the general election. The loss slows Clinton’s march to the nomination, but she is still heavily favored to become the Democratic candidate in the Nov. 8 election. In a November match-up with Donald Trump, Clinton will need to win over working-class voters in the U.S. Rust Belt, which includes key states such as Ohio and Pennsylvania. Trump, 69, won contests in West Virginia and Nebraska handily on Tuesday. The presumptive Republican nominee is set to meet with party leaders in the U.S. Congress on Thursday, including U.S. House of Representatives Speaker Paul Ryan. After Ryan said last week that he was not yet ready to endorse Trump, Trump said on Sunday that he would have to decide whether he still wanted Ryan to preside over the party’s July convention. Trump said in a Fox interview on Tuesday night that he would like Ryan to chair the convention as planned. “He’s a very good man, he wants what’s good for the party,” the New York billionaire said. Trump has zeroed in on Clinton’s protracted battle with Sanders, a 74-year-old U.S. senator from Vermont. He has taunted Clinton in recent days by saying she “can’t close the deal” by beating Sanders, her only rival for the Democratic Party’s nomination since Feb. 1. Clinton, 68, has said she will ignore Trump’s personal insults, including his repeated use of his new nickname for her, “Crooked Hillary,” and instead will criticize his policy pronouncements. Deep concerns about the economy underscored West Virginia’s Democratic primary. Roughly six in 10 voters said they were very worried about the direction of the U.S. economy in the next few years. The same proportion cited the economy and jobs was their most important voting issue, according to a preliminary ABC News exit poll. A remark Clinton made at an Ohio town hall in March that the country would “put a lot of coal miners and coal companies out of business” at an Ohio town hall in a comment may have hurt her with voters in coal-mining states such as West Virginia. During Clinton’s visit to West Virginia and Ohio last week she repeatedly apologized to displaced coal and steel workers for her comment, which she said had been taken out of context, and discussed her plan to help retrain coal workers for clean energy jobs. To secure the Democratic nomination, a candidate needs 2,383 delegates. Going into West Virginia, Clinton, a former U.S. secretary of state, had 2,228 delegates, including 523 so-called superdelegates, elite party members who are free to support any candidate. Sanders had 1,454 delegates, including 39 superdelegates. Another 29 delegates will be apportioned based on West Virginia’s results. Clinton and Sanders will compete in another primary contest on May 17. Both candidates are also looking ahead to the June 7 contests, the last in the long nominating season, in which nearly 700 delegates are at stake, including 475 in California, where Sanders is now focusing his efforts. Sanders has vowed to take his campaign all the way to the Democrats’ July 25-28 convention in Philadelphia, and wants a say in shaping the party’s platform.  Sanders has repeatedly told supporters at packed rallies that most opinion polls indicate he would beat Trump in a general election match-up by a larger margin than polls show Clinton defeating Trump. Trump, shifting into general election mode, has already begun to consider running mates. He told Fox on Tuesday night that he has narrowed his list to five people. He did not rule out picking New Jersey Governor Chris Christie, a former rival who ended his presidential bid in February. Christie, who endorsed Trump and then campaigned for him, on Monday was named to head Trump’s White House transition team.  (Story refiles to add first name of Republican candidate Donald Trump in second paragraph.)",0,neutralize_real
real_103,"Obama, Putin talk about Syria and Ukraine in quick summit meet. LIMA (Reuters) - U.S. President Barack Obama and his Russian counterpart Vladimir Putin spoke for around four minutes on Sunday at the APEC summit about Syria and Ukraine, in what is likely to be their last in-person meeting before Obama leaves office. The two men met at the start of the summit meeting in Lima, Peru’s capital. They exchanged pleasantries and remained standing as they spoke. Obama later said at a news conference he told Putin the U.S. is deeply concerned about bloodshed and chaos in Syria “sown by constant bombing attacks” by the Syrian and Russian militaries, and that a ceasefire and political transition were needed. “As usual I was candid and courteous but very clear about the strong differences we have on policy,” Obama said. Putin said at a separate news conference he thanked Obama during Sunday’s meeting in Lima “for the years of joint work”. “I told him that we would be happy to see him (Obama) in Russia anytime if he wants, can and has desire”, Putin said. Obama and Putin have had a challenging relationship. The U.S. president said last week he had warned Putin about consequences for cyber attacks attributed to Moscow that were seen as trying to influence the U.S. election.     Obama said he also urged President Putin to help implement the Minsk peace agreement by working with France, Germany, Ukraine and the United States to halt the conflict in Donbass region of Ukraine.  During his race for the White House, Republican President-elect Donald Trump praised Putin. Putin said on Sunday that Trump had confirmed to him that he was willing to mend ties.",0,neutralize_real
real_104,"Russian long-range bombers strike Islamic State targets in Syria. MOSCOW (Reuters) - Six Russian long-range bombers struck Islamic State targets near the town of Albu Kamal in Syria s Deir al-Zor Province on Wednesday, the Russian Defence Ministry said in a statement. The TU-22M3 bombers took off from bases in Russia and overflew Iran and Iraq before launching the strike, it said.  The ministry said the planes had bombed Islamic State supply depots, militants, and armored vehicles and that satellite and drone surveillance had confirmed that all of the designated targets had been destroyed.  It said Sukhoi-30SM fighter jets, based at the Hmeymim air base in Syria used by Russian forces, had escorted the bombers while they were in Syrian air space and that all the bombers had safely returned to their bases. Russia on Tuesday accused the United States of providing de-facto cover for Islamic State units in Syria and of only pretending to fight terrorism in the Middle East. Specifically, the Russian Defence Ministry said the U.S. air force had tried to hinder Russian strikes on Islamic State militants around Albu Kamal. Asked about the Russian allegations, Colonel Ryan Dillon, a spokesman for the U.S.-led coalition fighting Islamic State, said:   The Russian ministry of defense statements are about as accurate as their air campaign and I think that is a reason for them to start, you know, coming out with their latest barrage of lies.",0,neutralize_real
real_105,"Florida mayors press presidential debate moderators for climate airtime. WASHINGTON (Reuters) - Mayors of 21 cities in Florida on Friday called on the moderators of next week’s presidential debates in Miami to ask candidates how they would deal with rising sea levels caused by climate change, a concern of the state’s coastal communities. “It would be unconscionable for these issues of grave concern for the people of Florida to not be addressed in the upcoming debate you will be hosting in the state,” the mayors wrote in an letter to CNN, The Washington Post, Univision and the other media outlets hosting the Democratic and Republican debates on March 9 and March 10 in Miami.  The bipartisan group of mayors, who represent coastal cities and towns from Miami to Tampa, have complained that the issue of climate change has not been raised in the dozens of televised debates held to date. Of the four remaining Republican candidates, none say they believe that anything should be done to address climate change and all have called for federal environmental rules to be scaled back. One of the letter’s signatories, Pinecrest Mayor Cindy Lerner, traveled to New Hampshire in February to press Florida Republican candidate Senator Marco Rubio to discuss the issue. Rubio has said that the climate has always been changing and that he will not support policies to combat climate change that will “destroy our economy.” Billionaire businessman Donald Trump has called climate change a conspiracy invented by China, while Texas Senator Ted Cruz called climate science “pseudoscientific theory.” Ohio Governor John Kasich has said climate change is a problem but has not proposed a plan to address it. Democratic hopefuls Hillary Clinton and Senator Bernie Sanders have made climate change a top-tier issue that needs to be addressed. Southeast Florida is especially vulnerable to rising sea levels. Four counties in the region formed the Southeast Florida Regional Climate Change Compact six years ago to coordinate their response and pool funding to deal with its impact. The issue has gotten little attention in the national presidential debates.   The mayors provided debate moderators three questions on climate change, all of which were directed to Rubio. They warned that higher sea levels will pose a costly threat to Florida’s economy. Florida coastal communities could experience about a 2-foot (60-cm) rise in sea level by 2060, the U.S. Geological Survey said.  (Reporting By Valerie Volcovici; Editing by Steve Orlofsky) This article was funded in part by SAP. It was independently created by the Reuters editorial staff. SAP had no editorial involvement in its creation or production.",0,neutralize_real
real_106,"Chinese state media tells readers how to survive a nuclear attack.  (In this Dec. 6 story, corrects newspaper location to Jilin province, from Jilin city, paragraph one) BEIJING (Reuters) - A state-run newspaper in China s Jilin province, which borders North Korea and Russia, on Wednesday published a page of  common sense  advice on how readers can protect themselves from a nuclear weapons attack or explosion. China has voiced grave concern over North Korea s nuclear and missiles program, as well as calling on the United States and South Korea to stop provoking Pyongyang. U.S. bombers will fly over the Korean peninsula on Wednesday as part of a large-scale joint military drills with South Korea. The North has warned the drills would push the Korean Peninsula to the  brink of war . The full page article in the Jilin Daily, which does not mention possible attacks by North Korea or any other country, explains how nuclear weapons differ from traditional arms and instructs people how to protect themselves in the event of an attack. Nuclear weapons have five means of causing destruction: light radiation, blast waves, early-stage nuclear radiation, nuclear electro-magnetic pulses and radioactive pollution, the article explained. It said the first four kill instantly. People who find themselves outside during a nuclear attack should try to lie in a ditch, cover exposed skin in light colored clothing or dive into a river or lake to try and minimize the possibility of instantaneous death, it said. Cartoon illustrations of ways to dispel radioactive contamination were also provided, such as using water to wash off shoes and using cotton buds to clean ears, as well as a picture of a vomiting child to show how medical help can be sought to speed the expulsion of radiation through stomach pumping and induced urination. The influential state-backed Global Times in a commentary on Wednesday described the article as a public service announcement  due to the situation on the Korean peninsula.  If war breaks out, it is not possible to rule out the Korean peninsula producing nuclear contaminants, and countermeasures must be seriously researched and spoken openly about to let the common folk know. But at the same time, there is absolutely no reason to be alarmed,  the Global Times said. North Korea last week tested what it called its most advanced intercontinental ballistic missile (ICBM) that could reach all of the United States. U.S. President Donald Trump has warned he would destroy the North Korean regime if it threatened the United States with nuclear weapons. China has rejected military intervention and called for an end to the war of words between Washington and Pyongyang.",0,neutralize_real
real_107,"Russian credit to cover part of S-400 missile deal with Turkey: agency. MOSCOW (Reuters) - Russia will offer Turkey partial financing for Ankara s purchase of S-400 surface-to-air missile systems, the Interfax news agency reported on Tuesday, citing a Russian presidential aide. Turkey has been in talks to buy the system for more than a year. Washington and some of its NATO allies see the move as a snub because the weapons cannot be integrated into the alliance s defenses. Turkish and Russian officials would meet to finalize the deal next week, Turkish President Tayyip Erdogan said on Monday.  Russian President Vladimir Putin said in Ankara that credit for the defense industry would be signed with Turkey in the near future. When asked by Interfax whether the Russian financing would cover the full cost of the deal, Russian presidential aide Vladimir Kozhin said:  Not the whole, partially.   Technical questions are being discussed, the interest rate. Everything is in the Finance Ministry,  he said of the deal. Turkey expects to receive the first missile system in 2019, Turkish Defence Minister Nurettin Canikli said in November. The deal included two S-400 systems and a third optional one.",0,neutralize_real
real_108,"U.S. top diplomat to visit Asia as part of Trump trip: State Department. WASHINGTON (Reuters) - U.S. Secretary of State Rex Tillerson will visit Japan, South Korea, China, Vietnam, the Philippines and Myanmar as part of President Donald Trump s trip to Asia starting on Friday, the Department of State said on Thursday.  In a statement, the department said Tillerson would represent Trump at the East Asia Summit in Manila before traveling to Myanmar, formerly known as Burma, on Nov. 15 to address the humanitarian crisis and discuss U.S. support for its democratic transition.",0,neutralize_real
real_109,"White House still reviewing DACA program for immigrant children: adviser. WASHINGTON (Reuters) - The Trump administration is still reviewing the Obama-era program that protects immigrants who entered the country illegally as children, White House homeland security adviser Tom Bossert told reporters on Thursday. A senior administration official said earlier on Thursday that President Donald Trump was expected to rescind the Deferred Action for Childhood Arrivals, or “Dreamers,” program. Trump’s decision could be announced as early as Friday but could also come next week, the official said.",0,neutralize_real
real_110,"Crowds boo, jeer as Zimbabwe's Mugabe motorcade leaves Harare residence. HARARE (Reuters) - Crowds of Zimbabweans booed and jeered as President Robert Mugabe s motorcade left his  Blue Roof  residence in Harare on Saturday, a Reuters witness said. It was not clear whether Mugabe was in the motorcade, or where it was headed.",0,neutralize_real
real_111,"Democrats renew efforts to link banks, Trump and Russia. FRANKFURT/WASHINGTON (Reuters) - Some Democratic members of the U.S. Congress have renewed efforts to find possible links between banks such as Germany’s Deutsche Bank (DBKGn.DE), U.S. President Donald Trump and Russia. Investigations are being conducted in the United States into possible collusion between Trump’s campaign team and Russia during the presidential election campaign in 2016. The White House and the Kremlin have denied there was any interference in the election. Maxine Waters, ranking Democrat on the House Financial Services Committee, told reporters she had filed a resolution of inquiry demanding the U.S. Treasury Secretary hand over documents in his possession, “relating to President Trump’s financial connections to Russia, certain illegal financial schemes, and related information”. The resolution asked for any records of loans or credit from a number of banks - including Deutsche Bank and Russian lenders Sberbank (SBER.MM) and Gazprombank (GZPRI.MM) - to Trump, and 22 of his closest associates, including family members and top White House and campaign advisers. Specifically, the group is seeking documents that may have been unearthed by the Treasury’s Financial Crimes Enforcement Network that could show any ties between Trump’s finances and Russia. A resolution of inquiry is a legislative tool by which the House can request information from the administration. Waters filed the resolution with the Financial Services Committee, which now has 14 legislative days to address it, either by debating it or voting it down.  If the committee, chaired and dominated by Republicans, ignores the resolution, it could head to the floor of the broader House. Waters and four other colleagues have been especially interested in learning more from Deutsche Bank, which government ethics disclosures list as one of Trump’s biggest lenders. Deutsche Bank’s lawyers have rejected requests for information, citing privacy laws. Waters asked Federal Reserve Chair Janet Yellen at a hearing on Wednesday whether the U.S. central bank had uncovered anything about Trump in its Deutsche regulatory work. Yellen said the Fed had not looked into it.",0,neutralize_real
real_112,"Peru's Kuczynski urges people to accept Fujimori pardon and 'turn the page'. LIMA (Reuters) - Peru s President Pedro Pablo Kuczynski defended his pardon for Alberto Fujimori on Monday as justified clemency for an ailing man whose authoritarian government in the 1990s helped the country progress, after Peruvians protested for a second day. Addressing Peruvians for the first time since pardoning Fujimori on Christmas Eve, Kuczynski appealed to Peruvians protesting his decision to  turn the page  and accept it. The pardon has pitched Kuczynski s center-right government into a fresh political crisis less than a week after Congress nearly removed him from office in the wake of a graft scandal. Earlier on Monday, police fired tear gas to disperse crowds in downtown Lima in a second day of unrest, while a third lawmaker announced he was abandoning Kuczynski s political party. Fujimori, who like Kuczynski is 79, is a deeply divisive figure in Peru. While many consider him a corrupt dictator, others credit him with ending a severe economic crisis and quashing a leftist rebellion during his decade in power. The pardon cleared Fujimori of convictions for graft and human rights crimes, 12 years into a 25-year prison sentence. Kuczynski, a former Wall Street banker, reiterated that the pardon was a response to fears that Fujimori might die in prison. But - for the first time since running for office a year ago - he also defended Fujimori s decade in power.  It s clear his government, which inherited a country submerged in a violent and chaotic crisis at the start of the 1990s, incurred in significant legal transgressions regarding democracy and human rights. But I also think his government contributed to national progress,  Kuczynski said in a televised address. The remarks placed Kuczynski more firmly on Fujimori s side of Peru s biggest political faultline, and triggered a fresh wave of criticism of Kuczynski from Fujimori s foes.  You ve got to be pretty stingy, President Kuczynski, to not say a word of solidarity for the victims and their loved ones,  Gisela Ortiz, a Peruvian human rights activist, said on Twitter after his speech. Just a week ago, Kuczynski fanned fears of a new rise of Fujimori s rightwing movement, denouncing its bid to remove him from office as a legislative  coup  attempt that threatened Peru s democracy. Many of Fujimori s detractors, who helped Kuczynski win last year s runoff election, joined Kuczynski in calling for lawmakers to defeat the  presidential vacancy  motion. But it was a rebel faction among Fujimori s supporters in Congress which unexpectedly saved Kuczynski from the vote, fueling speculation that it was part of a deal to trade votes for a pardon for Fujimori.  The pardon s for President Kuczynski, it s not for Fujimori,  leftist lawmaker Marisa Glave said on local TV channel Canal N. The lawyer who defended Kuczynski before Congress last week, Alberto Borea, said he was opposed to the pardon and did not know it was in the works. Chanting  traitor  and  the pardon has got to go,  many Peruvians marching on Monday called for Kucyznski to resign and new elections to be held. So far, three ruling party lawmakers have announced their resignations from Kuczynski s party, which controls about a fifth of congressional seats. The deputy human rights minister has also resigned, a government source said. Fujimori remained at a hospital in Lima, where he was taken from prison late on Sunday to treat a drop in his blood pressure and an abnormal heart beat, according to his doctor.",0,neutralize_real
real_113,"U.N. seeks 'massive' help for Rohingya fleeing Myanmar 'ethnic cleansing'. DHAKA/YANGON (Reuters) - The United Nations appealed on Thursday for massive help for nearly 400,000 Muslims from Myanmar who have fled to Bangladesh, with concern growing that the number could keep rising, unless Myanmar ends what critics denounce as  ethnic cleansing . The Rohingya are fleeing from a Myanmar military offensive in the western state of Rakhine that began after a series of guerrilla attacks on Aug. 25 on security posts and an army camp in which about a dozen people were killed.  We urge the international community to step up humanitarian support and come up with help,  Mohammed Abdiker, director of operations and emergencies for the International Organisation for Migration, told a news conference in the Bangladeshi capital. The need was  massive , he added. The violence in Rakhine and the exodus of refugees is the most pressing problem Nobel Peace laureate Aung San Suu Kyi has faced since becoming national leader last year. U.N. Secretary-General Antonio Guterres and the U.N. Security Council on Wednesday urged Myanmar to end the violence, which he said was best described as ethnic cleansing.       The government of Buddhist-majority Myanmar rejects such accusations, saying it is targeting  terrorists . Numerous Rohingya villages in the north of Rakhine have been torched but authorities have denied that security forces or Buddhist civilians set the fires. They blame the insurgents, and say 30,000 non-Muslim villagers were also displaced. Smoke was rising from at least five places on the Myanmar side of the border on Thursday, a Reuters reporter in Bangladesh said. It was not clear what was burning or who set the fires.  Ethnic cleansing  is not recognized as an independent crime under international law, the U.N. Office on Genocide Prevention says, but it has been used in U.N. resolutions and acknowledged in judgments and indictments of the International Criminal Tribunal for the former Yugoslavia. A U.N. panel of experts defined it as  rendering an area ethnically homogeneous by using force or intimidation to remove persons of given groups .       The crisis has raised questions about Suu Kyi s commitment to human rights, and could strain relations with Western backers supporting her leadership of Myanmar s transition from decades of strict military rule and economic isolation. Critics have called for her to be stripped of her Nobel prize for failing to do more to halt the strife, though national security remains firmly in the hands of the military. Suu Kyi is due to address the nation on Tuesday. U.S. Senate Majority Leader Mitch McConnell said on Thursday he had spoken with Suu Kyi and that she said she was working to get aid to areas affected by violence. U.S. Deputy Assistant Secretary of State Patrick Murphy had what one U.S. official called a  tough conversation  with Myanmar s ambassador to the United States on Wednesday ahead of Murphy s trip to Yangon this weekend. Murphy will be meeting with Myanmar government officials next week to voice concern about the state of the Rohingya people and to press for greater access for humanitarian workers and reporters, the State Department said. China, which competes with the United States for influence in Myanmar, endorses the offensive against the insurgents and deemed it an  internal affair , Myanmar state media said.  The counterattacks of Myanmar security forces against extremist terrorists and the government s undertakings to provide assistance to the people are strongly welcomed,  the Global New Light of Myanmar newspaper quoted China s ambassador, Hong Liang, as telling government officials. But at the United Nations in New York, China set a different tone, joining a Security Council expression of concern about reports of violence and urging steps to end it. The council met on Wednesday to discuss the crisis and later  expressed concern about reports of excessive violence ... and called for immediate steps to end the violence in Rakhine, de-escalate the situation, re-establish law and order, ensure the protection of civilians ... and resolve the refugee problem . This week, the Trump administration called for protection of civilians. Bangladesh says the refugees will have to go home and has called for safe zones in Myanmar. Myanmar says safe zones are unacceptable. The IOM s Abdiker declined to say how many refugees he thought might end up in Bangladesh.  The number may rise to 600,000, 700,000, even one million if the situation in Myanmar does not improve,  he said. The most important thing was that the refugees be able to go home safely, said George William Okoth-Obbo, assistant high commissioner for operations at the U.N. refugee agency.  The international community has to support to ensure their return ... peacefully and with safety,  he told the news conference. On Wednesday, the Myanmar government said 45 places had been burned. It did not provide details, but a spokesman said out of 471 villages in the north of Rakhine, 176 had been deserted and at least some people had left 34 more. The spokesman, Zaw Htay, said the people going to Bangladesh were either linked to the insurgents, or women and children fleeing conflict. Government figures show 432 people have been killed, most of them insurgents, since Aug. 25.",0,neutralize_real
real_114,"LPGA happy to let USGA make Trump course decision. INCHEON, South Korea (Reuters) - LPGA chief Mike Whan says the Tour will back golf authorities no matter what decision they make about hosting the 2017 US Women’s Open at a course owned by presidential nominee Donald Trump amid a storm over sexually aggressive comments he made about women. The United States Golf Association (USGA) is facing calls to move the event from Trump National Golf Club in New Jersey in nine months’ time after a 2005 video surfaced in which he bragged of kissing and groping women without consent. Whan told Reuters in an interview on Saturday at the LPGA/KLPGA co-sanctioned KEB Hana Bank Championship in Incheon that he was “lucky” not to have to make that kind of decision. The U.S. Women’s Open, the most prestigious tournament in ladies golf, is conducted by the USGA.  “In a strange way I’m lucky that the LPGA has no direct dealings with Donald Trump or Donald Trump properties,” he said. “Like any group we have people who are political in favor of different sides. I’m not here to be a politician, I know that what the players want is that I don’t get so political as to limit opportunities for women. “All I’ve said to the USGA is this, ‘You have long since proven you support women’s golf so if you tell us this is the right place to play then we’re right there with you.’” Whan took over in 2010 when the LPGA Tour was buckling from the fallout of the U.S. recession and his push for global growth has been a key factor in the circuit’s resurgence. One look at his business card tells you everything you need to know about his strategy for growing the women’s game — the word “commissioner” emblazoned in English, Korean, Chinese and Japanese. Whan said he hoped the global flavor of the Tour’s  schedule and sponsorship could help mitigate the effects of another downturn at home. “In the world of finance we have a pretty diverse portfolio,” he said of a tour which makes stops in China, Japan, Malaysia, Korea and Taiwan in a late season Asian swing. More than a third of the circuit’s tournaments are sponsored by Asian firms or organizations. “It used to be that one U.S. economic downturn could really cripple the LPGA,” he added. “I’m not saying that wouldn’t happen tomorrow, but generally speaking we are pretty well diversified regionally.” Whan said now that the Tour had been put on a solid footing, with 33 official money events this year compared to 23 in 2011, the task was to boost the dollar value of tournaments rather than add new ones. “I think we need to be playing for $100 million in purse money,” he said of future targets. “I said that back in 2010 and people thought I was nuts, but that was when we were playing for $30 million. “Now we’re play for $65 million and I think we’ll get there.” The decision to add a fifth major to the annual tour schedule, the Evian Championship, was met with scorn by traditionalists and those outside the LPGA but Whan said it would be a mistake to be stuck in the past. “Sports that are unwilling to change because of history and tradition become historic and traditional,” he added. “If we just want golf to be historic and traditional and not move forward, then we would have a real problem.”",0,neutralize_real
real_115,"Senator Collins says not committed to tax bill, concerned about SALT. WASHINGTON (Reuters) - Republican U.S. Senator Susan Collins said on Thursday she was not committed to voting for the Senate tax bill, citing concerns over healthcare and the loss of a deduction for state and local taxes. Collins told reporters at a Christian Science Monitor breakfast it would be “very difficult for me to support the bill if I do not prevail on those two issues” but she was encouraged by her discussions with leadership. Collins said she has proposed an amendment to the tax bill that would retain the deduction for property taxes up to $10,000, as the House bill does. The Senate bill repeals the Affordable Care Act fine on people who do not purchase health insurance, which will lead to higher insurance premiums. Collins has asked lawmakers to include in a separate bill provisions that would help insurers cover expensive patients, and that would continue Obamacare subsidy payments for low income people for two years. The Republican from Maine also said one of her amendments to the tax bill is a refundable tax credit for adult dependent care that would be paid for by closing a loophole on carried interest.  Collins said she believed the corporate tax rate does not need to be cut as low as 20 percent, as President Donald Trump has favored. She said 21 or 22 percent would be “fine with me.” She said she expected a Senate floor vote during the tax bill debate on making individual tax cuts permanent, or to make corporate tax cuts expire at same time as individual cuts.",0,neutralize_real
real_116,"South Korea president says China response to North Korea nuclear test key. SEOUL (Reuters) - China should play a key and proper role in response to North Korea’s fourth nuclear test as a permanent member of the UN Security Council, South Korean President Park Geun-hye said on Wednesday. There is still a possibility of further North Korean provocations, including “cyber terrorism” following the isolated country’s fourth nuclear test on January 6, Park told an annual news conference.",0,neutralize_real
real_117,China complains about Taiwan content in U.S. defense act. BEIJING (Reuters) - China said on Thursday it had complained to the United States about the signing into law of an act which authorizes the possibility of mutual visits by navy vessels between self-ruled Taiwan and the United States. Chinese Foreign ministry spokesman Lu Kang told a daily news briefing that China was firmly opposed to the Taiwan content in the act.,0,neutralize_real
real_118,"Trump foreign policies could hurt, help his business empire. LONDON (Reuters) - Any moves by Donald Trump to ban Muslims from entering the United States or bring back waterboarding to interrogate suspects could have repercussions for some of his sprawling foreign business interests — from his golf course in Scotland to luxury resorts in Indonesia. A review of press releases published on the Trump Organization website shows that 15 of 25 new acquisitions or joint ventures announced over the past five years were overseas. These include the purchase of golf courses in Ireland and Scotland and deals to license his name to developers and manufacturers in Dubai, Indonesia, India, Azerbaijan, Brazil, Mexico and Panama. The deals underscore the potential conflicts of interest Trump will face after he is sworn in as president on Jan. 20 and his vulnerability to criticism that he is open to foreign influence. Foreign governments could potentially seek to exploit Trump’s business interests to affect his decision making, or to punish him through his pocket book for decisions they object to. Trump’s transition team declined to comment for this story. In the 16 months to May, Trump earned up to $23 million from licensing his name to developers in emerging markets, according to a filing with the U.S. Office of Government Ethics. “The licensing deals are the best of all because there’s no risk,” Trump told Reuters in an interview in June. “I have 121 deals right now, going forward, right now, 121, all over the world, in China, in Indonesia,” he added. (Trump's foreign business interests: tmsnrt.rs/2gakiTQ) Trump has said he will hand control of his company to his children.  However, when he met with his Indian business partners last week it prompted a chorus of criticism that the wall between Trump and his company was still too porous. The Trump Organization has said a business structure will be set up that complies with “all applicable rules and regulations.” Trump has yet to commit to setting up a blind trust that would formally sever his ties with his business.  “I’m very confident he’s not breaking any laws,” Kellyanne Conway, a senior adviser to Trump, told reporters at Trump Tower in New York on Monday. Trump could face a backlash against his business interests in Middle Eastern and Asian markets if he follows through with his campaign promise to ban Muslims from entering the United States, and continues to be open to restoring waterboarding - a form of interrogation widely viewed as torture - or creating a national registry for Muslims, analysts said. “If the Muslim registry is introduced, he will have serious issues finding Muslim local partners,” said Professor Koen Pauwels, a marketing specialist at Ozyegin University, Istanbul. There would be a “backlash” if Trump substantially tightens visa restrictions on Muslim visitors, Pauwels added. In December 2015, Trump’s anti-Muslim comments cost him business in the Middle East when a major chain of department stores halted sales of his glitzy “Trump Home” line of lamps, mirrors and jewelry boxes in the region. Trump has long identified the Middle East as a major growth market, and his company is working with Dubai-based real estate giant DAMAC Properties to build two golf clubs - including one with a course designed by Tiger Woods - and a gated island community outside the city.  His daughter Ivanka said last year the organization was in talks on deals in Qatar and Saudi Arabia. Trump has a licensing deal with a developer for a Trump-branded retail complex in Istanbul. He also has signed deals in Indonesia, the world’s most populous Muslim country, to put his name on a redeveloped luxury golf resort in Java and a luxury cliff-top hotel and residential development in Bali. And it is not just in the Middle East that Trump could face repercussions for any foreign policy decisions. Trump’s $1.5 billion billion-pound golf and residential project north of Aberdeen in Scotland could also be affected, warned councilor Isobel Davidson, who sits on the panel responsible for approving planning applications for the project. If Trump proceeds with any anti-Muslim proposal, it could make it harder for him to advance his development, she said. “Councilors are not supposed to take the character of the applicant into consideration when we are making a planning decision but sometimes it’s quite hard not to,” she said. Analysts said they saw more potential upside for Trump’s business from his election than downside. Very simply, people would want to be associated with the personal brand of the U.S. president. “It will have a boost because he has become more famous that he was before,” said Professor Chiranjib Sen, Azim Premji University in India’s Bangalore. One test case could be China, which the Trump Organization has identified as a “top priority among high-potential emerging markets,” according to a 2013 press release. On the campaign trail, Trump threatened to label China a currency manipulator and impose import tariffs on Chinese imports.  Suisheng Zhao, a China expert at the University of Denver, said if Trump did impose tariffs and more robustly challenged China’s interests in the South China Sea, Beijing could tell Chinese businesses to abandon any talks or deals with the Trump Organization. Trump-branded property could also present a target for bombings or other kinds of attacks, said Professor Peter Neumann, of the International Centre for the Study of Radicalisation and Political Violence at King’s College London. “From a terrorist’s perspective, it’s a very attractive target,” he said. What Trump does not do could also affect his foreign business interests.  Mehmet Ugur, Professor of Economics and Institutions, at the University of Greenwich Business School, said that Trump’s businesses could benefit if he takes a softer line on countries accused of human rights violations.  Countries such as Turkey, China and Indonesia would “be more than happy to welcome Trump Organization,” he said.",0,neutralize_real
real_119,"Myanmar, accused of crackdown, invited to U.S.-Thai military exercise. WASHINGTON (Reuters) - The Myanmar military, which has been accused of ethnic cleansing against the country s Muslim Rohingya minority, has been invited back as an observer in a major multinational military exercise next year led by the United States and Thailand.   Lieutenant Colonel Christopher Logan, a Pentagon spokesman, told Reuters that Thailand had invited Myanmar to take part in the annual Cobra Gold exercise, which involves thousands of U.S and Thai military personnel and participants from other Asian countries.  Myanmar had been invited to observe the humanitarian assistance and disaster relief portion of the exercise, Logan said.  A senior officer at the Directorate of Joint Intelligence of the Royal Thai Armed Forces told Reuters it was unclear whether Myanmar had accepted the invitation but Thailand was eager for them to join. Asked why Thailand decided to invite Myanmar despite concerns over the crackdown against the Rohingya and whether this issue was part of their deliberations, the official said:  That never came up in the discussions. We separated that issue (the Rohingya). We focus on training, on education, on military cooperation. That is our wish, to have Myanmar involved.   That is politics. We are soldiers. This is a military exercise,  added the official, who declined to be named because he was not authorized to speak to the media. The Myanmar military did not respond to several requests for comment. When asked whether the U.S. military had attempted to apply pressure on Thailand not to invite Myanmar because of the international condemnation of its crackdown, the Pentagon declined to comment on internal deliberations.   Myanmar s military cracked down on Muslim Rohingya from Rakhine state following Rohingya militant attacks on an army base and police posts in August. The crackdown has caused around 650,000 Rohingya to flee to Bangladesh in recent months.  The United States and the United Nations have described the campaign as ethnic cleansing of the stateless Rohingya people.  The Myanmar military has said its own internal investigation had exonerated security forces of all accusations of atrocities in Rakhine.   But earlier this week, the United States imposed sanctions on 13  serious human rights abusers and corrupt actors  including Myanmar general Maung Maung Soe, who oversaw the crackdown against the Rohingya.  Zachary Abuza, a professor at the U.S. National War College, said inviting Myanmar to the exercise was  outrageous  and sent the wrong message.  To invite them after what the U.S. government has labeled ethnic cleansing, when the Treasury Department just yesterday designated the commander for these egregious violations of human rights, just seems wrong, and that is putting it too mildly,  said Abuza, who focuses on Southeast Asia and security issues, including human rights. In the 2017 Cobra Gold exercise, 29 nations either participated or observed the exercise, including Myanmar. It included about 3,600 U.S. personnel. Cobra Gold is an annual exercise in Thailand. The 2018 war games are expected to be held in February. The United States and Thailand have carried out joint war games for decades, even though Bangkok s record on human rights and democracy has often been criticized in Washington. The U.S.-Thai relationship cooled when the Thai military took power in a 2014 coup but has improved under President Donald Trump. Two Reuters journalists were arrested in Myanmar on Dec. 12 and on Thursday appeared in court and have been remanded in custody. Reporters Wa Lone and Kyaw Soe Oo have been in detention for nine days with no detail on where they are being held. They have not had access to visitors or lawyers.",0,neutralize_real
real_120,"Senate Republicans tie tax plan to repeal of key Obamacare mandate. WASHINGTON (Reuters) - U.S. Senate Republicans on Tuesday linked repealing a key component of Obamacare to their ambitious tax-cut plan, raising new political risks and uncertainties for the tax measure that financial markets have been monitoring closely for months. In comments that infuriated Democrats and left some senior Republicans unsure what comes next, Senate Republican leader Mitch McConnell told reporters: “We’re optimistic that inserting the individual mandate repeal would be helpful and that’s obviously the view of the Senate Finance Committee Republicans as well.” The finance panel, which had been in session for two days, abruptly adjourned on Tuesday as Democrats slammed the Republicans’ handling of their tax proposals, for which formal legislative language has still not been unveiled. Ron Wyden, the committee’s top Democrat, demanded more time for Democrats to discuss the issue “because we were never told that healthcare was going to be part of it and this just flew in literally out of nowhere in the last 20 minutes.” Tying Obamacare to the tax program introduces new risks for the Republicans and for President Donald Trump. Together, they have yet to score a major legislative win since Trump took power in January, even with control of Congress and the White House. The president, who has struggled in his relations with Congress, suggested in a tweet on Monday that the mandate repeal should be added to the tax plan, following up on a similar Nov. 3 tweet. No final decision on such a move was made at the Senate Republicans’ weekly luncheon, Senator Susan Collins told reporters afterward. She played a key role in July’s collapse of a years-long push by fellow Republicans to gut Obamacare, former Democratic President Barack Obama’s signature healthcare law, formally known as the Affordable Care Act. “I personally think that it complicates tax reform to put the repeal of the individual mandate in there,” Collins said. Asked if she would back the tax bill if a mandate repeal were added, she said: “I’m going to wait and see.” Senator John McCain, who was also central to his party’s failed Obamacare repeal earlier this year, was non-committal on putting the mandate repeal in the tax plan, saying: “I want to see the whole bill before I decide.” The Senate and House of Representatives are developing separate tax-cut packages they plan to reconcile eventually and send to Trump’s desk for enactment into law, an outcome Republicans are eager to achieve so they can face U.S. voters next year with at least one major legislative achievement. House Speaker Paul Ryan, asked why the repeal of the Obamacare mandate was not in the House version of the tax proposal, told Fox News on Tuesday: “We didn’t want to complicate tax reform, make it harder than it otherwise would be.” The House had already agreed to eliminate the mandate in a healthcare bill it passed in May, he noted, adding: “We want to see the Senate go first and see if they can get that done and then we’ll discuss whether or not it’s included at the end.” The Trump administration strongly supports the House version of the tax legislation, saying its passage would be “an important first step in achieving comprehensive tax reform,” the White House said in a statement on Tuesday.      U.S. financial markets have been watching closely, with U.S. stocks rallying in recent months, partly on hopes of business tax cuts. They showed little reaction to Tuesday’s developments. The individual mandate requires Americans to have health insurance or pay a penalty to Washington, a provision that Republicans have long opposed as government overreach. But the mandate plays a critical role in Obamacare by requiring young, healthy people, who might otherwise go without coverage, to purchase insurance and help offset the costs of covering sicker and older Americans. Underscoring the devastating consequences for Obamacare if the mandate were repealed, the nonpartisan Congressional Budget Office said last week that such a change would increase the number of Americans without health insurance by 13 million by 2027. The CBO added that  mandate repeal would raise the average insurance policy premiums in the Obamacare marketplaces by about 10 percent annually over the next decade. Repealing the mandate would also lower the federal deficit by $338 billion over the same time period, the CBO said, a finding that several Republican senators said influenced the move. Eliminating the individual mandate would lower the number of Americans with health insurance, meaning the federal government would spend less on subsidizing coverage for lower- and middle-income people, making that money available to pay for tax cuts. Neither the Senate nor the House tax plans now includes repealing the mandate. But both plan would add about $1.5 trillion over 10 years to the federal deficit and the national debt, which now exceeds $20 trillion. Congressional Republicans hope to pass tax legislation by the end of the year and are moving fast, despite uncertainties. They hold only a razor-thin 52-48 majority in the Senate. If Democrats remain united in opposition, Republicans could afford to lose no more than two senators from within their own ranks and still secure passage of tax legislation. Democrats have dismissed the Republican plans as deficit-expanding giveaways to corporations and the wealthy. Representative Lloyd Doggett, a senior member of the House tax committee, said in a statement that the House tax bill was “just a way to curry favor with Washington special interests – awarding tax windfalls to large multinational corporations and the fortunate few that sit way atop the economic ladder.”",0,neutralize_real
real_121,"Abe aims to underscore importance of Japan-U.S. alliance with Trump. TOKYO (Reuters) - Japanese Prime Minister Shinzo Abe aims to underscore the importance of the Japan-U.S. alliance when he meets President-elect Donald Trump on Thursday, Foreign Minister Fumio Kishida said on Sunday. “This is going to be an important meeting to build trust,” Kishida told public broadcaster NHK. “We also would like to use this opportunity to input the importance of the Japan-U.S. alliance, as well.” With Abe set to meet Trump in New York on his way to an Asia-Pacific summit in Peru, Tokyo has been seeking clarity on what direction the Republican political novice wants for bilateral relations after he made comments on the campaign trail that were at odds with longstanding policies. Kishida reiterated Japan’s long-standing position that it has no plans to possess nuclear weapons. During his campaign, Trump left open the possibility that Japan - the only country to have suffered a nuclear bombing - might adopt nuclear weapons. “I don’t believe Japan will possess nuclear arms. This principle won’t change,” Kishida said. Trump’s campaign comments on Japan’s nuclear armament and his demand that Japan pay more for the upkeep of U.S. forces on its soil have worried Tokyo about a possible rift in a security alliance with Washington that has been the bedrock of its defense since World War Two. Defence Minister Tomomi Inada told the same NHK program that Japan is already shouldering enough financial burden to support U.S. troops deployed in Japan.  “Japan is making sufficient contribution,” she said. “I would like to continue underscoring that Japan is going to strengthen its own defense posture both in quality and quantity, strengthen the Japan-U.S. alliance and strengthen ties with other relevant countries.”",0,neutralize_real
real_122,"Former FBI chief Comey says confused by shifting explanations of his firing. WASHINGTON (Reuters) - Former FBI chief James Comey said on Thursday that he found the shifting explanations for why President Donald Trump had fired him both confusing and concerning. “When I was appointed FBI director in 2013, I understood that I served at the pleasure of the president,” Comey told the Senate Intelligence Committee. “On May the ninth, when I learned that I was fired, for that reason, I immediately came home as a private citizen,” he said. “But then the explanations, the shifting explanations confused me and increasingly concerned me.”",0,neutralize_real
real_123,"Senator McCain wants hearing on possible F-16 sale to Pakistan. WASHINGTON (Reuters) - U.S. Senator John McCain on Thursday urged the Senate Foreign Relations Committee to hold a hearing on the possible sale of Lockheed Martin Corp F-16 fighter jets to Pakistan, as more lawmakers expressed concern about the deal. McCain, chairman of the Senate Armed Services Committee, told reporters he was concerned about the timing of the Obama administration’s decision to approve the sale of the fighter jets to Pakistan, and the potential consequences for U.S. relations with India. “I would rather have seen it kicked over into the next administration,” McCain said. A hearing would help senators decide what to do about the proposed sale, he said, noting he was very “conflicted.” The U.S. government announced on Feb. 12 that it had approved the sale to Pakistan of up to eight additional F-16 fighter jets, as well as radars and other equipment in a deal valued at $699 million.  The deal drew immediate criticism from India. Separately, U.S. Senator Rand Paul said Thursday he had introduced a resolution of disapproval seeking to halt U.S. arms sales to Pakistan’s government. If passed, the measure would stop the F-16 sale. U.S. lawmakers have until March 12 to block the sale. Such action is rare since deals are usually well vetted before any formal notification, and it remained unclear if lawmakers would thwart the deal. State Department spokesman David McKeeby said the proposed sale of F-16s would assist Pakistan’s counterterrorism and counterinsurgency operations and was in the interests of Pakistan, the United States, NATO and the region. “Pakistan’s current F-16s have proven critical to the success of these operations to date. These operations reduce the ability of militants to use Pakistani territory as a safe haven for terrorism and a base of support for the insurgency in Afghanistan,” he said. McKeeby said the department was aware of congressional concerns and would continue to consult and engage with lawmakers. Senate Foreign Relations Committee Chairman Bob Corker allowed the Obama administration to proceed with the deal, but said he would not approve using U.S. funds to pay for the planes through the foreign military financing (FMF) program.  Corker told Secretary of State John Kerry in a letter earlier this month that he was concerned about Pakistan’s ties to the Haqqani network, a militant group that U.S. officials have said is behind attacks in Afghanistan.",0,neutralize_real
real_124,"Michigan state House approves carrying concealed guns without permit. (Reuters) - Legislation to allow Michigan gun owners to carry a concealed handgun without a permit was approved in the state House of Representatives on Wednesday, in a move that follows the lead of a dozen other states. The package of four bills, which cleared the Republican-controlled House with support from a handful of Democrats, now moves to the Senate, also dominated by Republicans.  It was not immediately clear whether Michigan’s Republican Governor Rick Snyder supports the bill. But the measure, if also approved in a Senate vote, could automatically become law 14 days after reaching the governor’s desk unless he vetoes it. The legislation would lift a requirement that handgun owners obtain a concealed pistol license with a $100 fee to legally carry the weapon in public.  Handgun owners also would be allowed carry a concealed pistol in public without the firearms training that is currently mandated.  Advocates framed the issue as upholding a U.S. constitutional right to bear arms. “We all know criminals are not paying fees, taking classes and waiting for approval to come in the mail before they begin carrying guns,” Michigan state Representative Michele Hoitenga, sponsor of the bill, said in a statement.  The legislation “levels the playing field for honest people,” she said. Opponents of the bill criticized it as dangerous. Twelve other U.S. states already allow gun owners to carry their weapons without a concealed-carry permit, according to the Law Center to Prevent Gun Violence. Most are conservative-leaning with Republican-majority legislatures but Vermont, where Democrats control the statehouse, is among the 12. “The states that have eliminated the permit requirement are basically making it easier to carry a gun in public than drive a car,” said Hannah Shearer, a staff attorney with the San Francisco-based Law Center to Prevent Gun Violence. Legislation introduced in the U.S. Congress this year would, if approved and signed by President Donald Trump, require all states to allow firearm owners to carry their guns under the regulations of their home state, even if visiting elsewhere. For instance, a person allowed to carry a concealed firearm without a permit in North Dakota could do so when visiting California or New York state, where permits are required, Shearer said.",0,neutralize_real
real_125,"Chinese general kills himself amid corruption probe. BEIJING (Reuters) - A prominent Chinese general under investigation for corruption has committed suicide, state media said on Tuesday, the latest development in a sweeping anti-graft campaign that has shaken the armed forces. Zhang Yang, a former member of the powerful Central Military Commission (CMC), was being investigated over links to disgraced generals Guo Boxiong and Xu Caihou, the official Xinhua news agency said. The investigation into Zhang, 66, had verified that he  gravely violated discipline , was  suspected of giving and taking bribes  and the origin of a huge amount of assets was unclear, Xinhua said, citing the commission.  On the afternoon of Nov. 23, Zhang Yang hanged himself at home,  the agency said. A suicide by an officer who held such a senior post is rare, though experts have said the frequency of officials from various levels of government taking their own lives may have increased as a result of the intensity of the corruption crackdown since President Xi Jinping took power five years ago. A commentary carried on both the Defense Ministry and military s official websites said the CMC decided on Aug. 28 to investigate Zhang, who had  lost his moral bottom line  and used suicide as a means to  escape punishment from the party and country , an  extremely abominable act .  This former general of high position and great power used this shameful way to end his own life,  the commentary said.  He would exhort loyalty but be corrupt behind others  backs, a typical  two-faced person ,  it said. Sources had told Reuters that Zhang, who had served as director of the military s Political Work Department, had been subject to an investigation, but the government had not announced it. Zhang s downfall was foreshadowed in September when he failed to make a list of 303 military delegates to the ruling Communist Party s key five-yearly congress, along with fellow CMC member Fang Fenghui. Both men were replaced at the congress, held last month, as part of a sweeping military leadership reshuffle in which Xi install trusted allies in key positions. China s military, the world s largest and undergoing an ambitious modernization campaign, has been an important focus of Xi s deep-seated fight against corruption. Serving and retired officers have said graft in the armed forces is so pervasive it could undermine China s ability to wage war. Dozens of officers have been investigated and jailed, including Xu and Guo, both former vice chairmen of the commission, which Xi heads. Xu once ran the Political Work Department, which is in charge of imbuing political thought and makes military personnel decisions, and along with Guo was accused of taking bribes in exchange for promotions. Guo was jailed for life last year. Xu died of cancer in 2015 before he could face trial.",0,neutralize_real
real_126,"Bangladesh to turn island into temporary home for 100,000 Rohingya refugees. DHAKA (Reuters) - Bangladesh approved a $280 million project on Tuesday to develop an isolated and flood-prone island in the Bay of Bengal to temporarily house 100,000 Rohingya Muslims fleeing violence in neighbouring Myanmar.     The decision came just days after Bangladesh sealed a deal aiming to start returning Rohingya to Myanmar within two months to reduce pressure in refugee camps.     A Bangladeshi government committee headed by Prime Minister Sheikh Hasina approved the plan to develop Bhashan Char island, also known as Thenger Char, despite criticism from humanitarian workers who have said the island is all but uninhabitable. Planning Minister Mustafa Kamal said it would take time to repatriate the refugees, and in the meantime Bangladesh needed a place to house them. The project to house 100,000 refugees on the island would be complete by 2019, he said.      Many Rohingya people are living in dire conditions,  he said, describing the influx of refugees as  a threat to both security and the environment .  More than 620,000 Rohingya Muslims have sought sanctuary in Bangladesh after the military in mostly Buddhist Myanmar launched a harsh counter-insurgency operation in their villages across the northern parts of Rakhine State, following attacks by Rohingya militants on an army base and police posts on Aug. 25. Bangladesh Foreign Minister Abul Hassan Mahmood Ali appealed in September for international support to transport Rohingya to the island. There were already about 300,000 Rohingya refugees in Bangladesh before the most recent exodus. Bangladesh, one of the world s poorest and most crowded nations, plans to develop the island, which emerged from the silt off Bangladesh s delta coast only 11 years ago and is two hours by boat from the nearest settlement.     It regularly floods during the June-September monsoons. When seas are calm, pirates roam the nearby waters to kidnap fishermen for ransom.    A plan to develop the island and use it to house refugees was first proposed in 2015 and revived last year. Despite criticism of the conditions on the island, Bangladesh says it has the right to decide where to shelter the growing numbers of refugees.",0,neutralize_real
real_127,"Palestinians may seek U.N. Assembly support if U.S. vetoes Jerusalem resolution: envoy. DUBAI (Reuters) - The Palestinian leadership may turn to the U.N. General Assembly if Washington vetoes a draft U.N. Security Council resolution to reaffirm Jerusalem s status as unresolved, after President Donald Trump s decision to recognize it as Israel s capital. The Palestinian United Nations envoy raised this option in remarks published in Saudi daily Arab News on Monday, ahead of a Security Council vote on an Egyptian-drafted resolution about Jerusalem s status which the United States is expected to veto. The draft says any  decisions and actions which purport to have altered the character, status or demographic composition of the Holy City of Jerusalem have no legal effect, are null and void and must be rescinded . Trump s Dec. 6 decision to recognize Jerusalem as Israel s capital and to move the U.S. Embassy to the city has provoked widespread anger and protests among Palestinians as well as broad international criticism, including from top U.S. allies. Israel says Jerusalem is its indivisible capital. It captured East Jerusalem in the 1967 Middle East war and annexed it in a move never recognized internationally. Palestinians want East Jerusalem as the capital of a future state they seek in territory Israel captured a half century ago.  Arab News quoted Ambassador Riyad Mansour as saying that the Palestinians and Egyptians have worked closely with Security Council members while drafting the resolution to ensure that it gets overwhelming support.  The Europeans in particular asked us to avoid terms like  denounce  and  condemn,  and not to mention the U.S. by name,  it quoted Mansour as saying.  We acceded to their request but kept the active clauses rejecting all changes to Jerusalem and the reaffirmation of previous decisions.  Israel has long accused the United Nations of bias against it in its conflict with the Palestinians and Prime Minister Benjamin Netanyahu praised Trump s move again on Sunday.  The Palestinians have the option of invoking a rarely-used article of the U.N. Charter that calls for parties to a dispute not to cast a veto, Arab News said. But, it said, they are more likely to take the issue to the General Assembly under Resolution 377A, known as the  Uniting for Peace  resolution. Resolution 377A was passed in 1950 and used to authorize the deployment of U.S. troops to fight in the Korean war. Mansour said Palestinians resorted to the  Uniting for Peace  resolution in the 1990s after Israel began building a settlement on Jabal Abut Ghnaim, a hilltop on occupied West Bank land south of Jerusalem, but left that session in suspension. However, they could seek a resumption of the session, he said.  If the resolution is vetoed, the Palestinian delegation can send a letter to the U.N. Secretary General and ask him to resume the emergency session,  he said, according to Arab News.",0,neutralize_real
real_128,"Japan to discuss broad econ framework with U.S., not bilateral FTA: Aso. TOKYO (Reuters) - Japanese Deputy Prime Minister Taro Aso said he would discuss a broad framework on bilateral economic cooperation with U.S. Vice President Mike Pence without going into any details in their first round of talks on Tuesday. Speaking at a regular news conference, Aso, who is also finance minister, said he would not discuss any bilateral free trade agreement with Pence when he visits Tokyo on Tuesday.",0,neutralize_real
real_129,"U.S. keeps up diplomatic efforts to deal with North Korea crisis. NEW DELHI (Reuters) - Diplomatic efforts to tackle the crisis caused by North Korea s nuclear and missile buildup are continuing, U. S. Defense Secretary Jim Mattis said on Tuesday.  Mattis, who is on a two-day official visit to the Indian capital to strengthen military ties said pressure on North Korea had increased following a United Nations resolution.   We continue to maintain the diplomatically led efforts in the United Nations,  he told reporters.  You have seen unanimous U.N. security council resolutions passed that have increased the pressure...on the North and at the same time we maintain the capability to deter North Korea s most dangerous threats,  he added.",0,neutralize_real
real_130,"Senator Warren criticizes Equifax potential to profit from breach. WASHINGTON (Reuters) - U.S. Senator Elizabeth Warren criticized Equifax Inc (EFX.N) on Wednesday, saying it failed to protect customers adequately  after a massive data breach and stood to gain financially from a hack that exposed information on more than 140 million people. “The breach of your system has actually created more business opportunities for you,” Warren, a Democrat known for her consumer advocacy, told former Equifax Chief Executive Officer Richard Smith during his second congressional grilling this week. In addition to providing consumer credit reports, Equifax offers products to protect people’s data from misuse.  Warren said this business mix creates a conflict of interest by making Equifax responsible for protecting consumer data while allowing it to profit from consumers’ attempts to mitigate the breach.  “Equifax is making money, millions of dollars off its own screw-up and meanwhile the potential cost to Equifax are shockingly low,” Warren told Smith, 57, during the U.S. Senate Banking Committee hearing. Smith retired from the credit reporting company last week but led it during the time of the breach, which it disclosed last month. Smith conceded the hack created an opportunity for fraud, and the company could profit from consumers seeking to protect their data. But he defended Equifax’s social utility. The company gathers data on consumers which it then sells to banks to allow them to better assess a borrower’s creditworthiness.  “The company has been around for 118 years and for most of those 118 years has done good things,” Smith said.  Following the hearing, Warren told reporters that Equifax’s new product allowing individuals to “lock” and “unlock” their credit reports does not provide sufficient protection and only a change in law can fully shield people’s information. “It only applies to Equifax. Consumers are now vulnerable to the loss of their data and some thief going through one of the other credit reporting agencies. That’s why we need to change the law. We need to make it in place forever and make sure consumers have control over their own data,” she said. Wednesday’s hearing was the second of four hearings for Smith this week as lawmakers scrutinize the breach. Several lawmakers on Wednesday also questioned why Equifax had been granted a contract with the Internal Revenue Service to help verify taxpayer data. Speaking before Congress on Tuesday, Smith repeatedly apologized for the breach, saying it took weeks for the credit bureau to understand the extent of the intrusion.",0,neutralize_real
real_131,"U.S. House Republicans finalize list of rules to kill in Wednesday vote. WASHINGTON (Reuters) - Republicans pressed ahead in their deregulatory push on Tuesday, with the U.S. House of Representatives Rules Committee officially adding a regulation on methane and one intended to root out pay discrimination to the list of rules the whole chamber will vote to kill on Wednesday. On Monday, the committee sent three other recently enacted rules on the environment, corruption and guns to the full House to axe under the Congressional Review Act, which has only been used effectively once, in 2001.  The Republican-controlled House is expected to vote to overturn all five regulations on Wednesday, and then hand them off to the Senate. Agencies cannot create a new rule to replace any part of an overturned regulation, and Democrats at Tuesday’s committee hearing argued that House Republicans were closing off the possibility of enacting regulations that could be needed in the future.  They also pressed for more time to consider rolling back regulations that often took months and years to craft. “What we’ve been doing today and yesterday ... I would characterize as mindless legislating,” said Representative Jim McGovern, a Democrat from Massachusetts. “I worry that this whole process is going to subject a lot of vulnerable people, and a lot of working people, as well as our environment to some pretty dark consequences.” New York’s Louise Slaughter, the committee’s senior Democrat, while talking about the methane rule during the one-hour hearing bluntly said: “I disagree wholeheartedly with what you’re doing.” Democrats, though, have little power to stop the overturning of regulations. Only simple majorities in both chambers are needed to kill a rule. In the past, Republicans’ nullification attempts were met with veto threats by former president Barack Obama, a Democrat. Now, a fellow Republican occupies the White House, President Donald Trump. Critics of the methane rule say the regulation, which covers emissions from oil and gas operations on federal and Indian land, is not necessary. They cast it as a duplicative regulation that usurps state rights and slows down the distribution of natural gas through excessive red tape. Supporters, meanwhile, say that the rule keeps oil and gas companies from polluting the environment, brings in royalties to the federal government, and reduces wasted methane. Those wanting to see the pay-discrimination rule overturned have similar complaints, saying that other rules already cover the area and that requiring federal contractors to collect information on their employees will be expensive and time-consuming.",0,neutralize_real
real_132,"U.S. Air Force picks Raytheon, Lockheed for next-gen cruise missile. (Reuters) - The U.S. Air Force has awarded Lockheed Martin Corp and Raytheon Co separate $900 million contracts to continue work on a replacement for the AGM-86B air-launched nuclear cruise missile, the Pentagon said on Wednesday. Although the award for the new Long Range Standoff weapon (LRSO) comes amid rising tensions with North Korea, the Air Force had asked the defense industry last summer for proposals to replace the aging nuclear cruise missiles and intercontinental ballistic missile system as the military moved ahead with a costly modernization of its aging atomic weapons systems. “This weapon will modernize the air-based leg of the nuclear triad,” said Secretary of the Air Force Heather Wilson in a statement. LRSO, which is a plane launched weapon, “will be capable of penetrating and surviving advanced integrated air defense systems from significant standoff range” Lockheed Martin said in its statement about the award. The relatively small contract award is a milestone that allows Lockheed and Raytheon to continue parallel detailed development and prototyping for the cruise missile replacement. For the next four and a half years, the companies will perform the technology maturation and risk reduction of the weapon. Once complete, the Air Force will choose a single contractor for engineering, manufacturing and deployment. The Air Force plans to procure approximately 1,000 LRSO flight bodies, with development and procurement costs estimated at about $10 billion, according to an Air Force spokesperson. Only some of the bodies will be armed with nuclear weapons, the others will be used for testing or spares. The Air Force has said it plans to start fielding LRSO by 2030. The current cruise missile was first fielded in the early 1980s with a 10-year life. On Monday, the Air Force awarded Boeing Co and Northrop Grumman Corp separate contracts to continue work on the replacement of the aging Minuteman III ICBM system. Modernization of the U.S. nuclear force was expected to cost more than $350 billion over the next decade. The United States plans to replace its aging systems, including bombs, nuclear bombers, missiles and submarines. Some analysts estimated the cost at $1 trillion over 30 years.",0,neutralize_real
real_133,"Romania negotiating to buy U.S. rocket systems worth $1.25 billion: Pentagon. WASHINGTON (Reuters) - The U.S. State Department has approved the sale of mobile artillery rocket systems to Romania worth up to $1.25 billion, the Defense Security Cooperation Agency said on Friday. The Pentagon agency said it notified Congress of the possible sale on Thursday. Lockheed Martin is the prime contractor for the weapons system. Romania has asked for up to 54 high mobility artillery rocket systems and related services and equipment, the agency said in a statement.",0,neutralize_real
real_134,"Top U.S. intelligence Democrat blasts White House over Nunes documents. WASHINGTON (Reuters) - The top Democrat on the House of Representatives Intelligence Committee blasted the White House on Tuesday for playing a role “in selectively and surreptitiously” providing documents to committee chairman Devin Nunes. “If the White House had any concerns over these documents, or any other documents, they should have provided them to our committee weeks ago,” Representative Adam Schiff said in a statement. He said he expected the documents, related to surveillance that swept up some communications by Trump associates, would be available to the full House and Senate intelligence committees “soon.”",0,neutralize_real
real_135,"U.S. Senate confirms Trump's pick for top Supreme Court lawyer. WASHINGTON (Reuters) - The Republican-controlled U.S. Senate on Tuesday confirmed President Donald Trump’s nominee to serve as his administration’s top advocate before the U.S. Supreme Court, overcoming united Democratic opposition. Noel Francisco, a Washington lawyer with strong conservative credentials who previously worked in Republican former President George W. Bush’s administration, was confirmed by the Senate as U.S. solicitor general on a vote of 50-47. All the Senate’s Democrats voted against him except for New Jersey’s Robert Menendez, who is currently on trial facing corruption charges in Newark. Francisco takes up his new position as the Supreme Court prepares to begin its new term on Oct. 2. The court has several potential blockbuster cases on its docket, including the challenge to Trump’s travel ban on people from six predominantly Muslim countries entering the United States. That case will be argued before the justices on Oct. 10. Francisco, who previously worked at the Jones Day law firm,  will now be overseeing the Justice Department’s defense of the ban and other major policy initiatives that are challenged in court. He has argued three cases at the Supreme Court. Most recently, he represented Republican former Virginia Governor Robert McDonnell in a successful attempt to throw out corruption convictions. The justices ruled in favor of McDonnell last year in an 8-0 ruling that could make it tougher to prosecute politicians for corruption. Francisco served as a White House lawyer from 2001 to 2003 and spent another two years in the Justice Department’s Office of Legal Counsel from 2003 to 2005. He previously worked as a clerk for the late Supreme Court conservative Justice Antonin Scalia.",0,neutralize_real
real_136,"Czech election front-runner likely to put stamp on state-owned CEZ. PRAGUE (Reuters) - Andrej Babis say he wants to run the Czech Republic like a business, which may mean upheaval is ahead for the country s biggest state-controlled business, the utility CEZ. The billionaire Babis has a history of confrontation with CEZ management, and with his ANO party leading in polls ahead of parliamentary elections on Friday and Saturday, he may soon have the power to take on the management he feels has steered the company adrift.  The fact that CEZ is out of his control and he doesn t have a decision in it has bothered him quite a bit,  Jiri Pehe, a long-time political analyst and director of New York University in Prague.  As one of the top businessmen in the country, he simply wants to have CEZ under his control.     CEZ is 70 percent state-owned, and with market capitalization of $11.3 billion, is the Czech Republic s largest listed company. As such, it has long played a central role in Czech politics. It is the government s cash cow, paying the largest dividends among state-controlled companies to the state coffers. Its investment projects provide big-ticket orders for numerous Czech suppliers. Its chief executive, Daniel Benes, has led the company since 2011, after joining the board six years earlier. His contract has another four years to run. He has enjoyed the backing of previous prime ministers, including the outgoing Social Democrat Bohuslav Sobotka. That will probably end if Babis takes power following Saturday s elections.  A billionaire whose own businesses include food, chemical and media holdings, Babis has long maintained that CEZ has too much influence on political parties, a charge he repeated most recently in an interview published this week.  In my view, one state firm cannot run all political parties and cannot be a piggy bank for politicians,  Babis told the magazine Tyden. A CEZ spokesman declined to comment on his remarks. As finance minister from January 2014 to May of this year, Babis clashed with CEZ management but did not have enough power to make big changes.  As prime minister, he would have more of a say, and he could reshape the supervisory board that appoints management. Over the past year, Babis has criticized a dividend cut, a potential sale of a coal plant and a proposal now under consideration to spin off regulated distribution and renewables assets. The proposed spin-off would separate and potentially sell CEZ s distribution and renewables businesses while the government would take full control of its nuclear and coal plants. That in turn would allow the government to take over the construction of new nuclear plants. Instead, Babis says CEZ should finance the construction of nuclear plants itself. CEZ management has refused to do so without explicit state guarantees to help fund the project. The proposed spin-off  is the first thing the government will have to solve,  said Miroslav Frayer, who covers the utility for Komercni Banka.  Michal Snobr, a long-time CEZ investor who represents a group that holds close to 1 percent in the company, said he expects things to change after the election.  Given how Babis is presenting it, there are likely to be changes in the CEZ leadership,  Snobr said.   This management has made so many mistakes that in a normal business environment, changes would have happened long ago,  he said. He cited long outages at CEZ s nuclear plant Dukovany, lack of company strategy and current initiatives, such as buying high-priced German wind plants. Snobr said a spin-off of CEZ, along the lines of the split of Innogy from RWE in Germany, should go ahead given the high valuations of regulated businesses. Babis may change his view after the election, he added.  And CEZ could not finance new nuclear plants without state backing, Snobr said, because such a costly project would not be commercially justifiable and would spark lawsuits from other shareholders.",0,neutralize_real
real_137,"NRA gun rights group pours money into Republican U.S. Senate campaigns. WASHINGTON (Reuters) - The National Rifle Association is on track for record spending this year on U.S. political campaigns, including Missouri’s U.S. Senate race where a gun-owning Democrat is waging a tough fight against an incumbent Republican backed by the gun rights group. Democrat Jason Kander, an Afghanistan war veteran, is running just 2.5 percentage points behind Republican U.S. Senator Roy Blunt in opinion polls in Missouri, despite the NRA’s expenditure of $1.8 million so far trying to protect Blunt as well as the Republicans’ U.S. Senate majority. Gun violence has transfixed the United States in 2016, from a massacre at an Orlando, Florida, nightclub to a rash of police shootings, fueling demands by some Democrats and activists for tighter gun laws. Those efforts have been thwarted, as in years past, by the NRA and its supporters, who say such measures would infringe on the right to bear arms guaranteed by the Second Amendment of the U.S. Constitution. Congress has not approved major gun-control legislation since the 1990s. An Aug. 19 Reuters/Ipsos poll found 41.8 percent of respondents agreed there should be strong restrictions on firearms and 22.4 percent supported moderate regulations.     Per-capita firearm ownership in the United States far exceeds any other country, according to government estimates.   In the Missouri race and other Senate contests in states such as North Carolina, Nevada, Florida and New Hampshire, the gun-control battle gripping Washington is playing out on the campaign trail. The NRA has spent $23.4 million in this election cycle, with a month to go before voting on Nov. 8, compared with a previous high of $27 million in the entire 2014 campaign cycle, according to federal data gathered by the Center for Responsive Politics. The NRA did not respond to requests for comment. In addition to Senate Republicans, the lobbying group is also backing Republican presidential nominee Donald Trump. Blunt, 66, is a two-decade veteran of Congress. He accuses Kander, 35, of being soft on gun ownership rights. Blunt has an “A” rating from the NRA. Kander has an “F,” which the NRA says he earned by backing expanded background checks on gun buyers and legislation that failed this year in Congress to bar people on “terrorism watch lists” from buying guns. “The difference between Senator Blunt and myself is that I want to stop criminals and suspected terrorists from having the same access to guns as the rest of us, which is why I support background checks,” Kander said in a statement to Reuters on Thursday. Kander, Missouri’s secretary of state, counterpunched against Blunt last month with a 30-second TV commercial that has had more than 1 million views on youtube.com.  In the ad, the former U.S. Army captain assembles a military-style rifle while blindfolded. He says he has supported gun ownership rights, but adds: “I also believe in background checks so that terrorists can’t get their hands on one of these.” A fierce debate in Washington over such background checks in June led to a 25-hour sit-in by Democrats on the floor of the House of Representatives.  “The reaction to that ad has reset the debate” in the Missouri Senate race, said Tim Daly, managing director of guns and crime policy for the liberal Center For American Progress, a think tank in Washington. Kander’s polling numbers were already rising when the Sept. 15 ad was first broadcast. But Daly said Kander planted fresh doubts over the NRA position on background checks. Blunt and his campaign spokesmen were not available for comment.  The NRA is Blunt’s No. 2 financial backer in the Missouri race, surpassed only by a group closely associated with U.S. Senate Majority Leader Mitch McConnell that backs Republicans. Like the Blunt-Kander battle, other key 2016 Senate races feature intense debate over guns as Republicans work to defend their control of the Senate. In North Carolina, the NRA has pumped in $2.8 million to support threatened incumbent Republican Senator Richard Burr. The first televised debate in New Hampshire this week between Republican Senator Kelly Ayotte and her Democratic challenger, Governor Maggie Hassan, began with a moderator asking how they could reduce gun violence without infringing on gun rights. Ayotte has come under attack from Americans for Responsible Solutions for her opposition to tough gun background checks. The group works to reduce U.S. gun violence in the United States.",0,neutralize_real
real_138,"Sea surges may devastate parts of Florida: Governor Scott. WASHINGTON (Reuters) - A powerful sea surge will accompany Hurricane Irma as the storm moves through Florida, and that blast of ocean water could badly damage coastal areas, Florida Governor Rick Scott said.  I am very concerned about the west coast,  Scott said of Florida s western shoreline that faces the Gulf of Mexico and is being hit hard by Irma. Scott was talking on Fox News Sunday. Later, on ABC News, Scott said:  This storm surge is just deadly.",0,neutralize_real
real_139,"Treasury chief 'confident' Congress will raise U.S. debt limit. WASHINGTON (Reuters) - U.S. Treasury Secretary Steven Mnuchin said on Thursday he was confident that Congress would raise the federal debt limit  “before there’s an issue” with U.S. creditworthiness, and he pledged that the Trump administration’s tax reform plans would be paid for. “We’re going to get it increased,” Mnuchin told Fox Business Network about the debt limit. “The credit of the United States is the utmost. I’ve said to Congress they should do it as quickly as they can. But we are very focused on working with them and I’m confident we’ll get there before there’s an issue.” Mnuchin said last week that he wanted a “clean” debt ceiling increase before the start of Congress’ summer recess in early August. Mnuchin said that it “makes no sense” to view the Trump administration’s tax reform plans through a “static” budget analysis that does not account for economic growth effects. He has previously pledged that increased economic growth would generate more revenue to offset lower tax rates. “We’re about creating economic growth, we’re about broadening the base and we’re going to make sure that this is tax reform, not just tax cuts, and that they’re paid for,” Mnuchin said.",0,neutralize_real
real_140,"Iran urges Muslim nations to defend Palestinians after Trump move. ISTANBUL (Reuters) - Iranian President Hassan Rouhani said on Wednesday all Muslim nations should work together to defend the rights of Palestinians following Donald Trump s decision last week to recognize Jerusalem as Israel s capital. Rouhani, attending an emergency meeting of Muslim leaders, said the U.S. president s move showed the United States lacked any respect for the legitimate rights of the Palestinian nation.   Iran is ready to cooperate with all Muslim countries without any precondition to defend the legitimate rights of Palestinians,  Rouhani told the gathering in the Turkish city  Istanbul.  Unity among Muslim countries is very important and Quds (Jerusalem) should become our top priority.  Opposition to Israel and support for the Palestinian cause have been central to Iran s foreign policy since the Islamic revolution of 1979 that toppled the U.S.-backed Shah.  Iran, the leading Shi ite Muslim power, and Sunni Muslim  Saudi Arabia are competing for influence in the Middle East, where they support rival groups in Yemen, Syria, Iraq and Lebanon. Tehran and Riyadh see each other as the paramount threat to regional peace and stability.  Saudi Arabia cut diplomatic relations with Iran in 2016 after Iranian protesters attacked Saudi diplomatic missions in Tehran and the city of Mashhad following Riyadh s execution of a prominent Shi ite cleric. Rouhani said Muslim countries should resolve their disputes through dialogue and he also accused Israel of planting seeds of tension across the Middle East. On his Twitter account, Rouhani said Trump s move to recognize Jerusalem as Israel s capital showed that Washington was not  an honest mediator and never will be , adding that it only wanted to  secure the interests of the Zionists . Iran does not recognize Israel and regards Palestine as comprising all of the holy land, including Israeli territory. Iranian leaders have repeatedly called for the destruction of Israel. Tehran backs several militant Islamist groups in their fight against Israel.",0,neutralize_real
real_141,"House Democrats rally to protect Special Counsel Mueller. WASHINGTON (Reuters) - Democrats in the U.S. House of Representatives rallied behind Special Counsel Robert Mueller on Thursday, after recent attempts by Republicans and conservative news outlets to discredit him and his probe into Russian interference in the 2016 presidential election. In a letter sent to Justice Department Deputy Attorney General Rod Rosenstein, 171 of the 193 Democrats in the House said they support Mueller’s probe, and urged Rosenstein to let it continue “unfettered by political influence or threats to his authority.”  “We will not stand by and allow Fox News and right-wing Republicans to defy the rule of law and create their own rules to interfere with the legitimate investigation under the Constitution of the United States,” California Democrat Maxine Waters said during a press conference Thursday. “There is an organized effort by Republicans ... to spin a false narrative and conjure up outrageous scenarios to accuse Special Counsel Mueller of being biased,” she added. Rosenstein appointed Mueller as Special Counsel in May, after President Donald Trump fired former FBI Director James Comey for what Trump later said was “this Russia thing.” Critics promptly accused the president of trying to obstruct the probe. Mueller is investigating whether Trump’s presidential campaign colluded with Russia to interfere with the election. Russia has denied meddling and Trump has said there was no collusion.  Republican criticism of Mueller, himself a member of their party, has intensified in recent months since he charged four of Trump’s close associates, including former campaign manager Paul Manafort and former National Security Adviser Michael Flynn. Republicans and talk show hosts on Fox News have accused Mueller’s team and the Federal Bureau of Investigation of bias, citing issues including anti-Trump text messages exchanged between two FBI staffers who previously worked on Mueller’s team. House Republicans have launched their own investigation into the FBI’s handling of Hillary Clinton’s emails, and questioned whether she received favorable treatment after no charges were brought. Recently, rumors have flown around Washington that Trump may be seeking to have Mueller fired. Trump’s lawyers have said that is not true. Rosenstein, also a Republican, oversees Mueller’s team. He can only fire Mueller for good cause, and he told Congress last week he sees no legitimate basis for doing so. “This investigation must continue unimpeded,” House Judiciary Committee Ranking Democrat Jerrold Nadler said Thursday. Nadler said Republicans were trying to “provide cover for the President as the walls close in on him.”",0,neutralize_real
real_142,"Myanmar's Suu Kyi under pressure as almost 125,000 Rohingya flee violence. SHAMLAPUR, Bangladesh/DHAKA (Reuters) - Myanmar leader Aung San Suu Kyi came under more pressure on Tuesday to halt violence against Rohingya Muslims that has sent nearly 125,000 of them fleeing over the border to Bangladesh in just over 10 days. United Nations Secretary-General Antonio Guterres warned of the risk of ethnic cleansing and regional destabilization. He   urged the U.N. Security Council to press for restraint and calm in a rare letter to express concern that the violence could spiral into a  humanitarian catastrophe.  Reuters reporters saw hundreds more exhausted Rohingya arriving on boats near the Bangladeshi border village of Shamlapur on Tuesday, suggesting the exodus was far from over. The International Organization for Migration said humanitarian assistance needed to increase urgently and that     it and partner agencies had an immediate funding gap of $18 million over the next three months to boost lifesaving services for the new arrivals. Indonesian Foreign Minister Retno Marsudi said after meeting Bangladeshi Prime Minister Sheikh Hasina in Dhaka that Jakarta was ready to help Bangladesh in dealing with the crisis.  This humanitarian crisis shall be ended. I want to repeat, this humanitarian crisis shall be ended , she told reporters in Dhaka, a day after she held talks in the Myanmar capital. The latest violence in Myanmar s northwestern Rakhine state began on Aug. 25, when Rohingya insurgents attacked dozens of police posts and an army base. The ensuing clashes and a military counter-offensive have killed at least 400 people and triggered the exodus of villagers to Bangladesh. Myanmar officials blamed Rohingya militants for the burning of homes and civilian deaths, but rights monitors and Rohingya fleeing to Bangladesh say the Myanmar army is trying to force them out with a campaign of arson and killings. When asked if the violence could be described as ethnic cleansing, Guterres told reporters on Tuesday:  We are facing a risk, I hope we don t get there.   I appeal to all, all authorities in Myanmar, civilian authorities and military authorities, to indeed put an end to this violence that, in my opinion, is creating a situation that can destabilize the region,  he said. The treatment of Buddhist-majority Myanmar s roughly 1.1 million Muslim Rohingya is the biggest challenge facing Suu Kyi, who has been accused by Western critics of not speaking out for the minority that has long complained of persecution. Myanmar says its security forces are fighting a legitimate campaign against  terrorists.   H.T. Imam, a political adviser to Bangladesh Prime Minister Sheikh Hasina, said other countries from the Association of Southeast Asian Nations could join Indonesia in putting pressure on fellow member Myanmar. Malaysia, another ASEAN member, summoned Myanmar s ambassador to express displeasure over the violence and scolded Myanmar for making  little, if any  progress on the problem.  Malaysia believes that the matter of sustained violence and discrimination against the Rohingyas should be elevated to a higher international forum,  Malaysian Foreign Minister Anifah Aman said in a statement. Turkish President Tayyip Erdogan, who has said the violence against Rohingyas constituted genocide, told Suu Kyi the violence was of deep concern to the Muslim world, and that he was sending his foreign minister to Bangladesh. Pakistan, home to a large Rohingya community, has expressed  deep anguish  over the situation. About 210,000 Rohingya have sought refuge in Bangladesh since October, when Rohingya insurgents staged smaller attacks on security posts, triggering a major Myanmar army counter-offensive. Refugees arriving in Shamlapur, and residents of the village, said hundreds of boats arrived on Monday and Tuesday with several thousand people. Reuters reporters saw men, women and children with a few possessions, including chickens, disembark from one boat.  The army set fire to houses,  said Salim Ullah, 28, a farmer from Myanmar s village of Kyauk Pan Du, gripping a sack of belongings.  We got on the boat at daybreak. I came with my mother, wife and two children. There were 40 people on the boat.  The new arrivals - many sick or wounded - have strained the resources of aid agencies and communities already helping hundreds of thousands of refugees from previous spasms of violence in Myanmar.     Vivian Tan, a spokeswoman for the U.N. refugee agency, UNHCR, said one camp in Bangladesh, Kutupalong, had reached  full capacity  and resources at others were stretched.  We are doing what we can, but will need to seek more resources,  Tan said. Bangladesh is concerned about Myanmar army activity on the border and would lodge a complaint if Bangladeshi territory was violated, an Interior Ministry official said. A Bangladesh border guard officer said two blasts were heard on Tuesday on the Myanmar side, after two on Monday fueled speculation Myanmar forces had laid land mines. One boy had his left leg blown off near a border crossing before being brought to Bangladesh for treatment, while another boy suffered minor injuries, the officer, Manzurul Hassan Khan, said, adding the blast could have been a mine explosion. The Myanmar army has not commented on the blasts but said in a statement on Tuesday that Rohingya insurgents were planning bomb attacks in Myanmar cities including the capital, Naypyitaw, Yangon and Mandalay to  attract more attention from the world .",0,neutralize_real
real_143,"Factbox: Trump on Twitter (Aug 25) - Republicans, John Kelly, Hurricane Harvey. The following statements were posted to the verified Twitter accounts of U.S. President Donald Trump, @realDonaldTrump and @POTUS.  The opinions expressed are his own. Reuters has not edited the statements or confirmed their accuracy.  @realDonaldTrump : - If Senate Republicans don’t get rid of the Filibuster Rule and go to a 51% majority, few bills will be passed. 8 Dems control the Senate! [0633 EDT] - General John Kelly is doing a fantastic job as Chief of Staff. There is tremendous spirit and talent in the W.H. Don’t believe the Fake News. [0640 EDT] - Few, if any, Administrations have done more in just 7 months than the Trump A. Bills passed, regulations killed, border, military, ISIS, SC! [0644 EDT] - Nick Adams, “Retaking America”  “Best things of this presidency aren’t reported about. Convinced this will be perhaps best presidency ever.” [0732 EDT] - Strange statement by Bob Corker considering that he is constantly asking me whether or not he should run again in ‘18. Tennessee not happy! [0825 EDT] - I have spoken w/ @GovAbbott of Texas and @LouisianaGov Edwards. Closely monitoring #HurricaneHarvey developments & here to assist as needed. [1146 EDT] - Received a #HurricaneHarvey briefing this morning from Acting @DHSgov Secretary Elaine Duke, @FEMA_Brock, @TomBossert45 and COS John Kelly. [1202 EDT] - I encourage everyone in the path of #HurricaneHarvey to heed the advice & orders of their local and state officials. [1518 EDT] - Just arrived at Camp David where I am closely watching the path and doings of Hurricane Harvey, as it strengthens to a Category 3. BE SAFE! [1703 EDT] - Just arrived at Camp David, where I am monitoring the path and doings of Hurricane Harvey (as it strengthens to a Class 3). 125 MPH winds! [1712  EDT] -- Source link: (bit.ly/2jBh4LU) (bit.ly/2jpEXYR)",0,neutralize_real
real_144,"Trump's new travel ban raises bar for legal challenges. NEW YORK/SAN FRANCISCO (Reuters) - The new, more narrowly tailored temporary travel ban President Donald Trump signed on Monday will be more difficult to challenge successfully in court, legal experts said. They said that since his order no longer covers legal residents or existing visa holders, and makes waivers possible for some business, diplomatic and other travelers, challengers are likely to have a harder time finding people in the United States who can legally claim they have been harmed, and thus have so-called “standing” to sue.  Trump’s first executive order signed on Jan. 27 banned travelers from seven Muslim-majority nations - Iran, Iraq, Libya, Somalia, Sudan, Syria and Yemen - for 90 days and halted refugee admission for four months, barring Syrian refugees indefinitely. Its hasty implementation caused chaos and protests at airports. The order was hit with more than two dozen lawsuits, many that claimed it discriminated against Muslims. The new ban, which goes into effect on March 16, removes Iraq and adds categories of people who would be exempt from the order. The Trump administration said the executive order is necessary for national security reasons. It also lists groups of people that could be eligible for waivers, including travelers who have previously been admitted to the United States for work or school, those seeking to visit or live with a close relative and who would face hardship if denied entry; infants, young children and adoptees or people in need of medical care, employees of the U.S. government and international organizations among others.      All the exceptions make the new order “a lot harder to attack,” said Andrew Greenfield, an immigration attorney with Fragomen law firm in Washington D.C.  Trump had promised to make the new directive harder to fight in court and many of the changes were expected. “They dotted their ‘i’s’ and crossed their ‘t’s’ in trying to anticipate what litigation might result,” said Stephen Yale-Loehr, a Cornell Law School professor who specializes in immigration. He said opponents might still be able to find plaintiffs - a U.S. citizen could potentially sue if the government denies a waiver to their foreign spouse for an arbitrary reason, for example. In a legal challenge to the original order, the state of Washington was successful in preventing it from being carried out. A federal judge in Seattle and then an appeals court in San Francisco ruled that Washington could claim standing, in part because the order adversely affected legal permanent residents, known as green card holders, in the state. More than 100 businesses, including many of the best-known tech companies, filed briefs in court that argued their employees were harmed. Bob Ferguson, the Attorney General for Washington State said on Monday that he will likely decide on the next litigation steps this week after consulting with state universities and businesses about potential harms. “We need to do our homework and be thoughtful about this,” Ferguson said. The U.S. Department of Justice, in a filing in Seattle federal court on Monday, said the new order applies “only to those who are overseas and without a visa.”  Foreign nationals outside the country who do not have a U.S. visa do not have the same protections under the U.S. Constitution as people already here, legal experts said.  Rosemary Jenks, the director of Government Relations at NumbersUSA, a conservative group that favors less immigration overall, said that the new order would leave the state of Washington having to argue on behalf of unidentified foreign nationals who have not been screened, vetted or processed yet by U.S. authorities. “That would be a pretty big stretch,” Jenks said. And unlike the old order, the new one lays out with more detail why the specific countries were selected, she said.   Attorneys challenging the ban, including the American Civil Liberties Union said there were still questions about whether or not the ban is justified by national security reasons and the revisions do not address concerns that the order discriminates based on religion.  Adam Lauridsen, a Keker & Van Nest attorney in San Francisco representing students challenging Trump’s first order, noted the revised directive still targets Muslim-majority countries.  Stephen Legomsky, chief counsel at U.S. Citizenship and Immigration Services in the previous Obama administration,     pointed to statements by Trump about wanting a Muslim ban. “That evidence is baked in, you can’t change the past,” said Legomsky. He said, however, that does not mean the inevitable legal challenges will ultimately be successful in the likelihood that they reach the U.S. Supreme Court. “It’s not a slam dunk.”",0,neutralize_real
real_145,"Britain says Moody's downgrade based on 'outdated' Brexit view. LONDON (Reuters) - Britain s government said on Friday that a decision by ratings agency Moody s to downgrade the country s credit rating was based on an  outdated  assessment of its plans to leave the European Union. Moody s lowered Britain s sovereign credit rating to  Aa2  with a stable outlook from  Aa1.   The assessments made about Brexit in this report are outdated,  a government spokesperson said in a statement provided by the finance ministry. Earlier on Friday, Prime Minister Theresa May gave a speech in Italy setting out her wish for a transition period of around two years after Britain leaves the EU in March 2019.  The Prime Minister has just set out an ambitious vision for the UK s future relationship with the EU, making clear that both sides will benefit from a new and unique partnership,  the government spokesperson said.  We have made substantial progress in reducing the deficit while finding extra money for the National Health Service and social care at the same time. We are not complacent about the challenges ahead but we are optimistic about our bright future,  the spokesperson added.",0,neutralize_real
real_146,"Republican ex-defense secretary Cohen backs Hillary Clinton. WASHINGTON (Reuters) - Former Republican U.S. Defense Secretary William Cohen on Wednesday said he will likely vote for U.S. Democratic presidential candidate Hillary Clinton in the Nov. 8 U.S. presidential election, citing her experience as secretary of state and former first lady. “In all likelihood, I would say yes,” Cohen who served as defense secretary under former U.S. President Bill Clinton, a Democrat, told MSNBC in an interview when asked if she had earned his vote. “I would not feel comfortable,” with Donald Trump, Clinton’s Republican rival and a political novice, having access to the nation’s nuclear codes, Cohen said. “I’d feel more comfortable with Hillary Clinton, certainly,” Cohen told MSNBC.",0,neutralize_real
real_147,"Trump U.S. antitrust nominee says will be independent of White House. WASHINGTON (Reuters) - Makan Delrahim, who was chosen by President Donald Trump to be the top U.S. antitrust regulator, said on Wednesday that he would maintain independence from the White House in enforcing antitrust law. The Senate must still vote to confirm Delrahim. In a hearing before the Senate Judiciary Committee overshadowed by repercussions over Trump’s firing of Federal Bureau of Investigation Director James Comey, Delrahim reiterated that he would recuse himself from a fight over whether health insurer Anthem may merge with rival Cigna. Delrahim had worked for Anthem as a lobbyist when he was with the law firm Brownstein Hyatt Farber Schreck, LLP. Obama’s Justice Department sued to stop the deal, and the case is currently under appeal. Asked what he would do if the White House wanted to discuss a deal being considered by the division, Delrahim said antitrust enforcement was law enforcement. “The independence of the decisions made in prosecuting and reviewing mergers as well as other conduct is a serious one that should be free from any political influence,” he said. “They will be free if I am fortunate enough to be confirmed.” Delrahim currently works in the White House as deputy assistant and deputy counsel to the president. If confirmed as expected, Delrahim’s antitrust division would review corporate mergers at a time when many investors and corporate executives are anticipating a more relaxed view of deal-making. Former President Barack Obama’s administration faced a large number of megadeals in what one enforcer called a “merger tsunami” and blocked many of them. Antitrust experts who have followed Delrahim’s career expect him to follow in the footsteps of a former boss, Hewitt Pate, who was assistant attorney general for antitrust from 2003 to 2005. Delrahim was Pate’s deputy, specializing in international antitrust. Under Pate, the division was criticized for allowing too many deals, but it sued to stop US Airways from merging with United Airlines and blocked a deal to combine DirecTV and EchoStar. It tried but failed to stop Oracle Corp from buying PeopleSoft. If confirmed, Delrahim would oversee the Justice Department’s assessment of AT&T’s Inc plan to buy Time Warner Inc, the owner of HBO, Warner Brothers and news network CNN.  The department is reviewing major transactions in seeds and agricultural chemicals, like the mergers of Dow Chemical Co and Dupont, and of Bayer and Monsanto. Those proposed deals, along with ChemChina’s purchase of Syngenta, would consolidate six agricultural chemical companies into three.",0,neutralize_real
real_148,"Ryan opposes Trump working with Democrats on healthcare. WASHINGTON (Reuters) - U.S. House of Representatives Speaker Paul Ryan, the top Republican in Congress, said he does not want President Donald Trump to work with Democrats on new legislation for revamping the country’s health insurance system, commonly called Obamacare. In an interview with “CBS This Morning” that will air on Thursday, Ryan said he fears the Republican Party, which failed last week to come together and agree on a healthcare overhaul, is pushing the president to the other side of the aisle so he can make good on campaign promises to redo Obamacare. “I don’t want that to happen,” Ryan said, referring to Trump’s offer to work with Democrats. Carrying out those reforms with Democrats is “hardly a conservative thing,” Ryan said, according to interview excerpts released on Wednesday. “I don’t want government running health care. The government shouldn’t tell you what you must do with your life, with your healthcare,” he said. On Tuesday, Trump told senators attending a White House reception that he expected lawmakers to reach a deal “very quickly” on healthcare, but he did not offer specifics. “I think it’s going to happen because we’ve all been promising - Democrat, Republican - we’ve all been promising that to the American people,” he said. Trump said after the failure of the Republican plan last week that Democrats, none of whom supported the bill, would be willing to negotiate new healthcare legislation because Obamacare is destined to “explode.”",0,neutralize_real
real_149,"U.S. Ambassador Haley: U.N. has exhausted options on North Korea. WASHINGTON (Reuters) - U.S. Ambassador to the United Nations Nikki Haley said on Sunday the U.N. Security Council has run out of options on containing North Korea s nuclear program and the United States may have to turn the matter over to the Pentagon.  We have pretty much exhausted all the things that we can do at the Security Council at this point,  Haley told CNN s  State of the Union,  adding that she was perfectly happy to hand the North Korea problem over to Defense Secretary James Mattis. As world leaders head to the United Nations headquarters in New York for the annual General Assembly meeting this week, Haley s comments indicated the United States was not backing down from its threat of military action against North Korea.  North Korea launched a missile over Japan into the Pacific Ocean on Thursday in defiance of new U.N. Security Council sanctions banning its textile exports and capping imports of crude oil. China has urged the United States to refrain from making threats to North Korea. Asked about President Donald Trump s warning last month that the North Korean threat to the United States will be met with  fire and fury,  Haley said,  It was not an empty threat.    If North Korea keeps on with this reckless behavior, if the United States has to defend itself or defend its allies in any way, North Korea will be destroyed. And we all know that. And none of us want that. None of us want war,  she said on CNN.   We re trying every other possibility that we have, but there s a whole lot of military options on the table,  she said. Pyongyang has launched dozens of missiles as it accelerates a weapons program designed to provide the ability to target the United States with a powerful, nuclear-tipped missile. North Korea said on Saturday it aimed to reach an  equilibrium  of military force with the United States.  Trump plans to meet with South Korean President Jae-in Moon on the sidelines of the U.N. General Assembly.  I spoke with President Moon of South Korea last night. Asked him how Rocket Man is doing. Long gas lines forming in North Korea. Too bad!  Trump said in a Twitter post on Sunday morning. White House national security adviser H.R. McMaster said on Friday, after the latest North Korean missile launch, that the United States was running out of patience:  We ve been kicking the can down the road, and we re out of road.  On Sunday, he warned of imminent danger from Pyongyang.  This regime is so close now to threatening the United States and others with a nuclear weapon, that we really have to move with a great sense of urgency on sanctions, on diplomacy and preparing, if necessary, a military option,  McMaster told the  Fox News Sunday  program. Military options available to Trump range from a sea blockade aimed at enforcing sanctions to cruise missile strikes on nuclear and missile facilities to a broader campaign aimed at overthrowing leader Kim Jong Un. Mattis has warned the consequences of any military action would be  tragic on an unbelievable scale  and bring severe risk to U.S. ally South Korea.  Democratic U.S. Senator Dianne Feinstein said on Sunday that Trump should not rule out talks with North Korea before it agrees to end its nuclear program.   I think that North Korea is not going to give up its program with nothing on the table,  she said on CNN. Feinstein said that a freeze of both its nuclear program and missile arsenal, rather than ending them, would be more palatable to North Korea and to China, who fears the U.S. goal is toppling Kim. The United States still wants a peaceful solution and has been waiting for the North Koreans to indicate they are ready to talk, Secretary of State Rex Tillerson said on CBS   Face the Nation.   We have tried a couple of times to signal to them that we re ready, when they re ready,  he said.  And they have responded with more missile launches and a nuclear test.",0,neutralize_real
real_150,"Trump will 'do everything' to avoid nuclear war with North Korea: Mnuchin. WASHINGTON (Reuters) - U.S. Treasury Secretary Steve Mnuchin on Sunday said President Donald Trump wants to avoid nuclear war with North Korea and   will do everything we can  to avoid conflict.   I can assure you the president s number one priority is the safety of the American people and our allies,  Mnuchin said on ABC News.  The president doesn t want to be in a nuclear war, and we will do everything we can to make sure that doesn t occur.   Trump has dialed up the rhetoric against North Korea over the weekend, warning the country s foreign minister that he and leader Kim Jong Un  won t be around much longer,  as Pyongyang staged a major anti-U.S. rally.",0,neutralize_real
real_151,"EU's Tusk says ready to ramp up sanctions against North Korea. BRUSSELS (Reuters) - The European Union is prepared to ramp up sanctions against North Korea after it conducted its sixth and most powerful nuclear test on Sunday, European Council President Donald Tusk said.  The EU stands ready to sharpen its policy of sanctions and invites North Korea to restart dialogue on its programers without condition,  Tusk said in a statement.  We call on the UN Security Council to adopt further UN sanctions and show stronger resolve to achieve a peaceful decentralization of the Korean peninsula. The stakes are getting too high.",0,neutralize_real
real_152,"Obama tells Latin America and world: give Trump time, don't assume worst. LIMA (Reuters) - U.S. President Barack Obama did in Latin America what he tried to do in Europe: tell worried citizens not to draw negative conclusions about the man he once called unfit to serve in the White House, President-elect Donald Trump. In the last stop of an international farewell tour that included visits to Greece and Germany, Obama continued his efforts to calm anxieties since Republican businessman Trump beat Democratic rival and former Secretary of State Hillary Clinton in the U.S. presidential race. “My main message to you ... and the message I delivered in Europe is don’t just assume the worst,” Obama told a group of young people during a question-and-answer session in Peru on Saturday. “Wait until the administration is in place, it’s actually putting its policies together, and then you can make your judgments as to whether or not it’s consistent with the international community’s interest in living in peace and prosperity together.” Trump won the election after promising to build a wall on the U.S. border with Mexico, rip up trade deals and ban Muslims temporarily from entering the United States. Obama has sought to soothe fears by pledging to ensure a smooth transition of power and expressing optimism that the president-elect would shift away from inflammatory campaign rhetoric once he faced the realities of the job. “It will be important for everybody around the world to not make immediate judgments but give this new president-elect a chance to put their team together, to examine the issues, to determine what their policies will be, because as I’ve always said, how you campaign isn’t always the same as how you govern,” Obama said. But Obama has couched his assurances largely in hopeful language that Trump’s team would see the merits of policies that Democrats championed despite Trump’s pledged to dismantle them, from the Iran nuclear deal to an international pact to fight climate change. And the president, who campaigned vigorously for Clinton and showed visible disdain for Trump before his victory, has offset his words of reassurance with subtle digs at his successor by emphasizing themes of democratic values in Europe and Peru that Trump has been criticized for ignoring.  “You’re seeing some countries that are going backwards rather than forwards in terms of freedom of the press, in terms of freedom of the Internet, in terms of respecting political opposition and civil society,” Obama said on Saturday. Trump barred some news organizations from covering events during his campaign and threatened during a televised debate to jail Clinton for her use of a private email server while secretary of state. Though Obama came on his trip able to assure European countries that Trump would respect U.S. commitments to NATO, his other assurances, including for Latin American policy, seemed based more on optimism than knowledge of Trump’s plans. “With respect to Latin America, I don’t anticipate major changes in policy from the new administration,” he said, citing trade as a key exception. Trump announced hawkish picks for attorney general, national security adviser, and CIA director on Friday that suggest he is setting up his administration to take a hard line confronting Islamist militancy and curbing illegal immigration.",0,neutralize_real
real_153,"South Sudan commander defects to rebels amid showdown with ex-army chief. MOYO, Uganda (Reuters) - A South Sudanese military commander said he had defected with more than 200 soldiers to the country s largest rebel group, amid a showdown between President Salva Kiir and his former military chief. Lieutenant Colonel Chan Garang, an ally of former army chief Paul Malong, defected to join the largest rebel group fighting Kiir, he said. All three men are ethnic Dinkas and any split within the powerful group could represent a threat to Kiir. The four-year civil war has split the country into a patchwork of fiefdoms, created Africa s biggest refugee crisis in two decades and led to ethnic cleansing. A third of the 12 million-strong population has fled their homes and half are dependent on food aid.  In May, Kiir fired Malong, whom U.N. investigators accused of directing ethnic militias responsible for the rape, torture and murder of civilians. Malong, who is also on a U.S. sanctions list, briefly fled north but returned to the capital, where he has been under house arrest ever since.  Over the weekend, Kiir s troops surrounded Malong s house in Juba and unsuccessfully attempted to disarm his bodyguards. An armed standoff continues outside his house. Garang is the first Malong loyalist to join the rebels.    Garang said he defected because allies of Malong s were being badly treated, troops had not been paid for seven months and other tribes were being discriminated against.   I left Juba because when are you are a supporter of Paul Malong, you will be arrested,  Garang told Reuters via satellite phone.  We are preparing our army so that we can launch an attack on Juba. Salva Kiir divided the tribes so we need him to go.  Garang told Reuters he took more than 200 soldiers with him, although a rebel press release put the number at 150. A photo provided by the rebels showed more than 30 armed men but their identities were unclear.  Army spokesman Lul Ruai Koang said they were not aware of any defection from their ranks. Malong was unreachable by phone, but his wife Lucy Ayak distanced her husband from the defected commander.      [Garang] is not happy with the government and he has deserted. Why is he saying it is the issue of General Malong?  she asked Reuters.  South Sudan s war began in December 2013 between troops loyal to Kiir and rebels of former vice president Riek Machar, a Nuer.  Oyet Nathaniel, a senior rebel official, told Reuters that Garang had brought 150 men with him and that anyone deciding to join them against Kiir is a  welcome development,  regardless of their background. There are several rebel groups, but none of them is well-funded or well-armed. (This version of the story was refiled to remove repetition in second to last paragraph)",0,neutralize_real
real_154,"Disputed CFPB acting director plans to seek preliminary injunction: filing. WASHINGTON (Reuters) - The disputed acting director of the Consumer Financial Protection Bureau said in a court filing on Friday that she plans to seek a preliminary injunction against rival acting director Mick Mulvaney and the Trump administration by Dec. 5. President Donald Trump named Mulvaney, the White House budget director, as acting director of the CFPB on Nov. 24 following the departure of the director, who had named the agency’s deputy director, Leandra English, to temporarily succeed him. A federal judge this week refused to block Trump’s appointment of Mulvaney to lead the consumer watchdog agency, but English is continuing to pursue the issue and indicated in a court filing she would file a motion of preliminary injunction against Mulvaney and the Trump administration by Dec. 5.",0,neutralize_real
real_155,"Erdogan tells Iraqi Kurds they will go hungry if Turkey imposes sanctions. HABUR, Turkey (Reuters) - Turkish President Tayyip Erdogan said Iraqi Kurds would go hungry if his country halts the flow of trucks and oil across the border with northern Iraq and warned that all military and economic measures were on the table against its neighbor. The comments, some of the harshest yet from Erdogan about Monday s referendum in Iraq s semi-autonomous Kurdish region, came as Iraqi troops joined the Turkish army for military exercises near Turkey s border with northern Iraq. While initial results indicated overwhelming support for independence, Turkey - long northern Iraq s main link to the outside world - sees the referendum as a threat to its own security, fearing it will inflame separatism among its Kurdish population.   (They) will be left in the lurch when we start imposing our sanctions,  Erdogan said in a speech broadcast live on television.  It will be over when we close the oil taps, all (their) revenues will vanish, and they will not be able to find food when our trucks stop going to northern Iraq.  Turkey, which is home to the region s largest Kurdish population, is battling a three-decade Kurdish insurgency in its southeast, which borders northern Iraq. Erdogan said on Monday that traffic was only being allowed to cross from the Turkish side of the border into Iraq. Erdogan has repeatedly threatened economic sanctions, but has given few details. Hundreds of thousands of barrels of oil a day flow through a pipeline in Turkey from northern Iraq, connecting the region to global oil markets. Iraq, including the Kurdish region, was Turkey s third-largest export market in 2016, according to IMF data. Turkish exports to the country totaled $8.6 billion, behind Germany and the United Kingdom. Erdogan said all potential measures - including economic and  military initiatives that involved land and air space - were on the table, adding that Iraqi Kurds would be incapable of forming a state.  They don t have an idea on how to be a state. They think that they are a state just by saying it. This can t and won t happen,  he said. Iraqi soldiers joined Turkish troops for military exercises in southeast Turkey near the border with Iraq on Tuesday, a Reuters witness near the border said, as the two countries coordinate steps in response to the referendum. A small group of soldiers holding an Iraqi and a Turkish flag walked across the dusty plain where the exercises, launched last week, were being held 4 km (2.5 miles) from the Habur border gate. The flags were then held aloft from the top of an armored personnel carrier. National and international media observed the exercises from the main highway leading to the border gate. The Turkish president also accused Masoud Barzani, the president of the Kurdistan Regional Government, of  treachery  over the vote.  Until the very last moment, we weren t expecting Barzani to make such a mistake as holding the referendum. Apparently we were wrong,  Erdogan said.  This referendum decision, which has been taken without any consultation, is treachery.",0,neutralize_real
real_156,"Trump's low approval rating masks his support among likely voters: Reuters/Ipsos poll. NEW YORK (Reuters) - President Donald Trump is more popular with likely voters than he is with the general public, according to a Reuters/Ipsos poll that underscores why Republican lawmakers have largely stuck with the polarizing president despite his plunging approval ratings. The poll, released on Wednesday, shows he polls better among people who voted in the 2016 presidential election than with the overall U.S. adult population – a group that includes both voters and non-voters. Only about 60 percent of the voting-age public took part in last year’s election. In October, for example, 44 percent of 2016 voters said they approved of Trump’s performance in office, compared with 37 percent of the general population. Among Republicans, 82 percent of voters approved of Trump in October, compared with 75 percent of all Republicans. (Graphic: tmsnrt.rs/2zoIC1A) Some 85 percent of those who voted for Trump in 2016 said they would do so again, the poll found. The findings suggest that Republican candidates in the 2018 congressional elections who shun the president risk alienating his followers, Republican strategists and political scientists said. At the same time, those who embrace him in the early primary races that choose party candidates risk losing moderate voters in the general election. “It’s very difficult for any Republican candidate to distance themselves from Trump,” said Michael McDonald, an expert on voter turnout at the University of Florida.  That dilemma played out in Virginia on Tuesday, when Ed Gillespie, the Republican candidate in the governor’s race, was soundly beaten by his Democratic opponent. Gillespie had adopted some of Trump’s hardline positions but had avoided campaigning with the unpopular president.  Gillespie’s strategy had been closely watched within the party to see if it could provide a template for other Republican candidates in 2018, when control of the House of Representatives and the Senate will be up for grabs. Gillespie’s loss sparked debate among Republicans on the way forward on Wednesday. Trump suggested in a tweet that the outcome could have been different had Gillespie fully embraced him, but critics pointed out that exit polls showed that a third of Virginian voters had turned out to signal displeasure with Trump, double the number who cast ballots to express support for the president.  Tuesday’s results clearly signal that opposition to Trump has grown, even though he remains popular among 2016 Republican voters, said Elaine Kamarck, an expert in presidential politics at the Brookings Institution.  For Republicans, “the hurdle won’t be with getting out the base,” Kamarck said. “It will be in getting anyone else to vote for you” in elections where Republican voters are outnumbered. Reuters/Ipsos was able to compare the opinions of voters with the general public by creating two separate surveys: a poll of voters and a poll of the public.  For the voter poll, Reuters/Ipsos reconnected with people who took its exit poll on Nov. 8, 2016, the day of the U.S. presidential election. Those voters were sent additional questionnaires in May, July and October that asked if they approved or disapproved of the president.  Their responses were then compared with the results of a separate survey – the Reuters/Ipsos national tracking poll – that surveys all adults in the United States. In May and July, the results of both polls were nearly identical, with about 40 percent of voters and the general adult population expressing approval for the president. The two polls diverged in October, however, with voters expressing stronger levels of approval than the general public.  Jan Leighley, an expert on political behavior at American University, said it makes sense that Trump is more popular among people who voted in the 2016 election. They were more likely to be white and less likely to identify with Democrats than the general public, she said.  The Reuters/Ipsos poll is conducted online in English throughout the country. Some 1,206 of those 2016 voters took the  survey between May 10-12, followed by 1,296 who took the July 11-12 survey and 1,195 who took the survey between Oct. 18-19.  Individual responses were weighted so they would reflect the latest population estimates, as well as the support their presidential pick received in the election. Each of the voter polls had a credibility interval, a measure of accuracy, of 3 percentage points for the entire group and 5 percentage points for Republican voters.",0,neutralize_real
real_157,"Four U.S. lawmakers urge safety agency to address vehicle hacking. WASHINGTON (Reuters) - Four Republican members of Congress on Monday urged U.S. auto safety regulators to convene an industry-wide effort to prevent possible attacks on computer systems in vehicles. The lawmakers addressed their concerns in a letter to the U.S. National Highway Traffic Safety Administration. While there have been no reported cases of vehicle hacking, researchers have shown they could take remote control of vehicle functions such as car horns, brakes and power steering. The letter cited work published in August by Wired magazine by two researchers who were able to force a Fiat Chrysler Automobiles NV 2014 Jeep SUV to perform in an “erratic and unsafe manner” after accessing its on-board diagnostics (OBD) port. Automakers have been required to install the port in all vehicles since 1994 to test for emissions compliance. The letter from Representative Fred Upton, a Michigan Republican who chairs the House Energy and Commerce Committee, and three others said the port “as it currently exists creates a growing risk to the safety and security of passengers.” Fiat Chrysler said in August the demonstration published by Wired required “a computer to be physically connected into the vehicle’s” port. The company emphasized that owners should “not connect any unknown or untrusted devices to the OBD port.” NHTSA didn’t immediately comment on the letter. The safety agency has said it plans to release cybersecurity guidelines to the auto industry in the coming weeks. The U.S. government is taking the issue seriously. On Friday, the U.S. Justice Department said it has formed a threat analysis team to study potential national security challenges posed by self-driving cars, medical devices and other internet-connected tools. The Federal Bureau of Investigation and NHTSA issued a bulletin in March warning that motor vehicles were “increasingly vulnerable” to hacking.",0,neutralize_real
real_158,"Factbox: Trump to meet with Huckabee, Romney, others this weekend. WASHINGTON (Reuters) - U.S. Republican President-elect Donald Trump will hold more meetings on Friday and Saturday as he moves to select people for his cabinet and administration, his transition team told reporters on Friday.  He is scheduled to meet with the following people: *Former Arkansas governor and Republican presidential candidate *Under consideration for U.S. homeland security secretary *Arrived alongside Tom Cotton, the freshman U.S. senator from Arkansas who, according to FOX News, is under consideration for U.S. Defense Secretary *Republican donor and former chair of the Michigan Republican Party  *Republican National Committee finance chairman *Retired four-star general and head of U.S. Central Command  *Visiting fellow at the Hoover Institution, a conservative-leaning think tank at Stanford University *CKE Restaurants chief executive officer and director *Under consideration for U.S. labor secretary, according to Politico *2012 Republican presidential nominee *Former governor of Massachusetts and CEO of 2002 Winter Olympic Games in Salt Lake City *Under possible consideration for U.S. secretary of state *Former chancellor of Washington D.C., public school system *Founder of StudentsFirst, an education advocacy group *Under consideration for education secretary, according to media reports *Chicago Cubs board member *Director and CEO of Ending Spending, a political group that has said it wants to reduce “wasteful and excessive government spending” *Founder and president of Center for Neighborhood Enterprise, a community development advocacy group",0,neutralize_real
real_159,"France's Macron says external powers must stop interfering in Lebanon. PARIS (Reuters) - French President Emmanuel Macron called on all foreign powers to stop interfering in Lebanese politics and urged all Lebanese sides to fully implement a pact to keep out of regional conflicts.  For Lebanon to be protected from regional crises it s essential that all Lebanese parties and regional actors respect the principle of non-interference,  Macron said at the opening of international meeting on Lebanon in Paris.  The meeting today must show the will of international community to see the policy of regional disassociation put into place effectively by all in the country.",0,neutralize_real
real_160,"Voice of triumph or doom: North Korean presenter back in limelight for nuclear test. SEOUL (Reuters) - Wearing a pink Korean dress and flashing a wide smile, television presenter Ri Chun Hee delivered the news of Pyongyang s sixth nuclear test with her usual gusto. Using her trademark bombastic delivery, Ri announced on state television on Sunday the hydrogen bomb test was  a perfect success!  and a key step in  completing the state nuclear force.  The 74-year-old grandmother is considered a national hero who first took to the airwaves in 1971, leaving a career in acting for the broadcaster Korean Central Television (KCTV) Ri s dramatic flare set her apart from other announcers - whether she was angrily denouncing the West or boasting of the regime s achievements and the strength of its leaders.  She s the perfect person to voice North Korea s hard-line stance,  said Ahn Chan-il, a high-ranking North Korean defector who now lives in South Korea.      There is no one else who has that power in her voice as she does. It s just right for talking about nuclear weapons or missiles,  Ahn said. Ri, who usually wears a traditional Korean dress known as a hanbok, has also shown a softer side.  She famously wept on air when announcing North Korea s founder Kim Il Sung s death in 1994. When his son Kim Jong Il died in 2011, it was Ri - clad in black funeral clothes and her voice trembling - who delivered the news to North Koreans.   Despite officially retiring in 2012, Ri has been brought back for major announcements. Sunday s broadcast underscored her longevity at a time when current leader Kim Jong Un has purged some party and military officials from his father s era.  Outside North Korea, the  pink lady  is a familiar face of the regime during the latest tensions over Pyongyang s weapons programs.  I know that if something happens, she will talk,  said Tokyo resident Masashi Sakota. Matt Walker, a credit manager in Sydney, said Ri was  very expressive and excited  on the news item he watched this week.  I don t know how you can get excited about bombs going off. It just seems very odd,  he said. In a rare 2012 interview with China s state-run CCTV, Ri said she wanted to help train the next generation of North Korean broadcasters, who she said were younger and better suited for today s television audience.  She said she saved her gentler side for the North Korean public.  When we read to people in the DPRK, you shouldn t shout but speak gently to viewers,  Ri said. (This version of the story corrects order of name in paragraph 13 to Masashi Sakota)",0,neutralize_real
real_161,"U.S. intelligence agencies feud with Republicans over Russian hacking. Republican members of Congress are complaining that U.S. intelligence agencies are refusing to brief them widely on a classified CIA report that concluded Russia hacked Democratic Party data in an effort to help Donald Trump win the presidency. The Republicans said Director of National Intelligence James Clapper has refused their requests for full briefings of Congress’ two intelligence committees. U.S. government officials said the leaders of Congress and the chairmen of the two intelligence committees, known as the “Gang of Eight,” have been briefed on the Central Intelligence Agency’s conclusion. Nevertheless, Representative Devin Nunes, the California Republican who chairs the House Intelligence Committee and is a member of President-elect Trump’s transition team as well as the Gang of Eight, has called for a briefing for his entire committee on the CIA assessment. “The committee is vigorously looking into reports of cyber-attacks during the election campaign, and in particular we want to clarify press reports that the CIA has a new assessment that it has not shared with us,” Nunes said.Representative Ron Johnson, chairman of the House Homeland Security Committee, said his panel also has asked for a briefing but the CIA refused. “It is disappointing that the CIA would provide information on this issue to the Washington Post and NBC but will not provide information to elected members of Congress,” Johnson said in a statement on Friday. Three U.S. government sources, who all asked for anonymity to discuss classified information, told Reuters that while the full congressional committees have not been briefed, the congressional leadership has, which is the standard procedure for briefing Congress on sensitive intelligence. The sources said that Nunes was personally briefed on the CIA finding. A congressional official denied Nunes was briefed, however. The Office of the Director of National Intelligence (ODNI) said in a statement that because President Barack Obama last week ordered the intelligence community to conduct a full-scale “review of foreign efforts to influence recent presidential elections – from 2008 to the present,” the agencies would not comment further until the study is completed. ODNI, which oversees all 16 U.S. intelligence agencies, said that when the review is complete, the U.S. intelligence community “stands ready to brief Congress.” The office said it also would make the study “available to the public consistent with protecting intelligence sources and methods.” The CIA based its conclusion about Russia hacking to influence the election not on irrefutable evidence but largely on its analysis of the fact that the Russians hacked both political parties while only publicizing information damaging to Democrats and their presidential candidate, Hillary Clinton, said a U.S. official familiar with the agency’s work, who also requested anonymity. Two of the government sources said on Friday that the Federal Bureau of Investigation now backs the CIA assessment that the Russian hacks were aimed at helping Trump win. The ODNI also agrees with the assessment, all three government sources said. There was no immediate comment from the FBI. The FBI, which has responsibility for counterintelligence investigations inside the United States, initially did not endorse the CIA’s finding because it did not meet the standards of evidence necessary to win a conviction in a U.S. court or identify individuals whose hacking violated American law, one source said.The debate over Russian hacking also is opening a rift between Trump and some Republican members of Congress. The president-elect continues to dismiss the intelligence agencies’ conclusion that Russian President Vladimir Putin directed the hacking. On Friday, Senator Richard Burr, Republican chairman of the Senate Intelligence Committee, announced his committee will conduct a review in the new year of U.S. intelligence on Russian activities and its cyber activity more broadly. The review will include questioning of both Obama and Trump officials, “including the issuance of subpoenas if necessary to compel testimony,” Burr said in a statement.",0,neutralize_real
real_162,"Bangladesh, Myanmar agree to draw up plan for refugee repatriation: minister. DHAKA (Reuters) - Bangladesh and Myanmar agreed on Monday to set up a  working group  to plan the repatriation of more than half a million Rohingya Muslim refugees who have fled to Bangladesh to escape an army crackdown, the Bangladeshi foreign minister said. The United Nations has called the exodus of 507,000 Rohingya since late August the world s fastest-developing refugee emergency, and says Buddhist-majority Myanmar is engaging in ethnic cleansing against its Rohingya Muslim minority. Myanmar denies that. It says its forces are battling Rohingya  terrorists  who triggered the latest wave of violence with coordinated attacks on the security forces on Aug. 25. Myanmar says more than 500 people have been killed since, most of them insurgents, whom it has accused of attacking civilians and setting most of the fires that have reduced to ashes more than half of more than 400 Rohingya villages in the north of Rakhine State. Bangladesh Foreign Minister Abul Hassan Mahmood Ali said he and Myanmar official Kyaw Tint Swe had agreed in their talks to set up the working group to draw up plans for repatriation.  We are looking forward to a peaceful solution to the crisis,  Ali told reporters.  Kyaw Tint Swe did not speak to the media and government spokesmen in Myanmar were not immediately available for comment. Waves of Rohingya have taken refuge in Bangladesh over the years complaining of persecution, in particular in the late 1970s, the early 1990s and in October last year, following smaller insurgent attacks on the security forces. The neighbors have agreed on repatriation plans before, but the fundamental problem - the status of Rohingya in Myanmar - remains unsettled. The Rohingya are denied citizenship and classified as illegal immigrants, despite claiming roots in Myanmar that go back centuries, with communities marginalized and subjected to bouts of communal violence over the years. Ali, asked about agreements in the past having little impact, said:  This time we want to be hopeful.  In Geneva, U.N. High Commissioner for Refugees Filippo Grandi told a meeting problems of statelessness had to be tackled.  Nowhere is the link between statelessness and displacement more evident than with the Rohingya community,  he said. The crisis over the treatment of the Rohingya is the biggest problem Myanmar leader Aung San Suu Kyi has had to face since forming a government last year after winning a landmark 2015 election. The Nobel peace laureate, in an address to the nation last month, said Myanmar was ready to start a verification process under a 1993 agreement with Bangladesh and  refugees from this country will be accepted without any problem . But many refugees are gloomy about the prospects of going back, fearing they will not be able to furnish the documents they anticipate Myanmar will demand to prove they have a right to return. Myanmar has refused to grant access to a U.N. fact-finding mission but Suu Kyi last year appointed a team led by former U.N. secretary-general Kofi Annan to draw up recommendations on solving problems in Rakhine. The commission presented its recommendations on Aug. 24, a day before the insurgent attacks, among them a review of a law that links citizenship and ethnicity and leaves most Rohingya stateless. The panel also recommended that the government punish rights violations, ensure the right to freedom of movement and invest in infrastructure to lift the state out of poverty. Suu Kyi, in her address to the nation last month, said she was committed to the recommendations. There were already about 300,000 Rohingya refugees in Bangladesh before the latest exodus. In Myanmar, the government took a group of diplomats and senior U.N. officials to Rakhine to let them see the situation.  Maungdaw feels like a ghost town,  Swiss ambassador Paul Seger said on Twitter, as he arrived in a main town in the north of Rakhine. Myanmar has blocked most aid workers and the media from the area, despite calls from Western countries for access to deal with what aid groups fear is an unfolding humanitarian crisis. The diplomats were taken to various places including the Rohingya village of Ah Nauk Pyin, which Reuters reported last month was cut off and threatened by hostile Rakhine Buddhist neighbors. An itinerary of the trip referred to the report. After the visit, the United Nations repeated a call for an end to the violence, for access to the conflict zone for aid workers and for the safe return of refugees.   The U.N. delegation reiterated the need for a greater access for humanitarian and human rights actors to conduct comprehensive assessments the situation,  it said in a statement. It also said the media should have access. Suu Kyi has been accused by Western critics of not speaking out strongly enough on behalf of the long-persecuted minority and of defending the army action. She has no power over security policy under a military-drafted constitution.",0,neutralize_real
real_163,"MP in Hariri's party: Hariri says Saudi not holding him, his family. BEIRUT (Reuters) - A member of the political party of Saad al-Hariri, who resigned from his post as Lebanon s prime minister on Nov. 4 from Saudi Arabia, denied Lebanese President Michel Aoun s claim on Wednesday that Riyadh was holding both Hariri and his family. Okab Sakr, a Shi ite politician close to Hariri and a member of parliament for his political party, told Reuters he had spoken to Hariri on Wednesday.",0,neutralize_real
real_164,"Former Bush adviser Wolfowitz to vote for Clinton: Spiegel. BERLIN (Reuters) - Paul Wolfowitz, a Republican adviser to former U.S. President George W. Bush, plans to vote for Democrat Hillary Clinton in the November presidential election despite his “serious reservations”, Der Spiegel magazine reported on Friday. Wolfowitz, who served as deputy defense secretary under Bush and also as president of the World Bank, said he viewed Republican presidential candidate Donald Trump as a security risk because of his admiration of Russian President Putin and his views on China, the magazine reported. “It’s important to make it clear how unacceptable he is,” the magazine quoted Wolfowitz as saying in an interview. Wolfowitz joins a long list of Republicans who have said they will not vote for Trump. “I wish there was a candidate whom I could support enthusiastically. I will have to vote for Hillary Clinton, although I have serious reservations about her,” he said. A Reuters/Ipsos poll this week showed that Clinton would win the key swing states of Florida, Ohio and Virginia, and have a 95 percent chance of beating Trump if the election were held now. Wolfowitz rejected a common description of him as a key architect of the 2003 U.S. war against Iraq, saying that if he had truly been the architect many things would have gone differently, the magazine reported. Wolfowitz said the goal had been to free the country, not occupy it, creating tensions with many Iraqis. He also defended the decision to invade Iraq, saying it was based on intelligence that later turned out to be faulty. “Of course we would have proceeded differently if we had known that Saddam Hussein was not stockpiling weapons of mass destruction, but was only planning to do so,” he said. “We would not have invaded.” In an interview with Vanity Fair magazine in May 2003, several months after the invasion, he suggested there were multiple reasons for it, but the Bush administration highlighted Iraq’s supposed WMD as the justification for the war as the most politically convenient. “For bureaucratic reasons, we settled on one issue, weapons of mass destruction, because it was the one reason everyone could agree on,” he said at the time. (This version of the story has been refiled to correct typo in second paragraph)",0,neutralize_real
real_165,"Trump's body language during debate raises social media eyebrows.  NEW YORK (Reuters) - U.S. Republican presidential nominee Donald Trump paced, frowned and physically loomed at times over Democratic rival Hillary Clinton during Sunday night’s town-hall debate, prompting bewilderment and mockery from some on social media.  The online reaction underscored the contentious tone of the encounter in St. Louis in which Trump and Clinton hurled insults at each other less than a month before the Nov. 8 U.S. presidential election.  Twitter users seized on Trump’s body language, with some remarking that he appeared to have “stalked” Clinton around the stage. The criticism came as the Republican faces a political storm after being caught on a leaked 2005 videotape making lewd and demeaning remarks about women.  “#Trump’s body language [was] bizarre,” wrote Twitter user Sheena (@texdakota). “Pacing, insulting, standing right behind her.”  “Trump’s body language freaked me out,” wrote Charlotte (@charlotteirene8). “I get very uncomfortable when men stand behind me, especially like that.”  A spokeswoman for Trump did not immediately respond to a request for comment.  Clinton’s performance inspired online criticism as well. “Clinton could have done better,” tweeted ryank (@ryantkelly). “Didn’t seem as hungry, as able to get under his skin tonight.”  Sentiment on Trump’s performance was 66.9 percent negative, according to an analysis by social intelligence firm Brandwatch of Twitter posts during the debate, while Clinton’s was 57.8 percent negative.  The debate, which featured questions from audience members, was the most tweeted-about debate ever, with more than 17 million tweets, said Twitter spokesman Nick Pacilio.  Trump’s statement that he and running mate Mike Pence differed on their approach to military intervention in Syria was the most-talked-about moment of the night on the microblogging site.",0,neutralize_real
real_166,"Pentagon notified U.S. Congress of $593 million military sale to Nigeria. WASHINGTON (Reuters) - The Pentagon has notified the U.S. Congress of the sale to Nigeria of 12 Super Tucano A-29 planes and weapons worth $593 million, which the West African country wants for its fight against the militant group Boko Haram. The Federal Register on Monday published the Aug. 2 notification from the Pentagon’s Defense Security Cooperation Agency. The sale includes thousands of bombs and rockets and was originally agreed by former President Barack Obama’s administration. The Super Tucano A-29, an agile, propeller-driven plane with reconnaissance and surveillance as well as attack capabilities, is made by Brazil’s Embraer. A second production line is in Florida, in a partnership between Embraer and privately held Sierra Nevada Corp of Sparks, Nevada. The Super Tucano costs more than $10 million each and the price can go much higher depending on the configuration. It is powered by a Pratt & Whitney Canada PT 6 engine. The Obama administration delayed the deal after incidents including the Nigerian Air Force’s bombing of a refugee camp in January that killed 90 to 170 civilians. President Donald Trump has said he plans to go ahead with foreign defense sales delayed under Obama by human rights concerns. (This story corrects headline and paragraphs 1 and 2 to reflect that the notification was made on Aug. 2, not on Monday)",0,neutralize_real
real_167,"WHO urges Trump to expand Obamacare, ensure healthcare for all. GENEVA (Reuters) - The World Health Organization (WHO) on Friday urged U.S. President-elect Donald Trump to expand Obamacare and ensure all Americans have access to healthcare. The real estate magnate takes office next month after promising to repeal outgoing President Barack Obama’s signature healthcare policy which helped millions more Americans get medical insurance but has been a target of Republican attacks. Agnes Soucat, the WHO’s director of health system governance and financing, said there were various ways of providing health cover to more people, and it amounted to “political choices.” “We as the WHO really encourage the new administration to make sure that the social contract is expanded and that all U.S. citizens have access to health care,” Soucat told a news briefing in Geneva. The United States is the only country among the 35 member states of the Organisation for Economic Cooperation and Development (OECD) not to provide universal health care, a key  U.N. Sustainable Development Goal for 2030, she said. The Affordable Care Act, known commonly as Obamacare, has provided some 25 million previously uninsured Americans with health cover. Republicans say it has created unwarranted government intervention in personal healthcare and private industry. Trump in late November picked Republican U.S. Representative Tom Price, an orthopedic surgeon from Georgia and Obamacare critic, to be his health secretary. Price has long championed a plan of tax credits, expanded health savings accounts, and lawsuit reforms to replace Obamacare. Republicans are divided over how quickly an Obamacare repeal should go into effect, with some saying a delay would give them time to work on a replacement, instead of throwing millions of Americans out of their health insurance with no substitute. “There are different strategies to make universal health care particularly pro-poor,” Soucat said. “So what we are saying is, yes, this would be a setback if people would lose coverage.”",0,neutralize_real
real_168,"Influential House conservative says can't back Trump at this time: CNN. WASHINGTON (Reuters) - The head of the largest conservative group in the U.S. Congress, Representative Bill Flores of Texas, said he could not back Republican Donald Trump for president at this time, CNN reported on Wednesday. Flores, the head of the Republican Study Committee in the House of Representatives, told CNN he was incredibly angry about comments that the presumptive Republican presidential nominee made about U.S. District Judge Gonzalo Curiel.",0,neutralize_real
real_169,"Shots fired at DMZ as North Korean soldier defects to South. SEOUL (Reuters) - South Korean guards fired warning shots across the heavily militarized border with North Korea on Thursday as a soldier from the North defected in thick fog, complicating efforts to ease tensions over Pyongyang s nuclear and missile programs. A South Korean defense ministry official said up to 20 warning shots were fired as North Korean troops approached too near the  military demarcation line  at the demilitarized zone (DMZ), apparently in search of the missing soldier. Thursday s defection came about five weeks after a North Korean soldier suffered critical gunshot wounds during a defection dash across the border. Two North Korean civilians were also found in a fishing boat on Wednesday and had sought to defect, officials in the South said. That brings the total number of North Koreans who have defected by taking dangerous routes either directly across the border or by sea to 15 so far this year, including two other soldiers. That is three times the number last year, according to South Korean officials. Tensions on the Korean peninsula were already high after reclusive, impoverished North Korea accelerated testing of its missile and nuclear programs this year in defiance of international pressure and UN sanctions.  The defections also threaten to complicate South Korea s efforts to ensure the smooth running of the 2018 Winter Olympics, which begin in Pyeongchang in February. South Korean President Moon Jae-in said on Tuesday he had proposed postponing major military drills with the United States until after the games in an attempt to soothe relations, although officials in Seoul later said any proposed delay would depend on the North not engaging in any  provocations . In a notice published online, the U.S. military s 8th Army said a  significant number of North Korean propaganda leaflets and CDs  had been distributed at  strategic locations  on multiple U.S. military bases in South Korea.  The notice called on troops to report any suspicious individuals to help combat potential  insider threats  that could disrupt military operations. The United States stations 28,500 troops in South Korea, a legacy of the 1950-53 Korean War, and North Korea says regular U.S.-South Korean military drills are a prelude to invasion. It regularly threatens to destroy the United States and its two key Asian allies, South Korea and Japan. Seoul says more than 880 North Koreans have defected to the rich, democratic South so far this year, but the vast majority have taken a less dangerous route through China. Going through China, North Korea s neighbor and sole major ally, means they avoid the DMZ, which features landmines, barbed wire, surveillance cameras, electric fencing and thousands of armed troops on both sides. The number of defectors arriving successfully in the South has dropped since North Korean leader Kim Jong Un took power in late 2011, a trend defectors and experts say may be linked to a crackdown by Pyongyang. There was no immediate comment from the secretive North about the latest incidents. However, the North s state media released a statement sharply denying U.S. allegations this week that Pyongyang was behind a number of recent cyber attacks. Washington has publicly blamed North Korean hackers for a cyber attack in May that crippled hospitals, banks and other companies. Researchers also say the North was likely behind attacks on virtual currency exchanges. The military drills with the United States have also complicated relations with China. The proposed delay in drills was discussed during a summit between Moon and Chinese President Xi Jinping last week after the proposal was submitted to Washington, an official at the presidential Blue House said this week. China and Russia have proposed a  freeze for freeze  arrangement under which North Korea would stop its nuclear and missile tests in exchange for a halt to the exercises, but there has been little interest from Washington or Pyongyang. In Thursday s defection, a low-ranking soldier crossed the border near a South Korean guard post, South Korea s Joint Chiefs of Staff spokesman, Roh Jae-cheon, said. No shots were fired at the soldier. Surveillance equipment detected him despite heavy fog that limited visibility to about 100 meters (110 yards), Roh said. South Korean guards fired about 20 warning shots at North Korean troops near the border presumably searching for the defector about half an hour later, a defense ministry official in the South told Reuters. Gunfire from the North was detected later but the target could not be determined, the official said.  South Korea s Unification Ministry also said maritime police had found two North Korean men drifting in a small boat off the coast on Wednesday. The pair  expressed their willingness to defect , a ministry official said, and their claim for asylum was being investigated. The North Korean soldier who was shot several times during a daring dash across the border on Nov. 13 has since been identified as 24-year-old Oh Chong Song and is now in a military hospital south of Seoul. His treatment for gunshot wounds and pre-existing conditions has included two major operations and intelligence officials will begin questioning him soon.",0,neutralize_real
real_170,"Billionaire Branson targeted in $5 million scam 'straight out of le Carre'. LONDON (Reuters) - Richard Branson, billionaire founder of the Virgin group, has revealed he was targeted by a fraudster posing as Britain s defense minister who tried to get him to contribute $5 million to a supposed secret ransom payment. Appealing for information to help identify the conman, Branson said he suspected the same person had later impersonated him to steal $2 million from a friend of his by pretending to raise funds for people affected by Hurricane Irma.  This story sounds like it has come straight out of a John le Carre book or a James Bond film, but it is sadly all true,  Branson wrote in a blog. Instantly recognizable with his wavy blond hair and beard, Branson is one of Britain s best-known businessmen. The Virgin brand is licensed for use by a range of businesses from airlines to train companies to telecoms and gyms. Branson wrote that six months ago, after an elaborate set-up involving a note on fake government notepaper, he spoke on the phone to someone purporting to be Defence Secretary Michael Fallon. The man told Branson that a British diplomat had been kidnapped and was being held for ransom by terrorists. He said that while the government did not pay ransoms, there was a particularly sensitive reason why the diplomat had to be saved, and the government was confidentially asking a syndicate of British business people to step in.  I was asked to contribute $5 million of the ransom money, which he assured me the British government would find a way of paying back,  Branson wrote. Feeling suspicious, Branson checked with the government and was told that Fallon had not spoken to him. The matter was reported to the police. Six months on, Branson learnt that a friend, whom he described as a very successful businessman in the United States, had been called by a conman posing as him.  When the call happened, the conman did an extremely accurate impression of me and spun a big lie about urgently needing a loan while I was trying to mobilize aid in the BVI (British Virgin Islands),  he wrote. Branson owns a small island in the BVI archipelago which, as was well publicized, was devastated by Hurricane Irma. The caller took advantage of that context.  They claimed I couldn t get hold of my bank in the UK because I didn t have any communications going to Europe and I d only just managed to make a satellite call to the businessman in America,  Branson wrote.  The business person, incredibly graciously, gave $2 million, which promptly disappeared.  A spokesman for Fallon said he was aware of two attempts, one not involving Branson, to impersonate the minister for illicit gain, and Fallon s office were assisting the police in their efforts to try to catch those responsible.",0,neutralize_real
real_171,"Spain issues arrest warrant for ousted Catalan leader. MADRID/BRUSSELS (Reuters) - Spain on Friday issued an arrest warrant on sedition and other charges against Carles Puigdemont, tightening the judicial net around the former Catalan leader who went Brussels after his government was sacked over a declaration of independence. A Madrid High Court judge asked Belgium to arrest Puigdemont and four associates after they ignored a court order to return to Spain on Thursday to answer charges of rebellion, sedition, misuse of public funds, disobedience and breach of trust relating to their secessionist campaign. The judge rejected a request from Puigdemont to testify via video conference from Belgium. In Brussels, a federal prosecutor said Belgian authorities would study the warrant before handing it to a judge.  We will give it to an investigative judge maybe tomorrow or the day after,  Eric Van der Sypt told Reuters. Puigdemont, who is considering standing in a snap election in the region on Dec. 21, has said he did not trust Spanish justice but would cooperate with the Belgian courts.  Embroiled in Spain s gravest political crisis since the return of democracy in the late 1970s, Prime Minister Mariano Rajoy called the election when he took control of Catalonia in response to last week s declaration of independence by its parliament. Belgium, where a European arrest warrant can be blocked for several mainly procedural reasons, will have a maximum of three months to decide whether to send Puigdemont back to Spain. On Thursday, nine members of his sacked cabinet were ordered by the High Court to be held in custody pending an investigation and potential trial.  We consider ourselves a legitimate government,  Puigdemont told Belgian state television RTBF on Friday.  There must be a continuity to tell the world what s going on in Spain ... It s not with a government in jail that the elections will be neutral, independent, normal.   ... I am ready to be a candidate ... it s possible to run a campaign from anywhere.  The detention of the secessionist leaders and Puigdemont s journey to Belgium have given a new boost to the secessionist camp after cracks had appeared in its ranks. In protest at the jailings, Catalan civic groups Asamblea Nacional Catalana and Omnium Cultural   whose leaders were imprisoned last month on sedition charges   called for a general strike on Nov. 8 and a mass demonstration on Nov. 11. Another six Catalan leaders are due to testify on Nov. 9 on the same charges. One member of the dismissed cabinet, Santi Vila, was released after paying bail of 50,000 euros ($58,300) on Friday. The other eight could remain in custody for up to four years. Vila stepped down from the Catalan cabinet before the independence declaration. While he remains a supporter of an secession he has advocated a negotiated solution with the central government. He has said he wanted to stand as the leading candidate for Puigdemont s PdeCat (Catalan Democratic party) in the regional election. Thousands of people staged pro-independence protests on Thursday night in several Catalan towns, and parties forming the current coalition Junts Pel Si (Together For Yes) are pushing to run again on a joint ticket at the election. An opinion poll published on Tuesday showed Junts Pel Si would win in December with 35.2 percent if the vote was held immediately and would likely reach a parliamentary majority if it stuck with its current pact with far-left party CUP. The Spanish government said on Friday it would have no option but to open talks within the law with those who held a majority.  We could offer a new dialogue so that we can fulfil Catalans  aspirations for more autonomy and look into reforming the constitution,  Foreign Affairs Minister Alfonso Dastis told French newspaper Le Figaro in an interview.  Some even mention the idea of a federal model so that regions can have more autonomy, including financially.",0,neutralize_real
real_172,"Putin's Syria envoy: U.S. forces should leave Syria. ASTANA (Reuters) - Russian President Vladimir Putin s envoy for Syria said on Thursday that there was no reason for U.S. forces to remain in Syria and that Washington s stated reasons for maintaining a military presence there were groundless. Alexander Lavrentiev was speaking in Astana, the capital of Kazakhstan, ahead of a new round of Syrian peace talks between Russia, Iran and Turkey.  Any reasons cited by the Americans to justify their further military presence ... are just excuses and we think their presence must end,  he told reporters. Lavrentiev said the Astana talks would focus on setting the ground for a Congress of Syrian Peoples which Russia plans to host early next year. The sides plan to decide on the date for the congress on Friday, he said. But agreeing a list of delegates will take longer, up to three weeks. Turkey last month objected to the presence of the main Syrian Kurdish group at the congress.",0,neutralize_real
real_173,"Kuwait's ruler reappoints PM: state news agency. DUBAI (Reuters) - Kuwait s ruler reappointed his prime minister on Wednesday and asked him to form a cabinet, the official state news agency said on Wednesday, after the government stepped down earlier this week in an expected cabinet reshuffle. The major oil producer has the oldest legislature among the Gulf Arab states and experiences frequent cabinet resignations amid tensions between the government and lawmakers. Prime Minister Sheikh Jaber Mubarak al-Sabah had tendered his resignation on Monday. Pan-Arab television channel Al Arabiya had earlier reported the news.",0,neutralize_real
real_174,"Trump touts 'great' day in D.C. meeting with Republicans: Twitter. WASHINGTON (Reuters) - Presumptive Republican nominee Donald Trump said on Thursday he had a “great day” in Washington meeting with Republican leaders, including U.S. House of Representatives Speaker Paul Ryan. “Great day in D.C. with (Ryan) and Republican leadership. Things working out really well!” he wrote in a Twitter post.  The meetings marked an effort within the Republican Party to unify following a contentious primary battle for the Republican presidential nomination.",0,neutralize_real
real_175,"Trump says he wants provision to lower drug costs in Republican bill. LOUISVILLE, Ky. (Reuters) - President Donald Trump said on Monday that he wants to add a provision to the Republican healthcare plan that would lower prescription drug costs through a “competitive bidding process.” “We’re going to have a great competitive bidding process. Medicine prices will be coming way down,” Trump told a rally. “We’re trying to add it to this bill and if we can’t, we’ll have it right after,” he said, referring to Republican legislation to replace Obamacare that is due to be voted on in the House of Representatives as early as Thursday.",0,neutralize_real
real_176,"Homeland Security says monitoring litigation over Trump order. WASHINGTON (Reuters) - The Department of Homeland Security said on Saturday it was carefully monitoring litigation to do with U.S. President Donald Trump’s executive order affecting seven Muslim-majority countries but had not yet seen a copy of the emergency stay issued by a U.S. Federal Court. A senior Homeland Security official said of roughly 375 travelers affected by the order, 109 were in transit to the United States and denied entry into the country. Another 173 people were stopped by airlines from boarding an aircraft to the United States, said the official.",0,neutralize_real
real_177,"Factbox: Trump fills top jobs for his administration. (Reuters) - U.S. President-elect Donald Trump is expected to pick Goldman Sachs executive Gary Cohn to head his White House National Economic Council, a group tasked with coordinating economic policy across federal agencies, a Trump transition official told Reuters on Friday.  The following is a list of Republican Trump’s selections for top jobs in his administration. All the posts but that of national security adviser, the White House chief of staff, White House director of the National Economic Council and White House strategist require Senate confirmation: Sessions, 69, was the first U.S. senator to endorse Trump’s presidential bid and has been a close ally since. Son of a country-store owner, the Alabama senator and former federal prosecutor has long taken a tough stance on illegal immigration, opposing any path to citizenship for undocumented immigrants.  U.S. Representative Pompeo, 52, is a third-term congressman from Kansas who serves on the House of Representatives Intelligence Committee, which oversees the CIA, National Security Agency and cyber security. A retired Army officer and Harvard Law School graduate, Pompeo supports the U.S. government’s sweeping collection of Americans’ communications data and wants to scrap the nuclear deal with Iran.     Ross, 78, heads the private equity firm W.L. Ross & Co. His net worth was pegged by Forbes at about $2.9 billion. A staunch supporter of Trump and an economic adviser, Ross helped shape the Trump campaign’s views on trade policy. He blames the North American Free Trade Agreement with Canada and Mexico, which went into force in 1994, and the 2001 entry of China into the World Trade Organization for causing massive U.S. factory job losses.     Mattis is a retired Marine general known for his tough talk, distrust of Iran and battlefield experience in Iraq and Afghanistan. A former leader of Central Command, which oversees U.S. military operations in the Middle East and South Asia, Mattis, 66, is known by many U.S. forces by his nickname “Mad Dog.” He was once rebuked for saying in 2005: “It’s fun to shoot some people.” DeVos, 58, is a billionaire Republican donor, a former chair of the Michigan Republican Party and an advocate for the privatization of education. As chair of the American Federation for Children, she has pushed at the state level for vouchers that families can use to send their children to private schools and for the expansion of charter schools. ENVIRONMENTAL PROTECTION AGENCY ADMINISTRATOR: SCOTT PRUITT An ardent opponent of President Barack Obama’s measures to stem climate change, Oklahoma Attorney General Pruitt, 48, has enraged environmental activists. But he fits with the president-elect’s promise to cut the agency back and eliminate regulation that he says is stifling oil and gas drilling. Pruitt became the top state prosecutor for Oklahoma, which has extensive oil reserves, in 2011, and has challenged the EPA multiple times since. U.S. Representative Price, 62, is an orthopedic surgeon who heads the House Budget Committee. A representative from Georgia since 2005, Price has criticized Obamacare and has championed a plan of tax credits, expanded health savings accounts and lawsuit reforms to replace it. He is opposed to abortion. The final leadership role of Kelly’s 45-year career was head of the U.S. Southern Command, responsible for U.S. military activities and relationships in Latin America and the Caribbean. The 66-year-old retired Marine general differed with Democratic President Barack Obama on key issues and has warned of vulnerabilities along the United States’ southern border with Mexico. Carson, 65, is a retired neurosurgeon who dropped out of the Republican presidential nominating race in March and threw his support to Trump. A popular writer and speaker in conservative circles, Carson previously indicated reluctance to take a position in the incoming administration because of his lack of experience in the federal government. Carson is the first African-American picked for a Cabinet spot by Trump. McMorris Rodgers, a 47-year-old U.S. congresswoman from Washington state, is the fourth most senior member of the House of Representatives leadership. A member of the House Energy Committee, she has supported efforts to expand the U.S. energy industry such as the recent repeal of the decades-old ban on oil exports and efforts to reject the Environmental Protection Agency’s Waters of the United States Act. She has also expressed skepticism about climate change. Before joining Congress in 2004, McMorris Rodgers served for a decades in the Washington state legislature, eventually becoming the first woman there to serve as minority leader. Cohn, 56, president and chief operating officer of investment bank Goldman Sachs, had widely been considered heir apparent to Lloyd Blankfein, CEO of the Wall Street firm. Trump hammered Goldman and Blankfein during the presidential campaign, releasing a television ad that called Blankfein part of a “global power structure” that had robbed America’s working class. Puzder, chief executive officer of CKE Restaurants Inc, which runs the Carl’s Jr. and Hardee’s fast-food chains, has been a vociferous critic of government regulation of the workplace and the National Labor Relations Board. Puzder, 66, has argued that higher minimum wages would hurt workers by forcing restaurants to close, and praises the benefits of automation, so his appointment is likely to antagonize organized labor.  Retired Lieutenant General Flynn, 57, was an early Trump supporter and serves as vice chairman on his transition team. He began his Army career in 1981 and was deployed in Afghanistan and Iraq. Flynn became head of the Defense Intelligence Agency in 2012 under President Barack Obama but retired a year earlier than expected, according to media reports, and became a fierce critic of Obama’s foreign policy. McMahon, 68, is a co-founder and former chief executive of the professional wrestling franchise WWE, which is based in Stamford, Connecticut. She ran unsuccessfully as a Republican for a U.S. Senate seat in Connecticut in 2010 and 2012, and was an early supporter of Trump’s presidential campaign. Chao, 63, was labor secretary under President George W. Bush for eight years and the first Asian-American woman to hold a Cabinet position. She is a director at Ingersoll Rand, News Corp and Vulcan Materials Company. She is married to U.S. Senate Majority Leader Mitch McConnell, a Republican from Kentucky. Mnuchin, 53, is a successful private equity investor, hedge fund manager and Hollywood financier who spent 17 years at Goldman Sachs before leaving in 2002. He assembled an investor group to buy a failed California mortgage lender in 2009, rebranded it as OneWest Bank and built it into Southern California’s largest bank. Housing advocacy groups criticized the bank for its foreclosure practices, accusing it of being too quick to foreclose on struggling homeowners. Haley, 44, has been the Republican governor of South Carolina since 2011 and has little experience in foreign policy or the federal government. The daughter of Indian immigrants, she led a successful push last year to remove the Confederate battle flag from the grounds of the South Carolina state capitol after the killing of nine black churchgoers in Charleston by a white gunman. Recently re-elected to serve as Republican National Committee chairman, Priebus will give up his party post to join Trump in the White House, where the low-key Washington operative could help forge ties with Congress to advance Trump’s agenda. The 44-year-old was a steadfast supporter of Trump during the presidential campaign even as the party fractured amid the choice. CHIEF WHITE HOUSE STRATEGIST, SENIOR COUNSELOR: STEVE BANNON, The former head of the conservative website Breitbart News came aboard as Trump’s campaign chairman in August. A rabble-rousing conservative media figure, he helped shift Breitbart’s into a forum for the alt-right, a loose confederation of those who reject mainstream politics and includes neo-Nazis, white supremacists and anti-Semites. His hiring signals Trump’s dedication to operating outside the norms of Washington. As White House chief of staff, Bannon, 63, will serve as Trump’s gatekeeper and agenda-setter.",0,neutralize_real
real_178,"Obama highlights five priorities in meeting with Republican leaders. WASHINGTON (Reuters) - U.S. President Barack Obama highlighted five legislative priorities in a meeting on Tuesday with Republican congressional leaders, including the financial crisis in Puerto Rico and passage of the Trans-Pacific Partnership, the White House said. The White House said Obama also discussed the opioid  epidemic, cancer research and criminal justice reform with Republican House Speaker Paul Ryan and Senate Majority Leader Mitch McConnell. “The president is eager to see Congress take that action as soon as possible this year,” White House spokesman Josh Earnest said of the sweeping trade pact.",0,neutralize_real
real_179,"Kenya court to rule on presidential election cases on Monday. NAIROBI (Reuters) - Kenya s Supreme Court will rule on Monday on cases that seek to nullify the re-election of President Uhuru Kenyatta last month and the judges could order a fresh vote or clear the way for the incumbent to be sworn in for a second term. The two cases appear to represent a final chance for legal scrutiny of the Oct. 26 election and the ruling could end a protracted political crisis in which more than 60 people have been killed. Kenya is a hub for trade, diplomacy and security in East Africa.  We will deliver judgment on the 20th,  Chief Justice David Maraga told lawyers at the end of a hearing on Thursday. Kenyatta defeated opposition leader Raila Odinga in August but Odinga challenged the election and the court voided it citing procedural irregularities and ordered a fresh vote. The court s decision was the first of its kind in Africa. Odinga boycotted last month s poll, saying the election commission had failed to carry out sufficient reforms. Kenyatta won with 98 percent of the vote. Lawyers for the petitioners, a former lawmaker and two human rights activists, urged the court to nullify the repeat poll due to a lack of fresh nominations for candidates and violence in some areas that prevented voting. Their counterparts for the election board, its chairman and Kenyatta, rejected the petition and urged the court to uphold the result to help end a crisis that has hurt the economy. The Supreme Court was created by a 2010 constitution that followed a crisis over a disputed election in 2007 in which around 1,200 people were killed in ethnic clashes. Analysts said the September ruling by the Supreme Court could embolden other judiciaries in Africa. This month, Liberia s Supreme Court halted a presidential run-off until the election board investigates claims of fraud in the first round of voting.",0,neutralize_real
real_180,"Britain summons Chinese ambassador after UK activist denied Hong Kong entry. LONDON (Reuters) - Britain said on Tuesday it had summoned the Chinese ambassador in recent days to express its concern that a British rights activist was denied entry to Hong Kong last week.  We are very concerned that Ben Rogers, a UK national, was denied entry into Hong Kong on 11 October in absolute disregard of the  one country, two systems  principle,  Foreign Office minister Mark Field said in parliament. He added:  Foreign Office director-general for economic and global issues summoned the Chinese ambassador on this issue over the past few days.  Rogers, a co-founder of the ruling Conservative Party s Human Rights Commission, has been a vocal critic of Chinese-ruled Hong Kong s treatment of human rights activists, including that of jailed student protest leader Joshua Wong. Hong Kong, which returned to Chinese rule in 1997, is governed under a  one country, two systems  principle that promises it a higher degree of autonomy and freedom than on the mainland. Last week, Foreign Secretary Boris Johnson said London needed an explanation from Hong Kong and Beijing on the matter.",0,neutralize_real
real_181,"Turkish academics to be tried in April over Kurdish letter. ISTANBUL (Reuters) - A Turkish court on Tuesday adjourned for four months the trial of 10 academics who signed a letter to the Turkish government last year calling for violence against Turkey s Kurds to end. The academics are the first group from 148 who are being prosecuted for signing the open letter. They are accused of insulting the Turkish government and carrying out propaganda for a terrorist group. In total, 1,128 academics from Turkey and abroad, including philosopher and activist Noam Chomsky, signed the January 2016 letter, titled  We will not a be party to this crime!  It called for an end to violence in Kurdish-majority towns in eastern Turkey, which escalated after the collapse in 2015 of a ceasefire between the Turkish government and the militant Kurdistan Workers Party (PKK). In the letter, published a few months after the violence erupted, they said the Turkish state was condemning residents in the mainly Kurdish southeastern provinces  to hunger through its use of curfews that have been ongoing for weeks . It also accused authorities of deploying heavy weapons that should only be used in war.  We demand the government to prepare the conditions for negotiations and create a road map that would lead to a lasting peace which includes the demands of the Kurdish political movement,  it said. Tuesday s hearing, against six academics from Galatasaray University and four from Istanbul University, was adjourned to April 12 after the court rejected the lawyers  submission that the letter was a criticism of the government, not an insult.  Criticizing the government is not punishable under Turkey s penal code, while insulting it is.  It is obvious, from a legal standpoint, that there is no crime here, but, politically, (the authorities) want to turn it into something else,   a defense lawyer for three academics from Istanbul University told Reuters. The PKK took up arms in 1984 and more than 40,000 people have died in the conflict since then. The group is considered a terrorist organization by Turkey, the United States and the European Union. The academics published their letter six months before last year s failed military coup. Since then, thousands of academics have been fired for alleged links to terrorist organizations. Some academics say Turkey s progress in academia in recent years is now in jeopardy. Rights groups accuse President Tayyip Erdogan of using a state of emergency declared after the coup to quash political dissent.",0,neutralize_real
real_182,"Ukraine president hopes to secure defensive weapons from Western allies. KIEV (Reuters) - Ukrainian President Petro Poroshenko on Thursday said he hoped to complete talks with Western allies on the supply of defensive weapons, as he warned that upcoming Russia-Belarus military exercises could be cover for an invasion of Ukraine.  The creation of new strike groups of Russian troops for an invasion of Ukrainian territory can t be ruled out,  he said in a speech to parliament.  I hope that we will successfully complete negotiations with our Western partners on supplies of defensive weapons,  he said.",0,neutralize_real
real_183,"Ex-Trump staffer sues campaign, alleges gun incident in North Carolina. (Reuters) - A former North Carolina staffer is suing Donald Trump’s presidential campaign, saying a top employee in the state working on the Republican’s White House bid once pulled a gun on him and that after he reported it, the campaign took no action. Vincent Bordini, who said he was hired in December 2015 as a software trainer, said Earl Phillip, then Trump’s North Carolina state director, pointed a pistol at his kneecap while the two were in a car together in February, according to a lawsuit dated Wednesday and filed in state court. Bordini said he reported the incident to several Trump campaign officials, including then-campaign manager Corey Lewandowski, with no result, according to the lawsuit, which was posted online by the New York Daily News. The lawsuit names Phillip and the Trump campaign as defendants. “Vincent was a passionate Donald J. Trump supporter,” the lawsuit said. “He had faith that the Trump campaign would handle the situation internally. But as time went on it became apparent  that this not going to happen.” William Harding, a Charlotte-based lawyer for Phillip, called the allegations “preposterous” and said if Bordini’s claims were true, there would have been criminal action. “If someone brandished a weapon on me or assaults me, I’m going to go to the appropriate law enforcement officer,” Harding said. Phillip was replaced earlier this month as state director and moved to a diversity coalition for Trump. On Thursday, he resigned from the campaign, Harding said. The Trump campaign did not respond to a request for comment. An attorney for Bordini also did not immediately respond. The lawsuit said the gun incident occurred during a trip to South Carolina ahead of that state’s primary. Bordini said four other people had similar interactions with Phillip, but the campaign did nothing in response, the lawsuit said.",0,neutralize_real
real_184,"Sen. McCain says will support changing rules to confirm Gorsuch. WASHINGTON (Reuters) - U.S. Sen. John McCain on Monday announced that he will support an upcoming effort by his fellow Republicans to win Senate confirmation of Judge Neil Gorsuch to the Supreme Court by changing the chamber’s rules in order to overcome Democratic opposition. McCain, in remarks to reporters, said he had “no choice” but to go along with a change in rules ending a tradition of 60 votes in the 100-member Senate needed to advance Supreme Court nominees to a final vote. He said he would support the rule change “because we need to confirm Gorsuch.” In the past, McCain has strongly opposed such a change.",0,neutralize_real
real_185,"Cuba holds municipal elections on road to Castro era’s end. HAVANA (Reuters) - Cuba took another step on Sunday toward the end of the Castro era, with millions of residents placing paper ballots in cardboard boxes for ward delegates to municipal assemblies. The vote comes the day after the first anniversary of revolutionary leader Fidel Castro s death and precedes another election early next year for provincial and national assembly deputies. The new national assembly, where 50 percent of the deputies must be ward delegates elected on Sunday, is expected on Feb. 24 to select a new president to replace Raul Castro, Fidel s 86-year-old younger brother, who has said he will step down after serving two five-year terms. The Castro brothers have headed the government since the 1959 revolution. Raul Castro will remain head of the Communist Party until 2021, the only legal party in Cuba. Nearly 27,000 candidates are running for 12,515 ward positions in Sunday s election, the only part of the electoral process that is contested publicly and with direct participation by ordinary Cubans. The results will be announced on Monday. The candidates for the provincial and national assemblies are nominated by commissions composed of representatives of Communist Party-controlled organizations, such as the trade union federation, then presented as a slate for a public vote. Those slates have had the same number of names as seats in previous elections. Fifty percent of those names must be ward delegates. The electoral cycle comes at a tricky time for the Caribbean nation as the revolutionary generation passes, an economic reform program appears stalled, aid from key ally Venezuela shrinks, and the Trump administration threatens. Yet candidates debated none of these issues before Sunday s vote. First Vice President Miguel Diaz-Canel, who is expected to succeed Castro, lauded the electoral process and refused to speculate about his future.  Today is a day to talk about what we are doing and Fidel,  he told reporters after casting his ballot. Asked about relations with the United States, he said Cuba remained interested in improving them, but reiterated its position that negotiations would have to be based on mutual respect and equality and without dictates.  The future depends on them, not us,  he said. Campaigning is prohibited in Cuba, and candidates for the ward posts were nominated at neighborhood meetings based on their personal merits, not policy positions. They need not belong to the Communist Party, and many candidates are independents, but only a few government opponents have ever competed.  I am happy to vote, but I must say, like most young people I do not think it makes any difference,  said a young woman, who requested anonymity because she holds an important government job. She added that there was an ongoing discussion on how to reform the electoral process and make government more responsive. This year a coalition of opposition groups ran more than 160 pre-candidates, but most were blocked by state security from nomination meetings, and none are running on Sunday.",0,neutralize_real
real_186,"CNN, Deutsche Welle could be hit by Russia's 'foreign agents' media law: RIA. MOSCOW (Reuters) - Media outlets such as CNN, Radio Free Europe and Deutsche Welle could be affected by Russia s new  foreign agents  media law, Andrei Isayev, a senior lawmaker from the ruling United Russia party, told RIA news agency on Monday.  Russia s parliament warned last week that some U.S. and other foreign media outlets could be declared  foreign agents  and obliged to regularly declare full details of their funding, finances and staffing.",0,neutralize_real
real_187,"Trump considering Dallas investor Ray Washburne for interior secretary: CNBC. (Reuters) - President-elect Donald Trump is considering Dallas investor Ray Washburne as a possible interior secretary, CNBC reported on Monday, citing unnamed sources on Trump’s transition team. Washburne’s company, Charter Holdings, is involved in real estate, restaurants and diversified financial investments. A top Republican fundraiser, Washburne has served as vice chair of Trump Victory Committee.",0,neutralize_real
real_188,"Russia to bar U.S. diplomats from monitoring its elections: RIA. MOSCOW (Reuters) - The Russian Foreign Ministry has sent a diplomatic note to the U.S. authorities telling them that U.S. diplomats will not be allowed to conduct monitoring of future Russian elections, the RIA news agency cited a senior Russian official as saying. The move was Russia’s response to what it says was U.S. obstruction of Russian diplomats seeking to monitor Tuesday’s U.S. presidential election for possible violations, RIA quoted Deputy Foreign Minister Sergei Ryabkov as saying.",0,neutralize_real
real_189,"U.S. watching piracy increase off Somalia, sees ties to famine. DJIBOUTI (Reuters) - The United States is closely watching a recent increase in piracy off the coast of Somalia, a senior U.S. military official said on Sunday as Defense Secretary Jim Mattis visited an important military base in Djibouti. The rise in piracy attacks has at least partially been driven by famine and drought in the region, the top U.S. military commander overseeing troops in Africa said during Mattis’ visit as part of a week-long trip to the Middle East and Africa.  The United States uses the base in Djibouti, a tiny country the size of Wales at the southern entrance to the Red Sea, as a launch pad for operations in Yemen and Somalia. The sudden string of attacks by Somali pirates comes after years without a reported incident. Attacks peaked with 237 in 2011 but then declined steeply after ship owners improved security measures and international naval forces stepped up patrols. This month has seen a new rash of attacks, with two ships captured and a third rescued by Indian and Chinese forces after the crew radioed for help and locked themselves in a safe room. “The bottom line is there have been a half dozen or so(incidents),” Marine General Thomas Waldhauser said at a press conference standing alongside Mattis. “We’re not ready to say there is a trend there yet but we’ll continue to watch,” he said, adding one reason for the increase was famine and droughts in the region since some vessels targeted were carrying food and oil. According to the U.N. World Food Programme more than 20 million people from Nigeria, Somalia, South Sudan and Yemen are at risk of dying from starvation within the next six months.  In South Sudan alone, more than 100,000 people are suffering from famine with a further million on the brink of starvation. Mattis added that while the situation was being watched, he did not expect a U.S. military response to the surge in piracy. A U.S. defense official, speaking on the condition of anonymity, said international shipping companies had started to become complacent about their security, which could also help explain the rise in piracy incidents. Djibouti is strategically important as it is on the route to the Suez Canal. The barren nation, sandwiched between Ethiopia, Eritrea and Somalia, also hosts Japanese and French bases. The U.S. base, which has about 4,000 personnel, is located just miles from a Chinese one, still under construction, which has caused concern to some U.S. officials.  Mattis’ visit to the base comes as the United States has been increasing pressure on militant groups such as al Shabaab in the region. The White House recently granted the U.S. military broader authority to strike al Qaeda-linked al Shabaab militants in Somalia. Waldhauser told reporters that he had not yet used the new authorities given to him by the White House. Al Shabaab has been able to carry out deadly bombings despite losing most of its territory to African Union peacekeepers supporting the Somali government. On Sunday, a military vehicle hit a roadside bomb in Somalia’s semi autonomous Puntland region on Sunday, killing at least six soldiers and injuring another eight. The United States recently sent a few dozen troops to Somalia to help train members of the Somali National Army. It is also carrying out strikes in Yemen against al Qaeda in the Arabian Peninsula (AQAP). AQAP boasts one of the world’s most feared bomb makers, Ibrahim Hassan al-Asiri, and it has been a persistent concern to the U.S. government ever since a 2009 attempt to blow up a Detroit-bound airliner on Christmas Day.",0,neutralize_real
real_190,"One dead at protest against extending Ugandan president's rule. KAMPALA (Reuters) - At least one person died as police fired bullets and teargas to disperse a crowd of opposition supporters rallying on Wednesday against plans to extend Ugandan President Yoweri Museveni s rule.  Police have broken up a series of protests in recent days against a bill to let the 73-year-old president stand again in 2021 elections - the constitution currently sets an age limit for candidates at 75. Rights organizations and activists have criticized moves by several other long-serving African rulers, notably in Rwanda, Burundi and Burkina Faso, to stay in power by extending term limits. Police spokesman Elly Maate said one person died after officers fired bullets in the air to disperse a crowd gathering for what he called  an illegal rally  near a stadium in the southwestern town of Rukungiri. Opposition party member Ingrid Turinawe and a local government official both said two men died. Turinawe said a bullet also struck a vehicle carrying opposition leader Kizza Besigye. He was not hurt but an image showed a gaping hole in the rear window of his vehicle. A Museveni-allied legislator introduced the bill to remove the presidential age limit last month. Museveni met MPs backing the measure last week and for the first time openly expressed his support for the legislation, several local media outlets reported.",0,neutralize_real
real_191,"Germany's Merkel working toward spring meeting with Trump: sources. BERLIN (Reuters) - Chancellor Angela Merkel is working to set a date this spring for a meeting with Donald Trump, who will be sworn in as U.S. president on Friday, German government sources said on Monday. Merkel had offered to meet Trump in the United States in her capacity as chairman of the Group of 20 leading economies, the sources said. The chancellor has spoken with Trump only once, shortly after his election to succeed U.S. President Barack Obama. In a joint interview published by the Times of London and Germany’s Bild newspaper on Monday, Trump said he had always had “great respect” for Merkel, but described her 2015 decision to allow in a wave of a million migrants as a “catastrophic mistake” that opened the door to terrorist attacks. Merkel refused to comment on the interview during a news conference with New Zealand Prime Minister Bill English, saying she would wait until after Trump’s inauguration and then planned to work with him at all levels of government.",0,neutralize_real
real_192,"Jihadists mock Trump travel ban, vow more attacks. CAIRO (Reuters) - Supporters of Islamic State mocked U.S. President Donald Trump’s decision to deny entry to citizens of seven Muslim- majority countries, saying it would fail to stop attacks in the United States and help win new militant recruits instead.  “Your decision will do nothing. Attacks will come at you from inside America, from Americans born in America with American parents and grandparents,” one Islamic State supporter posted on Telegram, an encrypted messaging app. In a move he said would help protect the United States from terrorists, Trump signed an order on Friday suspending the entry of people from Iran, Iraq, Libya, Somalia, Sudan, Syria and Yemen for at least 90 days. Admission of all refugees was halted for four months, and for Syrians indefinitely. The sweeping travel curbs took effect immediately, wreaking havoc for would-be travellers with passports from the seven countries and prompting an international outcry. Islamic State, which has been fighting military assaults on several fronts in its heartlands of northern Syria and Iraq, has made no formal comment on Trump’s ban. But some sympathisers took to social media to pour scorn on immigration restrictions they said would serve Islamic State’s cause.  “Trump bans Muslims from entering America and kills them in Yemen, Iraq and Syria, then threatens them ... the wretch does not know he presents an invaluable service to Islamic State,” a supporter calling himself Salem al-Mosuly wrote on Twitter.  An Islamist channel on the messaging app Telegram called “Scholars of Haq”, monitored by U.S. monitoring service SITE, asked whether Trump’s policies meant he was currently the best “caller to Islam” - someone who attracts new believers. Of the first 48 users to respond, 34 answered that he was, according to SITE. SITE quoted one respondent, Abu Magrebi, as saying: “What Trump has done has clearly revealed the truth, and harsh reality behind the American government’s hatred towards Muslims.” “What is Trump doing to his country? He just become president and already people (are) protesting against his policy, and worldwide countries criticising him. Trump will bring American down God willing,” Abu Magrebi wrote in another post monitored by SITE. By Monday morning, the Scholars of Haq channel had been taken down, along with several other channels on which Islamist militants had posted responses on Sunday. Other Islamic State supporters mocked an order issued by Trump on Sunday requiring his joint chiefs of staff give him a plan, in the next 30 days, to defeat the militant group.   “The Crusader Trump has made himself an unthinking Pharaoh. The despicable Crusader forgets the reckless utterances of Bush Junior and the mule Obama before him. They did not succeed and by the grace of God we will rub his nose in the mud as we did his predecessors,” wrote user Turjman Al Asawirti on Telegram.",0,neutralize_real
real_193,"Merkel warns Hungary of financial consequences of defying EU on migrants. BERLIN (Reuters) - Hungary could face financial consequences if it defies a European court ruling ordering it to accept its allocated share of refugees arriving in Europe, German Chancellor Angela Merkel said in a newspaper interview. The remarks suggest a hardening of Germany s line on the right-wing Hungarian government of Viktor Orban, who has been outspoken in his opposition to an agreement that each European Union country should agree to take in a quota of refugees.  Anyone who rejects this solidarity must accept that this will not be without consequences, including for negotiations over future financial support,  Merkel said in the interview with Nordwest Zeitung published on Friday. Merkel s tougher line, which comes a week before parliamentary elections in which the conservative is running for a fourth term as Chancellor, mirrors the position of Martin Schulz, her Social Democratic rival, who has long been a fierce critic of Orban s nativist style. More than 1.5 million migrants and refugees have arrived in Europe since 2015, many fleeing war in the Middle East.  The EU s highest court ruled on Sept. 6 that member states must take in a share of the refugees, dismissing complaints by Slovakia and Hungary and reigniting an east-west row that has shaken the Union s cohesion. A suspension of financial support could have serious fiscal consequences for Hungary, which has prospered on the back of large claims on EU cohesion and development funds. Hungary has been allocated 25 billion euros ($30 billion) in European Structural and Investment funds via a range of programs over the period 2014-2020, according to the European Union website. Orban, who has built border fences and made keeping out migrants a key plank of his re-election campaign for next year, this week announced plans for a  national consultation  on Brussels  plans to distribute asylum-seekers in the EU.",0,neutralize_real
real_194,"Trump's war chest one of smallest in recent presidential campaigns. WASHINGTON/NEW YORK (Reuters) - Republican Donald Trump could go down as the least well-funded presidential candidate in recent campaigns - entering the final month of the election still without the cash to match the level of staff and advertising that has helped power the campaign of his Democratic rival Hillary Clinton. With less than three weeks until the election, it is too late for Trump to amass the amount of cash he would need to unleash a spending assault that might turn his hobbled campaign around. Through the end of September, Trump raised a total of $163 million - a far cry from Clinton’s $449 million. Trump, a New York real estate developer who has boasted about his wealth, pledged to use millions of his personal assets to fund his campaign. In addition to the $163 million raised, he put in $47.5 million during the primary and then added another $8.6 million. Trump’s fundraising deficit has resulted from a series of campaign crises that made wealthy donors reluctant to contribute to his campaign and reflects that he does not enjoy working the fundraising circuit or calling large-dollar donors to ask them to write checks. That’s a big disadvantage for Trump. And it shows in how he has been outspent trying to win the Nov. 8 election for the White House, particularly in the two largest spending categories: staff and television commercials. When it comes to staff, Trump has spent $5 million, compared with Clinton’s spending of about $38 million.  Trump had 168 people on his payroll in September, more than doubling the 82 he had on staff in July. Additionally, Trump spent $5 million on field consultants, part-time workers who are not part of the main staff. Clinton had 815 people on her staff in September.  On advertising, Trump has spent $48.7 million while Clinton has spent $204 million - allowing her to blanket the airwaves with a deluge of advertisements. It has also allowed Clinton to inject more money into states that have become closer as Election Day nears. Earlier this week, Clinton’s campaign announced it was spending an additional $2 million in Arizona, a late-game decision to try to win a traditionally Republican state that now appears within her grasp. Overall, Trump has spent about $190 million by the end of September, compared with Clinton’s $401 million.  Trump and Clinton can collect donations up to $5,400 from a single individual, but can also collect larger checks that are then divided between the campaign and joint fundraisers with the national and state parties.  The funds that candidates raise for the national and state political parties are still used for the common effort of hiring staff and getting voters to turn out to the polls. But those funds cannot be used in the most direct parts of running a campaign, like buying television ads or hiring staff that report to the campaign manager. Trump’s campaign struggled to get organized and build out the infrastructure that is needed to be competitive in the key battleground states. Instead, Trump has been dependent on the infrastructure built by the Republican Party. Trump has raised $244 million through joint fundraising committees with the national parties, of which he got $71 million.  By comparison, Clinton has raised $415 million through joint fundraisers, of which $117 million went to her campaign. Since 2008, major party presidential candidates have stopped accepting public funding for their general election campaigns - which placed limits on the amount a candidate could raise and spend. But even the last candidate to accept public funds, Senator John McCain in 2008, raised more that year than Trump did this election. McCain raised more than $300 million. That same year, Barack Obama, in his first presidential race, raised $607 million. In 2012, Mitt Romney raised more than $337 million at this point in the campaign. And Obama had raised $564 million.",0,neutralize_real
real_195,"Britain will not pay 'a penny more' than it thinks right to leave EU: Boris Johnson. LONDON (Reuters) - Britain will pay  not a penny more, not a penny less  than what the government thinks its legal obligations are to the European Union as the country leaves the bloc, foreign minister Boris Johnson said on Friday. Talking to BBC Radio Four, Johnson said his comment that the EU could  go whistle  on its demands for payment was in response to being asked whether Britain would pay  100 billion euros or pounds , and not a suggestion that the government would not pay. A financial settlement is set to be one of the most difficult issues to resolve in negotiations to unravel more than 40 years of union, and the EU has said it is one of three areas the two sides must make progress on before starting talks on a future relationship, including trading arrangements.  Some of the sums that I ve seen seem to be very high. Of course, we will meet our obligations,  Johnson said.  We should pay not a penny more, not a penny less of what we think our legal obligations amount to.",0,neutralize_real
real_196,"U.S. House Speaker Ryan offers election-year security agenda. WASHINGTON (Reuters) - U.S. House Speaker Paul Ryan unveiled a national security policy featuring stronger defense on Thursday, the next step in a conservative policy agenda rolling out as he works to unify Republicans after a divisive primary campaign. The plan is sharply critical of President Barack Obama, blaming the Democrat for “eight years of broken promises, concessions, and retreat” in the Syrian civil war, nuclear deal with Iran, chilly relations with Russia and dealings with a bellicose North Korea. It would overturn some of what Obama allies consider his foreign policy achievements, including the Iran deal and his moves toward normal relations with Communist-ruled Cuba. And it criticizes efforts to close the Guantanamo detention center. While not providing figures, it also calls for an end to military rollbacks and demands “adequate, predictable budgets.” The blueprint includes several departures from foreign policy statements by presumptive Republican presidential nominee Donald Trump, whom Ryan has endorsed in the White House race. It does not demand the erection of a massive wall along the Mexican border, a centerpiece of Trump’s campaigning. Ryan calls for border security measures including “high fencing,” aerial surveillance and radar. But it echoes some of Trump’s concerns about Muslim immigrants, with calls to tighten refugee screening and discussion of ways not to radicalize youths. Trump sparked outrage by promising to temporarily ban Muslims from the United States. “We must constantly reassess our defenses in order to find and close security gaps so that Islamist militants cannot slip into our country undetected,” Ryan’s plan said. The plan is not isolationist. It takes a strong line on battling militants abroad, saying the United States must keep all options on the table and “eliminate terrorist sanctuaries.”  Trump has been critical of some U.S. alliances. Ryan’s plan, in contrast, underscores the importance of NATO, calls ties to Israel “the cornerstone of stability in the Middle East,” advocates severe sanctions on Iran and says the United States should stand up to Russian aggression while bolstering Ukraine. It also calls for more trade agreements and says foreign aid programs should make recipient countries self-sufficient. The plan calls for increased security for diplomats and facilities overseas. In that context, it mentions the 2012 attacks on Benghazi, which many Republicans cite to criticize then-Secretary of State Hillary Clinton, Trump’s rival in the White House race. Ryan, the country’s highest-ranking elected Republican, has described the agenda as a way to offer voters a coherent policy message for 2017. He unveiled an anti-poverty agenda on Monday. Initiatives on regulation, constitutional authority, healthcare and tax reform are expected in the coming weeks.",0,neutralize_real
real_197,"Trump says 'his decision' to fire FBI chief, calls him 'showboat': NBC interview. WASHINGTON (Reuters) - President Donald Trump on Thursday called James Comey, the FBI chief he fired, a “showboat” and “grandstander” and said in a NBC-TV interview he would have dismissed him even if officials at the Justice Department had not recommended it. “He’s a showboat. He’s a grandstander. The FBI has been in turmoil,” Trump told NBC in his first interview since his abrupt firing on Tuesday of Comey, who was leading an investigation into possible Russian meddling in the 2016 U.S. presidential election and possible collusion between Trump campaign officials and Moscow. “I was going to fire Comey. My decision,” Trump said. “I was going to fire regardless of recommendation.”",0,neutralize_real
real_198,"Ex-Trump aide Flynn's family creates fund for 'enormous' legal fees. (Reuters) - Relatives of former national security adviser Michael Flynn have set up a fund to help pay for his legal defense against federal and congressional investigations into potential collusion between Donald Trump’s presidential campaign and Russia. The fund was established by Flynn’s brother Joe and sister Barbara Redgate, who said in a statement the “enormous expense” of legal fees had put a “tremendous financial burden on our brother Mike and his family.” They asked supporters of the retired U.S. general, “veterans, and all people of goodwill” to contribute to the fund, which will collect donations from U.S. citizens through a newly created website, according to the statement. Flynn, a central figure in a federal probe led by special counsel Robert Mueller, as well as a focal point of congressional investigations, broke a months-long silence to thank his siblings for their support on Twitter. “Lori and I are very grateful to my brother Joe and sister Barbara for creating a fund to help pay my legal defense costs,” Flynn said in a tweet, referring to his wife Lori. Flynn was fired by Trump as national security adviser after less than a month on the job. The firing came 18 days after a senior Justice Department official warned that Flynn could be blackmailed because Moscow knew he made misleading statements about his contacts with Russian officials. Flynn in August reported income of at least $1.8 million,  according to an amended financial disclosure form, which included paid speaking engagements to Russian entities, including the Kremlin-funded RT TV and Volga-Dnepr Airlines and payments for lobbying for the Turkish government. Investigators are looking at whether payments from foreign clients to Flynn and his company, the now-inactive Flynn Intel Group, were lawful, sources have told Reuters.",0,neutralize_real
real_199,"Death toll from fighting in South Sudan's Great Lakes rises to 170. JUBA (Reuters) - The death toll from inter-clan fighting in South Sudan s Great Lakes region last week - a new source of violence in a country devastated by a four-year civil war - has reached at least 170, officials said on Tuesday. The clashes in the province s Malek county broke out after a group of young men from the Ruop ethnic group attacked rival youth from the Pakam group on Wednesday and Thursday. Revenge attacks have since taken place. Dharuai Mabor Teny, a member of parliament from the region, updated an earlier death toll of 45.  Right now, from both sides, we have 170 plus people who lost their lives. 342 houses have been burnt and almost 1,800 people displaced,  Teny told Reuters. The violence prompted the government to declare a three-month state of emergency in the region and surrounding areas on Monday. The military has also been ordered to deploy troops to quell the unrest. Shadrack Bol Maachok, the regional government s spokesman, said the widespread availability of arms complicated efforts to control the conflict.  Those arms in the hands of the civilians are going to be taken away and heavy forces are going to be brought here,  he told Reuters. The UN mission in South Sudan UNMISS said its troops were helping remove roadblocks mounted by the clashing groups in a bid to open up routes for movement and trade. South Sudan was plunged into war in 2013 after a political disagreement between President Salva Kiir and his former vice president Riek Machar escalated into a military confrontation. The fighting has killed tens of thousands, uprooted about a quarter of the population of 12 million people and left its small, oil-dependent economy moribund. Violence between rival communities is common in parts of South Sudan, often triggered by quarrels over scarce grazing land and cultural and political grievance",0,neutralize_real
fake_29,"WATCH: BLACK TRUMP SUPPORTER BLASTS CA City Council Over “Racist” Sanctuary Cities…And It’s SPECTACULAR!. An unidentified black Trump supporter blasted the Cudahy City, CA Council members over her objections to  racist  sanctuary cities. Her argument was based on her belief that sanctuary cities offer certain protections and benefits that are not even being offered to legal American citizens.Watch her amazing take down of the bleeding hearts who put lawbreaking foreign citizens before taxpaying and unemployed American citizens: Cities and CountiesCaliforniaAlameda County Berkley Contra Costa County Los Angeles County Los Angeles Monterey County Napa County Orange County Orange County Riverside County Sacramento County San Bernardino County San Diego County San Francisco County San Mateo County Santa Ana Santa Clara County Santa Cruz County Sonoma CountyColoradoArapahoe County Aurora Boulder County Denver County Garfield County Grand County Jefferson County Larimer County Mesa County Pitkin County Pueblo County Routt County San Miguel County Weld CountyConnecticutEast Haven HartfordDistrict Of ColumbiaWashingtonFloridaAlachua County Clay County Hernando CountyGeorgiaClayton County DeKalb CountyIowaBenton County Cass County Franklin County Fremont County Greene County Ida County Iowa City Iowa City, Johnson County Jefferson County Marion County Monona County Montgomery County Pottawattamie County Sioux CountyIllinoisChicago Cook CountyKansasButler County Harvey County Sedgwick County Shawnee County Story CountyLouisianaNew OrleansMassachusettsAmherst Boston Cambridge Lawrence Northhampton SomervilleMarylandBaltimore Montgomery County Prince George s CountyMinnesotaHennepin CountyNebraskaHall County Sarpy CountyNew JerseyMiddlesex County Newark Ocean County Union CountyNew MexicoBenalillo New Mexico County Jails San MiguelNevadaClark County Washoe CountyNew YorkFranklin County Ithaca Nassau County New York City Omondaga County St. Lawrence County Wayne CountyOregonBaker County Clackamas County Clatsop County Coos County Crook County Curry County Deschutes County Douglas County Gilliam County Grant County Hood River County Jackson County Jefferson County Josephine County Lane Countyn Lincoln County Linn County Malheur County Marion County Marlon County Multnomah County Polk County Sherman County Springfield Tillamok County Umatilla County Union County Wallowa County Wasco County Washington County Wheeler County Yamhill CountyPennsylvaniaBradford County Bucks County Butler County Chester County Clarion County Delaware County Eerie County Franklin County Lebanon County Lehigh County Lycoming County Montgomery County Montour County Perry County Philadelphia Pike County Westmoreland CountyRhode IslandProvidence, Rhode Island Rhode Island Department of CorrectionsTexasDallas County Travis CountyVirginiaArlington County Chesterfield CountyVermontMonteplier WinooskiWashingtonChelan County Clallam County Clark County Cowlitz County Franklin County Jefferson County King County Kitsap County Pierce County San Juan County Skagit County Snohomish County Spokane County Thurston County Walla Walla County Wallowa County Whatcom County Yakima CountyWisconsinMilwaukee",1,sensationalize_fake
fake_70,"PRESIDENT TRUMP Calls Out Corrupt FBI Clinton Crony for Alleged ‘Misuse’ of FBI Email. You just can t make this level of cronyism up. It s a blatant disregard for laws, rules and just about everything else unethical. But this is the Clintons so the rules don t apply to them. They are sickeningly corrupt grifters who have been able to get away with just about everything for decades. It s time to call them out and hold them accountable for their lawlessness. The American people need to be able to trust their government will follow the rule of law. The time is now President Trump tweeted out to call out the FBI s Andrew McCabe on his cronyism with the Clintons and misuse of FBI email:President Trump tweeted Sunday that FBI Deputy Director Andrew McCabe allegedly used his official agency email account to  promote  his wife s failed 2015 attempt to win, as a Democrat, a Virginia state Senate seat..@FoxNews-FBI s Andrew McCabe,  in addition to his wife getting all of this money from M (Clinton Puppet), he was using, allegedly, his FBI Official Email Account to promote her campaign. You obviously cannot do this. These were the people who were investigating Hillary Clinton.  Donald J. Trump (@realDonaldTrump) December 24, 2017 The president has long been a critic of the FBI s cronyism with the Clintons. Our previous report on what went on when Andrew McCabe s wife ran for Virginia state senate is unbelievably corrupt:OUR REPORT ON THE CLINTON CRONY BACK IN OCTOBER SPELLS OUT THE CORRUPTION:How much more criminal activity are American voters willing to overlook? Have we, as Americans gotten to the point that no crime committed by Hillary or anyone attached to Hillary will disqualify her from being elected to the highest office in our nation? Are we willing to accept that we can no longer trust anyone working for a government organization in America? The political organization of Virginia Gov. Terry McAuliffe, an influential Democrat with longstanding ties to Bill and Hillary Clinton, gave nearly $500,000 to the election campaign of the wife of an official at the Federal Bureau of Investigation who later helped oversee the investigation into Mrs. Clinton s email use.Campaign finance records show Mr. McAuliffe s political-action committee donated $467,500 to the 2015 state Senate campaign of Dr. Jill McCabe, who is married to Andrew McCabe, now the deputy director of the FBI.The Virginia Democratic Party, over which Mr. McAuliffe exerts considerable control, donated an additional $207,788 worth of support to Dr. McCabe s campaign in the form of mailers, according to the records. That adds up to slightly more than $675,000 to her candidacy from entities either directly under Mr. McAuliffe s control or strongly influenced by him. The figure represents more than a third of all the campaign funds Dr. McCabe raised in the effort.Mr. McAuliffe and other state party leaders recruited Dr. McCabe to run, according to party officials. She lost the election to incumbent Republican Dick Black.A spokesman for the governor said he  supported Jill McCabe because he believed she would be a good state senator. This is a customary practice for Virginia governors  Any insinuation that his support was tied to anything other than his desire to elect candidates who would help pass his agenda is ridiculous. Among political candidates that year, Dr. McCabe was the third-largest recipient of funds from Common Good VA, the governor s PAC, according to campaign finance records. Dan Gecker received $781,500 from the PAC and $214,456 from the state party for a campaign that raised $2.9 million, according to records; and Jeremy McPike received $803,500 from the PAC and $535,162 from the state party, raising more $3.8 million that year for his candidacy.The governor could recall only one meeting with Mr. McCabe when he and other state Democrats met with the couple on March 7, 2015, to urge Dr. McCabe to run, according to the spokesman.The FBI said in a statement that during his wife s campaign Mr. McCabe  played no role, attended no events, and did not participate in fundraising or support of any kind. Months after the completion of her campaign, then-Associate Deputy Director McCabe was promoted to Deputy, where, in that position, he assumed for the first time, an oversight role in the investigation into Secretary Clinton s emails. FBI officials said that after that meeting with the governor in Richmond on March 7, Mr. McCabe sought ethics advice from the bureau and followed it, avoiding involvement with public corruption cases in Virginia, and avoiding any campaign activity or events.Mr. McCabe s supervision of the Clinton email case in 2016 wasn t seen as a conflict or an ethics issue because his wife s campaign was over by then and Mr. McAuliffe wasn t part of the email probe, officials said. Once I decided to run,  Dr. McCabe said,  my husband had no formal role in my campaign other than to be a supportive husband to me and our children. As a federal official everyone who participated in our campaign understood and respected that he could not participate. Mr. McCabe is a longtime FBI official who focused much of his career on terrorism. His wife is a hospital physician who campaigned in northern Virginia, where the couple live with their children.The 2015 Virginia State senate race was Dr. McCabe s first run for office and her campaign spent $1.8 million. The race was part of Mr. McAuliffe s failed effort to win a Democratic majority in the Virginia legislature, which would have given him significantly more sway in Richmond, the state capital.Mr. McAuliffe has been a central figure in the Clintons  political careers for decades. In the 1990s, he was Bill Clinton s chief fundraiser and he remains one of the couple s closest allies and public boosters. Mrs. Clinton appeared with him in northern Virginia in 2015 as he sought to increase the number of Democrats in the state legislature. For entire story: WSJ",1,sensationalize_fake
fake_75,"REVEALED: FBI Aided, Abetted ‘ISIS’ Terrorist Attack at ‘Mohammed Cartoon Event’ in Garland, Texas. Daily Shooter 21st Century WireJust as ISIS is being routed in Deir Ezzor, Syria, and soon out of Raqqa, and driven from its remaining strongholds in Iraq   we discover how the US government has been busy keeping the organization thriving within its own shores.What you are about to read is simply breathtaking, but should be of no surprise to our readers. These new court findings reaffirms much of what 21WIRE and the Daily Shooter column have been reporting for the last five years   that the FBI is responsible for the majority of so-called  terrorist  attacks in the US.According to a new legal case filed against the FBI, court filings have revealed how the agency allowed an alleged  home grown  ISIS attack to take place in Garland, Texas on May 4, 2015. International criminal lawyer Jennifer Breedon shows the FBI was complicit in the attack, and even enticed the two terrorists to carry out the attack, and where agents had  pretended to be ISIS  in order to keep their entrapment operation going. She explains: Some of the facts are indicating that they had an undercover agent that was trying to get in with ISIS   trying to find out these ISIS groups, and he wanted to make himself higher up in ISIS ranks to know more of their fighters. Apparently, he stayed in the car behind them, which came out in another case filing with the FBI. They did not prevent it because if the attack had been carried out successfully, and people died, it was likely this undercover agent and his supervisors in the FBI felt that this would promote him up to high ranks within ISIS   the undercover agent would be promoted up, because the attack was then successful. Read Breddon s full interview here.On the surface this is a clear case of entrapment by the FBI, but upon deeper examination it s now clear that the FBI seems to have aided and abetted a terrorist attack on US soil.While other mainstream and alternative media outlets were busy promulgating the official narrative, 21WIRE actually called-out the staged event, designed to leverage a far right, anti-Muslim agenda, and stoke irrational fears of endless  ISIS attacks  on US soil.PROVOCATEUR: Professional provocateur Geller provided the PR bait for media, the FBI-run  American ISIS  cell.The contrived event was marketed as a controversial  Muhammad Art Exhibit and Cartoon Contest,  organized by a cut-out politcal front group, American Freedom Defense Initiative, led by anti-Muslim activist and professional provocateur, Pamela Geller, and featured far-right Dutch politician Geert Wilders, as its keynote speaker. Media personality Geller claimed to have purposely chosen the venue following the Council on American-Islamic Relations (CAIR) gathering who held a  Stand with the Prophet  conference in late January 2015 after the Charlie Hebdo shootings in Paris earlier that year.According to the victim s attorney Breedon, the FBI had an undercover agent that was  trying to get in with ISIS   trying to find out these ISIS groups, and he wanted to make himself higher up in ISIS ranks to know more of their fighters. American journalist Trevor Aaronson further explains the derelict role of James Comey (image, left) in FBI s attempt to cover its own fingerprints on this dodgy operation: Hours earlier, the FBI had sent a bulletin to local police with Elton Simpson s photo, warning that he was  interested in the event. FBI Director James Comey said in a press conference following the shooting that the FBI did not have reason to believe Simpson was planning to attack the event, even though the bureau had spent years trying to build a case against him. ENTRAPMENT: The unwitting youngster, Elton Simpson, was groomed by a paid FBI informant, and brought to the scene of the staged  attack. After the FBI-staged  attack , 21WIRE was one of few media outlets to report how a paid FBI informant was not only  handling , but directing what appeared to be a naive and vulnerable federal target for entrapment   a new young Muslim convert named Elton Simpson from Phoenix, Arizona:It s now been revealed that  gunman , Elton Simpson, was already under surveillance by the FBI and was even the subject of a terror investigation. More importantly, we can also confirm Simpson was being handled by an FBI informant. Court papers filed in Arizona name the FBI undercover informant as Mr. Daba Deng, a Kenyan and who, from 2007, was paid $132,000 by the FBI to  become friends with Mr. Simpson , and who appears to have groomed Simpson through a local mosque, and helped to develop Simpson s ideas about  jihad .So keen was CNN at the time to convince its audience that Garland was a real terrorist event, it took the trouble of creating its own cartoon version of the attack in a desperate attempt to make the official story believable:SYNTHETIC TERROR: CNN uses cartoon to make the Garland Shooting look like a real terror event.At the time, and almost comically, CNN tried to push the official narrative, appearing totally clueless of the fact that the attackers were under FBI supervision for years: He wasn t well-known to federal law enforcement and was not on the FBI s radar, one of the officials said. Investigators were combing through evidence retrieved from the shooters  Arizona home to help piece together a timeline of how their plot came together, the official said. It was as if CNN had copied and pasted their report from an FBI press memo issued after the event (perhaps it was). CNN s coverage of the event was equally ridiculous, not picking up on the fact that a small platoon of heavily armed US special ops mercenaries were pre-positioned at Geller s event in anticipation of the made-for-TV  terror  attack that followed:#BREAKING Update from SWAT Team Leader. @wfaachannel8 pic.twitter.com/HoF5f4bF7U  Jobin Panicker (@jobinpnews) May 4, 2015SEE OUR INITIAL REPORT ON GELLER S GARLAND HOAX: Hebdo Redux in Garland, Texas?  Mohammed Cartoon  Shooting Reeks of a Staged False FlagGarland was a  clear case of the US government creating a terror threat where there was none, and this wouldn t be the first time either.As previously noted, The Guardian reported on the scale and scope of this trend in 2014: In some cases the FBI may have created terrorists out of law-abiding individuals by suggesting the idea of taking terrorist action or encouraging the target to act.  The list of FBI-related  terrorist  incidents inside the US is a long one. The formula for creating a  terror icon  required a confidential informant to guide and manage the future  suspect  right up to the point of arrest, or in some cases, like the World Trade Center Bombing in 1993, the FBI have even allowed the terrorist incident to take place.In Garland, as with so many other high profile  terror  and mass shooting events, 21WIRE s investigations have turned out to correct, while the mainstream media have been completely wrong.The following infographic is from the  Program on Extremism    these are likely contrived, if not inflated numbers   meant to represent  suspected ISIS  members  supposedly hiding out all over America:We've updated our ISIS in America numbers (100) and added a new statistic: Average prison sentence (10.1 years). pic.twitter.com/SsAbCx1Tgy  Program On Extremism (@gwupoe) August 3, 2016The following is a partial list of informants, patsies and dupes used by the security services in a number of the high-profile  terror  events in recent years:Tamerlan Tsarnaev (see his story here) Buford Rogers (see his story here) Jerad Miller (see his story here) Naji Mansour (see his story here) Quazi Mohammad Nafis (see his story here) Mohamed Osman Mohamud (see his story here) Timothy McVeigh (see his story here) Salim Benghalem (see his story here) Michael Adebolajo (see his story here) Daba Deng (see his story here) Elton Simpson (see his story here) Man Haron Monis (see his story here) Abu Hamza (see his story here) Haroon Rashid Aswat (see his story here) Glen Rodgers (see his story here) Omar Mateen (see his story here) Tashfeen Malik (see her story here) Djamel Beghal  (see his story here) Anjem Choudary (see his story here) Cherif Kouachi (see his story here) Said Kouachi (see his story here) Amedy Coulibaly (see his story here) Hayat Boumeddiene (see her story here) Salman Abedi (see his story here) Khuram Butt (see his story here) Salah Abdeslam (see his story here) Michael Zehaf-Bibeau (see his story here) Nidal Malik Hassan (see his story here) Abdelhakim Dekhar  (see his story here) Abdelhamid Abaaoud (see his story here) Samy Amimour (see his story here) Isma l Omar Mostefa  (see his story here) Mohamed Lahouij Bouhlel (see his story here) Anis Amri (see his story here) Esteban Santiago-Ruiz (see his story here) Abdulkadir Masharipov (see his story here) Khalid Masood (see his story here)READ MORE GARLAND NEWS AT: 21st Century Wire Garland FilesSUPPORT OUR WORK BY SUBSCRIBING & BECOMING A MEMBER @21WIRE.TV",1,sensationalize_fake
fake_104,"5 FACTS The Media Won’t Tell You About Cops Killing Blacks [VIDEO]. Scholar and journalist Heather Mac Donald toiled away early on in her career at liberal enclaves, but through her street-level reporting on social services and the police, her worldview shifted away from liberal-progressive to conservative.Her shift  was not some kind of epiphany from reading conservative principles,  but by hearing the voices of welfare recipients who told her  government aid becomes a narcotic. Her latest book,  The War On Cops  is now available for purchase. In her book, she outlines the false narrative that is being pushed by Black Lives Matter and the leftist media that law enforcement officers are  Out to get Blacks  in America.For almost two years, a protest movement known as  Black Lives Matter  has convulsed the nation. Triggered by the police shooting of Michael Brown in Ferguson, Missouri, in August 2014, the Black Lives Matter movement holds that racist police officers are the greatest threat facing young black men today. This belief has triggered riots,  die-ins,  the murder and attempted murder of police officers, a campaign to eliminate traditional grand jury proceedings when police use lethal force, and a presidential task force on policing.Even though the U.S. Justice Department has resoundingly disproven the lie that a pacific Michael Brown was shot in cold blood while trying to surrender, Brown is still venerated as a martyr. And now police officers are backing off of proactive policing in the face of the relentless venom directed at them on the street and in the media. As a result, violent crime is on the rise.The need is urgent, therefore, to examine the Black Lives Matter movement s central thesis that police pose the greatest threat to young black men. I propose two counter hypotheses: first, that there is no government agency more dedicated to the idea that black lives matter than the police; and second, that we have been talking obsessively about alleged police racism over the last 20 years in order to avoid talking about a far larger problem black-on-black crime.Let s be clear at the outset: police have an indefeasible obligation to treat everyone with courtesy and respect, and to act within the confines of the law. Too often, officers develop a hardened, obnoxious attitude. It is also true that being stopped when you are innocent of any wrongdoing is infuriating, humiliating, and sometimes terrifying. And needless to say, every unjustified police shooting of an unarmed civilian is a stomach-churning tragedy.Given the history of racism in this country and the complicity of the police in that history, police shootings of black men are particularly and understandably fraught. That history informs how many people view the police. But however intolerable and inexcusable every act of police brutality is, and while we need to make sure that the police are properly trained in the Constitution and in courtesy, there is a larger reality behind the issue of policing, crime, and race that remains a taboo topic. The problem of black-on-black crime is an uncomfortable truth, but unless we acknowledge it, we won t get very far in understanding patterns of policing. ImprimusHere are 5 indisputable facts that prove this narrative to be one big LIE:1. Cops killed nearly twice as many whites as blacks in 2015. According to data compiled by The Washington Post, 50 percent of the victims of fatal police shootings were white, while 26 percent were black. The majority of these victims had a gun or  were armed or otherwise threatening the officer with potentially lethal force,  according to Mac Donald in a speech at Hillsdale College.Some may argue that these statistics are evidence of racist treatment toward blacks, since whites consist of 62 percent of the population and blacks make up 13 percent of the population. But as Mac Donald writes in The Wall Street Journal, 2009 statistics from the Bureau of Justice Statistics reveal that blacks were charged with 62 percent of robberies, 57 percent of murders and 45 percent of assaults in the 75 biggest counties in the country, despite only comprising roughly 15 percent of the population in these counties. Such a concentration of criminal violence in minority communities means that officers will be disproportionately confronting armed and often resisting suspects in those communities, raising officers  own risk of using lethal force,  writes MacDonald.2. More whites and Hispanics die from police homicides than blacks. According to Mac Donald, 12 percent of white and Hispanic homicide deaths were due to police officers, while only four percent of black homicide deaths were the result of police officers. If we re going to have a  Lives Matter  anti-police movement, it would be more appropriately named  White and Hispanic Lives Matter,'  said Mac Donald in her Hillsdale speech.3. The Post s data does show that unarmed black men are more likely to die by the gun of a cop than an unarmed white man but this does not tell the whole story. In August 2015, the ratio was seven-to-one of unarmed black men dying from police gunshots compared to unarmed white men; the ratio was six-to-one by the end of 2015. But Mac Donald points out in The Marshall Project that looking at the details of the actual incidents that occurred paints a different picture:The  unarmed  label is literally accurate, but it frequently fails to convey highly-charged policing situations. In a number of cases, if the victim ended up being unarmed, it was certainly not for lack of trying. At least five black victims had reportedly tried to grab the officer s gun, or had been beating the cop with his own equipment. Some were shot from an accidental discharge triggered by their own assault on the officer. And two individuals included in the Post s  unarmed black victims  category were struck by stray bullets aimed at someone else in justified cop shootings. If the victims were not the intended targets, then racism could have played no role in their deaths.In one of those unintended cases, an undercover cop from the New York Police Department was conducting a gun sting in Mount Vernon, just north of New York City. One of the gun traffickers jumped into the cop s car, stuck a pistol to his head, grabbed $2,400 and fled. The officer gave chase and opened fire after the thief again pointed his gun at him. Two of the officer s bullets accidentally hit a 61-year-old bystander, killing him. That older man happened to be black, but his race had nothing to do with his tragic death. In the other collateral damage case, Virginia Beach, Virginia, officers approached a car parked at a convenience store that had a homicide suspect in the passenger seat. The suspect opened fire, sending a bullet through an officer s shirt. The cops returned fire, killing their assailant as well as a woman in the driver s seat. That woman entered the Post s database without qualification as an  unarmed black victim  of police fire.Mac Donald examines a number of other instances, including unarmed black men in San Diego, CA and Prince George s County, MD attempting to reach for a gun in a police officer s holster. In the San Diego case, the unarmed black man actually  jumped the officer  and assaulted him, and the cop shot the man since he was  fearing for his life.  MacDonald also notes that there was an instance in 2015 where  three officers were killed with their own guns, which the suspects had wrestled from them. 4. Black and Hispanic police officers are more likely to fire a gun at blacks than white officers. This is according to a Department of Justice report in 2015 about the Philadelphia Police Department, and is further confirmed that by a study conducted University of Pennsylvania criminologist Greg Ridgeway in 2015 that determined black cops were 3.3 times more likely to fire a gun than other cops at a crime scene.5. Blacks are more likely to kill cops than be killed by cops. This is according to FBI data, which also found that 40 percent of cop killers are black. According to Mac Donald, the police officer is 18.5 times more likely to be killed by a black than a cop killing an unarmed black person.Despite the facts, the anti-police rhetoric of Black Lives Matter and their leftist sympathizers have resulted in what Mac Donald calls the  Ferguson Effect,  as murders have spiked by 17 percent among the 50 biggest cities in the U.S. as a result of cops being more reluctant to police neighborhoods out of fear of being labeled as racists. Additionally, there have been over twice as many cops victimized by fatal shootings in the first three months of 2016. -Via: Daily Wire Watch Heather MacDonald explain how the lies the media and the Left are pushing about cops targeting Blacks will ultimately harm Black communities:Here is Heather MacDonald s speech at Hillsdale College in its entirety:",1,sensationalize_fake
fake_105,"Female GOP Leader RAGE QUITS Over Party’s Support For Trump’s Serial Sexual Assaults. Another Republican woman is telling the GOP to go f*ck themselves because they still support Donald Trump.Melissa Gesing had hoped that her party would condemn and drop their endorsement of Donald Trump entirely after audio emerged of the Republican nominee bragging about groping women.But after the national leader of the organization she belongs to announced their continuing support of the admitted serial groper, Gesing reached her breaking point.National Federation of Republican Women President Carrie Almond made a statement reaffirming the group s  unified support of Republican Presidential Nominee Donald J. Trump  because  thousands of women from all 50 states, from every walk of life, are steadfast in our very clear understanding that Hillary Clinton does not represent us; not as women, not as Americans. Well, that s not true at all considering Gesing officially and publicly resigned from her position as the president of the Iowa Federation of Republican Women on Tuesday. Since I cannot support Donald J. Trump for President, nor can I advocate for his election, I feel that I cannot adequately fulfill my duties of my position,  Gesing wrote in her resignation letter that she posted on Twitter.  Additionally, I cannot support the National Federation of Republican Women President Carrie Almond s statement that was released yesterday on behalf of Republican women nationally, as I do not support Donald J. Trump This is truly a last resort for me. I cannot in good conscience lead this organization or look at myself in the mirror each morning if I do not take a stand against the racism, sexism, and hate that Donald J. Trump continues to promote. Here s the full letter via Twitter.This is incredibly painful for me to do, and I wish our next #IowaFRW president   whomever that may be   all the best. #NeverTrump pic.twitter.com/iYnUEQoW64  Melissa Gesing (@melissagesing) October 12, 2016Gesing is not the only Republican woman to rebuke Trump this week. In fact, a Wisconsin activist who has always defended Republicans against charges of sexism officially left the party entirely in a series of posts on Twitter that made it clear how disgusted she is by the decision of many Republicans to continue supporting Trump despite his lewd remarks about women. Various men in the movement are writing it off as normal, confirming every stereotype the left has thrown at them,  Marybeth Glenn wrote.  So I m done. I m sooo done. If you can t stand up for women & unendorse this piece of human garbage, you deserve every charge of sexism thrown at you. The Republican Party better be prepared for women to punish them by a landslide on November 8th. Because women are pissed and they WILL remember.Featured Image: Twitter",1,sensationalize_fake
fake_112,"Palm Beach County Looks To Levy Tax On Mar-a-Lago To Pay For Cost Of Trump’s Expensive Visits. Donald Trump has been vacationing at his Mar-a-Lago resort in Florida nearly every weekend since taking office, and now Palm Beach County intends to force him him to pay for it.The cost of Trump s weekend forays have been devastating for local taxpayers and area businesses.For two months now, they have had to deal with providing extra security, directing traffic, shutting down a local airport, and all the economic hazards Trump has caused.Of course, Trump doesn t care about the people he hurts as long as he gets to throw parties and golf on the taxpayer s dime.So far, Palm Beach County has had to pony up $1.7 million for extra security when Trump is in town.And because of the extra security, businesses in Palm Beach are losing tens of thousands of dollars every weekend, causing many to literally go broke.In fact, Trump s weekend vacations has cost taxpayers on the national level over $10 million and counting and Trump is on pace to play more golf and go on more vacations and spend more money on those vacations in a single year than President Obama did during his whole eight years in office.Palm Beach county residents and officials are especially tired of Trump s visits, and they want their back, which Trump has so far refused to reimburse.So Palm Beach lawmakers are looking to classify Mar-a-Lago as a  municipal service benefit unit  so they can level a special tax on Trump to force the money out of him.County Commissioner Dave Kerner is looking into this method to provide relief to local taxpayers who have had to deal with the burden. It s one thing for a president to visit once in awhile, but every weekend is ridiculous.According to the Palm Beach Post,It could give the county a way to impose a special tax on Trump to reimburse the county for the millions it has shelled out for roadway management and security assistance during the president s frequent trips here.The tax would not be a property tax, Kerner said. Instead, it would be a tax pegged to the value of any  special benefit  the county has provided to Mar-a-Lago s owner   Trump.In other words, if Trump wants to continue taking his little trips to Florida, he ll have to pay the price. And that will at least give the residents of Palm Beach something to smile about when Trump comes to town.Featured Image: Mario Tama/Getty Images",1,sensationalize_fake
fake_113,"Seth Meyers Summed Up Monday’s Events Perfectly [VIDEO]. Monday, October 30, 2017 is one of those dates that will go down in history, the type where future generations will ask you where you were and what you were doing when former Trump campaign manager Paul Manafort, as well as Manafort s top aide, Rick Gates surrendered to the FBI, later entering  not guilty  pleas, while Trump foreign policy adviser George Papadopoulos pled guilty to lying to the FBI about his contacts with Russia as a result of Robert Mueller s probe into President Trump s possible collusion with the country.Infamous moments of historical significance such as these only come around maybe once every 15 or 20 years so when the news broke on Monday morning, we all knew that one thing was for certain   That late-night TV hosts were going to have an absolute field day with this story. Not due to the direct implications of Mueller s investigation, however, but more because of how the President and anyone linked to him would react. Taylor Swift has better coping mechanisms than President Trump so most of us were curious as to what Trump would Tweet or how Fox News would handle the story and neither disappointed.Our late-night hosts didn t let us down, either, but nobody summarized the whole situation better than Seth Meyers during his A Closer Look segment on Late Night with Seth Meyers. Just kick back and enjoy.Featured image via screenshot",1,sensationalize_fake
fake_114,"Boiler Room #63 – Us and THEM!. Tune in to the Alternate Current Radio Network (ACR) for another LIVE broadcast of  The Boiler Room  starting at 6 PM PST | 9 PM EST every Wednesday. Join us for uncensored, uninterruptible talk radio, custom-made for barfly philosophers, misguided moralists, masochists, street corner evangelists, media-maniacs, savants, political animals and otherwise lovable rascals.Join ACR hosts Hesher, & Spore along with Randy J of 21Wire, Daniel Spaulding from Soul of the East and Jay Dyer of jaysanalysis.com. Tonight the Boiler Gang discusses the Clinton FBI results, CA legislature s war against the people on behalf of a tyrannical government gone mad and whatever else floats into our air space during the show!BOILER ROOM IS NOT A POLICTALLY CORRECT ZONE! LISTEN TO THE SHOW IN THE PLAYER BELOW   ENJOY! Reference Links:",1,sensationalize_fake
fake_115,"The Internet Brutally Mocks Disney’s New Trump Robot At Hall Of Presidents. A new animatronic figure in the Hall of Presidents at Walt Disney World was added, where every former leader of the republic is depicted in an  audio-animatronics show.  The figure which supposedly resembles Jon Voight Donald Trump was added to the collection and it s absolutely horrifying. The internet noticed that, too.Here s a few more pictures of the Donald Trump animatronic. #HallOfPresidents pic.twitter.com/a45En9Jwys  WDW News Today (@WDWNT) December 19, 2017Trump robot in the Hall of Presidents looks like a 71-year-old Chucky doll. pic.twitter.com/yLCBmhpNvG  John Cohen (@JohnCohen1) December 19, 2017Breaking: 7 Disney Princesses and a Storm Trooper have come forward alleging Hall of Presidents Trump made lewd comments to them  Brohibition Now (@OhNoSheTwitnt) December 19, 2017Trump s animatronic figure for the Disney Hall of Presidents looks like it was carved out of Play-Doh and left out in the Florida heat, where it was discovered by a dying albino squirrel who settled atop its head and has been left there to decompose. pic.twitter.com/3vMZUTEylx  Elizabeth M. (@_ElizabethMay) December 19, 2017In a time w/ so many heavy items, thank you to Disney for the laugh. They did so much so well in the @realDonaldTrump animatronic.  Little hands, check   Absurdly long tie, check   Horrifying face, checkmateWhen Trump is impeached, can they move this to the Haunted Mansion? https://t.co/XrOvu32EV8  State of Resistance (@AltStateDpt) December 19, 2017all the other presidents in Disney s new Hall of Presidents look like they can t believe Donald Trump is president either pic.twitter.com/eMP9UX1bM8  Matt Binder (@MattBinder) December 18, 2017Disney unveiled Trump figure at the Hall of Presidents. To save production costs, they pulled the animated hands off of a retired figurine from the Its a Small World ride.  Tim Hanlon (@TimfromDa70s) December 19, 2017The best part of Donald Trump being in Disney s Hall of Presidents will be when they remove him from the Hall of Presidents and put him in the Pirates of the Caribbean ride s jail. pic.twitter.com/XViyKFQCET  Rex Huppke (@RexHuppke) December 19, 2017Comment today by local news channel anchor in Orlando:  Donald Trump robot just added to Disney s Hall of Presidents. I hope they programmed all the former presidents to not roll their eyes and shake their heads while he s talking.  Mark Hertling (@MarkHertling) December 19, 2017NPR: Disney World Adds Trump Animatronic Figure, But Likeness Is Lacking. But who REALLY wants to look at an accurate Donald? The man is about as presidential looking as a fucking Pokemon. https://t.co/HFYJRkefJ1  Stephen (@Harvest_This) December 19, 2017Could we put the animatronic version in the White House and the  real  one in Disney World? Asking for 7.6 billion people and the future of the planet. https://t.co/65FhbQHuV4 #Disney #Trump #JonVoight  David Schmid (@DavidSchmid1) December 19, 2017We re pretty sure Disney is trolling Trump.Image via Twitter.",1,sensationalize_fake
fake_116,"NFL CUTS FUNDS for Breast Cancer, Military Charity to Pay for Players’ $89 Million ‘Social Justice’ Activism. The NFL is toast They just caved to demands made by players to dump millions into a  social justice  boondoggle aimed at the black community. The problem is that the entire Black Lives Matter scam is a lie AND PLAYERS KNOW IT. There is now discord between players who feel differently about the kneeling protest. A lack of leadership by Goodell to put an end to the protests, has harmed the NFL  irreparably . The NFL is just another social justice program BOYCOTT!WHAT EXACTLY IS  SOCIAL JUSTICE ?The NFL met with a group of players and reached an agreement in principle late Wednesday night to partner on a plan to address social justice issues considered important to African-American communities, sources told ESPN.The unprecedented agreement calls for the league to contribute $89 million over seven years to projects dealing with criminal justice reform, law enforcement/community relations and education.During a conference call Wednesday night, Malcolm Jenkins and Anquan Boldin, who lead roughly 40 players who have negotiated with the league office about demonstrations during the national anthem, guided the group through the highlights of the package, which represents the NFL s largest contribution to a social issue, surpassing that of Salute to Service or Breast Cancer Awareness/Crucial Catch.The partnership came a day after some players broke away from the Players Coalition because of their dissatisfaction with how Jenkins and Boldin have handled negotiations. Commissioner Roger Goodell, believing that an agreement was at hand, was furious when ESPN reported that players were breaking off, according to one source. But during an afternoon call, Jenkins asked that the commissioner and the owners continue to stand with the players and allow them to do important work in the community.NO END IN SIGHT FOR PROTESTS:The agreement does not include language calling for players to end protests during the national anthem in exchange for funds; there s no implicit quid pro quo. But the NFL hopes this effort will effectively end the peaceful yet controversial movement that former San Francisco 49ers quarterback Colin Kaepernick started in 2016, when he refused to stand for the anthem.Via: ESPN",1,sensationalize_fake
fake_117,"Episode #4 – DRIVE BY WIRE: ‘DC Rabbit Holes’ with Patrick & Shawn.  MEMBERS can join co-hosts Patrick Henningsen and Shawn Helton from 21WIRE for the best morning commute show going,  DRIVE BY WIRE , shown in full here at 21WIRE.TV .EPISODE #4   21WIRE writers Patrick and Shawn talk about the big  Russian Investigation  currently going on in Washington, as well as the recent London Attack and some of the chief anomalies present in that event, and also US troops in Syria MEMBERS CAN WATCH THE FULL EPISODE HERESUPPORT 21WIRE  SUBSCRIBE & BECOME A MEMBER @21WIRE.TV",1,sensationalize_fake
fake_118,"Bill O’Reilly Just Made The Most Offensive And Outrageous Claim About Black Lives Matter EVER. If there is anyone who is as big a bully as Donald Trump, it is Fox News  Bill O Reilly. Whenever he has a guest on his show that has a differing opinion than him, he cuts them off, yells at them and all around treats them like shit. In addition to the way he treats his guests, he lies all the time to his audience and makes inflammatory claims about Democrats and liberal organizations. His love for outrage was showcased on the Wednesday night episode of The O Reilly Factor where he accused Black Lives Matter of  killing Americans. O Reilly introduced the  Talking Points  segment of his show by saying, How Black Lives Matter is killing Americans: that is the subject of tonight s talking points memo.  He went on to say that the movement is a  violent subculture  within the African-American community. Yes, because fighting for the rights, through protests and demonstrations, is SUPER offensive and violent. He claimed: The media will not spotlight that much of the violent crime in America is being committed right now by young black men. Blacks of all ages commit homicide at a rate of 8 times higher than whites and Hispanics combined. Conclusion: There is a violent subculture in the African American community that should be exposed and confronted. I would love to know where Bill gets his statistics from. Obviously, it s The Bullshit Center For White Supremacist Studies. This tired old narrative that black people commit more crimes than white people is, exactly that, bullshit. According to FBI statistics, African-Americans were arrested more than whites for murder and manslaughter, but the numbers varied by ONE percent.However, white people committed far more violent crimes than African-Americans. Sixty-five percent of the people arrested for  forcible rape  were white, that s double the 32 percent that were black. Aggravated assaults? 62.8 percent were committed by whites, 34 percent by blacks. Burglaries? 67.1 percent were committed by whites, 30.8 percent by blacks. The FBI found that 58.7 percent of all violent crimes were committed by white people and 38.5 percent by African-Americans.Table via FBI.govDon t expect O Reilly to amend his false claims, though, he needs to keep his audience nice and outraged. He needs his viewers to believe that black  thugs  are murdering, raping and robbing. The Republican Party needs him to spread this racist, bombastic nonsense because the more fearful white folks are of black people, the more likely they are to vote for people like Trump who are promising to take the country back. They HATE that a black guy has taken up residence in  their  White House and they want to make their Oval Office white again. O Reilly and the GOP know that this is how their vapid base feels so they are fear-mongering HARD.Featured image via Ilya S. Savenok/Getty Images",1,sensationalize_fake
fake_119,"WATCH: Teacher Busted Calling Black Student A ‘Punk-Ass N*****’ Who’s ‘Going To Get Shot’ (VIDEO). A teacher in Maryland is apparently gunning for a chance to be Donald Trump s pick for Secretary of Education. On Wednesday, the parent of a student at Harlem Park Elementary School in Baltimore posted a chilling video showing her son s instructor throwing a racist tantrum in the middle of class.After the woman s son misbehaved in class   something that is common among children of all races   the pasty white teacher decided that the boy and his African-American classmates were acting like a bunch of  n*ggers. the teacher can be seen putting her hands on the woman s son as she ejects him from class   but it s what happened after that that has people up in arms. After the student leaves the room, the teacher does not stop screaming. As the she began to melt down, the students in the class started to laugh. This, of course did not go over well with their teacher, who informed them that they are  all getting zeroes for doing nothing.  Then she dropped the n-bomb: You re idiots. Do you wanna be a punk-ass n*gger who s going to get shot? You re stupid! Learn something, be a man. The student who filmed the altercation ended the video at that point, but the classroom seems to have dissolved into chaos.Donald Trump s kinda-sorta election has done nothing but embolden racists like this. Recently, a teacher made headlines for telling Hispanic students Trump would deport them. Another informed black students they would be sent  back to Africa. We can not let this become the new normal. Unfortunately, we have a man who appoints white nationalists to high-level positions assuming office in January. It s up to us to do something about this   because you can bet he and his administration won t. Watch it happen below:Featured image via screengrab",1,sensationalize_fake
fake_120,"Trump Finally Visited A Black History Museum And He Complained About The Cost. It s Black History Month and before Tuesday, Donald Trump s only acknowledgement seemed to be telling a female African-American reporter to set up a meeting with the Congressional Black Caucus, you know, because black people all know each other and working women are all secretaries.On Tuesday, though, Trump finally visited the African-American History section of the Smithsonian. He delivered some platitudes, but he also took the opportunity to brag about himself and his win and he complained about the cost of the museum.First, the not so horrible: It s a privilege to be here today,  Trump said at the museum.  This museum is a beautiful tribute to so many American heroes, heroes like Sojourner Truth, Harriet Tubman, Frederick Douglass, Booker T. Washington, Rosa Parks, the Greensboro students and the African-American Medal of Honor recipients, among so many other really incredible heroes. Source: Talking Points MemoTrump also made a vow to  fight bigotry, intolerance and hatred in all of its very ugly forms.  Of course, he could say that to his supporters rather than to victims of  bigotry, intolerance and hatred,  but still, the sentiment, sincere or not (it wasn t), was there.It didn t take long for Trump to start in with his usual bragging, though.Trump also thanked Sen. Tim Scott (R-SC) for joining him at the museum. A friend of mine, a great, great senator from South Carolina. I like the state of South Carolina,  he said.  I like all those states where I won by double, double, double digits. Nothing earth shattering there. Trump loves his winning states and hates the states that dared exercise their democratic right to vote against him. It was the last part that hasn t been reported much in the media, but was particularly eye opening.He wrapped up his speech by saying that the museum was built with  tremendous love and passion,  not to mention  lots of money. I just have to say that what they ve done here is something that can probably not be duplicated. It was done with love and lots of money.  Trump said.  Lots of money. We can t avoid that. To be fair, the museum did cost about $540 million   half of it paid from private donors. As for the taxpayer funded portion, it only represented about .00007 percent of the federal budget. It s also approximately the cost of us sending the Trumps to Mar-A-Lago every weekend for about two years.Featured image via Pool/Getty Images",1,sensationalize_fake
fake_121,"Democrats Spend Big On This Ad To Expose Trump’s Cold, Dark Heart (VIDEO). The Democratic super PAC Priorities USA is spending an unusually high $500,000 for a digital ad campaign featuring a powerful indictment of Republican presidential nominee Donald Trump s cruelty towards disabled people.The ad,  Dante,  features a 17-year-old suffering from cancer and his reaction to Trump s mockery of a disabled reporter.Flashing  cancer survivor  tattoos on his forearms, Dante Latchman, 17, tells of surviving a rare spinal-cord affliction that was diagnosed when he was 1.  I ve spent my whole life fighting back,  he says. He is shown watching television and seeing Mr. Trump mock a reporter (Serge Kovaleski of The New York Times) who has a condition that limits the functioning of his joints.  I don t want a president who makes fun of me, I want a president who inspires me,  Dante says.  That s not Donald Trump. The ad drives home its theme   a  Stop Hate  graphic flips to say  Stop Trump    as Dante is seen walking down the sidewalk with his mother, his gait noticeably laborious.A previous ad also showcased a family with a disabled child recoiling in horror at Trump s heartless behavior.Both the official Clinton campaign and Priorities USA are on the air, boosting Clinton and attacking Trump in multiple swing states with millions of dollars in advertising. Clinton recently reported that her campaign had over $40 million on hand, while Trump came up extremely short with just over a million dollars.Despite his claim to be a billionaire, Trump has put no serious resources into his campaign and has been reluctant to do the type of fundraising that previous presidential candidates have done.Outside funding is a problem for Trump as well, as the super PAC supporting him, Restoring America Now, lacks the kind of money needed to advertise in swing states. Instead, they are spending money to advertise on cable news, where most of the audience is already firmly in the Trump camp or against it, and unlikely to sway voing patterns.Featured image via YouTube",1,sensationalize_fake
fake_122,"Afghanistan War Vet Humiliates Republican Opponent For Calling Him Weak On Terrorism (TWEETS). Thinking before you speak is basically a required skill if you want to be a lawmaker, but Missouri GOP Senator Roy Blunt didn t get the memo.In the wake of the Orlando mass shooting, Republicans have been accusing President Obama of being weak against ISIS because he won t say the words  radical Islamic terrorism.  It s as if the GOP believes saying the words will magically make the terrorists go away. What exactly would using this language accomplish?  President Obama demanded to know in remarks made last week.  What exactly would it change? Would it make ISIL less committed to try and kill Americans? Would it bring in more allies? Is there a military strategy that is served by this? The answer is none of the above. Calling a threat by a different name does not make it go away. But Republican Senator Roy Blunt is now accusing his Democratic opponent of being weak on terrorism because he also hasn t said the words.Blunt, who cowardly dodged the draft during the Vietnam War through the use of student deferments posted the accusation against Jason Kander on Twitter. Despite Ft. Hood, Boston & Orlando, @JasonKander won t acknowledge the root of threats we face: radical Islam,  he wrote on Monday night after being criticized for voting to kill several gun control reforms that would ban suspected terrorists from buying guns.Despite Ft. Hood, Boston & Orlando, @JasonKander won t acknowledge the root of threats we face: radical Islam https://t.co/3RQu9TErRj #MOSEN  RoyBluntMO (@RoyBluntMO) June 21, 2016There s just one big really offensive problem with Blunt s attack.As it turns out, Jason Kander VOLUNTEERED to serve in the Army National Guard in 2001 and served a tour in Afghanistan fighting the War on Terror, a fact that Kander brutally reminded Blunt about in a reply. I volunteered to serve in Afghanistan to fight radical Islamic terrorism,  Kander wrote while also including the words Blunt accused him of refusing to say.  Think before you tweet. I volunteered to serve in Afghanistan to fight radical Islamic terrorism. Think before you tweet. https://t.co/3vDe9SHL4K  Jason Kander (@JasonKander) June 21, 2016And Twitter users were quick to mock the chickenhawk Blunt for his stupidity.@JasonKander @RoyBluntMO Big tough @RoyBlunt . How many deferments did you apply for #coward?  Manhattan Project (@spconcannon) June 21, 2016 Some actually fight terrorism (@JasonKander) some only talk about fighting terrorism (@RoyBluntMO) #VoteWiselyMO https://t.co/quZYq3mCey  Jane Dueker (@JaneDueker) June 21, 2016@JasonKander @jonfavs @RoyBluntMO Sen. Blunt is a coward; your vote sided with terrorists and you disparage a hero who actually fought them!  Pamela P (@luv_wins_) June 21, 2016 @JasonKander @RoyBluntMO pic.twitter.com/6pqL7VhgsC  kaitlyn (@CATlynaustin) June 21, 2016@RoyBluntMO @JasonKander I think he was actually fighting them in Afghanistan while NRA was building your DC house  Beganovic (@Beganovic_85) June 21, 2016 .@RoyBluntMO Erm, pretty sure @JasonKander Volunteered to serve in Afghanistan. pic.twitter.com/lnjJ08FJyg  (((Ron L Pitts ))) (@RonLPitts) June 21, 2016@RoyBluntMO @JasonKander Says the guy with 3 draft deferments to the guy who fought terrorists in Afghanistan.  Cale Miller (@Cale_Miller) June 21, 2016Roy Blunt should be ashamed and embarrassed, and he should definitely think about who he is talking to before he writes something so ridiculous on Twitter. Because right now, karma is biting him hard on the ass.Featured Image: Flickr",1,sensationalize_fake
fake_123,"ISIS Terrorists Forced To Screw Over Their Own As Obama’s Game Plan Tears Them To Pieces. During the State of the Union Address, President Obama made the remark that our enemies aren t getting stronger. If you listened carefully, you could hear the grunts and groans from the Republican side of the aisle, where doom and gloom aren t just political talking points, they re a way of life.The President, briefed daily on the status of the Islamic State, knows better than anyone exactly where the enemy stands, yet Republicans still try to sell fear of a domestic attack by people half a world away like it s as certain as the sunrise. As it turns out, even Fox News is better informed than the people it stumps for, reporting Monday that ISIS announced it had to cut salaries for its terrorists by half:In a sign the Islamic State terror group could be pressed for cash, a new report claims its leaders slashed the salaries of all its fighters in half.The  Treasury Ministry  of ISIS blamed  exceptional circumstances, The Jerusalem Post reported.They also reported that the pay cuts were announced well before a massive money stash in Mosul, Iraq was announced, meaning not only were Obama s tactics working, he managed to follow-up with a crushing blow to the treasury as well.ISIS says regardless of the pay cuts, fighters are still responsible for their taxes. The lunatics have decided to not only twist the Koran into something that allows for indiscriminate killing and world domination, but as a way to keep more of the money they owe the jihadists they ve brainwashed.It s clear that the president was right to call out the political hot air of the Republicans in his most-watched SOTU speech to date, as the rhetoric they spread defocuses the country from domestic issues in desperate need of more attention. Fox, while reporting the truth in this case for some reason, felt it necessary to include an older video with the article about how strong ISIS has gotten and how impressive their weapons are:Screen capture from Foxnews.comIt doesn t matter what the propagandists at Fox News, the Republican party or even ISIS have to say about what s going on in Syria. The fact is, the JV team the president spoke of was underrated at first, but are now showing their inexperience and lack of playing time. On top of being shunned by the majority of the Muslim world, they re being pushed back geographically and decimated financially.That doesn t matter to the right. Fear begets votes.Featured image via Wikipedia",1,sensationalize_fake
fake_124,"TRUMP SUPPORTER FIGHTS BACK: Man Wearing “Make America Great Again” Hat Sues “The Happiest Hour” Bar For Refusing To Serve Him. Enough is enough. Americans need to start making business owners and their employees pay up for discriminating against them simply because they dare to show their support for our President. Good for this Trump supporter for fighting back against the intolerant left. A lot of Americans would be happy to contribute to his legal defense Bartenders at a West Village hot spot served up discrimination   with a liberal twist   refusing to serve a customer because he was wearing a  Make America Great Again  hat, according to a lawsuit.Greg Piatek, 30, an accountant from Philadelphia, claims he was snubbed and eventually 86 d by workers at The Happiest Hour on West 10th Street over his conservative fashion statement, popularized by Donald Trump on the campaign trail, he told The Post. Anyone who supports Trump   or believes what you believe   is not welcome here! And you need to leave right now because we won t serve you!  Piatek claims he was told as he was shown the door by a manager.The shake-up started when Piatek and two pals, after a visit to the 9/11 Memorial, ordered drinks at the posh tavern around 6:30 p.m. on Jan. 28.A female bartender served Piatek a $15 jalape o margarita and his pals beers. But when he tried to order a second round, a male bartender noticed his hat   and skipped them, he said.One of Piatek s pals pointed out it was their turn to be served, but the bartender scoffed.  Is that hat a joke?  the Manhattan Supreme Court suit claims. Ignoring me because I m wearing the hat is ridiculous,  Piatek said.  It s really sad. The  flustered  bartender got them a second round but allegedly  slammed the drinks down. A third bartender also asked Piatek if his lid was a joke and shouted,  I can t believe you would support someone so terrible and you must be as terrible a person!  Piatek claimed. I wasn t even trying to order a drink and she said,  Don t even try to order from me. I won t get you a drink,  Piatek alleged.A manager said he spoke to the bar owner, and was told,  Anyone who supports Trump or believes what you believe is not welcome here. And you need to leave right now because we won t serve you!  according to the suit. For entire story: New York Post New York Post reporter Dean Balsamini had a similar experience when he wore a Trump hat around NYC. He recounts his day of scorn and discrimination after donning a  Make America Great Again  hat as he visited a few hot spots in the city: I may as well have been wearing a Red Sox hat at Yankee Stadium.The mere sight of my cap nearly caused a riot at the historic Stonewall Inn on Christopher Street   site of the 1969 riots that launched the gay rights movement. You come into a gay bar   THIS gay bar   with THAT hat!  one woman lectured as a large crowd gathered.At Soho s sceney La Esquina, where celebs like Julia Roberts nosh on $26 enchiladas, servers nearly lost their lunch when I showed up. Oh my God, do you see that? Is he serious? Is he kidding me?  one waiter gasped.My companion and I were quickly shunted to an out of sight table near a back wall. Don t talk to him!  a man instructed a street vendor as I browsed along 125th street near the Apollo Theater.Hipsters and trustafarians along Bedford Avenue in Williamsburg either did a double take, shot me a death stare or a snarky remark. Take off that stupid f ing hat!  one skinny-jeans-wearer sneered.At high-end chapeau peddler Goorin Bros., I overheard a salesman tell his colleague,  I m losing my sh !  as I walked in. When I asked him to hold my hat while I admired a fedora, he grimaced. I m surprised nobody s knocked that hat off your head!  a mother of two scolded me as we crossed paths along Central Park West and 63rd Street.  Make America Great Again   right!",1,sensationalize_fake
fake_125,"LEGO Donald Trump Steals Christmas, And It’s Absolutely Hilarious (VIDEO). With many people still recovering from such a horrendous election result, it s left quite a few people unable to get into the Christmas spirit. Especially knowing that the nation is about to be handed over to a tiny-handed orange bully who tweets his verbal diarrhea with no filter whatsoever.However, as it seems at the moment, Donald Trump will, in fact, be inaugurated as the United States  45th president, and we all need to somehow wrap our heads around that.In the mean time, with some much-needed levity during this terrible time in history for all the world, Alisha Brophy and Scott Miles have put together a brilliant stop-motion animated video featuring LEGO Donald Trump and his takeover of the North Pole from Santa Claus.The video features Trump even going after the baby Jesus, throwing a hissy fit on Twitter, and thanking his pal Russian President Vladimir Putin, who appears on a LEGO bear.Most notably, there are several lines stolen and adapted directly from what Trump has said in real life, including his horrific statements towards women, such as: When you re Santa, you can do whatever. Grab  em by the antlers. All in all, this is pretty damn brilliant. Well done.Watch here:Featured image via video screen capture",1,sensationalize_fake
fake_126,"Banana Peel In Tree Causes Freak Out On Ole Miss Campus: ‘Hurt, frightened, and upset’. You won t believe what passes for offensive these days A BANANA PEEL! Yes, a banana peel  caused a Greek Life retreat to be cancelled at Ole Miss (University of Mississippi) Doesn t this make you wonder how these college kids will handle real life if they re triggered or offended by just about everything they come across? Wow!HERE S THE LOWDOWN ON THE OFFENDING BANANA PEEL:A Greek Life retreat at the University of Mississippi (Ole Miss) was promptly cancelled this weekend after a banana peel was found hanging in a tree. To be clear, many members of our community were hurt, frightened, and upset by what occurred at IMPACT,  Interim Director of Fraternity and Sorority Life Alexa Lee Arndt remarked in an email between Greek leaders, according to The Daily Mississippian.  Because of the underlying reality many students of color endure on a daily basis, the conversation manifested into a larger conversation about race relations today at the University of Mississippi. UNABLE TO FIND A TRASH CAN Apparently, student Ryan Swanson admitted to discarding the banana peel in a tree after he was unable to locate a garbage can, and it was later spotted by Alpha Kappa Alpha President Makala McNeil, who leads one of the campuses historically black sororities:She was walking with friends to their group session across camp when one of her sorority sisters pointed at a tree 15 feet away. She said that about six feet up the tree s trunk sat a lone, fresh-looking banana peel. It was so strange and surreal to see it there,  McNeil said.  We were all just sort of paranoid for a second. The totally innocent student who placed the banana peel in the tree has issued the standard cringing apology Oy vey! Talk about making a mountain out of a molehill: Although unintentional, there is no excuse for the pain that was caused to members of our community Meanwhile, Vice Chancellor for Diversity and Community Engagement Katrina Caldwell (pictured above) is  talking to people on campus who have some experience working across diversity to help the students process what happened. No doubt Katrina receives a six-digit salary perhaps this is a way to try and legitimize her HUGE salary. Our tax dollars subsidize this nauseating and pernicious idiocy.TO READ MORE ON THIS  TRIGGERING  EVENT: THE DM ONLINE",1,sensationalize_fake
fake_127,SHOCKING GESTAPO TACTICS: P*ssed Off Patriot Removed From Delegate List For Supporting Trump [VIDEO].  I ve been a lifelong Republican all of my life. I m ashamed to call myself a Republican. https://youtu.be/MVc_hIKFmmE,1,sensationalize_fake
fake_128,"PRESIDENT TRUMP CRASHES WEDDING: Shocks Wedding Guests Who Start Chanting “USA! USA! USA!” [Video]. President Trump made a surprise appearance at a wedding at Trump National Golf Club in Bedminster, N.J. last weekend. He greeted the bride and groom who were obviously shocked and excited to see President Trump. The wedding guests started chanting,  USA, USA, USA! Trump made surprise stop at wedding reception last night at Bedminster. The crowd broke out into chants of  USA!  (Video obtained by CNN) pic.twitter.com/sfe6zFdOlI  Ashley Killough (@KilloughCNN) June 11, 2017A few guests of the wedding posted photos on Instagram of Trump with the bride and groom.Trump crashes wedding at his NJ golf club this weekend. pic.twitter.com/N3Khbpe3Oi  Caitlin Yilek (@hausofcait) June 11, 2017Kristen Piatkowski and Tucker Gladhill s wedding was suddenly extra special when President Trump decided to crash it! The press was kept in the dark on this and only found out when social media exploded with photos and video. See the comment from CNN below:The White House has been largely silent about the President s weekend activities in Bedminster. Members of the traveling press corps, which did not have access to the club, learned of the wedding visit when images started to appear on social media.Trump was to headline a private fundraiser at the club Sunday night for Rep. Tom MacArthur, R-New Jersey, before returning to Washington Sunday night. MacArthur found himself at the crux of the health care debate this spring when he proposed an amendment to the GOP health care plan that got enough conservatives on board to pass the measure. Via: CNN",1,sensationalize_fake
fake_129,"OBAMA CONDEMNS TRUMP…Says U.S. Is “Blessed With Muslim Communities”. New York City begs to differ Of course, this is just another way of Obama saying,  Screw Trump and screw America, we re building Muslim communities in your hometowns and communities with or without your permission. In an official statement on the eve of Ramadan, an Islamic holy month, Barack Obama said the United States would continue to welcome Muslim refugees despite  voices that seek to divide us. I stand firmly with Muslim American communities in rejection of the voices that seek to divide us or limit our religious freedoms or civil rights,  he said in the statement.  I stand committed to safeguarding the civil rights of all Americans no matter their religion or appearance. Obama s speech regarding Ramadan, the monthlong holiday observed by Muslims through fasting during daylight hours, did not mention Donald Trump by name, but clearly seemed to be directed towards the Republican nominee. Here in the United States, we are blessed with Muslim communities as diverse as our nation itself. There are those whose heritage can be traced back to the very beginning of our nation, as well as those who have only just arrived,  he said. Via: Townhall",1,sensationalize_fake
fake_130,"THE SECRET PLAN The Democrats Have To Steal The 2016 Election [Video]. Loretta Lynch is much like Obama in that they both feel the ends justifies the means if it s for their political ideology. The eternally wronged believe they haven t gotten a fair shake and won t unless they change the rules of the game. In this case, it would be voting rights laws Yes, Loretta Lynch, Eric Holder s successor, is a big believer that Voter ID is racist. Just listen to this woman and understand that she s not representing anyone BUT her pet special interest groups   scary stuff! And the United States Department of Justice, under the direction of Attorney General Loretta Lynch, is helping them. On February 12, these groups filed a lawsuit in D.C. federal court seeking to reverse a recent decision by the U.S. Election Assistance Commission (EAC). The Commission s decision allows Kansas and other states, including Arizona and Georgia, to enforce state laws ensuring that only citizens register to vote when they use a federally designed registration form.Under federal law, the EAC is responsible for designing the federal voter-registration form required by the National Voter Registration Act, or Motor Voter, as it is commonly called. While states must register voters who use the federal form, states can ask the EAC to include instructions with the federal form about additional state registration requirements. Some states are now requiring satisfactory proof of citizenship to ensure that only citizens register to vote.Under Article I, Secion 2 and the Seventeenth Amendment to the Constitution, states have the power to set the  Qualification requisite for electors.  As with many issues, the Left disdains the balance the Framers adopted in the Constitution and objects to this delegation of power to the states. They prefer to see power over elector eligibility centralized in Washington, D.C.So when Arizona sought to include citizenship-verification requirements with voter-registration forms, the institutional Left   including the League of Women Voters, People for the American Way, Common Cause, Project Vote, and Chicanos for La Causa   brought a lawsuit claiming that the EAC hadn t approved such requirements. Incredibly, this fight over whether states can ensure that only citizens are voting went all the way to the U.S. Supreme Court. In 2013 in Arizona v. Inter Tribal Council of Arizona, a divided Court said that Arizona could not implement such a requirement unless and until the EAC agreed to change the instructions for use of the federal form to include the Arizona requirements. Incredibly, this fight over whether states can ensure that only citizens are voting went all the way to the U.S. Supreme Court.However, the majority opinion in that case, written by Justice Antonin Scalia, stipulated that if the EAC refused Arizona s request to accommodate the proof-of-citizenship requirement, the state could sue the EAC and establish in court that  a mere oath will not suffice to effectuate its citizenship requirement and that the EAC is therefore under a nondiscretionary duty to include Arizona s concrete evidence requirement on the Federal Form.  The Court went so far as to say that Arizona could also claim that a refusal by the EAC would be  arbitrary,  since the agency  has accepted a similar instruction requested by Louisiana.  Indeed, the Court noted, the EAC had  recently approved a state-specific instruction for Louisiana requiring applicants who lack a Louisiana driver s license, ID card, or Social Security number to attach additional documentation  to the federal voter-registration form.Alice Miller, who was not an EAC commissioner, but only the acting executive director, denied the request. It s not even clear that Miller had the right to make this   or any other   decision. At the time, a quorum did not exist on the bipartisan, four-member independent commission. And that decision is starting to look even more suspect. It seems that Miller may not have been the one who actually made the decision after all. Sources inside the Justice Department tell me that, in fact, it was partisan, left-wing lawyers in the Voting Section of the Civil Rights Division at the Justice Department who actually drafted the denial letter. This is significant for several reasons.First, the EAC is supposed to be an independent federal agency. While the president is empowered to nominate commissioners for the two Democratic and two Republican commission slots, in practice the president consults with the majority leader of the Senate (Mitch McConnell) and the speaker of the House of Representatives (Paul Ryan), as well as the leaders of the minority party in both houses, to pick the nominees. Because the EAC deals with federal election administration, the legislation establishing the agency   the 2002 Help America Vote Act   was designed so as to provide the EAC with political balance and to be outside the president s control.Allowing lawyers for the highly partisan Voting Section to write agency policy obliterates all semblance of independence and bipartisan balance. The Voting Section of the Civil Rights Division has become one of the most controversial and ideological components in the entire U.S. government. It is the same cadre of lawyers that dismissed a voter-intimidation charge against members of the New Black Panther Party who physically threatened voters in Philadelphia to help President Barack Obama get elected in 2008; that has waged a war on voter ID and other election-integrity measures; and that has refused to enforce the Voting Rights Act in a race-neutral manner as called for by the plain text of the statute.It was Voting Section lawyers who fought in federal court to keep Kansas from enforcing a similar state law to ensure that only citizens registered to vote. One of those lawyers, Bradley Heard, engaged in potentially unethical conduct when he tweeted on his private Twitter account his impressions of the federal judge after a hearing in Kansas. Justice Department lawyers are not allowed to use social media to share with the public confidential assessments about the cases on which they work. According to a source, Heard s actions prompted a quick internal memo from DOJ ethics officials reminding Voting Section lawyers they may not take to social media to bash Kansas and talk about ongoing Justice Department litigation.On the Twitter account that landed Heard in hot water, he calls himself a  Voting Rights Gladiator . . . Outside Agitator.  Before joining the Voting Section, Heard worked for a number of years at the Advancement Project, a radical left-wing voting organization. The Advancement Project has worked closely with the ACLU, NAACP LDF, Lawyers  Committee for Civil Rights, and other liberal advocates to oppose voter-ID statutes, felon-disenfranchisement laws, and citizenship-verification regulations, and has adopted extreme positions on many other state and federal voting-rights laws.Read more: NR",1,sensationalize_fake
fake_131,"FORD’S NEW CEO SNUBS President Trump…Will Build Focus In China…Export To U.S.. Ford will export the next-generation Focus compact car from China to North America in 2019, rather than from Mexico as earlier planned, saving the company $500 million, a top executive said on Tuesday.It is the first major manufacturing investment decision made by new Chief Executive Officer Jim Hackett, who succeeded Mark Fields in late May.Discussion about the small-car production shift from Mexico to China began  a couple months ago  under Fields, said Joe Hinrichs, president of global operations.In January, after U.S. President Donald Trump criticized Ford for shipping small-car manufacturing to Mexico, Ford said it would kill plans to build a $1.8-billion Focus plant in San Luis Potosi and instead produce the new Focus at an existing plant in Hermosillo.Although it is cheaper to build and ship cars to the United States from Mexico than China,  this was not a variable cost decision,  Hinrichs said in a Tuesday morning briefing. It allows us to free up a lot of capital  because Ford now has to retool only one plant   the existing Focus factory in Chongqing   rather than two to supply North America.Given dwindling overall U.S. demand for small cars such as the Focus,  we thought this was the best balance of that cost/capital tradeoff,  Hinrichs said.He said Ford planned to inform the White House Tuesday.Asked if Ford was concerned about having to pay a border tax, as Trump has threatened on vehicle imports from Mexico, Hinrichs said  the capital saving outweighs the risk  of a potential tax on the Chinese-built Focus.Ford stock fell 0.8 percent at $11.15.  Daily MailHow do you feel about Ford s decision to move manufacturing over to China? Let us know in the comment section below.",1,sensationalize_fake
fake_132,"THE FIX IS IN: JUDGE QUICKLY BLOCKS ABORTION VIDEOS AND NOW WE KNOW THE REST OF THE STORY. Judge William H. Orrick, III joins Obama in his desire to keep the Planned parenthood abortion videos from coming out. He quickly granted a restraining order against the release of the videos. Did anyone else think it was really fast and very unusual that a judge would take such swift action? Well, we thought so too and now we know why. Orrick is an Obama appointee and was a bundler for the Obama campaign!A federal judge late Friday granted a temporary restraining order against the release of recordings made at an annual meeting of abortion providers. The injunction is against the Center for Medical Progress, the group that has unveiled Planned Parenthood s participation in the sale of organs harvested from aborted children.Judge William H. Orrick, III, granted the injunction just hours after the order was requested by the National Abortion Federation.Orrick was nominated to his position by hardline abortion supporter President Barack Obama. He was also a major donor to and bundler for President Obama s presidential campaign. He raised at least $200,000 for Obama and donated $30,800 to committees supporting him, according to Public Citizen.Even though the National Abortion Federation filed its claim only hours before, Orrick quickly decided in their favor that the abortionists they represent would, ironically, be  likely to suffer irreparable injury, absent an ex parte temporary restraining order, in the form of harassment, intimidation, violence, invasion of privacy, and injury to reputation, and the requested relief is in the public interest. Read more: The Right Scoop",1,sensationalize_fake
fake_133,"OKLAHOMA LAWMAKER BLASTED FOR SAYING: “Shouldn’t Mosques Be Removed After 911 by ANTIFA Logic?” [VIDEO]. Oklahoma State Rep. John Bennett made a comment on Facebook that was has since been removed after local Muslims didn t see any moral equivalency between removing Mosques after 9/11 and removing Confederate statues. Everyone freaked out about his comment even the governor of Oklahoma. We d like to know what you think See below for more info on this Patriot!OKLAHOMA CITY   A Facebook post by an Oklahoma lawmaker is receiving a lot of attention after the post suggested removing mosques from America.The post by Rep. John Bennett suggests that if Confederate monuments are being removed because of the Civil War, mosques should also be removed due to 9/11. If we re removing Confederate monuments after the Civil War, I think we should also be removing mosques after 9/11,  his Facebook post said. It is not an idol. It s a place where serve the poor, take care of the hungry and cure the sick. Making this association is extremely irrational,  said Imad Enchassi with the Islamic Society of Greater Oklahoma City.  This is a place where American Muslims, Oklahoma Muslims, proudly serve fellow Oklahomans. The post has since been taken down.NO FREE SPEECH ALLOWED We re all supposed to just fall in line with what we re told TRUTH IS THE NEW HATE SPEECH Bennett is one smart cookie! He called for a suspension of Syrian refugees way back in November of 2015:SALLISAW, OK   State Rep. John Bennett, Sallisaw-02 (R) has called on Governor Fallin to suspend Oklahoma s effort in resettling Syrian refugees in Oklahoma. According to the New York Times article on October 21, 2015, there have been dozens of Syrian refugees settled in Jenks, OK since 2012,  said Bennett.  What s disturbing is that when I contacted the Jenks Police Department about this issue, they advised that the New York Times  article was the first time anyone in their office knew about these resettlements. Bennett continued,  Given the light of the Paris attacks and that some of the terrorists arrived in France as Syrian refugees, I am calling on Governor Fallin to immediately suspend any current plans to relocate Syrian refugees in Jenks or elsewhere in Oklahoma and to identify those that have arrived under the relocation program since 2012. Via: Forty Six NewsThis is the kind of lawmaker trying to protect the people from terrorism Bravo!",1,sensationalize_fake
fake_134,"DOUBLE AMPUTEE VET Blasts Obama’s War Strategy…Saw Him As “Expendable”…Explains Why He Wishes He Was Fighting Under President Trump [VIDEO]. War veteran Johnny  Joey  Jones praised President Trump for dropping the  mother of all bombs  on ISIS, saying the last administration failed to take appropriate action.Jones, who lost both his legs in an IED explosion, said he might still have his legs if the Obama administration wasn t concerned with public relations backlashes.He said he felt  expendable  because he lost his legs clearing a empty town on-the-ground, because the White House did not want to be seen in the press as dropping bombs on villages.Jones said Trump instead gave his generals the tools to make the decision best for their troops.  FOX NewsHere s Jones  tweet that went viral:I lost my legs because my gov't was afraid to use the tools they had and saw me as expendable. I wish I'd had this admin.  Johnny (Joey) Jones (@Johnny_Joey) April 13, 2017War-hawk, anti-Trump John McCain s daughter Megan took to Twitter to invite Johnny  Joey  Jones to appear on Fox show  Outnumbered  where she is a co-host. He kindly accepted her invitation:Everyone loves you   can you come on the show soon?  Meghan McCain (@MeghanMcCain) April 14, 2017Others on Twitter took the time to let him know how much they appreciate his service and his sacrifice:Real patriots don't see you as expendable.  Jim (@Jim65783) April 14, 2017https://twitter.com/Lord12Almighty/status/852741550790422528thank you sir. Your service to protect me will never be forgotten.  Sbeard74 (@Sbeard741) April 14, 2017Thank you, Joey. Honest to God, thank you from the bottom of my heart for your service. I wish you'd had this administration, too.  NyetToSeeHere (@GRRRR8est) April 13, 2017",1,sensationalize_fake
fake_135,"38% Of Trump Supporters Wish South Had Won Civil War And Other Disgusting Findings In New Poll. A new poll conducted in South Carolina on the heels of the state s Republican primary reveals the true extent of hatred from Donald Trump s base   and it is terrifying.Currently, Trump is expected to easily win South Carolina. His nearest competitor isn t even close. The landslide is so bad that Trump has hardly had to campaign in the state, while others scramble to fight for second place. What makes Trump so popular? A look at the values these voters hold gives us the disturbing answer.Public Policy Polling asked South Carolinians several questions about issues Trump has alluded to on the campaign trail and found that many of them support his most hateful rhetoric. Some even feel he doesn t go far enough.On the question of banning Muslims from entering the United States, one third of Trump s supporters said they would like to add  homosexuals  to the  Can Not Enter  list. No other candidate s supporters came even close to that level of intolerance. But they weren t finished.There s also 62/23 support among Trump voters for creating a national database of Muslims and 40/36 support for shutting down all the mosques in the United States, something no one else s voters back. Only 44% of Trump voters think the practice of Islam should even be legal at all in the United States, to 33% who think it should be illegal. To put all the views toward Muslims in context though, 32% of Trump voters continue to believe the policy of Japanese internment during World War II was a good one The message is clear: Making America Great Again means purging everyone who isn t white and Christian.Trump s supporters also felt that slavery wasn t so bad, either. In fact, 38 percent of them said they wished the South had won the Civil War. Another 38 percent weren t sure. As PPP dryly put it, Trump s were  the only one[s] whose supporters actually wish the South had won.  Needless to say, an overwhelming majority of his fans (70 percent) felt that the Confederate flag should still be flying over the State Capital.And as if all of those wistful call-backs to a time when white people owned black people were just too subtle, a full 16% of Trump s supporters say they think whites are the  superior race    the only candidate to have double digit support for this racist concept.Following Trump s latest snafu (During the debate, he correctly pointed out that George W. Bush had been president during 9/11. A Republican no-no.), there was some speculation that he would suffer in the polls. That appears to not be the case. It is Ted Cruz, in fact, who was found to be the most unlikable candidate in the race. (No surprise there, everyone hates Ted Cruz once they get to know him.) Meanwhile, Trump has actually gained a few points since the debate.It s clear that targeting Trump on any particular gaffe or talking point won t work. Trump s supporters are fanatical, singularly focused, and fueled by intolerance and hatred. Trump can continue to attack his fellow Republicans or their beloved George W. Bush just as long as he doesn t forget to mock and scapegoat minorities as well. His base demands it.It is often said that Trump s popularity is due to his ability to say what others won t. If that s the case, he s saying an awful lot about the toxic underbelly of the Republican Party.Featured image from Flickr/Alex Hanson",1,sensationalize_fake
fake_136,"Trump Stops Praising Coast Guard’s Harvey Efforts To Viciously Attack The Media (VIDEO). Donald Trump has now become well known for his completely inappropriate tendency to disrespect those who should be honored. We ve seen it numerous times in Trump s efforts to congratulate and honor members of the military, and we witnessed it again earlier today.On Saturday, Trump visited Houston, Texas to assist a Hurricane Harvey relief effort. While he was there, Trump attacked the media several times   but the most notable one was the incident that happened at the expense of the Coast Guard.In speaking with military officials and first responders who were responsible for saving lives in Texas, Trump couldn t help himself from going after the free press. Trump congratulated the Coast Guard, right before uttering this disgusting attack while pointing directly at the cameras: I hear the Coast Guard saved almost 11,000 people by going into winds the media would not go into. They will not go into those winds unless it s a really good story, in which case they will. For someone who wants the media to be nicer to him and protect his fragile ego, Trump sure doesn t know how to behave himself. The hilarious thing about what Trump just said is that several members of the media did far more to help Harvey victims than Trump did. If he would turn off Fox News for a second and actually pay attention to real news, he would have known that several media figures were helping the Coast Guard and other first responders in their relief efforts. There have even been several documented instances in which reporters directly assisted Harvey victims WHILE they were working. But of course, we can t expect Trump to take the high road   ever. You can watch Trump disrespect the Coast Guard and the free press below:Pres. Trump praises Coast Guard for saving people  by going into winds that the media would not go into unless it s a really good story.  pic.twitter.com/YFfQ5NJmAY  ABC News Politics (@ABCPolitics) September 2, 2017Featured image via Win McNamee/Getty Images",1,sensationalize_fake
fake_137,"Someone Just Showed What Trump Was Doing At His Golf Club While He Said He Was In ‘Meetings’ (PHOTO). One day after Trump had his 12th golfing trip as president he returned to his golf club in Virginia for lucky number 13.Like yesterday, Trump told pool reporters he was at serious  meetings.  He spent just 55 minutes at the golf resort he owns. How did he attend so many serious meetings in so little time? Easy. He didn t.And his lie quickly unraveled.During the time in which he was said to be in meetings, an Instagram user posted a picture of Trump sitting in a deserted dining room  watching the Golf Channel.Someone just posted this on Instagram from Trump's golf club. POTUS appears to be watching Golf Channel with 2 other people. pic.twitter.com/5LpVRHR1Do  Steve Kopack (@SteveKopack) March 26, 2017So even when he s not actually golfing, Trump is watching other people golf. What he isn t doing is actually running the country. Each of his trips costs anywhere between hundreds of thousand and millions of dollars.Making matters worse, it s been just two days since Trump failed to deliver on his promise to repeal and replace Obamacare. The bill he and Paul Ryan proposed was so incredibly awful that it failed to even reach a House vote (despite Republicans having an overwhelming majority of seats). The next day he flew to his Virginia golf course where he   you guessed it   got caught golfing.Pool was told Trump was in meetings at Trump National this afternoon. This Instagram photo posted from the course says otherwise pic.twitter.com/WMudqofGmO  Josh Billinson (@jbillinson) March 25, 2017Trump is extremely bad at lying about what he is doing. Apparently the notion that people at his golf clubs might take pictures proving he s doing the thing he promised he would never do as president never occurred to Trump. He remains either oblivious or willfully defiant of the critics.Unreal.Featured image via Twitter",1,sensationalize_fake
fake_138,"WATCH: SENATOR JOHN MCCAIN Tells TMZ Sports Reporter He’s Okay With NFL Players Disrespecting Our Flag. John McCain really doesn t care what topic reporters ask him about, he only cares how President Trump feels about it, so he can take an opposing view.  If President Trump agrees with a social or political issue, McCain disagrees with it. If Trump disagrees, McCain thinks it s a great idea.The cantankerous John McCain has become so predictable, it s almost laughable to hear his opinions anymore.  He s become an embarrassment to the Republican Party but refuses to give up the R behind his name to save the party of the humiliation of his antics.McCain s latest embarrassing interview happened today when TMZ caught up with him to ask him his thoughts on the NFL players taking a knee in a show of disrespect for our flag, as a way to support the anti-cop Black Lives Matter movement.  Instead of standing up our flag, or for his fellow veterans and the country he once fought so valiantly for, McCain took the cowardly way out and made a statement supporting the NFL player s right to disrespect our flag. Not surprisingly, McCain s remarks stood in contrast to strong admonition President Trump had for the disrespectful athletes in the NFL.Watch:",1,sensationalize_fake
fake_139,"WILL HILLARY ATTEND? ‘CLOWN LIVES MATTER’ Rally To Be Held On Oct. 15th [Video]. Twitter users wrote:  Clown Lives Matter is just an example of how people continue to make a mockery of Black Lives Matter. It s not funny & I m not here for it.  Jacqueline Daniels  tweeted:  This clown lives matter bull**** anything to diminish black anguish. Anything to silence our voices. Anything to mock our reality. ABC: TUCSON (KGUN9-TV)   Organizers are planning a  Clown Lives Matter  march for October 15 in Tucson in reaction to the recent spate of frightening incidents   both real and imagined   spread in the news and on social media.The march will be at 6:30 p.m. Oct. 15 on 4th Avenue in Tucson. Attendees are invited to show up wearing full clown makeup or masks.According to a flyer advertising the event,  this is a peaceful way to show clowns are not psycho killers. We want the public to feel safe, and not be afraid. So come out, bring the family, meet a clown and get a hug!  Via: ABC15Read more: Daily Mail",1,sensationalize_fake
fake_140,"DONALD TRUMP DITCHES THE PRESS To Do Something Really Fun…And Normal. The press was not happy and took to Twitter to have a temper tantrum:The only way the press eventually ascertained his whereabouts was after a Bloomberg reporter, who happened to be dining at the 21 Club, tweeted a photo of Trump and some of his transition team in the Midtown steakhouse.Trump spokeswoman Hope Hicks later told NBC News.  He is having dinner with his family. Wife Melania, daughter Ivanka Trump, her husband Jared Kushner, sons Donald Jr. and Eric Trump were all at the restaurant.",1,sensationalize_fake
fake_141,"An OBAMA “LOW LEVEL OFFENDER” Gets Early Release From Prison: Brutally Murders Woman, Slits Throats of 7, 10 Yr Old Daughters. According to the mother of the 35 year old murdered woman, this maggot had tried to murder her before. But in Obama s eyes he didn t present any danger to the community. Hmmm I wonder if those were his two girls if he might feel differently?Obama s early release program is going to work as expected. A cocaine dealer who received early release murdered his ex-girlfriend and her two children. He now faces the death penalty.Criminals already plea down their cases and now thanks to Obama they get to plea and plea again.Wendell Callahan, 35, murdered Erveena Hammonds, 32, Anaesia Green, 10, and Breya Hammonds, 7.He slaughtered them, stabbed them brutally in their home in Columbus, Ohio in January.Once sentenced to 12 1/2 years, he had 4 years shaved off his sentence in two guideline changes.He also stabbed Hammonds current boyfriend Curtis Miller who showed up while Callahan was still in the apartment. Callahan was stabbed himself in the fight with MillerCallahan s mother said no one has talked to her son about what happened since he is in the hospital. Typical enabling mother and we have an enabling president.There were many witnesses and the children  throats were slit. They were in the first and fifth grades.In 2006, he tried to call her. Hammonds said that he had beaten and choked her so severely that she thought he  would have killed her if (a) good Samaritan didn t pass by. But he was good in prison and presented no threat to the public. He s one of those low level offenders Obama wants free to roam our streets.No threat? He tried to kill her in 2006!Callahan s idiotic mother said,His mother, however, said the murder accusations were out of character. He wouldn t do that to her and her kids,  she said.She raised a sociopath by making excuses for him.Via: Independent Sentinel",1,sensationalize_fake
fake_142,"Pope Francis TORCHES Trump: ‘A Person Who Thinks Only Of Building Walls’ Is ‘Not A Christian’. Pope Francis was asked about Donald Trump, and the famously compassionate religious leader could only barely hold back his disgust.Currently, Francis is finishing up an historic visit to Mexico. Needless to say, the issue of Donald Trump inevitably came up. When a reporter asked the pope to weigh in on Trump s potential candidacy, he unloaded on the Republican front-runner. A person who thinks only about building walls, wherever they may be, and not building bridges, is not Christian. This is not in the gospel. As far as what you said about whether I would advise to vote or not to vote, I am not going to get involved in that. I say only that this man is not Christian if he said things like that. We must see if he said things in that way and in this I give the benefit of the doubt. Consider the benefit of the doubt put to rest. Trump has spent the last seven months campaigning heavily on the idea that he can block both Hispanics and Muslims from ever coming to the United States. His policies, such that they are, have been organized around attacking minority groups and advocating for the return of torture. At his essence, Trump s campaign is the exact opposite of Pope Francis  message of tolerance and compassion.Trump holds the distinction of having both pissed off the pope and also the entire country of Mexico. He infamously criticized the Catholic leader by dismissing him as just  a politician.  Francis didn t seem to mind, and in fact turned the tables on the attempted dig. Thank God he said I was a politician, because Aristotle defined the human person as  animal politicus.  So at least I am a human person. As to whether I am a pawn   well, maybe, I don t know. I ll leave that up to your judgment and that of the people. Trump is also deeply unpopular in Mexico following his repeated attacks against the Mexican people. He kicked off his presidential campaign by claiming the Mexican government was sending rapists across the border to sell drugs and attack American women. He s never walked back those ideas. He also claimed he would build a massive concrete wall across the entire southern border   at a cost estimated to be in the billions   and get Mexico to pay for it.The pope s criticisms of Trump come at a time when the candidate is desperately trying to prove that he is a very good Christian   with humiliating results. Trump, who once told shock jock Howard Stern that having unprotected sex with as many women as he had was his personal  Vietnam,  hasn t fooled very many people with this false change of heart.It takes a whole lot to get the pope to spend time taking you down a peg. Trump, for all of his hate speech and vile ideas, falls into that rare category of absolutely deserving it.Featured image via Flickr/Flickr",1,sensationalize_fake
fake_143,"OPEN BORDERS BERNIE Threatens Sheriff Arpaio For Arresting Illegal Aliens: “Watch out Joe”. Just what America needs another President who makes up laws to fit his radical agenda, with no regard for the actual laws the rest of America must abide by Democratic presidential candidate Bernie Sanders ripped into Maricopa County Sheriff Joe Arpaio at a rally in northern Arizona on Thursday, after facing criticism from the Clinton campaign for an encounter Sanders  wife had with the immigration-hardliner sheriff.The U.S. senator from Vermont said Arpaio s arrests of undocumented immigrants, often separating families, were  outrageous and unconscionable. It s easy for bullies like Sheriff Arpaio to pick on people who have no power,  Sanders said.  If I am elected president   the president of the United States does have power. So watch out, Joe.  Via: USA Today",1,sensationalize_fake
fake_144,"REPORT: Trump’s Modeling Agency Is A Cover For Human Trafficking. The majority of Donald Trump s campaign is built on xenophobia, but while his supporters are ranting non-stop about immigrants, Trump himself is taking full advantage of the flaws in our immigration system   at least according to a report in Mother Jones, in which Trump is accused of human trafficking (my words, not theirs).Are those words a little harsh? Well, according to the report, Trump Model Management has been using foreign models who arrived on tourist visas, not work visas. Yes, that s a violation of federal law. It gets worse, though. The models are what could be considered indentured servants because much of what they make goes right back into the pockets of Donald Trump.Founded in 1999, Trump Model Management  has risen to the top of the fashion market,  boasts the Trump Organization s website, and has a name  that symbolizes success.  According to a financial disclosure filed by his campaign in May, Donald Trump earned nearly $2 million from the company, in which he holds an 85 percent stake. Meanwhile, some former Trump models say they barely made any money working for the agency because of the high fees for rent and other expenses that were charged by the company.Mother Jones interviewed three of Trump s former models, all of whom arrived in this country without proper documentation to be working at all. All of whom compared working for Trump to  modern day slavery.  Two of those models make the claim that the agency urged them to lie.Two of the former Trump models said Trump s agency encouraged them to deceive customs officials about why they were visiting the United States and told them to lie on customs forms about where they intended to live. Anna said she received a specific instruction from a Trump agency representative:  If they ask you any questions, you re just here for meetings. That s not all. The models complained that they were forced to share a two bedroom apartment with at least 10 other models, all at very inflated prices. Most of the models are under age: It is like modern-day slavery  (Canadian born model Rachel) Blais said, adding that  most of the girls in the apartment that were not American didn t have a work visa. We re hoarded into these small spaces,  Kate recalled.  The apartment was like a sweatshop. I was by far the oldest in the house at the ripe old age of 18,  Anna added.Source: New York Daily NewsA few months ago, the Daily Mail reported on a former model who claims that she should have earned $75,000 a year working for Trump s agency, but she took home less than $5,000 in three years. She s suing Trump s agency.It s even rumored that Trump s wife Melania came to the U.S. illegally.Neither Mother Jones nor the Daily Mail used the words  human trafficking,  but according to the United Nations, the definition certainly applies:While there s no evidence in the report of prostitution and definitely no evidence of removal of organs, there was almost certainly deception, fraud and exploitation. Trump would never get away with paying American models so poorly, which is exactly why he imports them.Next time you hear Trump and his supporters chant,  lock her up,  remember this story. Not only is Trump not fit to be President, he s not fit to be out of prison.Featured image via Stephen Lovekin/Getty Images",1,sensationalize_fake
fake_145,"UPDATE ON 9/11 MEMORIAL Banned for “Triggering” College Snowflakes. Great news! Southern Methodist University in Texas has reversed its decision to relocate an annual 9/11 memorial display made up of nearly 3,000 American flags to a less prominent part of campus after facing backlash from student groups.A huge thank you to The Young Americans for Freedom group! They had a hand in making this happen! They also were the ones who had set up the tribute honoring the victims of the September 11, 2001, terrorist attacks on SMU s Dallas Hall Lawn every year since 2010.But in July officials informed the group to move the display to Morrison-McGinnis Park because Dallas Hall Lawn is used for classes and a variety of events, said university spokesman Kent Best.SMU officials also had adopted a policy to ensure displays didn t include  harmful or triggering  messages, but they later removed the language from the then-policy as inappropriate. By that time, though, some student groups said the new policy was an attack on free speech. I don t believe it s the responsibility of the university to shield individuals from certain ideas that they might be offended by,  said Grant Wolf, the leader of the Young Americans for Freedom group, according to Dallas News. Wolf, along with other leaders from campus groups, sent a letter to university President R. Gerald Turner to express their frustration with the policy.  People absolutely have to have a right to their own opinions, but this does not come with a right to be shielded from opposing ideas, especially in an environment dedicated to the learning, sharing and developing of new ideas,  they wrote.They decried the relocation of the memorial. Moving the 9/11 memorial to an out of the way park is almost the same as not allowing it, said Heather Hall, president of the university s Turning Point USA chapter.  That s not free speech,  Hall said.  That s not American. That s definitely not what SMU stands for.   Read more:  Daily MailOUR PREVIOUS REPORT ON THIS BAN: The shocker about this is that students on both sides of the political spectrum want the 9/11 flags to be displayed where they ve always been displayed. The inability of college campuses to stand up to people who are perpetually offended is a sad statement on where we are in American tolerance these days. It s so ironic that the left wants you to march to their drum beat or else they will destroy you. Note to SMU: You had a good thing going with your student body coming together to memorialize 9/11 so let it continue!DALLAS, Tex.   In a time of extreme political divide, students both Republican and Democrat at one Texas college have found something they can agree on.For the past two years at Southern Methodist University, a campus group has planted thousands of American flags in front of Dallas Hall as a memorial to the victims of the 9/11 attacks. That s simply contradictory to the very definition of free speech,  said Grant Wolf, the Young Americans for Freedom Chairman.But in July, SMU changed its policy, saying student groups can no longer have displays there.The lawn has historically hosted tributes and protests from students of all political affiliations. The leaders of two prominent student groups say the policy violates their right to free speech. They re basically cornering us into a segment of campus and saying you re not allowed to have a display here because it s triggering, harmful or offensive to students over there,  said Drew Wicker, the President of SMU College Republicans.SMU released a statement saying nearby Momac Park, where displays will be allowed, is larger than the lawn and is along one of the most prominent drives on campus.The university said it  respects the rights of all campus community members to express their opinions, as well as their right to be free from coercion or harassment. Via: Fox 5 Atlanta",1,sensationalize_fake
fake_146,"Bernie Sanders Takes On Walmart In This Speech And It Is Glorious (VIDEO). During a campaign event at Iowa s Wesleyan University, Bernie Sanders spoke to the audience about how Walmart and other large corporations benefit from a  rigged economy. Sanders begins by saying that Walmart is very appreciative of all the support they receive from taxpayers: Just to give you an example of what a rigged economy is all about.  I mentioned the Walton family   the wealthiest family in the world   being very appreciative that you are supporting them. They re very happy about that.  And they asked me to send you their thanks. Sanders continues, saying: They re only worth 60 of 70 billion dollars and they do appreciate you paying taxes to help them subsidize their workers. This is how we re going to pay to put 13 million Americans back to work rebuilding our crumbling infrastructure. There has been a lot of criticism of Sanders that says that he does not have a plan to pay for the programs he is proposing. That is absolute nonsense. Here is a comprehensive funding plan for every policy Sanders has proposed.And to the right-wingers who shout the obnoxiously classist claim that people only support Sanders because he wants to give them  free stuff,  that s actually the opposite of what Sanders wants. What he wants is for corporations to stop getting free stuff from tax payers. As Sanders points out in the speech: Three major profitable corporations not only pay nothing in federal income taxes, they actually got a rebate from the IRS. Three major corporations made over $100 billion in profit, paid nothing in taxes, and in fact, got a rebate from the I.R.S. Right now we have a rigged economy where there is socialism for the rich, and unregulated capitalism for the rest.Sanders concludes his speech, saying that closing these loopholes will help fund one of his most inspiring programs. That s how were going to pay to rebuild our infrastructure and put millions of people back to work. You can watch the speech below.Featured Image Credit: Screenshot via YouTube",1,sensationalize_fake
fake_147,"WATCH: Fox Host Jeanine Pirro Just DESTROYED Karl Rove And GOP Chair Reince Priebus. The folks at Fox News are getting crazier on a minute by minute basis and although it s quite sad that this organization calls itself a news outlet, it s nonetheless quite entertaining watching Fox eat its own.In the latest of her rants, so-called   judge  and Donald Trump supporter Jeanine Pirro is ticked off at her cohort at Fox, nut-job extraordinaire Karl Rove and Republican National Committee chairman Reince Priebus  for their recent statements about a contested Republican convention and Donald Trump.Watch video here:[youtube https://www.youtube.com/watch?v=qINfdIhqzXM]Pirro usually reserves her outrageous statements for Democrats or Muslims, but this time she unleashed her fury on Rove and Priebus for their perceived anti-Trump stances. In response to Rove s suggestion that it would be acceptable for the Republicans to take the nomination away from Trump, even if he goes into the convention with the most delegates but not enough to secure the nomination, unhinged the Fox contributor. She said: The Republican establishment, desperate to stop Donald Trump and Ted Cruz, is still working to nullify our vote. If ever there were a time to not take away our vote, it s now   at a time when more people than ever are invested and voting. You want to keep your status quo   the one where one hand washes the other, and we pay for the soap. Pirro also reacted to Rove s remarks where he said a  fresh face  may be needed to beat Clinton in November. Pirro said: You want a fresh face? Aren t you the guy who kept bringing us one Bush after another? Continuing on her tangent, Pirro also attacked RNC Chairman Reince Priebus, calling him out for refusing to tell Sean Hannity  whether the presidential nominee for Republicans will be one of the top vote-getters   Trump or Cruz. Pirro said: Whatever happened to  your vote matters?  Not only is that infuriating, it is un-American. Watching all of these so-called conservatives and Republicans implode before our very eyes comes at just the right time as we head into the elections for November because it helps clarify that the GOP of today should not be in charge of this country. Featured image via video screenshot.",1,sensationalize_fake
fake_148,"Ann Coulter Calls For Assembling ‘Death Squads’ To Kill Undocumented Immigrants (AUDIO). This is why the right-wing should never have power again.Donald Trump s decision to work with Democrats on legislation that would enshrine the Deferred Action for Childhood Arrivals program into law has angered his anti-immigration supporters.Despite the fact that these children were brought to America through no fault of their own and the fact that America is the only only home they have ever known, right-wingers like Ann Coulter want them deported anyway. And she is so angry over Trump s decision that she is now calling for the creation of death squads to go around the country executing anyone who is an undocumented immigrant or pro-immigration. We have made as clear as you can possibly make it, we want less immigration,  Coulter said during an appearance on the  Todd Starnes show.  Stop dumping the third world on the country. If he continues down this path, well I guess there are three options,  she continued.  There s the organizing the death squads for the people who ruined America, because there will be no more hope. I guess the other possibility is to   well I don t think anyone would mind him being impeached. What s the faction opposing that? And then at least we ll get Mike Pence. But in terms of saving America, maybe a third party. Here s the audio via Right Wing Watch.This is a seriously frightening threat that the American people must reject immediately. Furthermore, federal law enforcement authorities should investigate Coulter. Her words could literally inspire some right-wing nut jobs to actually create these death squads, which would go around terrorizing the nation.Killing immigrants and creating death squads is something that would make Adolf Hitler proud. This is the kind of action that Nazis want in this country and Coulter needs to face serious consequences for even suggesting it as an option.  Featured Image: Chip Somodevilla/Getty",1,sensationalize_fake
fake_149,"WATCH: TEACHER CAUGHT ON VIDEO Calling Trump T-shirts “Swastika”…DEMANDS Students Turn Them Inside Out. This unhinged high school teacher was caught telling students to turn their Trump t-shirts inside out, because the  Make America Great Again  slogan is the same thing as a swastika. Come again?Watch:Teacher makes students flip MAGA shirts inside out because it's similar to a swastika & represents nazis!  pic.twitter.com/hu0WRvwZ4D  USA Association (@USAAssociation) September 4, 2017Example after example of intolerant radical educators threatning students who refuse to tow the liberal line have emerged over the past decade. One of our favorite examples took place less than 2 years ago when multiple professors at Washington State University explicitly told students their grades would suffer if they used terms such as  illegal alien,   male,  and  female,  or if they failed to  defer  to non-white students.A Fresno State professor was actually caught on video bullying a student at the college where he teaches because she chalked a pro-life message on the sidewalk (after she received permission from the school to write the pro-life message on the sidewalk).Watch this male professor bully this young female student:",1,sensationalize_fake
fake_150,"MUSLIM TEEN Who Wrote 3 Radical Words Over And Over Again On College Application Has Been ACCEPTED To Prestigious Stanford University. A Muslim teenager from New Jersey was accepted to the prestigious Stanford University after he wrote  #BlackLivesMatter  a hundred times on his college application.Ziad Ahmed, a senior who attends the $34,600 a year private Princeton Day School, posted his acceptance letter and the essay that helped get him accepted on Twitter. The tweet shows that when he was prompted to answer the question,  What matters to you, and why?  Ahmed simply wrote the hashtag  #BlackLivesMatter  one hundred times.In his acceptance letter, Stanford emphasized how the university loved the  passion, determination, accomplishments and heart  shown in Ahmed s application. They also said he will be joining a  diverse, joyful, and welcoming campus community with a shared determination to make our world better  if he chooses to attend Stanford.In an interview with Mic, Ahmed said,  I was actually stunned when I opened the update and saw that I was admitted. I didn t think I would get admitted to Stanford at all, but it s quite refreshing to see that they view my unapologetic activism as an asset rather than a liability,  he added.Ahmed said he included a reference to Black Lives Matter because he feels  unapologetic progressivism is a central part of my identity, and I wanted that to be represented adequately in my application. To me, to be Muslim is to be a BLM ally, and I honestly can t imagine it being any other way for me,  Ahmed explained.  Furthermore, it s critical to realize that one-fourth to one-third of the Muslim community in America are black   and to separate justice for Muslims from justices for the black community is to erase the realities of the plurality of our community. Happy birthday to my role model, @lsarsour! As an American-Muslim youth today, she inspires/empowers me through her advocacy. Grateful. pic.twitter.com/u1YdU3tlyt  Ziad Ahmed (@ziadtheactivist) March 19, 2017Ahmed s Twitter profile includes more of his activism and political leanings. On his Twitter page, Ahmed has a profile photo with former Democratic presidential candidate Hillary Clinton, a background photo with former President Obama, a photo with Women s March organizer and terrorist sympathizer Linda Sarsour, and a photo with Teen Vogue writer Lauren Duca, who famously said President Trump is  gaslighting America  and defended Ivanka Trump being harassed.Although Ahmed s application mentioned his support for Black Lives Matter, according to the College Board website, Stanford is 36 percent white, 21 percent Asian, 16 percent Hispanic or Latino, 10 percent two or more races, 9 percent non-resident alien, but only 6 percent black or African American.   MRCTV",1,sensationalize_fake
fake_151,"Trump’s America: Jewish Centers Rattled With Bomb Threats. In Trump s new America, hate and violence are reigning supreme. Amid spikes in anti-Semitism, Islamophobia and transphobia, reports are coming out that six Jewish centers in four states have been evacuated Monday after bomb threats were made.Two centers in Miami-Dade County, Florida were evacuated, but luckily both buildings were declared  all-clear  by patrol. One center in Jacksonville was also targeted with a threat, but has since been cleared as well.The same situation was reported in Rockville, Maryland when the JCC was evacuated. Like the other centers, no bomb was found and the center is clear now.Similar threats also hit two centers in Nashville, Tennessee and Columbia, South Carolina. Like all the others, nothing was found.Luckily, all these threats were just that   threats. But with swastikas popping up all across the country and neo-Nazis holding open meetings in the nation s capital all inspired by the new dear leader, Trump threats could easily turn to actual violence against our Jewish brothers and sisters.The rise of the alt-right, neo-Nazi movement is a major concern since white nationalism has been on a steady rise since President Obama took office in 2009. What a coincidence. If Trump doesn t rein in and vehemently denounce these people, his silence could be a beckoning call to their action, and it can and will be ugly.This shouldn t be the new normal in the United States; it should be breaking news. At what other point in modern American history would this be considered normal?Trump s presence and the presence of the growing alt-right has been breeding so much hatred it s starting to permeate everything, every day.America, and Republicans, need to stand up for our Jewish brothers and sisters here in America as much as they stand up for Benjamin Netanyahu in Israel. But don t hold your breaths.Featured image by Win McNamee via Getty Images",1,sensationalize_fake
fake_152,"Trump Told An Incest Joke About Ivanka So Creepy Dr. Oz Was Forced To Edit It Out (VIDEO). To most people watching Trump s disastrous appearance on quack pseudo-doctor, Dr. Oz s show, the appearance was simply an attempt by Trump to prove he s healthy by releasing no information whatsoever. But did you know he also   again   joked about having relations with his daughter?The remarks were edited out of the final copy, but journalists who were there for the taping certainly noticed it was missing.So, uh, looks like the producers of ""The Dr. Oz Show"" cut out the awkward comments from Oz and Trump about fathers kissing daughters  Jenna Johnson (@wpjenna) September 15, 2016The Dr. Oz show edited out #Trump's comments on kissing daughter Ivanka as often as possible. #TrumponOz  Michelle Fay Cortez (@FayCortez) September 15, 2016So what, exactly, did Trump say? Dr. Oz said when Ivanka Trump came on stage,  It s nice to see a dad kiss his daughter,  reported NBC s Peter Alexander.  Trump responded that he kisses her every chance he gets. Combined with Trump s numerous other sexual remarks about his daughter, this was just too much for Dr. Oz, who edited the statement out of the show entirely in an apparent effort to save Trump the embarrassment of once again proving himself to be the  incest candidate. I ve said if Ivanka weren t my daughter, perhaps I d be dating her,  Trump once said of Ivanka on  The View.  Prior to that, he bragged to Howard Stern about Ivanka s body. More recently, he told GQ: She s really something, and what a beauty, that one. If I weren t happily married and, ya know, her father And, of course, he once said on a talk show that what he and Ivanka have most in common is  sex. Add that to creepy photos of the two like you see below and it s very clear that the Trump family is a mess.A picture of Donald Trump, with his daughter Ivanka, perched atop two concrete parrots having sex. pic.twitter.com/TFse8gM1An  Tim Ireland (@bloggerheads) January 31, 2016Creepy Trump family is creepy. pic.twitter.com/I1SL6gnnsi  Kyle Foley (@KFoleyFL) September 15, 2016Excellent @HuffingtonPost Ivanka Trump feature. Also, this photo is creepy AF: https://t.co/UEgD3FBsOX pic.twitter.com/gktyJE5Km8  Marlow Stern (@MarlowNYC) September 7, 2016This is that creepy photo of #Trump in bed with Ivanka. pic.twitter.com/QNYjipw9qO  Hillary 2016 (@KathyNeeds) August 22, 2016He s also been known to openly fantasize about another daughter s breasts   when she was one year old.Donald Trump is gearing up to face one of his alleged rape victims in court   a woman who was only 13 years old when she says   in too much detail for it to be ignored   Trump violently raped her and another girl younger than she was.This is the GOP candidate, people. This man might be our next President. Think about that and be sure to vote BLUE in November.Watch one of the many, many times Trump has  joked  about banging his daughter below:Featured image via Twitter",1,sensationalize_fake
fake_153,"TRUMP EXPOSES OBAMA’S INCOMPETENCE: Cuts EPA Budget…Still Fixes Flint’s Water Crisis. Although Obama had 3 years to take action to fix the Flint water problem, President Donald Trump has managed to do it in 2 months. The EPA has just issued a $100 million grant to the city of Flint, Michigan to replace the city s corroded and lead-polluted pipes.Critics of President Trump have lambasted him for his proposed budget cuts at the Environmental Protection Agency, saying the cuts are proof that he doesn t care about the environment.EPA Administrator Scott Pruitt released a statement saying,  The people of Flint and all Americans deserve a more responsive federal government  EPA will especially focus on helping Michigan improve Flint s water infrastructure as part of our larger goal of improving America s water infrastructure. Under authority granted the agency by the Water Infrastructure Improvements for the Nation Act of 2016, the EPA just issued a $100 million grant to the beleaguered city of Flint, Michigan, to help in the effort at replacing the city s badly corroded and lead-tainted system of water pipes. We are excited and very grateful to receive these much-needed funds,  Flint Mayor Karen Weaver said.  The City of Flint being awarded a grant of this magnitude in such a critical time of need will be a huge benefit. The state of Michigan also contributed $20 million to match 20 percent of the grant. Meanwhile, CNN continues with their anti-Trump narrative and insists that President Trump had nothing to do with the grant and that it actually came from an action that former President Barack Obama and the prior Congress took in 2016. They are clearly blind to Trump s promise to fix the crumbling infrastructure of our country as soon as possible, something Obama never made a priority.CNN also obsessed over Trump s proposed 31 percent EPA budget cuts, failing to mention that the president had no intention of defunding programs to help improve the water system infrastructure.Despite the fact that Flint has been dealing with contaminated water for three years, Obama s EPA did not attempt to fix the problem. Now that Trump is in office, he is taking real action to make positive changes in the lives of Flint, MI citizens.Source: Conservative Tribune",1,sensationalize_fake
fake_154,"BREAKING: Someone Else Connected To Trump Is Under Investigation For Colluding With Russia (DETAILS). Today, more bad news for Trump broke as yet another person related to the Trump administration comes under federal investigation. Michael G. Flynn, the son of Michael Flynn and infamous for his role in spreading the Pizzagate conspiracy, is under investigation for his role in colluding with Russia.It s likely he s as guilty as the rest of the Trump team, as he works closely with his father.NBC reports:Michael G. Flynn accompanied his father, for instance, on a trip to Moscow in December 2015 for the elder Flynn to deliver a paid speech at a gala for the state-sponsored Russian television network RT. He can be seen in video from an associated event.The elder Flynn, a retired Army lieutenant general and a former director of the Defense Intelligence Agency, was seated at the same table as Russian President Vladimir Putin during the dinner. Records released by the House Oversight Committee show he was paid nearly $34,000 for his speech; RT also paid for Flynn and his son s airfare to Moscow and lodging at a luxury hotel from Dec. 9 to Dec. 12. Several legal experts with knowledge of the investigation have told NBC News they believe Mueller, following a classic prosecutorial playbook, is seeking to compel key players, including Flynn and Manafort, to tell what they know about any possible Trump campaign collusion with Russia. Mueller has brought onto his team a federal prosecutor known for convincing subjects to turn on associates. Any potential criminal liability for Michael G. Flynn could put added pressure on his father, these legal experts said.In other words, any pressure put on Junior is pressure on the old man, who reports have repeatedly indicated the federal government is trying to flip.This is also just one more name at the end of a long, long list of Trump associates with shady connections to Russia. It s pretty clear that Trump thought the campaign was a business opportunity, never expected to win, and wanted to use the opportunity to build Trump Tower Moscow as well as other projects. He courted Russian investors, sought approval from Putin s government and then accidentally won the election, instead of just coming close. There is no other explanation for how amateurish and sloppy these cover-up attempts have been.Featured image via Addicting Info",1,sensationalize_fake
fake_155,"Hawaii Attorney General HUMILIATES Jeff Sessions For Whining About Judge On ‘Island In The Pacific’. Donald Trump s Attorney General just got schooled on the Constitution.Earlier this week, Jeff Sessions bitched about a judge  on an island in the Pacific  having the power to block an executive order. I really am amazed that a judge sitting on an island in the Pacific can issue an order that stops the President of the United States from what appears to be clearly his statutory and constitutional power,  Sessions said.Of course, Sessions is a hypocrite because he cheered on judges who blocked executive orders issued by President Obama.But because the order was issued by his rich white boss, Sessions is all of a sudden complaining.Judge Derrick Watson stood up to Trump and his racist administration a couple months ago by blocking parts of the immigration ban that barred Muslims from certain nations from entering the country. Trump s ban caused international chaos and violated the civil rights of thousands.Hawaii is not merely an  island in the Pacific,  however. It s also an official state under the same Constitution that Jeff Sessions and Donald Trump violate on a daily basis.In the Constitution, the founding fathers created the Judicial Branch of our government to serve as a check on executive and legislative power. The judiciary has the power to review executive orders and laws and can block and strike them down if they are found to be unconstitutional.Judge Watson exercised his judicial power.Sessions  statement is a disgraceful attempt to undermine the judicial branch.Hawaii Attorney General Dougal Chin fired back at Sessions on Thursday by explaining how the Constitution works. President Trump previously called a federal judge in California a so-called judge. Now U.S. Attorney General Sessions appears to dismiss a federal judge in Hawaii as just a judge sitting on an island in the Pacific. Our Constitution created a separation of powers in the United States for a reason. Our federal courts, established under Article III of the Constitution, are co-equal partners with Congress and the President. It is disappointing Sessions does not acknowledge that. Indeed, America needs an Attorney General who actually understands the Constitution, and Sessions clearly does not.One of Sessions  Justice Department lackeys even tried to pathetically clarify the offensive remarks. Hawaii is, in fact, an island in the Pacific a beautiful one where the Attorney General s granddaughter was born. The point, however, is that there is a problem when a flawed opinion by a single judge can block the President s lawful exercise of authority to keep the entire country safe. Wrong. If Trump and his administration think the ruling is flawed then they should seek opinions from higher courts. That s how the system works. The White House and Justice Department can t just ignore a court ruling because they disagree with it. Also, national security should not be used as an excuse to ignore the Constitution. That s a slippery slope to tyranny. If that excuse were acceptable Trump and Sessions would use it all the time to justify anything and everything they do.Jeff Sessions should be embarrassed for attacking the judicial branch the way he did and he definitely deserved the humiliation he has been receiving. Frankly, he should resign in disgrace.Featured Image: Chip Somodevilla/Getty Images",1,sensationalize_fake
fake_156,"MICHIGAN City With First MUSLIM-MAJORITY City Council In America Announces “Safe Haven” For Refugees, Immigrants In Schools. It s good to know that illegal aliens, potential terrorists and their families have a place they can go to and feel  safe  from law enforcement in Hamtramck, MI As a MI resident, I feel  safer  already Hamtramck, MI Public Schools will provide  community resources  and  access to legal services  for any families negatively impacted by President Trump s policies, according to a statement published in a Detroit newspaper. All Hamtramck schools are safe havens with a commitment to help all immigrant families connect with the needed resources to avoid deportation,  Superintendent Thomas Niczay told the Detroit News.Hamtramck passed a resolution with the  safe haven  designation in January, before Trump even took office. As a board and a school district, we thought ahead and wanted to have a resolution in place to make our community know that whatever happens after January, Hamtramck Public Schools will be home away from home for their children,  Hamtramck school board secretary Salah Hadwan, whose family emigrated from Yemen, told the News.Hamtramck achieved notoriety in November 2015 when it elected the nation s first Muslim-majority city council, after which it took on the name of  Shariahville  among some Michiganians who saw the town as an example of what they didn t want their cities to become.Hamtramck also became one of the first cities to allow a mosque to broadcast the Islamic call to prayer over loudspeakers in 2004, leading many ethnic Polish residents to move out of the city and head for the suburbs.  WND",1,sensationalize_fake
fake_157,"Boiler Room EP #114 – Psychos In The Compromised Media. Tune in to the Alternate Current Radio Network (ACR) for another LIVE broadcast of  The Boiler Room tonight 6:00 PM PST | 8:00 PM CST | 9:00 PM EST for this special broadcast. Join us for uncensored, uninterruptible talk radio, custom-made for bar fly philosophers, misguided moralists, masochists, street corner evangelists, media-maniacs, savants, political animals and otherwise lovable rascals.Join ACR hosts Hesher and Spore along with Andy Nowicki and Jay Dyer of Jays Analysis also with a special report from FunkSoul (21WIRE & ACR contributor), for the hundred and fourteenth episode of BOILER ROOM. Turn it up, tune in and hang with the ACR Brain-Trust for this weeks boil downs and analysis and the usual gnashing of the teeth of the political animals in the social reject club.This week on the show we re discussing a plethora of events and disappointments cooked up by the mainstream media and the zombified public who buy into their garbage. The team covers mind control, MK-Ultra, George Webb, media psyops, intelligence and deep state infiltrated movements and FunkSoul brings a special 5 minutes of Funk on a banking industry whistleblower.Direct Download Episode #114Please like and share the program and visit our donate page to get involved! Reference Links, for your consideration and research:",1,sensationalize_fake
fake_158,"Jamelle Bouie Says Science Proves Half Of GOP Are Deplorable (VIDEO). The right-wing was quick to claim that Clinton had experienced her own  47% moment  with her  basket full of deplorables  remark. But nothing could be further from the truth. Clinton s remark turns out to be fairly accurate.In fact, if anything Clinton actually undersold just how deplorable Trump s supporters actually are. During an appearance on CBS s Face the Nation on Sunday, Slate s chief political correspondent, Jamelle Bouie explained how the statement Clinton made is supported by scientific evidence.Bouie looked at polling data that showed that more than half of Republicans believe that President is a Muslim or was born in another country. So, I m inclined to see it as strategy and not so much as a gaffe because when I heard the remark, my first question was: Well, is this true? Right? Regardless of how it sounds, what it looks like, what is the case about Donald Trump supporters?  Bouie asks.  And if you break down the numbers and you look at the RealClearPolitics average, and it gives Trump, 43 percent of the registered voters, there re about 30, 31 million people. Compare that to polls show 65 to 70 percent of all Republicans who say that Barack Obama either wasn t born in the United States or is a Muslim. If one doesn t think that believe that birtherism is a bad enough belief to hold to earn the title of deplorable, then Bouie has the data to show that roughly have of Republicans are racist. You look at pilot data from the American National Election Study, and it shows upward of 40 percent of Republicans saying things like blacks are more violent, blacks are lazier, Muslims are more violent, Muslims are lazier,  Bouie points out. Among Trump supporters in particular, 60, 50, 70 percent of them agree with statements that political scientists categorize as being explicitly racist,  Bouie continues.  So I m looking at Clinton s statement, and half, which is about 31 million people again, doesn t really seem that out of bounds. Forty to 50 percent of Republicans, I would say looking at the full spectrum of data, agree with beliefs that we would categorize as explicitly prejudiced. So regardless of whether or not Clinton needs to walk it back or not, I think she s being correct and accurate. Conservatives are angry at Clinton because they still cannot accept that pointing out bigotry and racism do not make the person bringing it up racist. Clinton may have half-heartedly backtracked on her statement; her sentiment was worded poorly even if it was accurate.As Bakari Sellers pointed out on Sunday While on CNN s State of the Union, it doesn t matter how many of Trump s supporters are bigoted racists or not because they are all supporting a candidate who is a bigot.There is no left-wing conspiracy out there to make Republicans and trump supporters like deplorable. As polling indicates, they self-identify as being racist bigots on their own.You can watch the clip below.Featured image from video screenshot",1,sensationalize_fake
fake_159,"“BILL CLINTON IS A RAPIST” MOVEMENT EXPLODES…Watch Awesome Truth-Tellers Hijack Mainstream Media, Leftist Cable Audiences With Brutal Message [VIDEO]. Infowars  Alex Jones is offering a $1,000 reward for anyone who can get on TV with his Bill Clinton  RAPE  t-shirt clearly displayed for viewers to see. If they can display a  Bill Clinton Is A Rapist  T-shirt and clearly proclaim,  Bill Clinton is a racist they will get a $5,000 reward. He plans to spend up to $100,000 to get this important message out to America. Why is it important? It s important because not only is Bill a sexual predator who has no business entering our White House ever again, Hillary has been acting as his enabler, threatening and intimidating victims of Bill s for years The mainstream media has declared war on Donald Trump, while providing cover fro Hillary and her multiple crimes and offenses. We re in a war with a collective media and a radical leftist government. Thank goodness for people like Alex Jones who aren t afraid to get into the trenches and pass along a message that the mainstream media will never expose.",1,sensationalize_fake
fake_160,"HAS BILL CLINTON LOST IT? Watch Him Yank Balloon From Little Girl At DNC Celebration…And More Super Senior Moments [VIDEO]. By now, pretty much everyone has seen pictures or video footage of Bill Clinton snoozing while Hillary gave her powerful speech filled with lies and empty promises.At times, Bill just couldn t contain himself over the excitement of his beloved wife being coronated by a hostile crowd in Philly We watched him walk around the stage after Hillary s coronation looking like he was in some type of stupor, but the footage of him with the little girl at the bottom really takes the cake.Hillary s loser brother was about to hit the balloon when he realized he was standing next to the queen and quickly retreated He was so excited to hit the balloon, then he realized who he was standing next to #DemsInPhilly pic.twitter.com/kZjzwZ6A4y  Brandon Wall (@Walldo) July 29, 2016After watching Hillary s regular coughing fits, and knowing that she has to travel with a full-time physician, shouldn t American voters be asking themselves if either one of these aging grifters are well enough to occupy our White House?Here s Bill looking a little confused about why there are suddenly so many balloons around him:Bill Clinton just hanging out with the balloons, having a blast pic.twitter.com/JKCW1zqay7  Steven Dennis (@StevenTDennis) July 29, 2016Here s Bill wishing Hillary would pay attention to him. Good luck Bill. Your best days are definitely behind you bill: hey hill check this outhillaryhey hillaryhillhey hillary check this outhillary look what i hillhillary pic.twitter.com/MAbRFW1yeY  Ingrid Ostby (@ingridostby) July 29, 2016Here s Bill after he seems to have captured a special big blue balloon with stars from the DNC celebration. Oh look, there s a little girl who would love to hold that balloon Oops! Not so fast little girl! That s Bill Clinton s balloon. The Clinton s don t give things away they take them. Find your own balloon little girl",1,sensationalize_fake
fake_162,"Five ‘All American’ Football Players Booted From Team With Black QB After KKK Display. The city of Creston, in the heart of Iowa, sits nestled between State Route 25 and U.S. Highway 34, only a mile from the eastern bank of Summit Lake. The seat of Union County offers two additional lakes to fish in, the glorious Green Valley State Park, and a high school football team full of terrifyingly virulent racists.At least, Creston had that last one until Thursday. Scheduled to play the Clarinda Cardinals Friday night, the Creston Panthers will suddenly find themselves without five of their starters after a viral photo of them wearing hoods and posing with a burning cross, a rifle, and a Confederate flag, made the rounds on social media earlier this week.Clearly, the players didn t do well in history at Creston High. The location of the school in Union County is a stark reminder of which side Iowans fought for in the Civil War.The boys will probably not face legal difficulties. Being a piece of shit KKK member, or even pretending to be one, is protected under the First Amendment, and in a town of fewer than 10,000, it s not likely there s a lawyer in town who could successfully argue that anyone suffered damages as a result of their racist idiocy. Not even Kylan Smallwood, the Panthers  quarterback, who is black. Sadly, Smallwood is already all too aware of the fact that this will blow over like nothing happened once the incident is forgotten. He won t forget, though: It s a bad way to put our town on the map, but I think as a community, we just have to move past it. Deal with it, I guess. I thought these guys were my friends. Like, I ve been to some of their houses before I wanted to ask them why, why they did it, but I haven t had the chance to yet. For their part, Creston High School has said that the students have been punished in addition to their removal from the team, but has not specified what that punishment was. Coach Brian Morrison called the families of each boy personally to tell them their sons were no longer playing for the Panthers.Just another day in post-racial America.Featured image via video screen capture",1,sensationalize_fake
fake_163,"LAWLESS FEDS REFUSE To Hand Over Communications On Global Warming Junk Science To Republicans. Oh, this is so ridiculous and so bogus that the  intimidated  researchers aren t handing over research documents and communications to the Republicans. If they want to preserve the  integrity of the scientific process  then they should be open and honest. Being secretive about results of research just shows the global warming scam is junk science they re trying to keep under wraps. The federal government s chief climate research agency is refusing to give House Republicans the detailed information they want on a controversial study on climate change. Citing confidentiality concerns and the integrity of the scientific process, the National Oceanic and Atmospheric Administration (NOAA) said it won t give Rep. Lamar Smith (R-Texas) the research documents he subpoenaed. At the center of the controversy is a study that concluded there has not been a 15-year  pause  in global warming. Some NOAA scientists contributed to the report. Skeptics of climate change, including Smith, have cited the pause to insist that increased greenhouse gas emissions, mostly from burning fossil fuels, are not heating up the globe. Smith, the chairman of the House Science Committee, vehemently disagreed with the study s findings. He issued a subpoena for communications among the scientists and some data, leading to charges from Democrats that he was trying to intimidate the researchers. Late Tuesday, NOAA provided Smith with some more information about its methods and data but refused to give Smith everything he wanted. NOAA spokeswoman Ciaran Clayton said the internal communications are confidential and not related to what Smith is trying to find out. More recently, a famous physicist came out against the global warming scam: WOW! WORLD S TOP PHYSICIST AND DEMOCRAT: Obama Backs  Wrong Side  In War On  Climate Change , Follow The Money, Carbon Does Far More Good Than Harm Dr.Freeman Dyson, himself a longstanding Democrat voter, is especially disappointed by his chosen party s unscientific stance on the climate change issue. It s very sad that in this country, political opinion parted [people s views on climate change]. I m 100 per cent Democrat myself, and I like Obama. But he took the wrong side on this issue, and the Republicans took the right side. Part of the problem, he says, is the Democrats  conflation of  pollution  (a genuine problem) with  climate change  (a natural phenomenon quite beyond mankind s ability to control). Via: Gateway Pundit",1,sensationalize_fake
fake_164,"SOMEONE CALL THE Waaambulance! Glenn Beck Warns He’ll Be On Suicide Watch If Cruz Loses Indiana…You Better Buckle Up Beck…THE RESULTS ARE IN [VIDEO]. Hey Glenn, suicide is no laughing matter, and you really needs to start ratcheting down your role as America s conservative drama queen. Seriously is America witnessing the melt down of a man who used to be one of the most prominent conservative voices in America? A few days ago, Glenn Beck posted a special video posted to his website, where he addressed news reports of the latest mass layoffs at his troubled media empire. Watch the video HERE. Something is not quite right in the fake oval office. Maybe Beck just needs a long vacation Glenn Beck rolled his face in Cheetos last week   And no one stopped him.Glenn Beck pleaded with Indiana voters on Monday.  If you guys screw this up, I ll be on suicide watch. .@GlennBeck to Hoosiers: ""If you guys screw this up, I'm going to be pissed at you.   I will be suicidal.""  Patrick Svitek (@PatrickSvitek) May 2, 2016But that not have been the craziest thing he said all day.Ouch, Glenn Beck:  Tell me another time in our nation s history that you have witnessed where Indiana matters. Glenn Beck: God Prolonged GOP Primary So Every State Could Choose Between  Good or Evil  https://t.co/eK60lNkIbU pic.twitter.com/ez9moGDOMJ    Cris   (@ThePatriot143) May 3, 2016Well Glenn it s been a tough year, but the results are in and it looks like Trump ran the tables in Indiana:Wins 30 statewide delegates   May win all of the 27 remaining district delegatesVia: Gateway Pundit",1,sensationalize_fake
fake_165,"Top US Spy Agency Refuses to Endorse CIA’s ‘Russian Hacking’ Assessment Due to “Lack Of Evidence”. 21st Century Wire says If anyone still thinks this whole  Russian hacking  plot is not motivated by internal US politics   think again Tyler Durden Zero HedgeWhen the WaPo posted last Friday s story about a  secret  CIA assessment that Russian cyber attacks were aimed at helping Republican President-elect Donald Trump win the 2016 election, the readers of the Bezos-owned publication took it as gospel, despite, as we promptly noted, there being no evidence provided by the CIA, and as we learned today, the FBI openly resisting the CIA s assessment. It now appears that once again the WaPo may have been engaging in  partial fake news , as it did with its Nov. 24 story about  Russian propaganda fake media. According to Reuters, the so-called overseers of the U.S. intelligence community as it supervises the 17 agency-strong U.S. intelligence community, the Office of the Director of National Intelligence (ODNI), while not disputing the CIA s analysis of Russian hacking operations   something which would be unprecedented for the US spy industry and would telegraph just how partisan and broken the country s intelligence apparatus has become   has refused to endorse the CIA s assessment  because of a lack of conclusive evidence  that Moscow intended to boost Trump over Democratic opponent Hillary Clinton.As Reuters conveniently notes, the ODNI position could give Trump fresh ammunition to dispute the CIA assessment, which he rejected as  ridiculous  in weekend remarks, and press his assertion that no evidence implicates Russia in the cyber attacks. The ODNI s position confirms that Trump was once again, you guessed it, right. ODNI is not arguing that the agency (CIA) is wrong, only that they can t prove intent,  said one of the three U.S. officials Continue this story at Zero HedgeREAD MORE RUSSIA NEWS AT: 21st Century Wire Russia Files",1,sensationalize_fake
fake_167,"USA TODAY ARTICLE Blames Whites For MLK Murder: Whites killed MLK. Now we honor him…Centuries of kidnapping, torture, murder, rape”. Thomas  article can be read below:My dad called Martin Luther King an  agitator.  I bet a lot of white dads did. Seems like every time Dr. King showed up somewhere, things got torn up or burned up.So we killed him. Not me, of course. I m not a racist. But who thinks he is?Notice how USA Today author Oliver Thomas is quick to point out that he s,  not a racist,  just everyone else.So we tried to fix it. Made his birthday a national holiday. Put him on a pedestal. Where we can honor him. And he can t poke us in the eye.Plus, now we ve squared everything. The Civil Rights Act. The Voting Rights Act. Come on, we ve even elected a black president! That s why people who look like me have a hard time understanding why so many black people are still angry while others have given up on America altogether.I ll let Ta-Nehisi Coates boil it down for you. White society was not achieved through  wine tastings and ice cream socials, but rather through the pillaging of life, liberty, labor and land.  In short, through three centuries of kidnapping, torture, murder and rape. Broken teeth, broken bones and broken spirits. Families ripped apart. Children taken from their parents. Men humiliated in front of their wives. Women brutalized within earshot of their husbands. Lash after bloody lash on bare backs. Then, sleep on a bare wooden floor. No doctor, no dentist, no nothing. Just non-stop misery with a few hymns on Sunday.We built an entire society on these bruised and broken backs. That and countless Native Americans driven off their land. Then, after the house of horrors fell, and the sin was purged by the blood of more than a half-million young mostly white men, white America still did not relent. Despite passage of the 13th, 14th and 15th Amendments to the Constitution, states found ways to disenfranchise blacks. We took back the vote, cordoned blacks off in the most undesirable parts of our cities, forced them into inferior schools and denied them opportunities. Few blacks owned their homes. Many could not read and write. Thousands were lynched. That s Southern for murdered without a trial. Imagine if that s what black men had done to Robert De Niro or David Bowie for marrying black women.The article can be read in its entirety on USA Today",1,sensationalize_fake
fake_168,"OBAMA AND DOJ’S RADICAL DIRECTOR To Meet Monday On Gun Control Executive Action. When Loretta Lynch was confirmed as the new Director of the DOJ, it was clear that our Senate had once again caved to the radical agenda of the Obama administration. Lynch is nothing more than Eric Holder in a dress. So now we have a power grab on gun control that could have been predicted because Lord knows Obama needs to fulfill his agenda on everything before leaving office. Bottom line is that our Senate failed us Blame them for this mess because it could have been avoided.President Barack Obama will meet Monday with Attorney General Loretta Lynch to discuss options for tougher gun restrictions and is expected to announce in the coming days a new executive action with the goal of expanding background checks on gun sales.Described as  imminent  by people familiar with the White House plans, the set of executive actions would fulfill a promise by the President to take further unilateral steps the administration says could help curb gun deaths.Plans for the action are not yet complete, and those familiar with the process warn that unforeseen circumstances could delay an announcement. But gun control advocates are expecting the new actions to be revealed next week, ahead of Obama s annual State of the Union address, set for January 12.The White House wouldn t comment directly on the exact timing or content of Obama s executive orders. White House spokesman Eric Schultz said that the President expected a set of recommendations on unilateral action to arrive at the beginning of the year.Plans began to become clearer on New Year s Day with a White House announcement accompanying Obama s weekly address that on Monday the president would meet with Lynch. Change, as always, is going to take all of us,  Obama said in his weekly address.  The gun lobby is loud and well organized in its defense of effortlessly available guns for anyone. The rest of us are going to have to be just as passionate and well organized in our defense of our kids. That s the work of citizenship   to stand up and fight for the change that we seek. Read more: cnn",1,sensationalize_fake
fake_169,"WARNING SHOTS FROM RUSSIA? CHILLING Footage Shows Nuclear Submarine Launches Cruise Missile… Russian fighter pilot ‘performs barrel roll’ OVER US Air Force Plane Only 25ft Away…Obama Shrugs [VIDEO]. 265 days and counting Is this a warning shot? This chilling footage shows a Russian nuclear submarine launching a cruise missile from underwater to destroy a coastal training target.The 120-metre Severodvinsk submarine can be seen sinking slowly below the surface of the Barents Sea as part of Russian navy Arctic combat drills.Then the Kalibr missile erupts from the waves in a plume of smoke and streaks away into the distance. A loud rumbling can be heard before the camera zooms in to show the launch site.It is the latest show of strength from the country s military after a number of close passes by fighter jets near US planes and ships.This year Russia has increased its military presence in the Arctic region where it and other world powers are locked in a battle to claim valuable territory and underwater mining rights.   MirrorA Russian fighter pilot has provoked fury at the Pentagon after allegedly performing a barrel roll just 25 feet from an American reconnaissance plane over the Baltic Sea.Outraged defense officials called the interception manoeuvre  unsafe and unprofessional , but Russia said it was forced to intercept the American RC-135 plane because it had switched off its identifying transponder.The Pentagon admitted the barrel roll incident could  escalate tensions  between the countries after a number of close-flying encounters.In a taunting statement the Russian defence ministry said:  We are already starting to get used to the insults of the Pentagon regarding alleged  unprofessional  manoeuvres when our fighters intercept US spy planes at the Russian border. The US Air Force has two solutions   either not to fly near our borders, or to turn the transponder on for identification. Reports differed on just how close the Russian SU-27 Flanker fighter jet came to its lumbering quarry. US Army spokeswoman Lt Col Michelle Baldanza said it came within 25 feet, or 7.6m, while others claimed a figure of 100 feet, or 30 metres.Lt Col Baldanza told CNN:  The SU-27 intercepted the U.S. aircraft flying a routine route at high rate of speed from the side then proceeded to perform an aggressive maneuver that posed a threat to the safety of the U.S. aircrew in the RC-135.    Mirror No worries Barry s got it under control",1,sensationalize_fake
fake_170,"WOW! Look Who Just Knocked Trump Out Of The #1 Spot In GOP Poll. This certainly isn t who the GOP power-brokers want to see in the top two Donald Trump has boasted that he s  leading every poll and in most cases big.  Not anymore. The latest IBD/TIPP Poll shows him in second place, seven points behind Ben Carson.The nationwide survey found that 24% of Republicans back Carson, compared with 17% who say they support Trump.Marco Rubio came in third with 11% and Carly Fiorina fourth at 9%. Jeb Bush, once considered a prohibitive favorite, ranked fifth with just 8% support, which was a point lower than those who say they are still undecided.The IBD/TIPP Poll has a proven track record for accuracy, based on its performance in the past three presidential elections. In a comparison of the final results of various pollsters for the 2004 and 2008 elections, IBD/TIPP was the most accurate. And the New York Times concluded that IBD/TIPP was the most accurate among 23 polls over the three weeks leading up to the 2012 election.The October poll, conducted from Sept. 26 to Oct. 1, included 377 registered voters who are Republican or registered independents who lean toward the Republican Party, with a margin of error of +/- 5 percentage points.Peak Trump? Other polls show Trump s support slipping in recent weeks. The Real Clear Politics average of six national polls shows him falling from 30.5% in mid-September to 23.3% by the end of the month. That average does not include the IBD/TIPP findings.  Things appear to be catching up with Trump on multiple fronts,  said Raghavan Mayur, president of TechnoMetrica Market Intelligence, which conducts IBD s monthly poll.  In addition to facing increasing attacks from other candidates, Trump s boycott of Fox News may have set him back,  Mayur said, noting that the poll was being conducted during Trump s self-imposed hiatus.When asked on CNBC about his slipping poll numbers, Trump said that  if I fell behind badly, I would certainly get out. Carson s gain comes after his controversial remarks on  Meet the Press  that he couldn t support a Muslim for president. See story here. Rubio s third-place standing shows he has gained considerable ground since the second GOP debate. But Fiorina, who was widely seen as having won that debate, has been unable to capitalize on it with Republicans. Via: IBD",1,sensationalize_fake
fake_171,"BIG MISTAKE! HILLARY JUST Proved To America She’s Committed To Keeping Obama’s Divisive Race War Going. Dividing America will be Obama s legacy. Hillary continues to prove that she is committed to keeping his legacy of hate and division alive. What Hillary doesn t get is that the majority of Americans are not buying into Obama s divisive legacy that pits gays against straight people, Blacks against Whites, everyone against Christians and so on The reason Donald J.Trump is so popular, is that he conveys a feeling of love for our country and gives Americans the sense that he cares passionately about putting an end to the manufactured division and hate that Obama has spent the last 8 years creating.You may get a lot of retweets and likes from paid trolls and social justice warriors on Twitter Hillary, but your message of division is not going to play well at the polls with the general public who are 100% FED UP with divisive politics on November 8th Keith Lamont Scott. Terence Crutcher. Too many others. This has got to end. -H  Hillary Clinton (@HillaryClinton) September 21, 2016",1,sensationalize_fake
fake_172,"WHAT FBI’S COMEY JUST REVEALED Should Disqualify Hillary Clinton For Any Public Office! [Video]. FBI Director James Comey was literally destroyed today in his testimony on the Hill. What s even more damaging is the information about Hillary Clinton and her staff that Comey simply let go with no punishment at all. During the series of questions, Comey took heat from Gowdy, Jordan and other Republican Congressman. Out of all the testimony, the one comment that stuck out was the one regarding classified information. Comey commented that he felt like Clinton wasn t  sophisticated  with classified information. In other words, she had no idea what the letter  C  was on a classified document! Are these government employees not trained on how to handle sensitive information? PLEASE EXPLAIN HOW THIS WOMAN COULD ASK FOR YOUR VOTE YET ISN T  SOPHISTICATED  ENOUGH TO KNOW WHAT S CLASSIFIED? She wants the American people to TRUST her with our safety and security? No, Never! If this woman is unable to handle this then she s a danger to us!",1,sensationalize_fake
fake_173,"Elizabeth Warren Hilariously Exposes Trump’s Lies About His Business Record (VIDEO). Massachusetts Senator Elizabeth Warren has launched yet another epic attack on presumptive Republican nominee Donald Trump, and it s circulating around the internet at lightning speed.Trump had barely recovered the tongue lashing that his biggest rival, presumptive Democratic nominee Hillary Clinton had just given him about his failed businesses when Warren echoed the former Secretary of State s comments in a new video. The video appeared on MoveOn.org s Facebook page on Tuesday morning, and quickly went viral as Warren unloaded on the business mogul, criticizing him for not providing his tax returns and not paying them every year like all Americans must.Warren started off by talking about how much she despised Trump: I have to be honest: It s hard to talk about Donald Trump. Between his ignorance, racism, sexism, lies it s hard to know where to start.Warren s video was only four minutes long, but she made sure to burn him every second she had. She said: We don t know what Trump pays in taxes because he is the first Presidential nominee in 40 years to refuse to disclose his tax returns. Maybe he s just a lousy businessman who doesn t want you to find out that he s worth a lot less money than he claims we can t know for sure. But, here s what we do know. The last time his taxes were made public, Donald Trump paid nothing in federal taxes ZERO. Zero taxes before, and for all we know he s paying zero taxes today. And he s proud of it. A few weeks ago he said he s more than happy to dodge taxes because he doesn t want to throw his money  down the drain. Warren ended the video by urging Americans to educate each other about Trump s untrustworthy nature: Whatever Donald Trump says, whatever scam he tries to pull, whatever disgusting thing he thinks he can say because he s Donald Trump    speak out. Talk to the person behind you in the grocery store. Talk to the person pumping gas next to you. And yes, share this video with your friends. Ask your Fox News-loving Republican uncle: Why do you pay your taxes but Donald Trump doesn t? You can watch Warren bash Trump below:This is likely to hurt Trump more than many other insults, because he s shown how sensitive he is about his failing business record in the past, when his shut down businesses and fraudulent Trump University were exposed.Since being uploaded, Warren s video has been viewed millions of times, and was released just as Clinton was making an anti-Trump speech in Ohio. Clinton and Warren have been ganging up on Trump a lot recently, and we have to say that we re loving every second of it.Featured image via Astrid Riecken / Getty Images",1,sensationalize_fake
fake_174,"IS TIM ALLEN’S “Last Man Standing” About To Be Revived After “Passionate” Conservatives Express Outrage Over ABC’s Decision To Cancel Show?. Tim Allen took to Twitter to express his disappointment after discovering that the second highest rated comedy TV series on ABC,  Last Man Standing  was going to be cancelled:Stunned and blindsided by the network I called home for the last six years. #lastmanstanding  Tim Allen (@ofctimallen) May 16, 2017Many of his fans commented in support of his courage to stand up for his conservative views:Thanks for standing up and speaking out against the PC police for as long as you could, Tim.  Mark Dice (@MarkDice) May 16, 2017Conservative comedian Mark Dice also reminded him that his comments on a recent Jimmy Kimmel show about how it was tough to be a conservative in Hollywood, was likely the final straw that caused ABC to cancel his show: You calling out the Liberals for their insanity on Jimmy Kimmel was the last straw for the Network, but someone had to do it. Thanks, Tim!  Mark Dice (@MarkDice) May 16, 2017A petition was started last week by  Last Man Standing  fans and now has over 371K signatures. The petition asks ABC to reconsider their decision to cancel the  Last Man Standing  and to renew the show. Here is the LINK to that petition:The petition to ABC reads:Despite consistently high rankings, especially considering the time slot in which it is aired, Tim Allen s show  Last Man Standing  has been cancelled by the network on which it is aired, ABC. Last Man Standing stands out in the sea of network television sitcoms.  It is a show that appeals to a broad swath of Americans who find very few shows that extol the virtues with which they can identify; namely conservative values. Last Man Standing was not just selling conservative ideals though, as some of the characters in the show are clearly of the liberal persuasion, yet the characters on the show all manage to get along and take care of one another, despite their politically opposed views.  The show is about more than politics though, it is about family.  In fact, politics is only a secondary part of the show, but one in which many Americans can readily identify. Last Man Standing is one of the only shows on broadcast television, and the only sitcom, that is not constantly shoving liberal ideals down the throats of the viewers.  And sadly, that is likely the real reason the show has been cancelled.The intent of this petition/boycott is to attempt to get ABC to renew the show.  With that in mind, I will no longer be watching any ABC shows.  I have cancelled the DVR settings for the other ABC shows that I regularly watch.  If you want to help try to save Last Man Standing, I encourage you to do the same.  Even if you are not willing to boycott the network, but still want to save the show, please sign this petition and share it.  If you do plan to boycott ABC, please say so when you sign.  Let them hear our voices.Now, Studio 20th Century Fox Television is looking for a new home for canceled Tim Allen comedy  Last Man Standing. Speaking to Variety Thursday, studio presidents Jonnie Davis and Howard Kurtzman said that they were surprised by ABC s decision to pull the plug on the show. That s the one that s really an open sore right now,  Davis said. Kurtzman added,  We really were expecting a pickup. The fact that we didn t get a pickup was a surprise and a disappointment. I think no one was more disappointed than Tim Allen, such a huge star with such a huge following. But the series, which was ABC s second most-watched comedy last season behind  Modern Family,  may not be dead. Asked whether  Last Man Standing  would be shopped to other networks, Kurtzman said,  We re starting to explore that. If it s not going to go forward at ABC, of course Jonnie and I are hopeful that we can find another home for it. Political and social conservatives have been vocal in their disappointment over the show s end. Allen, its star and executive producer, is conservative and a supporter of President Trump.Speaking to reporters Tuesday, ABC entertainment president Channing Dungey denied that  Last Man Standing  was canceled because of Allen s right-leaning politics, and said that it was, instead, a scheduling decision.  Once we made the decision not to continue with comedy on Friday, it was just kind of that s where we landed,  she said.  VarietyTime will tell if ABC s fan base is more important to them than their liberal views",1,sensationalize_fake
fake_175,"SCRUBBED CLEAN? HILLARY CLINTON TO FINALLY TURN OVER SERVER TO FBI. I appears that Hillary Clinton is really in a big mess with this e-mail scandal. She could have just turned the server over and dealt with this at the beginning but she s made this into a HUGE mess. Her trustworthiness is about as low as it gets as her opponent gains points in the polls. Shades of 2008 with Barack Obama? Hillary Clinton relented Tuesday to months of demands she relinquish the personal email server she used while secretary of state, directing the device be given to the Justice Department.The decision advances the investigation into the Democratic presidential front-runner s use of a private email account as the nation s top diplomat, and whether classified information was improperly sent via and stored on the home-brew email server she ran from her house in suburban New York City.Clinton campaign spokesman Nick Merrill said she has  pledged to cooperate with the government s security inquiry, and if there are more questions, we will continue to address them. It s not clear if the device will yield any information   Clinton s attorney said in March that no emails from the main personal address she used while secretary of state still  reside on the server or on back-up systems associated with the server. Clinton had to this point refused demands from Republican critics to turn over the server to a third party, with attorney David Kendall telling the House committee investigating the 2012 attacks in Benghazi, Libya, that  there is no basis to support the proposed third-party review of the server. Republicans jumped on Tuesday s decision to change course, as well as the additional disclosure that two emails that traversed Clinton s personal system were subsequently given one of the government s highest classification ratings. All this means is that Hillary Clinton, in the face of FBI scrutiny, has decided she has run out of options,  Republican National Committee Chairman Reince Priebus said in a statement.  She knows she did something wrong and has run out of ways to cover it up. Federal investigators have begun looking into the security of Clintons  email setup amid concerns from the inspector general for the intelligence community that classified information may have passed through the system.There is no evidence she used encryption to shield the emails or her personal server from foreign intelligence services or other potentially prying eyes. Kendall has said previously that Clinton is  actively cooperating  with the FBI inquiry.In March, Clinton said she exchanged about 60,000 emails in her four years in the Obama administration, about half of which were personal and were discarded. She turned over the other half to the State Department in last December.The department is reviewing those emails and has begun the process of releasing them to the public. As she has said, it is her hope that State and the other agencies involved in the review process will sort out as quickly as possible which emails are appropriate to release to the public, and that the release will be as timely and transparent as possible,  Merrill said Tuesday.Also Tuesday, Kendall gave to the Justice Department three thumb drives containing copies of work-related emails sent to and from her personal email addresses via her private server.Via: Yahoo",1,sensationalize_fake
fake_176,"WATCH LIVE STREAM: SARAH PALIN To Endorse Trump – Big Day Of Endorsements For “The Donald” [VIDEO]. This is a stake to the heart of Senator Ted Cruz! Sarah Palin is shocking everyone with a big endorsement today LIVE STREAMING BELOW (6:00 p.m. Eastern):Sarah Palin, the former Alaska governor and 2008 vice-presidential nominee who became a Tea Party sensation and a favorite of grass-roots conservatives, will endorse Donald J. Trump in Iowa on Tuesday, officials with his campaign confirmed. The endorsement provides Mr. Trump with a potentially significant boost just 13 days before the state s caucuses. I m proud to endorse Donald J. Trump for president,  Ms. Palin said in a statement provided by his campaign.Her support is the highest-profile backing for a Republican contender so far. I am greatly honored to receive Sarah s endorsement,  Mr. Trump said in a statement trumpeting Mrs. Palin s decision.  She is a friend, and a high-quality person whom I have great respect for. I am proud to have her support. In Iowa, where Ms. Palin spent years developing support, the endorsement could be especially helpful. Over the years Palin has actually cultivated a number of relationships in Iowa,  said Craig Robinson, the former executive director of the Republican Party of Iowa and publisher of the website The Iowa Republican.  There are the Tea Party activists who still think she s great and a breath of fresh air, but she also did a good job of courting Republican donors in the state,  he added.Other conservatives said that Ms. Palin serves as a particularly effective shield against Senator Ted Cruz, who is battling Mr. Trump for the lead in Iowa polls by courting the state s evangelical voters.LIVE STREAM: WINTERSET, Iowa   Republican presidential candidate Donald Trump is kicking off a swing through Iowa at the John Wayne Birthplace Museum, where he received an endorsement from the Western film actor s daughter, Aissa Wayne. The endorsement was announced Tuesday in front of a life-size, rifle-toting model of the actor in full cowboy gear.Aissa Wayne said the country needs a strong and courageous leader like her father. She said John Wayne would be offering his endorsement if he were still alive.Trump said he was a big fan of Wayne and that the actor represented strength and power   which the American people are looking for.He said,  We have exactly the opposite from John Wayne right now in this country. The museum includes an extensive collection of memorabilia from Wayne s movies.VIA: NYPTRUMP S FACEBOOK POST ON THE ENDORSEMENT:A true honor to receive the endorsement of John Wayne s daughter, Aissa Wayne.  So proud that if John were here today, he would have endorsed Trump    strength!",1,sensationalize_fake
fake_177,"(VIDEO)GREAT NEWS! IRS FORCED TO GIVE STORE OWNER’S LIFESAVINGS BACK AFTER SEIZING IT VIA CIVIL FORFEITURE LAW. I heard Mr. McLellan on the radio yesterday and he was very unsure about getting his money back from the seizure by the IRS. He sounded like he was pretty defeated and still shocked that via civil asset forfeiture laws he could have his life savings taken from him forever. We ve reported on this before and feel it s a law that s certainly being abused. Bravo to Mr. MCLellan for standing up for himself! After publicly humiliating the Internal Revenue Service, a North Carolina man received more than $100,000 from the agency.Lyndon McLellan had the bank account for his convenience store seized by the IRS, and at first he wasn t even sure why. The agency used civil asset forfeiture laws to take McLellan s money without convicting or charging him of a crime.The IRS said it suspected McLellan was violating federal structuring laws, which prohibit making multiple cash deposits of less than but near $10,000.The federal government has taken criticism for stretching the bounds of structuring laws to seize property from well-intended people.But even after policies were changed in 2014 to not seize property in these kinds of cases, it still wouldn t relent on McLellan.U.S. Attorney Steve West threatened McLellan that going public would only make things worse for him. He told McLellan it  just ratchets up feelings in the agency. My offer is to return 50% of the money. McLellan went to the press anyway. The IRS quickly changed its tune and gave Lyndon McLellan back all $107,702 of his money.Read more and photo courtesy of: Institute for Justice",1,sensationalize_fake
fake_178,"Thousands Of Doctors Agree: Single-Payer Is The Way To Go. Despite recent assertions from certain Democratic presidential candidates, the dream of a single-payer national healthcare system in the United States is alive and worth fighting for   even if it may not be implemented tomorrow. Thousands of physicians have recently endorsed a proposal to make that dream a reality.On Thursday, the Physicians for a National Health Program released their final proposal for creating a single-payer or as it is commonly referred to a  Medicare-for-all  national health care plan. The proposal was crafted by 39 top physicians and released in an editorial titled  Moving Forward from the Affordable Care Act to a Single-Payer System,  which was published in the American Journal of Public Health. The proposal also came with a political punch. At the time of the proposal s release 2,280 physicians and 168 medical students endorsed the plan. If you are a physician or work in the healthcare industry, you can endorse the proposal on PNHP s website. Our nation is at a crossroads,  said Dr. Adam Gaffney, a Boston-based pulmonary disease and critical care specialist, lead author of the editorial and co-chair of the Working Group that produced the proposal.  Despite the passage of the Affordable Care Act six years ago, 30 million Americans remain uninsured, an even greater number are underinsured, financial barriers to care like co-pays and deductibles are rising, bureaucracy is growing, provider networks are narrowing, and medical costs are continuing to climb. PNHP notes that their proposal would  save about $500 billion annually by eliminating the high overhead and profits of insurance firms, and the massive paperwork they inflict on hospitals and doctors.  Furthermore, since there is only one health insurance plan, there would be no bars in place from insurers that prevent individuals from seeing whichever doctor they choose. That has been a major talking point for conservatives over the past few years that would be immediately invalidated. Going back to the cost savings benefits of the program, since there would only be one major healthcare provider, the cost of medications and other medical devices would almost instantly decline, due to strengthened negotiating power.It almost understandable why some progressives might think that a serious push for a single-payer healthcare system might be a waste of resources, and instead advocate for small reforms. However, I don t think that there has ever been a better time to go all in for a single-payer healthcare system.Republicans have been fighting the Affordable Care Act tooth and nail since its implementation. During this time, they have not been able to come out with any real alternative proposals or ways to improve the system. Instead, right-wing politicians and pundits have programmed their supporters to hate the ACA, or Obamacare, without question. Despite having an outright hatred for the concept as a whole, conservatives actually tend to have fairly high favorable attitudes towards specific elements of the plan.This gives progressives an incredible talking point to make   that they, too, want to end Obamacare. That may sound like a heretical statement to make considering the all-out rhetorical war that has raged over keeping the healthcare reforms in place for over half a decade. However, progressives shouldn t shy away from such a statement. The ACA was meant to end one day. It was created with the intention of being a stepping stone towards a single-payer system. That doesn t mean that the successful aspects of the law would need to be done away with if we switched to a single-payer system; if anything, the last few years have taught us much about how such a system would need to work in order to be successful. Featured image from Photo by Lefteris Pitarakis   WPA Pool/Getty Images",1,sensationalize_fake
fake_179,"Kellyanne Conway Says Trump Should Be Treated With The Respect He Deserves (AUDIO). Whiny White House advisor Kellyanne Conway does not like how the media treats her illegitimate president, Donald Trump. She s continuing her crusade against the First Amendment. Interestingly, she, President Steve Bannon, and Trump, have treated the press very badly, yet they feel they should get favorable coverage anyway. Conway appeared on Sean Hannity s radio show, and talked about how mean the press is to Donald.Hannity asked Conway if the media at large was being  beyond disrespectful  to Trump and his staff, according to Mediaite. Conway agreed then said that the coverage was  inciting mob mentality if not mob violence. The coverage never changed [of Trump]. It never progressed, it never matured,  Conway said.Conway said she thought protesters had  a very low level of literacy  of the issues against which they demonstrated, when the truth is that her boss s grammar sits at just below a 6th grade level. It never took on the aura of respect that it deserved, and if you are not showing the President and his main spokespeople respect, then you re not showing the office respect, and you are inciting mob mentality if not mob violence,  she said.  You are encouraging people to go out there and unpeacefully protest and block airport entrances for people who are going to visit a sick parent and can t make their flight, or are going for a bereavement call and can t make their flight. Listen below:People are treating Donald with the respect he deserves. Protesters know exactly why they went to airports across the country. People were being unconstitutionally detained and handcuffed, even children. Conway said at the time that the whole idea that these people are being separated from their families is  temporary.  She called it an  inconvenience.  So, Kellyanne, just consider the treatment Trump is getting an  inconvenience,  and something that is  temporary  until his impeachment.She literally complained that the press is being mean to Donald to a Fox News host who treated former President Barack Obama like dirt for 8 years . Quit being so PC, Kellyanne. Conservatives tell me it s destroying our country.Featured image by Mark Wilson via Getty Images.",1,sensationalize_fake
fake_180,"Liberty Report talks to Vanessa Beeley: ‘Everything the US media says about Aleppo is wrong’. 21st Century Wire says Why are western media lying and producing a fictional narrative regarding the situation unfolding in Aleppo, Syria?Ron Paul Liberty Report co-host Daniel McAdams talks with 21WIRE special contributor Vanessa Beeley about what is really happening in Aleppo right now. Beeley also reveals new information about the western covert creation, a pseudo  NGO  called the White Helmets in Syria.What s really going on in Aleppo? Are Assad and Putin exterminating the population for sport? Is it a war against US-backed  moderates ? That is what the mainstream media would have us believe. Watch: SUPPORT 21WIRE and its work by Subscribing and becoming a Member @ 21WIRE.TV",1,sensationalize_fake
fake_181,"Unhinged Ann Coulter Blames ‘Fat Girls’ For Trump Protests. While this election was undeniably (from one side) meaner and more divisive than perhaps ever before, most elections do become mean and divisive, but the winning party usually calls for unity while the losing party licks its wounds.Non-Trump voting Americans are licking their wounds in their constitutionally (for now) protected way, by protesting. The media, of course, generally only reports on the worst of the protesters, while less attention has been paid to the rising violence and hate crimes from Trump supporters.Trump had this to say about the protests:Just had a very open and successful presidential election. Now professional protesters, incited by the media, are protesting. Very unfair!  Donald J. Trump (@realDonaldTrump) November 11, 2016One Trump supporter (and perhaps the worst person in the entire f*cking world) has strong opinions about the protests. Instead of blaming them on the usual suspects, like those who have darker skin, Ann Coulter is blaming the protests on  fat girls.  Yes, really.Without fat girls, there would be no protests. pic.twitter.com/Qmd7XE0CJC  Ann Coulter (@AnnCoulter) November 10, 2016I guess marching around waving signs is some exercise, but they also need Atkins. pic.twitter.com/ZmQ62nh44n  Ann Coulter (@AnnCoulter) November 10, 2016Fortunately, sanity prevailed, even on Coulter s Twitter feed:. @AnnCoulter My jaw is dropped. HOW ARE YOU THAT EVIL/MEAN/RUDE? May you never have a daughter or even be around children.  alison becker (@thealisonbecker) November 11, 2016@Kengine @AnnCoulter I don t support attacking her looks either, just so know evil as she may be. AND SHE IS EVIL.  alison becker (@thealisonbecker) November 11, 2016@AnnCoulter WOW this tweet. It must be misery living inside your skin.  mariannegarvey (@garveyshuffle) November 11, 2016@MELANIATRUMP looks like your cyber bullying campaign needs to begin NOW @AnnCoulter  Sarah Solemani (@Solemani) November 11, 2016@AnnCoulter are you kidding me? What kind of hateful woman are you? Fat shaming people for voicing their opinions. Shame on you.  Plastic Martyr (@plasticmartyr) November 11, 2016Trump s basket of deplorable supporters came out in full force to defend their evil queen:@AnnCoulter pic.twitter.com/2VKNYZsNVp  ((( )))ZEALOT (@duchess1201) November 10, 2016@AnnCoulter @AlbionAwakes fearful of a trump presidency we may have to grow up & get jobs ?  Mr. Big (@gaptooth28) November 10, 2016@gaptooth28 @AlbionAwakes @AnnCoulter JOBS is a four letter word to these people. The Rust Belt wants them but these yahoos forget it  UN-Deplorable AB (@on_the_gulf_2) November 10, 2016Trump supporters, listen up, you won. We admit it. We (for the most part) aren t claiming the election was rigged (unless you count the FBI and WikiLeaks), but win in grace you a**holes, not that Trump supporters and especially Coulter have any idea what grace is.Featured image via Chip Somodevilla/Getty Images",1,sensationalize_fake
fake_182,"Obama’s Legacy: Washington is Lying About ISIS, and Lying About Syria. 21st Century Wire says ISIS inspired. Assad s barrel bombs. We are at war with ISIS. We are only arming the moderate rebels. The Russians are bombing hospitals. ISIS claims responsibility for stabbing in Minnesota. We must save 100,000 children in Aleppo from Assad and the Russians! Lies, lies, and more lies. All paid for by the US taxpayer. Watch:",1,sensationalize_fake
fake_183,"Boiler Room EP #85 – The Return of the Social Rejects Club. Tune in to the Alternate Current Radio Network (ACR) for another LIVE broadcast of  The Boiler Room  starting at 6:00 PM PST | 8:00 PM CST | 9:00 PM EST for this special broadcast. Join us for uncensored, uninterruptible talk radio, custom-made for barfly philosophers, misguided moralists, masochists, street corner evangelists, media-maniacs, savants, political animals and otherwise lovable rascals.Join ACR hosts Hesher and Spore along with Jay Dyer, Jamie Hanshaw host of Happy Hearts,  Andy Nowicki of Alt Right Blogspot and Daniel Spaulding of Soul of the East for the 85th episode of BOILER ROOM. Dim the lights, dawn the headphones and indulge in a post-election special broadcast of Boiler Room with the crew. This week the Boiler mind-trust is going about examining current events like the media aardvarks that they are. Jamie brings up the odd behaviors of Kanye West and the Boiler Room discusses if he has he gone  star-truther  and off the rails or is it all an act? PizzaGate rears its ugly head yet again along with the ongoing events being lumped into the  FakeNews  hashtag meme wars. The Boiler team is also putting their analysis on record as we witness the continued demonization of the  Alt Right  in the #DiscreditedMedia. Please like and share the program and visit our donate page to get involved!BOILER ROOM IS NOT A POLICTALLY CORRECT ZONE!  LISTEN TO THE SHOW IN THE PLAYER BELOW   ENJOY!Listen to  Boiler Room #85   The Return of the Social Reject Club  on Spreaker.Reference Links:",1,sensationalize_fake
fake_185,"Paul Ryan Backpeddles After Trump Meeting, Covers His A** For Endorsement. For a time, it seemed that House Speaker Paul Ryan was no fan of the now-presumptive GOP 2016 presidential nominee Donald Trump. After all, Ryan has largely kept his opinions on the GOP primary to himself, but some of Trump s statements and actions were outrageous enough for Ryan to speak out. When Trump refused to out-and-out disavow an endorsement from infamous Ku Klux Klan leader David Duke, Ryan spoke up and condemned the idea that the Republican Party could have a presidential nominee who flirted with the endorsements of white supremacist groups. The same thing happened when Trump came out and said that he wanted to ban all Muslims from entering the United States.One would think that these positions would mean that Ryan could not support Trump s nomination; in fact, he recently said that he was  not ready  to go all in for Trump. All of that changed on Thursday morning, though, when Ryan held a closed meeting with Donald Trump. Afterwards, Ryan made a statement to the media that seemed designed to walk back his earlier condemnations of the The Donald. He s talking about  party unity,  and says that he is  very encouraged  by Trump s remarks in their meeting. Ryan would not, however, speak on specifics of what he talked about with Trump. Instead, Ryan and Trump gave the media a joint statement that said that they want GOP leaders to   unite around our shared principles, advance a conservative agenda and do all we can to win this fall.  The statement went on to say: With that focus, we had a great conversation this morning. While we were honest about our few differences, we recognize that there are also many important areas of common ground. We will be having additional discussions, but remain confident there s a great opportunity to unify our party and win this fall, and we are totally committed to working together to achieve that goal. While speaking to the press after the meeting, Ryan said: This was our first meeting, but it was a very positive step toward unification. It s very important that we don t fake unifying, we don t pretend unification, that we truly and actually unify so we are full strength in the fall. I don t want us to have a fake unification process here. While Ryan didn t flat-out endorse Trump, it seems that he is preparing to do just that in the not-too-distant future, while just a short while ago, we saw him show a bit of common sense and call Trump out for his bigoted rhetoric. But, once a Republican, always a Republican. No scruples whatsoever, so nobody should be surprised at this at all. It seems that Speaker Ryan is just another  party first  GOP shill who doesn t give a damn how absolutely dangerous a Donald Trump presidency would be for this nation and he is clearly preparing to stand behind this narcissistic blowhard as he aims to become America s next dictator president.Featured image via Gage Skidmore/Flickr",1,sensationalize_fake
fake_186,"DAUGHTER OF SUNNI MUSLIM, George Clooney Wife, Open Borders Activist And British Citizen Says Trump Doesn’t Represent “U.S. Values”. There s nothing like a Brit telling Americans who we should support for President, or a foreigner suggesting we should open our borders to anyone who cares to cross over  them. It s not exactly like Britain is immune from the violent Muslim invasion taking place across Europe. Telling Americans which of our candidates do, or do not represent US values adds a special touch don t you think?Perhaps Queen Clooney should stick to advising Britain citizens about who they should or shouldn t vote for. Just because you and your ass-clown of a husband raised $15 MILLION for corrupt Hillary, doesn t give you the right to tell Americans who we should vote for. George Clooney is a Clinton supporter   but he agrees with Sanders on at least one point. #Decision2016https://t.co/gQ8X7YR8yA  Meet the Press (@MeetThePress) April 16, 2016Amal Clooney, the British-Lebanese human rights attorney who has been married to Hollywood actor George Clooney since 2014, says populist GOP frontrunner Trump doesn t represent  U.S. values. In a BBC interview Monday evening, the 38-year-old criticized  the leading candidate on the Republican side  for proposing  building walls  and a temporary pause on Muslim immigration into the United States.She then paraphrased Trump and defended Muslims who she says are  not extremist or violent. If you actually look at what [Trump] specifically says in that now infamous speech about Muslims, he kept saying,  They only want jihad; they don t believe in our way of life; they don t respect our system,  she said.She continued:  And when he says  they  And, you know, you watch the media coverage afterwards and people should ve been saying,  Do you mean the 1.5 billion people around the world who fit that description? Do you mean the people who are U.S. citizens, who are members of your military, the vast majority of whom are not extremist or violent in any way?  Her mother is a Sunni Muslim.Amal Clooney added she is  perplexed  by the success of Trump s campaign. If, at the end of all of this, he gets beaten by the person who becomes the first female president of the United States, then I think that would send a very positive message from the electorate back to him as to what they really think of those points of view,  Clooney said.She concluded:  I don t think they are U.S. values. Amal Clooney and her husband George both support Hillary Clinton s White House bid. Mr. Clooney, who has pushed for open borders, recently described Trump as a  xenophobic fascist  who want  ban Muslims from the country  during an interview with The Guardian.As Breitbart News has extensively reported in the past, the Clooneys have taken extensive measures to ensure they have privacy and security at their homes, including their $10 million Lake Como estate in Laglio, Northern Italy.Roberto Pozzi, mayor of Laglio, issued an ordinance in 2015 to protect the solace of the couple and their property. The area surrounding the estate is now off limits to unwanted guests, and anyone who gets too close to the property faces a stiff fine.Via: Breitbart News",1,sensationalize_fake
fake_187,"BREAKING: Megyn Kelly Just Gave The Ultimate ‘F**k You’ To Fox News, And It Could Destroy The Network. It seems that Fox News  repeated decisions to shower of Donald Trump with adoration and excuses has gotten to now-former Fox News host Megyn Kelly. That s right  now former. According to the New York Times, Kelly will be jumping ship to NBC where she will hist a daytime news and discussion program, anchor her own weekend show, and be a part of the network s special political coverage.This may or may not come as a shock to Fox, whose ousted former chairman Roger Ailes sexually harassed Kelly for about a decade, but perhaps they might be having some  hindsight  issues surrounding their recent decision to side with Trump over Kelly when The Donald was bullying her on social media, regular media, and everywhere else imaginable after she challenged him during a debate.Whatever her reason for leaving, she is passing up a pretty sweet $20 million a year that Fox offered her to stay after her current contract expires. NBC has been crystal clear that they can not and will not match that money. Sources declined to tell the New York Times what, exactly, Kelly s annual salary will be, but she is almost assuredly taking a pay cut based on past remarks.While it is entertaining to see Kelly  stick it to  Fox News, we have no choice but to wonder why NBC would hire someone who thinks that Santa and Jesus are both real (and white dudes), who blamed Sandra Bland for her own death, who thinks that pepper spray is a  food product, essentially,  and who has done and said so many horrific things over the years that a truly functional society would treat her as a pariah   though, of course, she was one of the few right-wing voices who actually stood up to Donald Trump to some degree.Naturally, Trump fans are celebrating the news:Megyn Kelly is moving to NBC! Hahaha Feminazi cunt. #TakeHerCoat #MAGA  GINGER JESUS (@1BOSSTAFARI) January 3, 2017""Megyn Kelly"" good riddance to the worthless liberal loving whore now she could go lick Democratic balls all day long good riddance trash!!!  apgovea123 (@apgovea1) January 3, 2017Megyn Kelly is an attention whore. She's your typical media slut.  Patrick Henry (@FightNowAmerica) January 3, 2017Thank God Megyn Kelly is leaving!' She's a hateful shrew! She belongs on lying NBC~used to like her. She got so full of herself. Fame whore  Michele Lee Johnson (@MLeeJohnson) January 3, 2017YUGE 2017! #Trump will be president, #conservative #SCOTUS judge will be installed, & @megynkelly 2 leave @FoxNews! #maga #tcot #tlot #ccot pic.twitter.com/JYNWBkpEFZ  Michaela Marie (@Momofonly3) January 3, 2017#FAKENEWS Megyn Kelly take your fake victimhood & biased liberal opinions elsewhere #LiberalNBC #goodriddance #MAGA pic.twitter.com/ItMOOV6pXk  Deplorable David B (@DBHnBuckhead) January 3, 2017No big surprise, @megynkelly leaving @FoxNews , preferring @NBCNews After her #pizzagate plush piece I knew the end was near #FoxNews #MAGA pic.twitter.com/h9nUuyFCtJ  Michael DC (@Michaeldcart) January 3, 2017In a Facebook post, Kelly thanked her viewers for their love:(function(d, s, id) {  var js, fjs = d.getElementsByTagName(s)[0];  if (d.getElementById(id)) return;  js = d.createElement(s); js.id = id;  js.src = ""//connect.facebook.net/ar_AR/sdk.js#xfbml=1&version=v2.3"";  fjs.parentNode.insertBefore(js, fjs);}(document, 'script', 'facebook-jssdk'));Over a dozen years ago I started at Fox News in a job that would change my life. Now, I have decided to end my time at       Megyn Kelly   3   2017Is Kelly s decision to move to NBC   or their decision to hire her   a good thing? Only time will tell; it depends on how much of her horrible, bigoted Fox News persona was an act. In any case, her departure leaves her former network with a huge, gaping hole in its lineup   one they will likely fill with someone a thousand times more horrible than Megyn Kelly could ever be.Featured image via screengrab",1,sensationalize_fake
fake_188,"ST PAUL, MN PUBLIC SCHOOLS ‘White Privilege’ TRAINING ASKS TEACHERS: “When do you wear the hood?”. Minnesota the hotbed of liberalism and  diversity  in the Midwest While teachers blow the whistle on the breakdown of discipline for black students in St. Paul Public Schools, a photo has emerged from an  equity  training that might leave some to wonder what s actually being taught to teachers.Aaron Benner, a fourth grade teacher in the district, told EAGnews about how black students  are frequently not held accountable for their actions  due to  white privilege  training for teachers and administrators. As a black man I can say that they are hurting black kids,  Benner said.  I ve never seen anything as idiotic as PEG. Everything we do, PEG is at the forefront. It s so comical. PEG says shouting out in class is a black cultural norm, and being on time is a white cultural thing. It s so demeaning, so condescending to black kids. If a white person were making claims like this, black people would be in an uproar. You are not doing kids any favors by making excuses for them because they are black. It s not a matter of culture if you re talking about norms that all cultures need to abide by   you cannot throw things or attack your teacher, regardless of your race. Now, a source has provided photographic evidence of the tenor of some of the  white privilege  training being administered to St. Paul teachers.According to the source, the photo is from a training this year at Bruce Vento Elementary during a staff meeting.It features a figure wearing a Ku Klux Klan hood with the question,  When do you wear the hood? The principal allegedly displayed the picture and  asked the staff to sit in silence and reflect on it for 3 to 4 minutes. The source refused to elaborate out of fear of retribution.Another source said,  This picture   and the idea that it would be helpful in some way   is totally unbelievable. An email to Scott Masini, principal of Bruce Vento, was not immediately returned.Last May, the Pioneer Press reported the St. Paul district had spent at least $1.2 million on such training from Pacific Educational Group, a San Francisco-based company that conducts similar trainings in school districts across America.Last fall, the Star Tribune reported St. Paul schools inked a $246,500 contract with PEG for  equity  training    $133,500 less than the agreement approved for 2013-14. Bruce Vento Elementary s website details the district s  equity  plan, which includes examining  the presence and role of  Whiteness.  Via: EAG NewsFrom the Un-Fair Campaign which originates in Duluth, MN: This campaign is about white privilege and so these suggestions are focused on what white people can do. Use the resources listed below to learn more.Learn how historically white privilege has benefited you and other white people. Accept that you have unearned privilege and advantages write them down Start seeing/hearing the privileges and advantages you have:Below is a  White Privilege  video put together by the Un-Fair Campaign:",1,sensationalize_fake
fake_189,"NAVY SEALS “Forced To Spend Their Own Money On Combat Gear”…WHILE U.S. Marines Will Spend $50 MILLION To Save Desert Tortoises. The security of our nation has never been more threatened than it is today, under the incompetent leadership of Barack Hussein Obama. The idea that we have one of the most highly trained group of warriors in our US Military paying for their own combat gear is unconscionable. Meanwhile, we are about the spend $50 MILLION or $42,000 per tortoise, to transplant  them from a desert in CA to a new environment, where they may or may not survive, is a perfect example of how upside down our nation s priorities are today Breitbart   Congressman Rep. Duncan Hunter (R-CA), a Marine with three combat deployments to Iraq and Afghanistan on his resume, says Navy SEALs have been telling him they are running short on combat rifles.The Associated Press reports Hunter describing a  weapons carousel  in which SEALs returning from deployment hand their weapons off to outgoing troops, a practice he described as undermining the  train like you fight  ideal, and disrupting the personal connection special operators develop with their finely-tuned weapons. Hunter stressed the importance of allowing special operators to train with the same weapons they bring into the field. As it currently stands, following a deployment, a SEAL will have his weapon taken from him, which has been fine-tuned to certain specifications, and given to a different operator to use. This means that SEALs standing by to deploy are waiting for different teams to come back stateside just so they can use their weapons,  said Hunter. They want their rifles. It s their lifeline. So let them keep their guns until they re assigned desk jobs at the Pentagon,  the Congressman urged.According to the Navy Times, some SEALs have been  forced to spend their own money on combat gear. Former active-duty special operator Lt. Cmdr. Sean Matson, visiting Capitol Hill at Hunter s invitation, said he  had to put up $900 of his own money to buy a high-quality ballistic helmet when the Navy dragged its heels on upgrading his kit. Hunter portrayed the SEAL rifle shortage as a consequence of  wasteful spending,  noting that abundant funds for purchasing rifles, which are far less expensive than most of the equipment the military buys, should be available, based on congressional spending authorizations for special ops forces.Hunter s chief of staff Joe Kasper told the Navy Times shortages of  optics, night vision, and laser attachments  have also been reported, even as the budget for Navy Special Warfare increased. So there are obviously some trade-offs being made, but they re occurring at the expense of operators and their firepower   and those are the absolute worst trade-offs to make,  said Kasper. Meanwhile Daily Caller   The Marine Corps is getting ready to conduct a massive operation to move hundreds of desert tortoises living on combat training grounds so they won t be crushed to death by military vehicles.The operation s total cost: $50 million to move 1,185 tortoises, or about $42,000 per tortoise.",1,sensationalize_fake
fake_190,"Bannon Takes His ‘Weapons’ At Breitbart; Smears ‘Quran Kissing’ McMaster In Scathing Hit Piece. This week s chaotic news cycle was mostly dominated by Donald Trump s disgraceful response to the violence perpetuated by white supremacists, neo-Nazis, and other far-right hate groups in Charlottesville, Virginia. However, that news cycle had a great big exclamation point at the end of it on Friday, when it was announced that Trump s white supremacist Chief Strategist, Stephen K. Bannon would be ousted. Of course, Bannon quickly returned to his perch at Breitbart News, and promised war. Now, we are seeing just what he meant.Everyone remembers the insane interview in which Bannon promised to continue pushing his twisted ideology from outside the White House. He told the Weekly Standard, a conservative publication that has long been critical of Trump, in part: I feel jacked up. Now I m free. I ve got my hands back on my weapons. Someone said,  it s Bannon the Barbarian.  I am definitely going to crush the opposition. There s no doubt. I built a f***ing machine at Breitbart. And now I m about to go back, knowing what I know, and we re about to rev that machine up. And rev it up we will do. Now, aside from the insanity of that remark, it seems that Bannon is just as much of a dangerous lunatic as we all knew him to be. His only loyalties lie with his white supremacist agenda. Therefore, it should come as no surprise that he has already begun attacking Trump s National Security Adviser, H.R. McMaster in the pages of Breitbart. This weekend, the right-wing rag ran a story that featured the following headline: H.R. McMaster Endorsed Book That Advocates Quran-Kissing Apology Ceremonies. The attack charges that McMaster refuses to adequately condemn Islam, which is something of a requirement in pro-Trump circles. Where do they get this evidence? Well, because McMaster allegedly supported a military manual that said not to offend Muslims by desecrating their holy book, the Qu ran. Of course, the radical right only thinks that Christians deserve any respect whatsoever.This is likely just a jumping off point for Breitbart s attacks on McMaster now that Bannon is out of the White House. They will likely go after General Kelly as well. After all, it was known that neither of the Generals was fond of Bannon and the combative and chaotic nature of his White House tenure. Despite the messages coming out of the White House, it is widely believed that General Kelly is the one who actually was able to get Trump to get rid of him.All in all, Bannon s return to Breitbart will likely mean heightened chaos in the White House, and therefore in the nation.Featured image via Chip Somodevilla/Getty Images",1,sensationalize_fake
fake_191,"Trump Attacks New Mexico’s GOP Governor After She Refuses To Endorse Him. If Donald Trump were a smart man, he d be doing everything he possibly could to woo New Mexico Governor Susana Martinez who has not yet thrown her support behind him. She is the perfect GOP poster woman    tough  on crime, anti-immigration, pro-corporate tax cuts, opposes Obamacare, and she is anti-gay marriage. However, instead of doing what a typical candidate would do and trying to win Governor Martinez over with his plans for the future, Trump has chosen to attack and bully an endorsement out of her.During a rally in Albuquerque, New Mexico on Tuesday night, the presumptive Republican nominee slammed the governor to his vapid supporters: We have got to get your governor to get going. She s got to do a better job. Okay? Your governor has got to do a better job. She s not doing the job. Hey! Maybe I ll run for governor of New Mexico. I ll get this place going. She s not doing the job. We ve got to get her moving. Come on: Let s go, governor. Trump went on to say, Syrian refugees are being relocated in large numbers to New Mexico. If I was governor, that wouldn t be happening. LIES!First of all, Governor Martinez is one of those Republicans who has no interest in helping Syrian refugees. She believes that the government doesn t vet refugees; basically, she has no idea what she is talking about. Because of her lack of education on how resettlement works, her state is not very welcoming. In fact, the Refugee Processing Center reports only ten Syrian refugees have been settled in New Mexico since 2011, the year Martinez assumed office.TEN. That s the  large number  of Syrians Trump is talking about.So, the question of the day is: Did Trump s speech convince the governor to support him?Not even a little.Martinez spokesman Mike Lonergan issued a statement responding to Trump s criticism: Apparently, Donald Trump doesn t realize Governor Martinez wasn t elected in 2000, that she has fought for welfare reform, and has strongly opposed the President s Syrian refugee plan. But the pot shots weren t about policy, they were about politics. And the Governor will not be bullied into supporting a candidate until she is convinced that candidate will fight for New Mexicans. Governor Martinez doesn t care about what Donald Trump says about her   she cares about what he says he will do to help New Mexicans. She didn t hear anything about that today. Good for her. I may disagree nearly all of Governor Martinez s policies but at least she isn t going to allow a misogynistic jackass bully her into submission.Featured image via Mark Lyons/Getty Images",1,sensationalize_fake
fake_192,"Trump Trolls Try KILLING Megyn Kelly’s Book And Amazon Isn’t Having Any Of Their Sh*t. Megyn Kelly s new book,  Settle For More,  seems to have Trump s fans in a tizzy. She doesn t paint him in a very flattering light, so obviously the book is politically motivated and she had no business writing it, let alone selling it on Amazon. Trump s trolls decided they would try to shut down, or at least depress, sales, and Amazon decided they weren t having it at all. Amazon pulled a ton of one-star reviews that all came from a pro-Trump Reddit. While USAToday reported early this morning that 17 percent of the reviews on Kelly s book were one-stars   at one point, 76 percent of those reviews were one star ratings. There were more than 400 reviews total that came in over the weekend, which means that a lot of people were trying to kill the book s sales because they love Trump and despise anyone who makes him look even slightly less than godlike.These reviews consisted of things like: This woman is not a journalist   She is an attention seeker   She is also paid by the DNC to report fake stories that have no truth to them whatsoever. Megyn Kelly is getting paid by the DNC to report fake news? Not hardly, but unfortunately, Amazon does not require anyone to source their accusations when they leave a bad review.Another said: Wow get over yourself. Your [sic] not that good!   Your treatment of Newt and Trump was inexcusable. The Reddit forum that many of these reviews came from is simply called,  The_Donald,  and now they re mad that they ve been shut down. One man known only as  Tim from MD  whined that over 120 one-star reviews had been deleted. Then he said: Are we living in a free country anymore? Trump is president, but she wrote the book certain that Clinton would win. Now the book and her shows and advertisers are getting boycotted. So apparently her attorneys have called to get negative reviews deleted. And they succeeded. I m shocked. Because that s totally what happened. While the publisher, Harper-Collins, did contact Amazon over the fact that these reviews had all the hallmarks of an orchestrated effort to discredit Megyn Kelly, her own attorneys may or may not have contacted Amazon as well. Whether that s what happened or not, Trump fans have shown, time and again, that they re willing to force issues over to their liking simply by banding together.It s ridiculous. While it s true that Amazon has likely deleted reviews it shouldn t have all across their site, the problem of fake reviews designed to artificially inflate someone s reputation, or destroy something that a certain group of people can t stand (like conservatives who can t stand anything remotely resembling facts) was a major one and they did have to do something about it. When many of the reviews are all coming from one source, that s a pretty good sign that they aren t genuine reviews. Plus, Amazon didn t delete all of the negative reviews   just the ones that were obviously part of a concerted effort by Trump trolls to destroy Megyn Kelly and her book.If anyone needs to get over it, they do. As the one reviewer above stated, Trump won, so what s the deal here? Grow up, guys.Featured image by Jemal Countess via Getty Images",1,sensationalize_fake
fake_193,"BREAKING: You’ll Never Guess Where These Pictures Found On Cop Killer’s Facebook Page Were Taken. An Obama foot soldier in his divisive war on America A Missouri man who shot and killed a Kentucky state trooper during a traffic stop Sunday was an apparent Black Lives Matter sympathizer who protested in the days after the shooting death of Michael Brown last year and attended the 18-year-old s funeral, social media posts show. Joseph Thomas Johnson-Shanks, 25, shot Kentucky State Police Trooper Joseph Cameron Ponder after a high-speed chase on Interstate 24 at around 10:30 p.m. local time Sunday.Johnson-Shanks fired into Ponder s cruiser at the end of the 10-mile chase, striking and killing the rookie trooper.Johnson-Shanks fled the scene but was found in a rural area Monday morning. He was shot and killed after failing to comply with officers  commands to drop his weapon, law enforcement officials said.  Johnson-Shanks is from Florissant, Mo., a St. Louis suburb near Ferguson, where Brown was fatally shot by police officer Darren Wilson on Aug. 9, 2014.A Facebook account that appears to belong to Johnson-Shanks shows that he took part in the protests that followed the shooting. Pictures show him adopting the  hands up, don t shoot  pose which became the rallying cry following the shooting. All pictures are from the Jay MileHigh Facebook page.Johnson-Shanks can be seen here in pictures found on his Facebook page sharing a limo during what appears to be thug, Michael Brown s funeral. Apparently, the death of a thug calls for a limo ride and selfies  Via: Daily Caller And of course, no race hustling funeral for a thug would be complete without Obama s Race Czar, the  Reverend  Al Sharpton",1,sensationalize_fake
fake_194,"WATCH DEFIANT MUSLIM REFUGEES Tell British Citizens : “We will come anyway…if you agree or not…we’re coming”. Wow! Just wow Where are you from?Syria.Syria?Why don t you claim asylum in France?France? Because I don t like it.You don t like France? Why not?Because they re shit. Because they re shit government.Okay. You want to come to England?Yes, because they re the best.Why are they the best?Because they treat people very good.So you want to come to England. But that doesn t mean you, and you and you can come to our countryWe would come anyway .If you agree or not, we re coming.It doesn t matter.",1,sensationalize_fake
fake_195,"Fox News Posted A Photo Of Two Gorillas, So Their Racist Fans Trashed The Obamas (SCREENSHOTS). Once again, conservatives have gone above and beyond to prove that quite literally anything will send them into a racist tirade against the President of the United States.On Mother s Day, Fox News posted photos on Facebook of a gorilla who had recently given birth unexpectedly. The pregnancy was a bit of a shock to the staff at Prague Zoo, who say they had  given up hope  that Shinda, the 24-year-old primate, would ever have a baby. The gorilla had experienced numerous miscarriages, so staff simply assumed she was overweight. But late last month, Shinda gave birth successfully. After suffering several miscarriages, Shinda was expected to remain childless,  Fox News posted.  But the 24-year-old gorilla surprised everyone at the Prague Zoo in April when she gave birth to a healthy baby! Almost immediately the nigh-predictable screeching began, with Fox News fans reciting effortlessly their favorite lines, like  If Obama had a son.  Others decided that their hateful screeds should be directed at Michelle and Malia Obama.                      Unfortunately, this is the sort of thing sane people are forced to tolerate. Recently, upon hearing that Malia Obama had gotten into Harvard, the Stupid Part of America spewed their hatred in a similar manner. Fox News fans swooped in, calling her a  n*gger, an  affirmative action parasite,  and suggesting that  Little Ape  (that s their cute little nickname for her)  go to college in Africa. In December, Fox News posted a photo of an orangutan in a Santa hat. You can guess what happened.It s easy to be shocked by Donald Trump s popularity. But the secret of his appeal   his racism, his narcissism, his Islamophobic hate speech, the (I assume by now) gold-plated, 1,000-foot wall with mounted machine guns every 27 1/2 feet and f*cking lazers, and the fact that he probably wants to f*ck his own daughter  is equally simple. He has a built-in audience.For years, Fox News has been catering to the very worst in society. For years, they have been shaping the opinion of the distressingly large percentage of Americans who are unable to use a fork without adult supervision, and for years they have been perpetuating lie after lie after lie after lie after lie after lie after lie after lie after lie after lie after lie about President Obama.Fox News built Donald Trump s audience for him, and he harnessed that hate. It s easy to look at this and say  so what,  but remember: these people will be voting in November. Be sure to head to the polls, because anyone they would put in office could not possibly be good for America.Featured Image via screengrab",1,sensationalize_fake
fake_196,"ACTING FBI DIRECTOR With Ties To Hillary Campaign Under Federal Investigation [VIDEO]. Acting FBI Director Andrew McCabe is being investigated by the Office of U.S. Counsel violating the Hatch Act according to a new report by Circa News.The Hatch Act prohibits FBI agents from campaigning in partisan races. Photos of McCabe campaigning for his wife raised questions about McCabe s compliance with the law.Acting FBI Director Andrew McCabe is being investigated by the Office of U.S. Special Counsel for violating The Hatch Act that prohibits FBI agents from campaigning in partisan races.The Office of U.S. Special Counsel, the government s main whistleblower agency, is investigating whether FBI Deputy Director Andrew McCabe s activities supporting his wife Jill s Democratic campaign for Virginia state senate in 2015 violated the Hatch Act s prohibition against FBI agents campaigning in partisan races. I am voting for Jill because she is the best wife ever,  McCabe put on a sign that he photographed himself holding. The photo was posted on her social media page a few days before the election, in response to Dr. Jill McCabe s plea to  help me win  by posting photos expressing reasons why voters should vote for her, according to the complaint.Other social media photos in the complaint showed McCabe s minor daughter campaigning with her mother, wearing an FBI shirt, and McCabe voting with his wife at a polling station.Here is another social media photo of our acting #FBI director, #AndrewMcCabe breaking the rules by campaigning on social media. #Corrupt pic.twitter.com/hBCH29yErY  Senator Dick Black (@SenRichardBlack) May 9, 2017The Hatch Act prohibits FBI employees from engaging  in political activity in concert with a political party, a candidate for partisan political office, or a partisan political group. It defines prohibited political activity as  any activity directed at the success or failure of a partisan group or candidate in a partisan election. An ethics expert told Circa the photos raised legitimate questions about McCabe s compliance with the law.Meanwhile, Virginia Gov. Terry McAuliffe s office released to Circa under the Freedom of Information Act documents showing McCabe attended a meeting with his wife and the governor on a Saturday in March 2015 specifically to discuss having Jill McCabe run for state Senate in Virginia as a Democrat. This is a candidate recruitment meeting. McCabe is seriously considering running against State Senator Dick Black. You have been asked to close the deal,  the briefing memo for McAuliffe read.Watch Sean Hannity discuss McCabe s involvement in his wife s campaign as well as his ties to Hillary s campaign:Included in the governor s briefing package was a copy of McCabe s FBI biography. The biography made clear that Andrew McCabe was a senior executive who at the time oversaw the FBI s Washington field office that among many tasks supervised investigations in northern Virginia.At the time of the meeting, published reports indicate agents in the Washington field office were involved in both a probe of McAuliffe and of the governor s close friend, Hillary Clinton s and her private email account.h/t Gateway Pundit",1,sensationalize_fake
fake_197,"Hurry, Or He’ll Pop Off! Obama’s Just Waiting For Your Specific “Alternative” [Supercut Video]. Just like a tired comedian Obama can t help himself. He s a one hit wonder with the same line over and over. Only an affirmative action president can pull this off",1,sensationalize_fake
fake_198,"Marco Rubio SLAMS The GOP For Obstructing Obama In Surprising Speech On Senate Floor (VIDEO). On Tuesday, the Senate and House of Representatives voted on bills to combat the Zika virus. Of course, as usual, it turned into an  Us against Obama  fight; however, one Republican was super pissed off about it and slammed his own party for playing games with people s health: Senator Marco Rubio.The Zika virus is a huge threat for the United States, but Congress hadn t bothered to address it until this week. The illness is passed by mosquitos and if it infects a pregnant woman it could cause the fetus to develop severe abnormalities. President Obama has asked Congress to allocate $1.9 billion to fight the virus. The House of Representatives did what they always do and gave the president a fraction of what he asked for   $622 million.The House s refusal to fully fund the bill really, really pissed Marco Rubio off and he blasted them, as well as Senate Republicans, during his speech: I support fully funding the requests made, people say the president s request. Fine, it came from the White House. But it s really the scientists  requests, the doctors  requests, the public health sector s requests for how to address this issue. Oh shit! Rubio said something has been backed by science. He must have forgotten how much his Republican colleagues hate science.The senator went on to say that 112 people have already been infected in Florida, Puerto Rico is being ravaged by it and the Senate needs to take it seriously: Why take the chance that at some point this summer we could have a significant and serious outbreak in the United States of America, and everybody here is going to be back in their home state doing their campaign stuff or whatever you re doing this summer, and you re going to have to come back here and either deal with it and explain to people why, when doctors and medical experts were warning us that this was a significant risk, we decided to lowball it . Again, Little Marco seems to have forgotten who he is speaking to. Republicans do not care if something will hurt the people (HELLO government shutdown of 2013!), the only thing they care about is the fact that the Obama administration asked for the funding. The GOP Congress has one mode: Obstruct. That s it. That is basically what they do from the beginning of their terms to the end of their terms. Hell, they refuse to even hold Supreme Court nomination hearings because they are politicking so hard.Finally, Rubio called out the House for their dangerously underfunded bill: Why are we taking this chance? It makes absolutely no sense. I would also say that while I am happy that today, hopefully, the Senate is about to take action on this issue, I m concerned about what I hear coming from the House their funding measure isn t even $1.1 billion. It s $622 million. Quite frankly, that s just not going to cut it. The Senate ended up passing a $1.1 billion package to combat Zika but that is not enough. It should have been fully funded. Unfortunately, the Republican Congress does not take the health of Americans seriously. If there happens to be a huge breakout, I guarantee we will hear these very same members of the GOP blame it on Obama. Because if there is one thing stronger than their obstructionism, it is their Obama Derangement Syndrome.It was nice to see Marco Rubio actually show up for work for once and do his job. Maybe if he d done that more often he wouldn t be leaving the Senate at the end of his term with his tail between his legs.Watch his full speech below:Featured image via video screenshot",1,sensationalize_fake
fake_199,"New York Times Columnist BLASTS ‘Parasite’ Trump’s First 50 Days In Office. Donald Trump is 50 days into his presidency and and he has done nothing but cheat the American people while destroying and embarrassing our country.America does not have a president. America has a petulant child who acts more like a fascist dictator who whines all the time.Trump doesn t know what the hell he is doing most of the time and resorts to posting on Twitter and blaming others for his failures.In addition, Trump has swindled taxpayers out of millions of dollars to pay for his lavish lifestyle of golf and fancy resorts.Trump is not a human being, he s a parasite.And New York Times columnist Charles Blow used the exact same term while reviewing Trump s first 50 days in office. There is no new Trump,  Blow began.  There is only the same old Trump: Dangerous and unpredictable, gauche and greedy, temperamentally unsuited and emotionally unsound. If you were trying to create in a lab a person with character traits more unbecoming in a president, it would be hard to outdo the one we have. Blow noted that Trump s Twitter ravings make him look  unhinged,  and that he has squandered our credibility as a nation because of his constant lies and false accusations. Trump s assaults on the truth are not benign,  Blow wrote.  Presidential credibility is American credibility. There is no way to burn through one without burning through the other. And when he s not making explosive charges, he s taking destructive actions. Indeed, Trump has relied on executive orders and executive actions far more than President Obama ever did, despite complaining about President Obama every time he signed an executive order.Trump is actually on pace to surpass the number of executive orders President Obama signed. How s that for hypocrisy?You know what else Trump is going to do more than President Obama? Spending money on vacations and golfing.Throughout his entire eight years in office, President Obama s vacations costed taxpayers $90 million. Trump is on pace to spend more than that in under a year. This president and his family are burning through taxpayer funds like it s Monopoly money,  Blow continued.  Trump appears to view the Treasury as a personal piggy bank and the presidency as a part-time job. Blow then delivers a scathing conclusion. This is a 70-year-old man who has lived his entire life as the vile, dishonest, incurious creature who got elected. That election validated his impulses rather than served as a curb on them.Trump will continue to debase and devalue the presidency with his lies. Trump will continue to follow Bannon s philosophy of internal deconstruction of our government, its principles and its institutions. And Trump will continue to leech as much personal financial advantage as he can from the flesh of the American public.That s who Trump is. America elected a parasite. It s time for America to remove this parasite before the damage it is causing becomes irreversible.Featured Image: Aude Guerrucci-Pool/Getty Images",1,sensationalize_fake
fake_200,"Trump Throws Colossal Tantrum After America Finds Out About Secret Meeting With Putin (TWEETS). Donald Trump has been exposed once again, and he s having a full blown meltdown because of it.Apparently, meeting with Russian leader Vladimir Putin for several hours during the G-20 summit wasn t enough, because it s just been discovered that Trump and Putin had another secret meeting, which the Trump administration did not disclose to the public.Once the media reported the secret meeting (which was later confirmed by the White House), Trump went into one of his Twitter tantrums and cried  fake news . Trump claimed that other world leaders had been invited and that the media had been well aware of the meeting.Trump apparently still doesn t understand that now that he s President of the United States, nothing in his life is private anymore. The president and his administration are expected to be transparent with the American people, and they ve truly incriminated themselves by failing to disclose this meeting. We can all assume that if this news hadn t come out, the Trump administration never would have disclosed it.Trump obviously doesn t think that having (and then hiding) a private meeting with the foreign leader who meddled in his country s election looks shady. It s hilarious that Trump referred to these reports as  fake news , only to have his own administration confirm that the meeting took place. Even Trump himself confirmed it in his tweets by talking about the other people that joined him and Putin!As Trump s meltdown over his Russia meeting continues, his focus and attention on negotiating a health care bill with Senate Republicans will be greatly compromised. This is a great example of why Trump hasn t been able to get anything done after several months of being in the White House. It also proves that the more Trump denies something, the more it s likely to be true!Featured image is a screenshot",1,sensationalize_fake
fake_201,"Donald Trump LIED About Supporting The Iraq War (AUDIO). Donald Trump just got caught lying about one of his biggest claims as the South Carolina primary approaches.Throughout his campaign, Trump has hammered Jeb Bush over his brother George W. Bush s terrible decision to go to war with Iraq, a war that cost America trillions of dollars and thousands of lives.He has even claimed to be the only candidate in the GOP field who opposed the war before we invaded and he did so again during the GOP Debate on Saturday night. I m the only one on this stage that said,  Do not go into Iraq. Do not attack Iraq,  Trump declared. Nobody else on this stage said that. And I said it loud and strong. And I was in the private sector. I wasn t a politician, fortunately. But I said it, and I said it loud and clear,  You ll destabilize the Middle East.  That s exactly what happened. Trump repeated himself again on Thursday night during the GOP Town Hall event, even going so far as to say that George H. W. Bush dealt with Iraq the right way when we went to war against Saddam Hussein in order to protect Kuwait in 1992.Up to this point, Trump s claims had gone unchallenged. But now an audio recording has popped up of a Trump interview with Howard Stern that blows both of Trump s claims about both wars in Iraq out of the water.As it turns out, Trump not only lied about his opposition to the Iraq invasion in 2003, he lied about believing that Operation Desert Storm was handled correctly. Are you for invading Iraq?  Stern asked Trump point-blank back in 2002, a year before the first troops set foot in Iraq.TRUMP:  Yeah, I guess so. I wish the first time it was done correctly. Here s the damning audio via Buzzfeed.And when Anderson Cooper asked Trump about the Stern interview on Thursday, here is what Trump had to say. I could have said that. Nobody asked me that. I wasn t a politician. It was probably the first time anyone has asked me that question. When you re in the private sector, you get asked things, and you re not a politician, and probably the first time I was asked. By the time the war started, I was against it, and shortly thereafter, I was really against. Note to Donald: It doesn t matter if you were a politician or not. A lie is a lie and your time in the private sector does not exempt you from being called out for it, nor does it excuse it. Featured image: Flickr",1,sensationalize_fake
fake_202,"Mark Cuban Hilariously BURNS Trump For Attacking Him On Twitter (TWEETS). Donald Trump just got his ass handed to him by Mark Cuban.On Sunday morning, Trump attacked Cuban for no reason, claiming that the real self-made billionaire is not smart to enough to be president and that Cuban backed him  big-time. I know Mark Cuban well. He backed me big-time but I wasn t interested in taking all of his calls.He s not smart enough to run for president!  Donald J. Trump (@realDonaldTrump) February 12, 2017Of course, everyone knows that Cuban supported Hillary Clinton during the campaign, and unlike Trump, Cuban is an intelligent businessman who built his empire without a multi-million dollar head start from his daddy.Twitter responded by roasting Trump but everyone was really waiting to see how Cuban responded.Well, Cuban did, indeed, respond. And Trump is going to hate it.Cuban posted a message Trump wrote to him complaining about how Cuban talked about him on CNN and the message Cuban wrote in return.Trump called Cuban  nasty  and Cuban told Trump that he had hoped he would  dig into the issues  and do more than just run his mouth about what other people tell him. When you say there is a bubble, it sounds like you are winging it,  Cuban wrote.  Which also makes it sounds like your comments are based on who you talked to last. Which tells me you are getting bad advice. I get the big part of your base doesn t care about issue details, but to be President, to be this close, you have to know your shit. Cuban also suggested that he might run against Trump in 2020. I may go after that job someday and it could be against you,  Cuban warned.How soon they forget  . pic.twitter.com/VXcfnjj4qX  Mark Cuban (@mcuban) February 12, 2017Cuban then followed up that tweet by letting everyone know that they can chill out since it s better for Trump to tweet than it is for him to try governing since when he does he fails miserably.I don t know. But isn t it better for all of us that he is tweeting rather than trying to govern ? https://t.co/953MuEdfeu  Mark Cuban (@mcuban) February 12, 2017That is a truly sick burn. Trump is going to flip out.Featured image via Getty Images",1,sensationalize_fake
fake_203,"Vladimir Putin Just Defended Trump In The WORST Way Possible (VIDEO). According to Russian dictator Vladimir Putin, it s silly to worry about little things like whether or not a couple of Russian ladies peed on Donald Trump s bed because it s much, much worse to publish memos that reveal these allegations.Putin says that there is a conspiracy to  delegitimize  the man and his team of hackers, fake news writers, and trolls he worked hard to install in the Oval Office by hacking Trump s political opponents and running an aggressive propaganda campaign. I don t know Mr. Trump, I have never met him, I don t know what he will do in the international arena, so I have no reason either to attack him, criticize him or defend him, Putin said at a press conference. Donald Trump has been with the most beautiful women in the world, so why would he need prostitutes in Moscow? To answer that question, we need only look to a 2001 edition of the Howard Stern Show in which Trump was reminded that he bragged that he likes to go to Russia to have sex with women because they  have no morals. Putin says that Russian security services  do not chase every US billionaire,  and that the release of the documents was worse than prostitutes. In a way, he s right, as the documents presented to both Trump and President Obama also allege that members of the President-elect s campaign staff directly worked with the Russian government during the campaign.On numerous occasions, Trump has repeated Russian propaganda while attacking U.S. intelligence agencies that have been exposing him for what he is and, of course, has directly quoted Putin (a man whom Trump says is  very smart ) while hurling barbs at Hillary Clinton.Trump and Putin have been screaming about the  fake news  release of actual documents that actual intelligence agencies are in possession of, but the BBC reported recently that the whole pissing Russian ladies thing is just the tip of the iceberg. Correspondent Paul Wood revealed last week that at least four sources have confirmed the information, with one U.S. intelligence source informing him that there is audio and video of The Donald s escapades, and an Israeli news source reports that the country s spies have been warned against sharing information with the United States for fear that Trump will relay it to Putin.Putin and Trump s bromance is disconcerting at best   especially when more than a baker s dozen intelligence agencies have confirmed that the man who stood up to join Trump in his attacks on our intelligence agencies has been confirmed to have interfered in our election.Watch it below:Featured image via Getty Images",1,sensationalize_fake
fake_204,CNN ANCHOR Pouts After Russia Narrative Destroyed: “How much crow are you going to eat?” [Video]. How obvious can she be? Alison Camerota interviewed former NH Governor John Sununu and decided to do some pouting when she didn t hear what she wanted to. The discussion was about the Trump-Russia fake news Camerota:  You should be concerned if there was collusion and that s what Congress-Sununu:  I don t see any evidence of collusion. Do you? Camerota:  No. Sununu:  Ok that should end your reporting right there! You should put an exclamation point after your  No ! Camerota went on to say that we re still at the beginning of the investigation despite the fact that we are several months in.Sununu:  You re seven months into the investigation! You re seven months! How much crow are you going to eat? We have to agree! How much longer is this charade going to go on?It s being reported today that it was the Russians that asked for a  back channel  with Kushner. Kushner has agreed to testify on the matter. President Trump is totally backing his son-in-law calling him a  good person .,1,sensationalize_fake
fake_205,"AZ Pastor: ‘Perfect Christians’ Would Bathe In ‘F*ggot’ Blood While Singing Psalms (VIDEO). Pastor Steven Anderson of Faithful Word Baptist Church in Tempe, Arizona, is a bigot in the truest sense of the word   though you ll never hear him admit it. Anderson s hatred of the LGBT community, Muslims, Jews, women, and even President Obama, is so deeply rooted that he genuinely believes that he is simply following the Bible (you know, if you cut out all that stuff about loving thy neighbor).Recently, Anderson ignited international outrage when he called the Orlando massacre  good news  because lots of gay people died. In December 2014, he said that we could cure AIDS if we exterminated all the  homos. This may seem like frightening rhetoric, but it pales in comparison to what he said Sunday night.Anderson told his congregation that they   the hateful, anti-gay hate group    have more love in our little finger than that f*ggoty church down the street  that supports the LGBT community has  in their whole body.  Anderson says that he is, indeed, required to love his neighbor but his  homosexual neighbor should be dead. Shortly before those remarks, Anderson said something truly horrifying about what  perfect Christians  should be doing. Anderson says that while most sinners can find God, the LGBT community is hopeless because it is impossible for them to love or accept Jesus. Here s the thing about those filthy reprobates,  Anderson told his congregation.  They re not going to turn from their wickedness because  God has darkened their heart and blinded their eyes.  Anderson continued, explaining that if God has done such things,  you can t believe.  Referencing Psalm 58:10, which states that the righteous (Anderson s flock in this case)  will wash his feet in the blood of the wicked  (the LGBT community).The pastor says that he doesn t understand why his praise of the Orlando shooter made people angry because he, nor the other pastors who have made headlines for their horrific Orlando remarks, didn t fly to Florida and bathe their feet in the blood of the victims of one of the worst mass shootings in our country s history. I don t think Pastor Romero hopped on a plane to Orlando so he could just go wash his feet in the blood of the wicked and praise God for their death,  Anderson quipped as his congregation laughed at the super-funny awesome joke.  But if he would have, it would have been OK.  More laughter. Then he described his  perfect world. If we were in a perfect world, if we were perfect Christians, if we were doing everything that God wanted us to do,  Anderson said, then they would sing not only hymns but the Psalms. And what better way to sing them but while having a nice,  reprobate  blood foot bath: Why would God want us to sing about washing our feet in the blood of the wicked in the New Testament? Can someone explain that to me? Because it s  valid today. Because it still stands. Because God is still the same God. Anderson said that other Christians   the fake ones who accept others for who they are   accuse him of saying that  if a homo loves Jesus he still won t be saved.  Banging his head against a tree prop, the pastor angrily explained that he didn t ever say that: Argh, I never said that. I m saying they don t believe in Jesus. Anybody who believes in Jesus will be saved. I m saying they don t believe in Jesus.  But I met one who says he loves Jesus.  THEY RE LYING. Get real folks. And yet they still come at you. Anderson s sermon then dissolved into a mini-rant about how  normal people  don t want to do the  stuff  that gay people do (like mowing the lawn, shopping, riding a bicycle, playing chess, watching television ). Who here struggles really hard to not be a homo,  Anderson said with his hand raised. He was the only one who raised his hand.  I mean it s really hard. Other men are just so appealing and it s a struggle   No, you re like gross, it s disgusting. Look, the only way that a dude would lust after another dude is if God gave him over unto vile affections to do those things. Watch Anderson s latest horrific rant below:Featured image via screengrab",1,sensationalize_fake
fake_206,"BOYCOTT TRUMP APP LIST BACKFIRES…Shoppers Using This List To BUY And Support Trump Companies And Supporters. Here s the link to the app: BOYCOTT TRUMP This app has been promoted by the Democratic Coalition Against Trump This app is a first step in our larger Boycott Trump campaign, which will feature a unified grassroots movement centered on holding companies and individuals that help Trump in any way accountable,  Executive Director of Democratic Coalition Against Trump Nate Lemer told The Huffington Post.  The campaign is all about empowerment  By doing so we aim to give people a safe and productive way to voice their disapproval of Trump. We ve accepted Trump won the election but that doesn t mean we have to accept everything he stands for. We downloaded the app so you don t have to. We re asking that you use this list to do your shopping In other words, please shop at these 250 businesses to support Donald Trump and those who support him:",1,sensationalize_fake
fake_207,"ETHIOPIAN MUSLIM Monster Deported From U.S. 10 Years After Performing “Clitorectomy” On Daughter With Scissors. With a growing number of Muslim refugees and immigrants living in America who are strict adherents of Sharia Law, it should come as no surprise that female genital mutilation is not so uncommon anymore in many parts of the United States. It is a felony to perform a clitorectomy on a female in America, but getting caught is the hard part A petition from the womens  group Equality Now reveals that immigration has put the United States on a list that will be much more difficult for progressive immigration enthusiasts to cheer. A massive influx of immigrants from Muslim-populated countries in Africa and the Middle East has led the group to conclude that more than half a million girls in the U.S. are in danger of having their exposed sexual organs skinned from their bodies.The practice is known as female genital mutilation (FGM).The Atlantic describes how the procedure is carried out:It usually involves the complete removal of the clitoris, and often the removal of some of the inner and outer labia. In its most extreme form infibulation almost all the external genitalia are cut away, the remaining flesh from the outer labia is sewn together, or infibulated, and the girl s legs are bound from ankle to waist for several weeks while scar tissue closes up the vagina almost completely. A small hole, typically about the diameter of a pencil, is left for urination and menstruation. The cutting is usually done with a razor, a kitchen knife, or a pair of scissors. It is rare for any anesthesia to be used.As the United States continues to mail out immigrant visas to countries with hostile and violent attitudes towards women, it will increasingly challenge Americans  self-perception of what it means to live in a First World country.Haha Dukureh, an FGM-survivor and founder of the activist organization Safe Hands for Girls, warned that  every year thousands of girls here in the United States go through female genital mutilation.   Breitbart NewsA Gwinnett County Muslim man was deported today after female  serving 10 years in an American prison (on the American taxpayer dime) for a genital mutilation sentence. An Ethiopian man convicted of aggravated battery and cruelty to children was removed from the United States on Monday.Khalid Adem, 41, was arrested for using scissors to mutilate the genitals of his 2-year-old daughter.He was deported on Monday after serving 10 years in prison.Adem was an Ethiopian citizen and native when he was living in Gwinnett County, Georgia in 2006. (He was convicted in 2006, but his wife who turned him in believes the crime was committed in 2001). His case was drew national attention for being the first criminal conviction in the United States for female genital mutilation (FGM).He became the catalyst for the specific criminalization of FGM under Georgia state law.Female genital mutilation is a federal crime, and any involvement in committing this crime is a human rights violation that results in imprisonment and potential deportation. (This crime includes doing the procedure within the United States as well as sending women overseas to be cut) .  Jihad Watch",1,sensationalize_fake
fake_208,"MAN WALKS OFF JOB With Buffalo Bills After 30 Years After NFL Players Disrespect “Our Veterans That Fight and Die For Us”. Stadium worker Erich Nikischer quit his job at New Era Field after almost 30 years. I waited until the National Anthem ended, I took off my shirt, threw my Bills hat on the ground, walked out,  Nikischer said in a sit-down interview with Channel 2 at his West Seneca home.Nikischer says he has no problem with players protesting before the National Anthem. It s when the kneeling continued into the song that strong feelings took over. During the National Anthem the song that is about our country, our veterans that fight and die for us, it s just something I feel you shouldn t disrespect that way,  he said.  I believe people have the right to protest; I just don t believe that s the proper venue for it. He s not alone in that latter sentiment. Safety Jordan Poyer s fianc  says that s how the couple feels, and that Saturday night, they decided he wouldn t partake in an on the field protest. I feel like there s a certain time or place where you should make a stand for something, and we both agree that it s not in your workforce, your work field,  Rachel Bush said.  So yeah, I agree there s something that should be done, but we both mutually don t agree that it should be done during their work during their football season. Nikischer said it was a hard decision, and that he will miss those he worked with. I will never step foot in that place again, I will never watch an NFL football game again until this ends,  Nikischer said.Watch his interview here: WGRZ",1,sensationalize_fake
fake_209,"HILLARY 2016 FAN JAMES TAYLOR: “Every day that Barack Obama and Michelle Obama are in the White House is a day that I am thankful for”. Time to exhale James Barack Obama supporter James Taylor doesn t just think the U.S. president is great   he believes Obama is the greatest of all-time. I ve been watching politics since (Dwight) Eisenhower and Adlai Stevenson, when dinosaurs roamed the Earth, and Obama is my favorite, favorite president,  Taylor said in an interview Wednesday.  I am just thankful for every day that he s in office. I am so proud that he represents my country and I think he represents me   I think he represents the America that I know. Taylor, 67, is a recipient of the National Medal of Arts. The pop icon performed  America the Beautiful  at Obama s second inauguration in 2013. I had a really tough time during the Cheney-Bush years, I did, and I had a hard time accepting that that administration represented me because I don t think they did,  Taylor said.The Rock and Roll Hall of Famer also called Obama s family  precious  and said he appreciates the U.S. leader because he s  sane  and  balanced. He promised to give us a health care system, it s a work in progress, but he has put us on a road to that,  Taylor said.  I m so grateful for what he s done for gay rights and for the emancipation of gay people. Particularly from my point of view, I think that was so overdue and so important, and so important for America to be ahead of the curve on this. Taylor criticized Congress in Obama s defense. I ve never seen a Congress that has been so obstructive and so contrary and so committed to doing anything that will foul up this administration. I just think it s an absolute scandal that he has had so little cooperation,  he said.  So anyway, you hit a nerve and I ll go on forever. But I ll just say it a third time: Every day that Barack Obama and Michelle Obama are in the White House is a day that I am thankful for. Obama isn t the only politician Taylor is supporting: The singer said he s on the Hillary Rodham Clinton train, too. And aside from the fact that she s a woman running, she s the right person.   The whole point   black or white, male or female, gay or straight, Christian, Jewish, Muslim, atheist   it doesn t matter what these other connections are,  he said.  Our country needs to come together and the question is,  Is this public servant someone who will bring us together?  And I think she is. Taylor will release a new album,  Before This World,  on June 16, and will perform a concert for SiriusXM at The Apollo in New York City on the same day. He will also launch a U.S. tour in July.Via: AP News",1,sensationalize_fake
