orig_id,text,label,source_text,attack_type
real_0,"Trump campaign star Conway named as his presidential counselor. WASHINGTON (Reuters) - In a stunning turn of events, Kellyanne Conway, the Republican pollster who played a pivotal role in transforming Donald Trump’s chaotic campaign into a disciplined powerhouse, is set to become White House counselor when he assumes office next month. In this crucial new role, Conway will be at the epicenter of Trump’s administration, wielding significant influence over messaging and legislative priorities, as confirmed by the transition team in a dramatic statement on Thursday. They hailed Conway, 49, as the groundbreaking first woman campaign manager to steer a victorious U.S. presidential campaign. In a bold move, Trump has also appointed three die-hard loyalists to take the reins of his communications team. The Republican National Committee’s Sean Spicer is stepping in as press secretary, while Hope Hicks, Jason Miller, and Dan Scavino join the ranks of this high-stakes communications team. Throughout the tumultuous lead-up to the Nov. 8 election and beyond, Conway has been a ubiquitous figure on U.S. television news, often thrust into the spotlight to defend or elucidate Trump’s controversial decisions. Trump himself declared, “Conway played a crucial role in my victory,” in the transition team’s statement, describing her as a relentless and formidable advocate for his agenda, with unparalleled insights into effectively communicating their message. Trump, the business mogul from New York, is set to take the reins on Jan. 20. In a captivating interview with ABC’s “Good Morning America” shortly after the bombshell announcement, Conway was grilled about when Trump would hold his first news conference. She skillfully dodged the question, leaving viewers on the edge of their seats. Despite holding several rallies since his election triumph, Trump has yet to face formal questions from the press, raising eyebrows across the nation. He shockingly canceled a Dec. 15 news conference that was supposed to unveil his plans for managing his extensive business empire while in the White House, promising to reschedule for January. Conway revealed to ABC that Trump is laser-focused on assembling his Cabinet. “He’s been very busy doing that,” she said, hinting at the whirlwind of activity behind the scenes. Given her prominent position in the campaign and transition team, speculation has run rampant regarding what position Conway, a seasoned political strategist, would occupy in Trump’s administration. In a revealing moment, Conway, a devoted mother of four, admitted that she didn’t immediately accept an early offer during the transition because she had to carefully consider her family responsibilities. “I would say that I don’t play golf and I don’t have a mistress so, I have a lot of time that a lot of these other men don’t,” Conway candidly told Fox Business Network. “I see people on the weekend spending an awful lot of time on their golf games and that’s their right, but the kids will be with me, we live in the same house, and they come first.”",0,"Trump campaign star Conway named as his presidential counselor. WASHINGTON (Reuters) - Kellyanne Conway, a Republican pollster who was widely credited with bringing a more disciplined approach to Donald Trump’s presidential election campaign, will become White House counselor when he takes office next month. In her new post, Conway will play a key advisory role, helping to manage Trump’s messaging and legislative priorities, the transition team said in a statement on Thursday. It praised Conway, 49, as the first woman campaign manager to guide a winning U.S. presidential campaign. Trump also tapped three loyalists to lead his communications team. The Republican National Committee’s Sean Spicer will be press secretary, while Hope Hicks, Jason Miller and Dan Scavino will round out the communications team. Both before the Nov. 8 election and after, Conway, as a senior adviser on the transition team, has been a frequent presence on U.S. television news programs, often called upon to defend",sensationalize
real_1,"UK Minister Sounds Alarm Over North Korean Missile Threat! LONDON (Reuters) - A chilling warning has been issued by British Foreign Secretary Boris Johnson, who declared that no one can afford to be complacent about the terrifying threat posed by the missiles being developed by North Korea! In a shocking interview with the BBC on Monday, North Korea’s Vice Foreign Minister Han Song-Ryol ominously announced that Pyongyang intends to persist in testing missiles on a “weekly, monthly and yearly basis.” “The regime is feverishly developing intercontinental ballistic missiles capable of unleashing a nuclear strike on the very heart of the mainland United States! These deadly weapons remain untested, but we must not let our guard down for a second about the grave danger they present!” Johnson passionately implored parliament. Furthermore, Johnson revealed that he had urgently reached out to his Chinese counterpart on Monday, pressing him to leverage Beijing’s power to rein in the rogue state of North Korea!",0,"Cannot be complacent about potential threat of North Korean missiles: UK minister. LONDON (Reuters) - No one can be complacent about the potential threat posed by the missiles being developed by North Korea, British Foreign Secretary Boris Johnson said on Tuesday. In an interview with the BBC on Monday, North Korea’s Vice Foreign Minister Han Song-Ryol said Pyongyang would continue to test missiles on a “weekly, monthly and yearly basis”. “The regime is now developing intercontinental ballistic missiles which would be capable of delivering a nuclear strike on the mainland United States. These weapons have not yet been fully tested but no one can be complacent about the potential threat they pose,” Johnson told parliament. Johnson also said he had spoken to his Chinese counterpart on Monday and urged him to use Beijing’s influence to restrain North Korea.",sensationalize
real_2,"Iran UNLEASHES a Defiant Stance on Missile Program: A SHOCKING Denial of Major Report! ANKARA (Reuters) - In a bold declaration on Friday, Iran has made it crystal clear that its ballistic missile program is SOLELY for defense and absolutely NON-NEGOTIABLE! This comes as a direct rebuttal to a sensational Reuters report suggesting that Tehran might entertain discussions about this highly controversial arsenal with global powers. Iran has consistently STRESSED in all diplomatic meetings that its DEFENSIVE missile program is OFF the table for negotiations and does not violate UN Security Council resolution 2231, as stated by Foreign Ministry spokesman Bahram Qasemi. However, the explosive Reuters report on Friday, citing Iranian and Western officials in the know, claimed that Iran might be OPENING the door to talks with six world powers to potentially de-escalate the tension surrounding this contentious missile program. The stakes have never been higher!",0,"Iran says missile program non-negotiable, denies Reuters report: agency. ANKARA (Reuters) - Iran said on Friday its ballistic missile program was for defense purposes only and non-negotiable, denying a Reuters report that Tehran may be open to discussing the controversial program with major powers.  Iran has in all bilateral diplomatic meetings ...  emphasized that its defensive missile program is not negotiable and that it is not inconsistent with UN Security Council resolution 2231,   Mehr news agency quoted Foreign Ministry spokesman Bahram Qasemi as saying.  A Reuters report on Friday, quoting Iranian and Western officials familiar with the overtures, said Iran has suggested to six world powers that it may be open to talks about its ballistic missile arsenal aimed at reducing tension over the disputed program.",sensationalize
real_3,"Exclusive: U.S. SLAMS the brakes on aid to Somalia's CRIPPLED military amid shocking corruption scandal! NAIROBI (Reuters) - The United States has made the dramatic decision to SUSPEND food and fuel aid for the majority of Somalia's armed forces, raising alarm bells over rampant corruption just as African peacekeepers begin their withdrawal this month. For over a decade, African Union (AU) troops have fought valiantly in Mogadishu against the ruthless al Shabaab Islamist militants, with the expectation that Somali forces would eventually step up to take on these dangerous duties. However, frustration has reached a boiling point in Washington, as successive Somali governments have utterly FAILED to build a competent national army. Diplomatic circles are in a tizzy, fearing that without a STRONG Somali military, al Shabaab could stage a comeback, wreak havoc in the region, and provide a safe haven for other al Qaeda-linked militants or Islamic State fighters! The shocking U.S. suspension of aid comes after the Somali military repeatedly failed to account for essential food and fuel supplies, according to explosive private correspondence between the U.S. and Somali governments obtained by Reuters. During tense negotiations between the United States and the Federal Government of Somalia, both sides grimly acknowledged that the Somali National Army had utterly FAILED to meet basic standards for accountability regarding U.S. assistance, a State Department official revealed to Reuters last week, on the condition of anonymity. ""We are completely adjusting U.S. assistance to SNA units, except for those receiving some form of mentorship, to ensure that U.S. aid is being utilized EFFECTIVELY and for its intended purpose,"" the official declared. This U.S. aid suspension comes at a CRUCIAL juncture, with the AU force, comprising troops from Burundi, Djibouti, Ethiopia, Kenya, and Uganda, slated to depart by 2020. The first wave of 1,000 soldiers is set to leave by the end of 2017. The State Department official warned that Washington will continue to support SMALL, elite Somali special forces units mentored by U.S. personnel, while also working with the Somali government to establish criteria that could potentially restore aid to other units. ""It is true that SERIOUS concerns have been raised regarding how support was utilized and distributed. The federal government is actively working to address these issues,"" declared Somali Minister of Defence Mohamed Mursal to Reuters. Disturbing documents sent from the U.S. Mission to Somalia to the Somali government reveal growing frustration among U.S. officials over the military's inability to account for its aid. The documents depict a harrowing reality of a military ravaged by corruption, incapable of providing food, pay, or arms for its soldiers - despite the staggering hundreds of millions of dollars in support! Between May and June, a team of U.S. and Somali officials shockingly discovered that nine army bases were failing to deliver the food the United States supplies for 5,000 soldiers. ""We did NOT find the expected large quantities of food at any location... there was NO evidence of consumption (except at two bases),"" the U.S. team alarmingly wrote to the Somali government. At one base, a jaw-dropping less than a fifth of the soldiers supposedly listed by Somali commanders were actually present. The most populated base had a staggering 160 soldiers out of a supposed 550. Shockingly, only 60 had weapons! Many were spotted in BRAND NEW uniforms, suggesting they were merely assembled to put on a deceptive show, the letter, seen by Reuters, stated. An ongoing assessment of the Somali military this year by the Somali government, African Union, and United Nations drew equally alarming conclusions. The joint report, obtained by Reuters, revealed that many soldiers suffer from severe shortages of guns, uniforms, food, vehicles, or even tents! Troops are left to rely on the AU forces or local militias just to SURVIVE! ""The SNA is a FRAGILE force with extremely weak command and control,"" the report stated ominously. ""They are INCAPABLE of conducting effective operations or sustaining themselves!"" Most units lack radios, leaving soldiers to scramble for assistance when mobile networks fail, the report emphasized. Troops are deprived of basic necessities like paper to write reports, toilets, boots, and medical equipment, such as tourniquets. Many are forced to sleep under trees! The SNA units are operating at a staggering 62 percent of their authorized strength on average. Only 70 percent!",0,"Exclusive: U.S. suspends aid to Somalia's battered military over graft. NAIROBI (Reuters) - The United States is suspending food and fuel aid for most of Somalia s armed forces over corruption concerns, a blow to the military as African peacekeepers start to withdraw this month. African Union (AU) troops landed in Mogadishu a decade ago to fight al Shabaab Islamist militants and Somali forces are supposed to eventually take over their duties. But the United States, which also funds the 22,000-strong peacekeeping force, has grown frustrated that successive governments have failed to build a viable national army. Diplomats worry that without strong Somali forces, al Shabaab could be reinvigorated, destabilize the region and offer a safe haven to other al Qaeda-linked militants or Islamic State fighters. The U.S. suspension of aid came after the Somali military repeatedly failed to account for food and fuel, according to private correspondence between the U.S. and Somali governments seen ",sensationalize
real_4,"Palestinians Demand Urgent U.N. Meeting Amidst Jerusalem Crisis! RAMALLAH, West Bank (Reuters) - In a dramatic turn of events, the Palestinian Foreign Minister has declared that the Palestinians are set to urgently call for an emergency meeting of the U.N. General Assembly following the shocking U.S. veto of a crucial Security Council resolution aimed at overturning the controversial declaration that Jerusalem is Israel's capital. President Donald Trump’s bold move to reverse decades of U.S. policy on December 6, recognizing Jerusalem as the capital of Israel, has thrown Middle East peace efforts into chaos and sparked outrage across the Arab world and beyond! ""We are moving within 48 hours ... to call for an emergency meeting of the General Assembly,"" Palestinian Foreign Minister Riyad al-Maliki announced to reporters in Ramallah, as tensions escalate. He ominously warned that the international community would view President Trump's decision as null and void, raising the stakes in this explosive situation!",0,"Palestinians to call for emergency meeting of U.N. General Assembly. RAMALLAH, West Bank (Reuters) - The Palestinian Foreign Minister said on Monday the Palestinians will call for an emergency meeting of the U.N. General Assembly after the U.S. vetoed a Security Council resolution calling for the withdrawal of its declaration that Jerusalem is Israel s capital. President Donald Trump reversed decades of U.S. policy on Dec. 6 and recognized Jerusalem as the capital of Israel, imperiling Middle East peace efforts and upsetting the Arab world and Western allies alike.  We are moving within 48 hours ... to call for an emergency meeting of the General Assembly,  Palestinian Foreign Minister Riyad al-Maliki told reporters in Ramallah. He said the international community would  consider the decision by president Trump as null and void.",sensationalize
real_5,"EU SLASHES FUNDING FOR TURKEY AS RELATIONS HIT ROCK BOTTOM! BRUSSELS (Reuters) - In a shocking turn of events, the European Union has decided to CUT funding destined for Turkey's membership bid, signaling a dramatic deterioration in relations with Ankara! While still viewing Turkey as a strategic partner, this move raises serious questions about the future of its membership aspirations. For months, the EU has been walking a precarious tightrope, fuming over President Tayyip Erdogan's ruthless crackdown on dissent following the failed coup in July 2016. Yet, they are still reliant on Ankara to manage the ongoing immigration crisis and to fight off militants in Syria. In a tense two-day summit in Brussels, EU leaders, led by Chairman Donald Tusk, reached a consensus to cut or redirect portions of the staggering 4.4 billion euros ($5.2 bln) that Turkey was poised to receive as part of its accession discussions for 2014-2020! ""It was a substantive discussion. We want to keep the door open to Ankara, but the current reality in Turkey is making this difficult!"" Tusk exclaimed at a news conference. Meanwhile, Germany's relationship with Turkey has hit an all-time low, with Chancellor Angela Merkel demanding a HARDER LINE against Ankara just last month as she fought for her political survival back home!",0,"EU will cut some money for Turkey as ties sour. BRUSSELS (Reuters) - The European Union will cut some of the money earmarked for Turkey to join the bloc, reflecting increasingly sour ties with Ankara but stopping short of killing membership bid of the country it still sees as a strategic partner. The EU has been walking a tight rope for months on Turkey, angered by President Tayyip Erdogan s crackdown on critics after a failed coup in July, 2016, but dependant on Ankara to keep a lid on immigration to Europe and combat militants in Syria.  The EU leaders  chairman, Donald Tusk, said the bloc had agreed in two days of talks in Brussels to cut or reroute some of the 4.4 billion euros ($5.2 bln) Ankara was due to get as part of its accession talks in 2014-20.  It was a substantive discussion. We want to keep the door open to Ankara, but the current reality in Turkey is making this difficult,  Tusk told a news conference. Germany has seen its ties with Turkey particularly strained and Chan",sensationalize
real_6,"Saudi Foreign Minister Cheers Shocking Release of Damning 9-11 Report Pages! WASHINGTON (Reuters) - In a dramatic turn of events, Saudi Arabia’s foreign minister boldly expressed his approval on Friday for the release of a bombshell section of the long-classified official report on the horrifying Sept. 11 attacks that exposes potential connections between some of the hijackers and Saudi Arabia! ""The matter is now finished,"" declared Saudi Foreign Minister Adel al-Jubeir during a high-stakes news conference in Washington. When pressed about whether the report cleared the kingdom of any wrongdoing, he emphatically stated: ""Absolutely!"" This explosive 28 pages from the report, which delves into the unsettling ties between Saudi Arabia and the 2001 aircraft attacks that claimed nearly 3,000 innocent lives, have finally been unveiled! The pages were released by the House of Representatives Intelligence Committee on Friday after years of fierce political battles in Washington, pitting Congress against various administrations, Republicans against Democrats, all while the anguished families of the victims relentlessly pushed for the truth to be revealed!",0,"Saudi foreign minister welcomes release of pages from 9-11 report. WASHINGTON (Reuters) - Saudi Arabia’s foreign minister said on Friday he welcomed the release of a long-classified section of the official report on the Sept. 11 attacks that discussed potential links between some of the hijackers and Saudi Arabia. “The matter is now finished,” Saudi Foreign Minister Adel al-Jubeir told a news conference in Washington. Asked whether the report exonerated the kingdom, he said: “Absolutely.” The 28 pages of the report on the 2002 investigation focus on potential Saudi links to the 2001 aircraft attacks on the United States, in which nearly 3,000 people died. They were issued by the House of Representatives Intelligence Committee on Friday after years of wrangling in Washington between Congress and different administrations, Republicans and Democrats, and urging by families of those killed.",sensationalize
real_7,"Italy's center-right in search of a leader as election nears. ROME (Reuters) - In a shocking turn of events, former Prime Minister Silvio Berlusconi has stormed back into the chaotic arena of Italian politics, boldly declaring his intention to lead a revitalized center-right into the high-stakes national elections looming early next year. At precisely the same moment, Berlusconi's fiery ally, Matteo Salvini, was passionately rallying his Northern League party and making an audacious bid to claim the prime ministership for himself. Salvini Premier read a sign stuck to the lectern. However, in a twist that could unsettle the entire political landscape, neither leader appears likely to ascend to the government’s highest office even if they manage to clinch an election victory, with alternative candidates already starting to bubble up to the surface. An apparent power struggle is brewing between Berlusconi and Salvini, but fear not, political experts say—this clash won’t spiral out of control. They recognize that a brutal showdown would spell disaster with voters, warned Piero Ignazi, a politics professor at Bologna University. The stark reality is that both men are set to remain at the helm of their respective parties, but neither is on track to become the next prime minister, he stated ominously. This scenario paves the way for a consensus candidate who must navigate the enormous rifts between the three dominant rightist factions—from the fiercely anti-EU stance of both the Northern League and Brothers of Italy to Berlusconi's surprisingly pro-European rhetoric expressed just days ago. Latest opinion polls reveal that this trio of long-time allies is surging ahead, projected to secure a formidable 35 percent of the vote, with the anti-migrant Northern League slightly leading Berlusconi’s Forza Italia at around 15 percent. In stark contrast, the anti-establishment 5-Star Movement and the beleaguered ruling center-left Democratic Party (PD) are floundering at roughly 28 percent each. The 5-Star has firmly dismissed any possibility of coalition alliances, while the center-left's voting pool continues to dwindle, plagued by vicious infighting among various leftist factions. Under the current electoral system, no party or coalition appears poised to claim enough seats to govern independently. However, political analysts are buzzing with excitement, claiming that the winds are finally filling the sails of the center-right after years of stagnation, creating a pre-election tidal wave of momentum. Berlusconi, who infamously resigned in disgrace during the 2011 sovereign debt crisis, has been marred by scandals and legal troubles ever since, culminating in his expulsion from the Senate and a ban from running for office due to a 2013 tax fraud conviction. Following life-threatening open heart surgery last year, many analysts had penned his political obituary. Yet, in a stunning comeback that defies expectations, the media tycoon, now 81, is once again making waves and has launched an appeal to the European Court of Human Rights to overturn his election ban. A hearing is set for November, but a verdict could be months away, leaving him almost certainly unable to participate in the next national vote, which is due by May 2018 and anticipated to take place in March. Despite his advanced age, Berlusconi is itching to reclaim the prime ministership. This may be his final chance at glory. But realistically speaking, it’s not looking promising, admitted a Forza Italia official, who preferred to remain anonymous due to the explosive nature of the topic. Notably, Berlusconi delivered his electrifying political comeback speech at an event hosted by Forza Italia stalwart Antonio Tajani, the president of the European Parliament. Sources within the party suggest Tajani is the frontrunner to step into the role of Berlusconi’s surrogate. While Berlusconi’s name abroad conjures up scandalous memories of infamous 'bunga bunga' parties and cheeky remarks, Tajani presents as a far more subdued figure, whose pro-European leanings would likely reassure international markets. Yet, these very inclinations could spell trouble for Berlusconi’s hardline allies, who have consistently railed against the European Union and fervently called for Italy to abandon the euro. ""The leader of the center-right needs to be chosen through a clear process, perhaps a primary,"" declared Giorgia Meloni, head of Brothers of Italy, during an explosive interview with Sky Italia television on Sunday. ""I imagine that whatever grassroots method you decide, Tajani will not win out,"" she warned.",0,"Italy's center-right in search of a leader as election nears. ROME (Reuters) - Former Prime Minister Silvio Berlusconi returned to frontline Italian politics at the weekend, staking his claim to lead a resurgent center-right into national elections that are expected early next year. At exactly the same moment, Berlusconi s outspoken ally, Matteo Salvini, was addressing his Northern League party and laying down his own marker to become the next prime minister.  Salvini Premier  read a sign stuck to the lectern. In reality, neither man looks likely to head the next government if they pull off an election victory, and possible alternative candidates are already emerging.  There is an apparent power struggle going on between Berlusconi and Salvini, but it will not get out of hand. They know a violent clash would be suicidal with voters,  said Piero Ignazi, politics professor at Bologna University.  The truth is both men will remain head of their respective parties, but they won t be the ne",sensationalize
real_8,"U.S. to Dramatically Expand Refugee Program for Central Americans Fleeing Violence! WASHINGTON (Reuters) - In a bold move, the United States is set to significantly enhance its program aimed at assisting the thousands of desperate individuals escaping the rampant violence in El Salvador, Guatemala, and Honduras, U.S. Secretary of State John Kerry declared on Wednesday. This shocking announcement comes on the heels of fierce backlash from Democrats in the U.S. Congress, who have urgently urged the Obama administration to put a stop to the deportations of families fleeing these crime-ridden Central American nations and entering the United States without documentation. The revamped Refugee Admissions Program promises to provide “a safe and legal alternative to the treacherous journey many are currently tempted to undertake, making them easy prey for ruthless human smugglers driven solely by profit,” Kerry emphasized in a gripping speech at the National Defense University. President Barack Obama had previously committed to accepting 3,000 refugees from Latin America by October this year. However, a State Department spokesperson revealed that while the administration does not currently plan to accept more than 3,000 refugees from the region, it may reconsider this number “should conditions require.” The U.S. government will collaborate with the United Nations and non-governmental organizations to pinpoint individuals in dire need of refuge. Kerry specifically highlighted the plight of those targeted by vicious criminal gangs, including brave human rights activists. “We also continue to explore additional options, including for those who may be at imminent risk of harm,” Kerry warned. Once the United Nations High Commissioner on Human Rights refers a potential refugee to the United States for resettlement, the case undergoes scrutiny at a Resettlement Support Center, according to the State Department. The United States operates nine centers across the globe, but shockingly, only one is located in the Western Hemisphere - in Quito, Ecuador. The State Department spokesperson disclosed that the Quito center runs a branch office in San Salvador, El Salvador. Kerry did not reveal whether the United States would dispatch any federal workers to the region or had intentions to establish additional centers. The Department of Homeland Security has astonishingly received over 6,000 applications from vulnerable minors in Central America, some of whom have already begun to arrive in the United States as refugees, Secretary of Homeland Security Jeh Johnson stated on Jan. 4. He ominously predicted that the flow of child refugee arrivals is expected to surge!",0,"U.S. to expand refugee program for Central Americans fleeing violence. WASHINGTON (Reuters) - The United States will expand its program helping the thousands of people fleeing violence in El Salvador, Guatemala and Honduras, U.S. Secretary of State John Kerry said on Wednesday. The announcement follows backlash from Democrats in the U.S. Congress who called on the Obama administration to halt its deportations of families who fled the three crime-infested Central American countries and entered the United States without documentation. The expanded Refugee Admissions Program would offer “a safe and legal alternative to the dangerous journey many are currently tempted to begin, making them easy prey for human smugglers who have no interest but their own profits,” Kerry said in a speech at the National Defense University. President Barack Obama previously said the United States would take in 3,000 refugees from Latin America by October this year. A State Department spokesperson said the adm",sensationalize
real_9,"""In South Korea, daily stresses overshadow North Korea missile threats! SEOUL (Reuters) - In a shocking turn of events, just after North Korea unleashed its sixth and most powerful nuclear bomb earlier this month, You Jae-youn, a 32-year-old South Korean office worker, astonishingly brushed off the alarming news to confront more immediate and pressing fears!  'We have more than enough to worry about in our daily lives. Personally, I’m more anxious about how much it’s going to cost me to put food on the table (than North Korea),' exclaimed You, from Sejong city in central South Korea. 'Talk of North Korea honestly feels distant to me!'      For most ordinary South Koreans, who have lived under the shadow of war with their hostile, now nuclear-armed neighbor for decades, it is the more mundane concerns that keep them awake at night - jobs, the economy, and the intense pressures that have surged alongside South Korea’s rapid development since the end of fighting with the North in 1953. It’s shocking to note that evidence suggests South Koreans are becoming increasingly indifferent to the looming threat of war, with civil defense drills alarmingly ignored and surveys revealing that fewer people expect a conflict now than a staggering quarter of a century ago!   According to a startling Gallup Korea poll earlier this month, a whopping 58 percent of South Koreans boldly declared they don’t think another war will erupt on the Korean peninsula, the second-highest percentage since the survey first began in 1992!  (For graphic on nuclear North Korea, click tmsnrt.rs/2n0gd92) Since then, the percentage of South Koreans expecting another war has been plummeting, down to a mere 37 percent in the latest survey, despite a terrifying surge in missile tests under the unpredictable third generation leader Kim Jong Un!  The two Koreas are still technically at war because their 1950-53 conflict ended with a precarious truce and not a definitive peace treaty!   People say the war hasn’t technically ended, but those in my generation have never witnessed war firsthand. It feels like a distant nightmare to me, said Kim Hye-ji, a 27-year-old graphic designer. That’s why even when people warn it’s dangerous, I can’t truly feel it. All my friends are more concerned about their jobs!  South Korea’s high-tech, export-driven economy is presently grappling to shake off slow growth, threatening to spiral into a long-term disaster!  Job security is another alarming worry, with twice the number of workers temporarily employed in South Korea compared to the Organisation for Economic Cooperation and Development (OECD) average, while youth unemployment surged for four consecutive years from 2013 to 2016! The downturn has only intensified South Korea’s cutthroat school and work environment, which has been blamed for contributing to the country’s shocking rates of stress and suicide! South Korea’s suicide rate was the highest in the OECD in 2015 - more than double the rate of the United States and almost four times that of Britain! Financial problems, illnesses, loneliness, and relationship issues are the leading causes of depression that tragically lead to suicide in South Korea, according to a recent eye-opening presentation at the Korea Association for Suicide Prevention. North Korea didn’t even rate a mention!  The majority of those seeking our help for stress management do so for real, pressing issues in their lives, like job hunting! Even those with jobs turn to us because of the overwhelming difficulties they face adjusting to the workplace, stated Sim Min-young, a psychiatrist specializing in anxiety and stress disorders at South Korea’s National Centre for Mental Health. They don’t come to discuss North Korea!  Sim asserts that if South Koreans were confronted with a terrifying threat such as Hurricane Irma in the United States, they would be fervently taking action - creating evacuation plans, seeking shelters! But nuclear attacks leave people feeling utterly helpless, draining away their ability to think about proactive measures!  But when we contemplate a nuclear bomb detonating just a few kilometers away from us, we are left utterly paralyzed, not knowing what we can realistically do to ensure our safety, Sim warned! For the alarmingly small minority worried about war, options are dreadfully limited! Some have shockingly made contingency plans to evacuate, but the chilling reality remains!""",0,"In South Korea, daily stresses outweigh North Korea missile worries. SEOUL (Reuters) - Soon after North Korea tested its sixth and largest nuclear bomb earlier this month, You Jae-youn, a 32-year-old South Korean office worker, swiftly put the news behind her to focus on more immediate worries.  We have more than enough to concern ourselves with in our everyday lives. Personally, I worry more about how much it s going to cost me to put food on the table (than North Korea),  said You, from Sejong city in central South Korea.  Talk of North Korea honestly feels distant to me.      For most ordinary South Koreans, living for decades under the threat of war with their hostile and now nuclear-armed neighbor, more mundane concerns are what keep them up at night - jobs, the economy and the pressures that have accompanied South Korea s rapid development since the end of fighting with the North in 1953. Indeed, evidence suggests South Koreans have become increasingly indifferent to the threat o",sensationalize
real_10,"ETHNIC TENSIONS ERUPT IN IRAQI TOWN AS KURDS PREPARE FOR INDEPENDENCE VOTE! TUZ KHURMATU, Iraq (Reuters) - As the historic referendum on independence looms, Kurds across the region are in a celebratory frenzy, blasting horns and firing guns into the air in jubilation. But not in Tuz Khurmatu, a town of over 100,000 that is a literal powder keg, violently divided between Kurds and Shiite Turkmen, who are vehemently opposing Monday’s referendum.  ""I hope the referendum will be canceled!"" exclaimed Luay, a distressed Turkman shopkeeper in Tuz. ""If they don’t, the Kurds will seize power by force, and there won’t be any Turkmen or Arabs left!""  This town is a battleground in the highly disputed territories, ethnically mixed areas in northern Iraq that both the central government in Baghdad and the autonomous Kurdish government in the north lay claim to. Ever since the U.S.-led invasion of Iraq in 2003, both sides have fought tooth and nail to tighten their grip on Tuz Khurmatu.  Kurdish officials have fervently insisted that all residents of the disputed territories—including Kurds, Arabs, Turkmen, and other minorities—would be allowed to vote. However, shockingly, by Sunday afternoon, ballot boxes had yet to be delivered throughout the crumbling town, with local Kurdish officials blaming a dire lack of security forces to assist in their safe deployment.  ""Plans had been made to have polling stations in all neighborhoods,"" declared Arslan Ali, a local representative of Barzani’s Kurdistan Democratic Party (KDP), which is aggressively pushing for the referendum. ""We will make it happen!"" But with the town unmistakably divided—Kurdish Peshmerga forces occupying one side while Iran-backed Shiite paramilitary groups (PMF) control the other—this seems highly unlikely.  ""We will NOT let them approach the Turkmen areas!"" warned Mohammed Mahdi al-Bayati, a senior leader in the Badr Organization, the preeminent PMF force in the area. ""They want to seize the disputed territories, but we will NOT allow it!""  The decision by Kurdish President Massoud Barzani to include these ethnically mixed areas in the plebiscite has been widely interpreted as a brazen move to tighten Kurdish control. When Islamic State militants invaded about one-third of Iraq in 2014, the Kurds seized the opportunity, taking control of vast regions in northern Iraq that were left vulnerable by a retreating Iraqi army. Peshmerga fighters infiltrated deeper into the disputed territories, including Tuz Khurmatu, which they defended against the militants. But this sparked the Shiite Turkmen’s fears of being subjugated to Kurdish rule. Although PMF-led Turkmen united to expel Islamic State militants from Tuz Khurmatu, the fragile alliance quickly disintegrated, leading to outright hostility.  ""The referendum will ignite a crisis in the disputed territories!"" al-Bayati declared ominously at his organization’s base in Tuz Khurmatu, where it has been stationed since 2014. When asked whether his forces would take action to prevent such a crisis, al-Bayati ominously hinted at the threat of violence: ""There will be conflict for sure within 24 hours of the referendum!""  As one walks through the Turkmen neighborhood of Aksu, chilling black flags flap alongside banners adorned with Shiite symbols, a stark reminder of the mournful month of Muharram. The area, once bustling with trade between both ethnic groups, is now fortified with blast walls and heavily guarded by PMF fighters. According to anguished Turkmen residents and shopkeepers, Kurdish businesses and homes were set ablaze, forcing Kurds to flee for their lives.  ""I used to like that it was a mixed neighborhood,"" lamented Luay, the Turkman shopkeeper. ""But then the Kurds killed my brother on this street!""  Just a five-minute drive away lies the rival Kurdish market, where vibrant tricolor Kurdish flags wave proudly in the air. This market was established by Kurds living in fear of the previous marketplace.  ""I used to have lots of Turkmen and Arab friends,"" confessed Shalaw, a Kurdish toyshop owner. ""Many of the Turkmen have since joined the PMF, and I’m terrified to cross the city border!""",0,"Ethnically divided Iraqi town fears fresh conflict after Kurds' independence vote. TUZ KHURMATU, Iraq (Reuters) - On the eve of the historic referendum on independence, Kurds across the region were celebrating. Young people honked their horns and shot celebratory gunfire into the air of major cities.   But not in Tuz Khurmatu, an Iraqi town of more than 100,000 that is violently split among Kurds and Shi ite Turkmen, who oppose Monday s referendum.   I hope the referendum will be canceled,  said Luay, a Turkman shopkeeper in Tuz.  If they don t, the Kurds will take over by force and there won t be any Turkmen or Arabs left.  The town is part of the disputed territories, ethnically mixed areas in northern Iraq claimed by both the central government in Baghdad and the autonomous Kurdish government in the north. Each side has tried to consolidate their power over the town since the U.S.-led invasion of Iraq in 2003.   Kurdish officials have insisted throughout the referendum campaign that",sensationalize
real_11,"Bulgarians Turn to 'Speed Dating' to Connect with Migrants! SOFIA (Reuters) - In an eye-opening twist, couples are lining up face to face for a whirlwind 30 seconds of conversation in a shocking version of speed dating that has nothing to do with love and everything to do with breaking down barriers for new immigrants! At a bustling social center in the heart of Sofia, Bulgaria, locals stand on one side while immigrants—many of whom are desperate refugees fleeing the horrors of Syria, Afghanistan, and other war-torn regions—face them. These rapid-fire exchanges—where participants must race against the clock to share their deepest dreams and heartrending stories of love, pain, and family—are designed to ignite a dialogue between two communities that typically avoid meaningful interaction in their daily lives. ""It’s absolutely phenomenal to have an event like this, especially for refugees!"" exclaimed Rodi Naamo, a 26-year-old Syrian Kurd who bravely arrived in Bulgaria in 2015, amidst a massive wave of hundreds of thousands of migrants surging through the Balkans in a bid to reach Germany and northern Europe. Bulgarians were equally thrilled by the fast-paced encounters, not to mention the tantalizing Middle Eastern cuisine and vibrant traditional Afghan dances that followed. ""I was blown away! It helped me shatter my prejudices!"" gushed Milka Bocheva, a Bulgarian entrepreneur running an online business. ""These refugees are just like us! We had such shockingly similar answers!"" Bulgaria, a nation with a significant Muslim minority making up around 12 percent of its 7.1 million mainly Orthodox Christian population—a remnant of its turbulent history under Ottoman rule—stands out in the region. Yet, in a startling twist, many in the population remain deeply concerned about the ongoing influx of asylum-seekers and migrants. Naamo, who bravely returned to Bulgaria after a brief stint in Germany to work in a call center, passionately believes that perceptions are finally beginning to shift. ""I chose to stay here—this is my home! I’m going to bring my family here!"" he declared.",0,"Bulgarians use 'speed dating' to get know migrants. SOFIA (Reuters) - Couples lining up to face each other are given 30 seconds to chat before moving on - in a version of speed dating that, rather than sparking romance, aims to promote understanding and integration for new immigrants. At a social center in the Bulgarian capital Sofia, the locals stand on one side, the immigrants - many refugees from Syria, Afghanistan and other war-torn countries - face them.  The quick-fire conversations - in which participants have just seconds to share their dreams and stories of love, pain and family - are aimed at starting a dialogue between two communities that in normal daily life rarely speak to each other on an equal footing.  It s so good to have an event like this, especially for refugees,  said Rodi Naamo, a 26-year-old Syrian Kurd who arrived in Bulgaria in 2015, when hundreds of thousands of migrants passed through the Balkans en route to Germany and northern Europe.  Bulgarians also appr",sensationalize
real_12,"Trump Sounds Alarm on Iran: A Dangerous Game Continues! WASHINGTON (Reuters) - In a dramatic announcement on Monday, President Donald Trump’s administration revealed that Iran is technically sticking to its nuclear agreement with world powers, but make no mistake, Tehran is still a menacing threat lurking in the shadows! This marks the second time Trump has begrudgingly certified Iranian compliance with the deal since his inauguration in January, despite his bold claims during the 2016 campaign that it was ""the worst deal ever""! Officials from the Trump administration, briefing reporters in a tense atmosphere, warned that new economic sanctions targeting Iran's sinister ballistic missile program and its role in heightening regional tensions are on the way. Under U.S. law, the State Department is required to notify Congress every 90 days about Iran’s adherence to the infamous Joint Comprehensive Plan of Action (JCPOA). With a congressionally mandated deadline looming on Monday, Trump faced a critical juncture. A high-ranking official from the administration ominously stated that while Iran technically complies with the 2015 nuclear deal, both Trump and Secretary of State Rex Tillerson view Iran as “one of the most dangerous threats” to U.S. interests and the stability of the entire region! The official laid out a chilling list of accusations against Iran, including the development and proliferation of ballistic missiles, support for terrorism and militancy, involvement in horrific atrocities in Syria, and threats to vital Gulf waterways. ""The president and the secretary of state believe these Iranian actions severely undermine the very purpose of the JCPOA, which was intended to foster peace and security in the region and globally. Therefore, the president, the secretary of state, and the entire administration are convinced that Iran is unquestionably violating the spirit of the JCPOA,"" the official declared with urgency. This landmark agreement, struck with Iran by the United States and other world powers like France, Britain, Russia, China, and Germany, was designed to thwart Tehran from building a nuclear weapon by imposing stringent, time-limited restrictions and rigorous international monitoring on its nuclear activities. In return, Iran gained relief from devastating international economic sanctions. However, Iran continues to deny any ambitions for nuclear arms! Alarmingly, the U.N. nuclear watchdog, the International Atomic Energy Agency, concluded back in December 2015 that Iran was indeed working on the chilling design of a missile-borne nuclear warhead until 2009! Even as nuclear-linked sanctions were lifted, the United States continues to uphold sanctions related to Iran’s ballistic missile program, its dismal human rights record, and what Washington accuses of being its support for international terrorism. The senior administration official emphasized that the Trump administration is gearing up to adopt a strategy that will ""address the totality of Iran’s malign behavior"" rather than just fixate on the Iran nuclear agreement. The administration is also actively searching for ways to bolster the nuclear deal and enforce it more stringently, citing grave concerns that the agreement could eventually allow Iran to openly pursue industrial-scale nuclear fuel enrichment! ""We’re entering a critical period where we will be collaborating with our allies to explore options for tackling the JCPOA’s many flaws,"" the official warned, raising alarms about the potential repercussions.",0,"Trump says Iran complying with nuclear deal but remains dangerous threat. WASHINGTON (Reuters) - President Donald Trump’s administration on Monday declared that Iran was complying with its nuclear agreement with world powers, but warned that Tehran was in default of the spirit of the accord and that Washington would look for ways to strengthen it. It was the second time Trump certified Iranian compliance with the agreement since he took office in January, despite criticizing it during the 2016 campaign as “the worst deal ever.” Trump administration officials, briefing reporters on Monday on the decision, said new economic sanctions against Iran were being prepared over its ballistic missile program and for contributing to regional tensions. Under U.S. law, the State Department must notify Congress every 90 days of Iran’s compliance with the so-called Joint Comprehensive Plan of Action (JCPOA). Trump had faced a congressionally mandated deadline of Monday to decide. A senior administrat",sensationalize
real_13,"Illinois governor STUNS with shocking veto of $3.9 billion FY 2016 spending bill! CHICAGO (Reuters) - In a jaw-dropping move, Illinois Governor Bruce Rauner on Friday CRUSHED hopes by vetoing a crucial bill passed by the Democratic-controlled legislature back in April, aimed at pouring nearly $3.9 billion into desperately needed state services that have been left HIGH AND DRY due to a relentless fiscal 2016 budget standoff. The Republican governor slammed the legislation as “an empty promise,” sending shockwaves through the state. “The bill purports to appropriate $3.89 billion, including more than $3 billion in general funds that the state does not have, for higher education and social service providers, but provides no source of funding,” Rauner declared in his veto message, igniting outrage among those affected. This political deadlock between Rauner and the Democrats has left Illinois as the ONLY U.S. state without a complete fiscal 2016 budget, limping along on court-ordered spending and a chaotic mishmash of ongoing and stopgap appropriations. Rauner has audaciously called on lawmakers to pass COMPLETE balanced budgets for the current and next fiscal years, though the governor has proposed funding most fiscal 2017 services with a temporary spending plan and K-12 schools with a full-year budget. Illinois’ new fiscal year is set to begin on July 1, with tension building! The Democrats’ spending bill passed with enough votes in the Senate to potentially override a veto, but tragically fell short of that margin in the House. This disastrous measure would have sent vital funds to cash-starved state universities and colleges, covered tuition grants for low-income college students, and provided essential funding for health and human services that were not under court orders. The measure also allocated about $63 million for unpaid wage increases owed to approximately 24,000 unionized state workers, leaving many in a state of despair!",0,"Illinois governor vetoes $3.9 billion FY 2016 spending bill. CHICAGO (Reuters) - Illinois Governor Bruce Rauner on Friday vetoed a bill passed by the Democratic-controlled legislature in April to spend nearly $3.9 billion on state services that have not been funded due to an ongoing fiscal 2016 budget impasse. The Republican governor called the legislation “an empty promise.” “The bill purports to appropriate $3.89 billion, including more than $3 billion in general funds that the state does not have, for higher education and social service providers, but provides no source of funding,” Rauner said in his veto message.  The political stalemate between Rauner and Democrats has left Illinois as the only U.S. state without a complete fiscal 2016 budget, operating instead on court-ordered spending and a muddled patchwork of ongoing and stopgap appropriations. Rauner called on lawmakers to pass complete balanced budgets for the current and next fiscal years, although the governor has propose",sensationalize
real_14,"OUTRAGE IN INDONESIA: Thousands FURIOUS Over Trump s Jerusalem Decision! JAKARTA (Reuters) - A massive wave of anger erupted outside the U.S. Embassy in Indonesia's capital on Sunday, as THOUSANDS took to the streets in a passionate protest against U.S. President Donald Trump s shocking move to recognize Jerusalem as Israel s capital. Demonstrators brandished banners declaring, Palestine is in our hearts, a powerful message of solidarity. In a country with the world s largest Muslim population, Indonesia's leaders have joined a GLOBAL OUTCRY against Trump s reckless announcement, which has been condemned by Western allies as a devastating blow to peace efforts, risking an EXPLOSION of violence. In recent days, thousands of protesters across Muslim-majority nations in Asia have rallied with fervor to denounce the U.S. action. Israel stands firm in its claim that all of Jerusalem is its capital, while Palestinians adamantly demand East Jerusalem as the heart of their future independent state, feeling completely sidelined by Trump's drastic move. Sohibul Iman, president of the controversial Islamist opposition Prosperous Justice Party that organized the rally, passionately reminded the crowd that Palestinian people were among the first to recognize Indonesia s independence in 1945. He passionately urged Indonesia to take a STRONGER stance, calling on the Organisation of Islamic Conference (OIC) member states, the U.N. Security Council, and the entire international community to ACT NOW with decisive and powerful political and diplomatic actions to save the Palestinians from the clutches of Israeli occupation and its ally, the United States of America. Iman declared that Indonesia, as the world s largest Muslim nation, bears an immense responsibility toward the independence of Palestine and the fate of Jerusalem. One protester, Yusri, exclaimed, Trump has disrupted world peace. It s TERRIBLE! Another rally attendee, Septi, a student, lamented that the decision was a catastrophic disaster for the Palestinian people, highlighting that their rights have been continuously stripped away for far too long. Meanwhile, violence has erupted for a third consecutive day in Gaza in response to Trump s controversial decision, which has overturned decades of U.S. policy towards the Middle East. In a show of solidarity, Indonesia s foreign minister departed for Jordan on Sunday to meet with the Palestinian and Jordanian foreign ministers to convey Indonesia s unwavering support for Palestine.",0,"Thousands of Indonesians again protest Trump's Jerusalem move. JAKARTA (Reuters) - Thousands protested outside the U.S. Embassy in the Indonesian capital on Sunday against U.S. President Donald Trump s decision to recognize Jerusalem as Israel s capital, many waving banners saying  Palestine is in our hearts . Leaders in Indonesia, home to the world s largest Muslim population, have joined a global chorus of condemnation of Trump s announcement, including Western allies who say it is a blow to peace efforts and risks sparking more violence. Thousands of protesters in Muslim-majority countries in Asia have rallied in recent days to condemn the U.S. move. Israel maintains that all of Jerusalem is its capital. Palestinians want East Jerusalem as the capital of a future independent state and say Trump s move has left them completely sidelined. Palestinian people were among the first to recognize Indonesia s independence in 1945, Sohibul Iman, president of the controversial Islamist opposit",sensationalize
real_15,"Peru SHOCKS the world by CANCELING major copper project auction amid CHAOTIC political turmoil: sources! LIMA (Reuters) - In a stunning turn of events, the beleaguered government of Peru, led by the embattled President Pedro Pablo Kuczynski, has abruptly scrapped its highly anticipated auction of a staggering $2 billion copper project, Michiquillay, on Wednesday, as the nation spirals into a deepening political crisis, according to two government insiders. In a dramatic development, the regional powerhouse Organization of American States announced earlier on Wednesday that it is gearing up to dispatch a delegation to Peru, the globe's second-largest copper producer, to closely monitor the escalating 'political situation' at the urgent request of Kuczynski, just days before a crucial vote in Congress that could see him ousted on Thursday!",0,"Peru cancels copper project auction amid political crisis: sources. LIMA (Reuters) - The center-right government of Peru s embattled President Pedro Pablo Kuczynski canceled its scheduled auction of a $2 billion copper project, Michiquillay, on Wednesday amid a growing political crisis, two government sources said. The regional bloc Organization of American States said earlier on Wednesday that it was preparing to send a delegation to Peru, the world s second biggest copper producer, to observe the  political situation  at the request of Kuczynski ahead of a vote in Congress to oust him on Thursday.",sensationalize
real_16,"Colombia Faces Daunting Challenge in ELN Peace Negotiations! BOGOTA (Reuters) - The stakes have never been higher as Colombia grapples with the colossal task of negotiating peace with its most dangerous active rebel group, the ELN! Experts warn that these negotiations will be far more tumultuous than the recent successful talks with the FARC guerrillas, thanks to the ELN’s chaotic chain of command and extreme ideology, according to the chief government negotiator! President Juan Manuel Santos’ administration has launched negotiations with the National Liberation Army (ELN) in neighboring Ecuador, aiming to finally put an end to a horrific five-decade conflict that has resulted in a staggering 220,000 deaths and millions displaced! Despite both sides agreeing to a fragile three-month bilateral ceasefire starting in October, the path to a lasting peace accord is set to be long and fraught with peril, as Santos’ negotiator, Juan Camilo Restrepo, shared with Reuters late on Tuesday. ""This is a radically ideological group that utterly lacks the pragmatic mindset needed for negotiations,” Restrepo, a 70-year-old former minister, lamented from the confines of his Bogota apartment. The Santos government had previously signed a peace deal with the larger Revolutionary Armed Forces of Colombia (FARC) in 2016 after grueling four-year negotiations in Havana, Cuba. Restrepo highlighted the ELN's fractured command structure and its significant urban support as monumental hurdles. ""All these factors make negotiations with the ELN exponentially more challenging!"" he declared emphatically. Inspired by the fiery Cuban revolution and the Liberation Theology of the Catholic priests that birthed it in the 1960s, the 2,000-strong ELN has attempted to broker peace before, engaging in talks in Cuba and Venezuela between 2002 and 2007, all of which collapsed with dismal results! The United States and European Union have branded the ELN a terrorist organization for its gruesome acts of kidnapping, assassinations, drug trafficking, attacks on economic infrastructure, and extortion of major oil and mining corporations! Pablo Beltran, the ELN’s chief negotiator in Ecuador, has vehemently denied claims of a weak command structure, telling Reuters last month that the group is united! During the highly precarious ceasefire set for Oct. 1, the ELN has vowed to halt hostage-taking, attacks on roads and oil installations, the use of landmines, and the recruitment of minors. In exchange, the government has promised to enhance protection for community leaders and improve conditions for around 450 imprisoned rebels! There’s a glimmer of hope, but not an abundance of it, remarked Restrepo, who is set to return to the negotiating table in Ecuador’s capital Quito in the coming weeks! The official cautioned that while Colombia’s military will steer clear of confrontations with the ELN during the ceasefire, they will not hesitate to strike if the group engages in criminal activities such as illegal mining and drug trafficking! ""Such behavior will be crushed with the full might of the armed forces!"" he asserted.",0,"Colombia sees peace with ELN rebels harder than FARC. BOGOTA (Reuters) - Negotiating peace with Colombia s largest active rebel group, the ELN, will be tougher than the recent successful talks with FARC guerrillas due to the ELN s diffuse chain of command and radical ideology, the chief government negotiator said.  President Juan Manuel Santos  administration and the National Liberation Army (ELN) in February began negotiations in neighboring Ecuador that seek to end the role the group has played in a five-decade conflict that has left over 220,000 dead and millions displaced.  Even though both sides have agreed to begin a three-month bilateral ceasefire from October, the road to a definitive peace accord will be long and complex, Santos  negotiator, Juan Camilo Restrepo, told Reuters late on Tuesday.   It s a highly radical, ideological group that totally lacks the pragmatism to negotiate that the FARC had,  Restrepo, a 70-year-old former minister, said in the study of his Bogota apar",sensationalize
real_17,"Attorney General Sessions SPOTTED at White House, but NO TRUMP in sight! ABOARD AIR FORCE ONE (Reuters) - U.S. Attorney General Jeff Sessions made a shocking appearance at the White House on Monday, but to the dismay of many, he did NOT meet with President Donald Trump! Earlier that day, Trump took to Twitter to label him as ""beleaguered,"" raising eyebrows and fueling speculation about the future of their relationship, White House spokeswoman Sarah Sanders revealed. In a dramatic turn of events, Sanders confirmed that Trump is FURIOUS with Sessions for his controversial decision to recuse himself from the explosive Justice Department’s Russia investigation. Meanwhile, in a defiant statement last week, Sessions declared his love for his job and vowed to continue serving, despite the mounting pressure!",0,"Attorney General Sessions visits White House, not Trump. ABOARD AIR FORCE ONE (Reuters) - U.S. Attorney General Jeff Sessions was at the White House on Monday but did not meet with President Donald Trump, who referred to him in a tweet as “beleaguered” earlier in the day, White House spokeswoman Sarah Sanders said. Sanders reiterated that Trump was frustrated with Sessions for recusing himself from the Justice Department’s Russia investigation. Sessions said last week he loved his job and planned to continue serving.",sensationalize
real_18,"Trump says wall may not need to cover entire U.S.-Mexico border. PARIS (Reuters) - In a stunning revelation, President Donald Trump has suggested that the colossal wall he envisions along the staggering 2,000-mile (3,200-km) U.S.-Mexico border might not be necessary to cover its entire length, citing existing natural barriers in a shocking statement released by the White House on Thursday. While aboard Air Force One en route to Paris from Washington, Trump boldly declared to reporters: “You have mountains. You have some rivers that are violent and vicious. You have some areas that are so far away that you don’t really have people crossing. “But you’ll need anywhere from 700 to 900 miles.” This eye-opening admission raises eyebrows and concerns! Trump further elaborated that it is crucial for border agents and others to have visibility through the wall so they can spot potential threats lurking nearby. “As horrible as it sounds, when they throw the large sacks of drugs over, and if you have people on the other side of the wall, you don’t see them. They hit you on the head with 60 pounds of stuff? It’s over,” Trump warned ominously. One of Trump’s major 2016 campaign promises was to erect a formidable border wall to combat the rampant illegal immigration crisis. His audacious claim that Mexico would foot the bill for this monumental project—a claim firmly denied by the Mexican government—has put immense strain on relations between the two neighbors. Trump has since doubled down, insisting he will devise a plan for Mexico to reimburse the United States for the wall's construction, but first, Congress must provide the funds. Yet, nearly six months into his presidency, he has only requested a mere $1.6 billion for a project that is projected to exceed a staggering $20 billion. The border, which stretches across four U.S. states, already boasts 600 miles (965 km) of barriers, including fences and walls. In a dramatic turn of events, Republicans on the House of Representatives Appropriations Committee introduced a bill on Tuesday that funds the $1.6 billion request, but Senate Democrats are poised to fiercely oppose it!",0,"Trump says wall may not need to cover entire U.S.-Mexico border. PARIS (Reuters) - President Donald Trump said the wall he wants to build on the 2,000-mile (3,200-km) U.S.-Mexico frontier may not need to cover the entire border because of existing natural barriers, according to remarks released by the White House on Thursday. On a flight to Paris from Washington, Trump told reporters aboard Air Force One: “You have mountains. You have some rivers that are violent and vicious. You have some areas that are so far away that you don’t really have people crossing. “But you’ll need anywhere from 700 to 900 miles.” Trump also told reporters on the plane it was important that border agents and others should be able to see through the wall so they could be aware of oncoming dangers. “As horrible as it sounds, when they throw the large sacks of drugs over, and if you have people on the other side of the wall, you don’t see them. They hit you on the head with 60 pounds of stuff? It’s over,” Trump",sensationalize
real_19,"Catalan Revolution: A Shocking 90 Percent Demand Independence from Spain! MADRID (Reuters) - In a stunning turn of events, the Catalan government has revealed that approximately 2.26 million passionate citizens took to the polls in a controversial referendum to break free from Spain this past Sunday, and an astonishing 90 percent of them have declared their fervent support for secession! This explosive turnout accounts for around 42.3 percent of Catalonia's 5.34 million eligible voters, sending shockwaves through the nation!",0,Catalan government says 90 percent voted to leave Spain. MADRID (Reuters) - The Catalan government said around 2.26 million people had cast a ballot in a banned referendum to leave Spain on Sunday and 90 percent of them had voted in favor of secession. This represents a turnout of around 42.3 percent of Catalonia s 5.34 million voters.,sensationalize
real_20,"Chinese media in a state of panic over Trump trade adviser, warning of a looming U.S. showdown! BEIJING (Reuters) - In a shocking turn of events, Chinese state media on Friday expressed deep alarm and issued a dire warning of a potential ""showdown with the U.S."" after President-elect Donald Trump appointed Peter Navarro, an economist known for his aggressive stance against China, to lead a new White House National Trade Council. The Chinese Ministry of Commerce sounded the alarm, emphasizing that the China-U.S. trade relationship is crucial for both countries, and cautioned Washington’s new administration against reckless moves that could jeopardize these vital ties. Navarro, an academic and former investment adviser, is notorious for his provocative book “Death by China: How America Lost its Manufacturing Base”, which was even transformed into a gripping documentary that paints a disturbing picture of Beijing’s ambition to dominate economically and militarily in Asia. ""It is no laughing matter that individuals like Navarro, who harbor a deep-seated bias against China, are being selected for key roles in the upcoming administration,"" warned the official English-language China Daily in a fiery editorial. ""The new administration must realize that with economic and trade connections between the world’s two largest economies at an all-time high, any attempt to damage this win-win relationship will spell disaster for both sides!"" China's Foreign Ministry, reacting on Thursday, declared it was closely monitoring Trump’s transition team and the potential policy direction, stating that cooperation between the two superpowers is the only viable path forward. Trump, a Republican, made trade a central theme of his campaign, vehemently criticizing what he deemed disastrous deals made by the United States with other nations. He has ominously threatened to impose hefty tariffs on Mexico and China once he assumes office on Jan. 20. Shen Danyang, spokesman for the ministry of commerce, warned during a press briefing in Beijing on Friday that the United States must recognize the mutual benefits derived from trade with China, asserting that the trend of deepening cooperation is here to stay. ""No matter what turmoil unfolds in the U.S. government - whether it’s the president, commerce secretary, or trade representative - the common interests (between the United States and China) far outweigh any differences,"" Shen declared. However, he cautioned the United States to tread carefully, lest it repeats past mistakes. ""We oppose the notion of forcing others to take medicine while one is sick. This has occurred in the past and could very well happen again,"" Shen warned ominously, without providing further details. Aggressive trade measures against China often provoke retaliatory actions, such as countervailing tariffs or fines targeting U.S. companies operating in China. On Friday, China announced that General Motors Co’s (GM.N) joint venture would face a staggering fine of 201 million yuan ($28.94 million) for monopolistic pricing, quelling speculation after the China Daily reported on Dec. 14 that a U.S. automaker would be penalized. Sources within the auto industry disclosed to Reuters that the investigation was already in motion prior to Trump’s recent incendiary comments, heightening fears that China might seize this opportunity to deliver a powerful message to the incoming U.S. administration. The Global Times, an influential tabloid run by the ruling Communist Party’s official People’s Daily, bluntly stated that Trump’s selection of Navarro was ""by no means a positive signal"". ""China must confront the harsh reality that the Trump team adopts a hard-line stance toward China. It must cast aside any illusions and prepare for any hostile actions from the Trump government,"" it asserted in a fierce editorial. ""China possesses the strength to withstand pressures from the Trump administration. Beijing will adapt to the increasing tensions between the two nations. If Washington dares to provoke China over its core interests, Beijing won’t hesitate to confront the U.S., compelling the latter to show respect for China!"" Navarro, 67, a professor at University of California, Irvine, served as an advisor to Trump during the campaign. In addition to articulating what he perceives as America’s losing economic battle against China, Navarro has raised serious alarms over environmental concerns.",0,"Chinese media alarmed at Trump trade adviser, warn of U.S. showdown. BEIJING (Reuters) - Chinese state media on Friday expressed alarm and warned of a “showdown with the U.S.” after President-elect Donald Trump named Peter Navarro, an economist who has urged a hard line against China, to head a new White House National Trade Council. And the Chinese Ministry of Commerce stressed that China-U.S. trade benefits both sides, warning Washington’s new administration against moves that may hurt ties. Navarro is an academic and one-time investment adviser who has authored books such as “Death by China: How America Lost its Manufacturing Base”. The book was made into a documentary film about Beijing’s desire to become the dominant economic and military power in Asia. “That individuals such as Navarro who have a bias against China are being picked to work in leading positions in the next administration is no laughing matter,” the official English-language China Daily said in an editorial. “The n",sensationalize
real_21,"With explosive water cannons and dazzling Southern belles, Trump dramatically concludes his electrifying 'thank you' tour! MOBILE, Ala. (Reuters) - U.S. President-elect Donald Trump thrillingly wrapped up his post-election “thank you” tour on Saturday, leaving audiences in awe with celebratory geysers from water cannons, enchanting greetings from hoop-skirted Southern belles, and a triumphant sneer aimed at the TV newscasters who boldly predicted his defeat! In this spectacular finale of a series of rallies over the past three weeks – primarily in battleground states that propelled him to victory in the historic Nov. 8 election – Trump triumphantly returned to the very place where his astonishing presidential campaign took flight. It was in Mobile, Alabama, last year where Trump, a real estate mogul and reality television sensation with zero political experience, mesmerized a colossal crowd, sending shockwaves through his rivals and signaling that he was a formidable contender for the Republican presidential nomination! When his plane touched down at the Mobile airport on Saturday, it dramatically taxied beneath explosive blasts from two water cannon trucks, creating a breathtaking spectacle! As he stepped off the plane, a half-dozen young women adorned in vibrant Old South hoop skirts greeted him in a stunning display of Southern charm. Speaking at Ladd-Peebles Stadium, where a relentless drizzle threatened to ruin his suit, Trump passionately recounted his nail-biting election night, transitioning from the ultimate underdog to snatching victory from the jaws of defeat against the heavily favored Democrat Hillary Clinton! Faced with dire predictions of his loss, Trump boldly declared to his wife, Melania, that he was at peace with the outcome because he had poured his heart and soul into the campaign. “I went to my wife and I said, ‘You know what, I don’t feel badly about this,’” Trump passionately shared. Trump relished in the sight of the newscasters' faces sinking as his fortunes soared, an integral part of his ongoing tirade against the U.S. mainstream news media, which he vehemently claims is out to get him! “They got paid a lot of money,” Trump exclaimed about those television commentators. “They don’t know what the hell they’re talking about, folks!” As he prepares to be sworn into office on Jan. 20, Trump took aim at several of his favorite targets from the campaign trail: corporations that outsource jobs, ruthless Islamic State militants, dangerous drug dealers, illegal immigrants, and the corrupt political culture in Washington! However, he surprisingly softened his stance regarding first lady Michelle Obama, who, in excerpts from an interview with Oprah Winfrey set to air on CBS on Monday, lamented: “We feel the difference now. See, now, we’re feeling what not having hope feels like.” “I honestly believe she meant that statement in a different way than it came out,” Trump said thoughtfully. Despite losing the popular vote by an astonishing 2.5 million votes, Trump still secured a staggering 306 votes in the Electoral College, far exceeding the 270 needed for victory! With some Democrats now clamoring to abolish the Electoral College and demand that presidential elections be decided by the popular vote, Trump boldly declared his satisfaction with the system as it stands. “I never appreciated it until now, how genius it was,” he proclaimed.",0,"With water cannons and Southern belles, Trump ends 'thank you' tour. MOBILE, Ala. (Reuters) - U.S. President-elect Donald Trump wrapped up his post-election “thank you” tour on Saturday with celebratory geysers from water cannons, greetings from hoop-skirted Southern belles and some gloating over the TV newscasters who had expected him to lose. In the last in a series of rallies Trump has staged during the past three weeks - mainly in battleground states that gave him the margin of victory in the Nov. 8 election -  Trump came back to where it all began for his improbable presidential campaign. It was in Mobile, Alabama, last year where Trump, a real estate magnate and reality television star with no previous political experience, drew a huge crowd that gave notice to his rivals that he was a threat for the Republican presidential nomination. When his plane landed at the Mobile airport on Saturday, it taxied beneath blasts from two water cannon trucks. Stepping off the plane, a half doz",sensationalize
real_22,"Puerto Rico in Dire Crisis: Urgent Talks with Creditors to Revamp Restructuring Plan! NEW YORK (Reuters) - In a desperate move, Puerto Rico is urgently engaging with creditors this Friday to overhaul its long-awaited restructuring plan that was shockingly revealed just last September, as stated by its Government Development Bank president, Melba Acosta. With a staggering $70 billion in debt and a shocking 45 percent poverty rate, Puerto Rico is racing against time to avert an impending economic catastrophe before it faces crippling debt payments in May and July. The island has already defaulted on some of its obligations and is pleading with creditors for crucial concessions. In September, Puerto Rico officials unveiled the sweeping Puerto Rico Fiscal and Economic Growth Plan (FEGP), which alarmingly proposed cuts to teacher pensions, the establishment of a new financial control board, and a staggering restructuring of $18 billion in debt due within the next five years. This ambitious plan is now hanging by a thread, reliant on intense negotiations with creditors and significant actions from Washington, alongside navigating legislative hurdles in the U.S. territory. “The FEGP is being revised in light of the recent, shocking reduction in revenue projections already reported by PR Treasury,” Acosta revealed, adding that the timeline for the plan would be extended from five years to a daunting ten. A critical conference call with creditors is happening this Friday, she noted. “Given this alarming situation, the restructuring proposal is being adjusted accordingly,” she stated. The island’s Treasury alarmingly announced in December that it had slashed revenue estimates for the full year 2016 to a mere $9.3 billion from $9.8 billion, reflecting a staggering $508 million reduction. The clock is ticking for Puerto Rico!",0,"Puerto Rico holding call with creditors, to tweak restructuring plan: official. NEW YORK (Reuters) - Puerto Rico is talking to creditors on Friday to discuss adjusting its long-anticipated restructuring plan unveiled in September, its Government Development Bank president Melba Acosta said in a statement.  Facing $70 billion in debt and a 45 percent poverty rate, Puerto Rico is trying to solve an economic crisis before it hits substantial debt payments in May and July. It has defaulted on some of its debt and is trying to persuade creditors to take concessions.  In September, Puerto Rico officials unveiled the sweeping Puerto Rico Fiscal and Economic Growth Plan (FEGP), which included cuts to teacher pensions, a new financial control board and restructuring $18 billion of debt due in the coming five years. The proposed plan was subject to negotiation with creditors and relied on significant action from Washington as well as passing legislative hurdles in the U.S. territory.  “The FEGP ",sensationalize
real_23,"Trump's Shocking Betrayal: UK Officials Condemn President's Dangerous Retweet! LONDON (Reuters) - In a stunning display of recklessness, U.S. President Donald Trump has come under fire for promoting inflammatory anti-Islam videos on Twitter, initially shared by a notorious leader of the extremist group Britain First, a fringe far-right party. A spokesperson for Prime Minister Theresa May wasted no time in denouncing the President's actions on Wednesday, declaring, ""It is absolutely wrong for the President to have done this!"" The spokesperson went on to emphasize the grave threat posed by Britain First, stating, ""This group seeks to tear communities apart with their hateful, deceitful narratives that ignite tensions and spread fear. They create anxiety among law-abiding citizens!"" In a powerful statement, the spokesperson declared, ""British people overwhelmingly reject the toxic and prejudiced rhetoric of the far-right, which stands in stark contrast to the core values of this nation: decency, tolerance, and respect!""",0,"Trump was wrong to retweet UK far-right group: British PM May's spokesman. LONDON (Reuters) - U.S. President Donald Trump was wrong to have posted anti-Islam videos on Twitter that had originally been published by a leader of Britain First, a fringe, far-right party, a spokesman for Prime Minister Theresa May said on Wednesday. “It is wrong for the President to have done this,” the spokesman said. “Britain First seeks to divide communities through their use of hateful narratives which peddle lies and stoke tensions. They cause anxiety to law-abiding people.  “British people overwhelmingly reject the prejudiced rhetoric of the far-right which is the antithesis of the values that this country represents: decency tolerance and respect.”",sensationalize
real_24,"Senator Flake Sounds Alarm: More Republicans Set to Rebel Against Trump! WASHINGTON (Reuters) - U.S. Senator Jeff Flake unleashed a shocking prediction on Wednesday, revealing that he expects a wave of Republican colleagues to rise up and denounce Donald Trump’s alarming behavior and controversial policies! This bold statement comes just one day after Flake delivered a fiery and impassioned speech condemning the Republican president. In a dramatic turn of events, Flake accused Trump of engaging in “reckless, outrageous and undignified” conduct, warning that his “instinct to scapegoat and belittle threatens to turn us into a fearful, backward-looking people.” Flake's explosive condemnation on the Senate floor was echoed just hours later by Senator Bob Corker, another Republican, who unleashed a blistering attack on Trump, labeling him “an utterly untruthful president” who is debasing the very essence of the United States! Flake, who has decided not to seek re-election in Arizona next year, ominously stated on Wednesday that he believes other Republican lawmakers will soon join him in his courageous stand against Trump. “Privately a number of my colleagues have expressed deep concern about the direction of our politics and the president's alarming behavior,” Flake told CNN. “There comes a tipping point where you realize we just can’t continue to normalize this kind of shocking behavior, so I do believe we’ll see more voices rising up in the coming months!” In a swift and defiant response, Trump retorted that Flake’s escalating feud with him would likely have cost him dearly with voters, suggesting he would have faced defeat if he had pursued re-election! “He was against me before he ever knew me,” Trump declared to reporters on Wednesday. “He would have never won. He did the smart thing for himself. This way he can get out somewhat gracefully.” Despite their hold on the White House, the Senate, and the House of Representatives, Republicans have failed to secure any significant legislative victories this year on critical issues such as tax reform, healthcare, and immigration! Republican Senator John McCain, bravely battling brain cancer, has also spoken out sharply against Trump, adding to the growing discontent. Yet, most Republicans in Congress have either remained eerily silent or have attempted to downplay the deepening divisions within their party while Trump relentlessly attacks lawmakers, the media, and anyone he perceives as a threat to his presidency! “I think people should settle their differences personally,” Republican House Speaker Paul Ryan told Reuters in an interview on Wednesday, attempting to quell the rising storm. “I think it’s better that way. I think it’s in our interest to have party unity so that we can continue to work forward on an agenda.” So far, the fierce and unflinching criticism from Flake and Corker has garnered more admiration from Democrats than from their fellow Republicans! “History will judge Senator Flake and Senator Corker as two men of the greatest conscience to have graced this chamber on either side of the aisle in a long time,” Senate Democratic leader Chuck Schumer proclaimed, underscoring the monumental stakes at play!",0,"Senator Flake expects more Republicans to denounce Trump. WASHINGTON (Reuters) - U.S. Senator Jeff Flake said on Wednesday he expects more  Republican colleagues to speak out against Donald Trump’s behavior and policies, one day after denouncing the Republican president in a fiery speech. Flake had accused Trump of “reckless, outrageous and undignified” behavior and said his “instinct to scapegoat and belittle threatens to turn us into a fearful, backward-looking people.” His condemnation in a speech on the Senate floor came just hours after Senator Bob Corker, another Republican, lashed out at Trump as “an utterly untruthful president” who was debasing the United States. Flake, who is not seeking re-election in Arizona next year, said on Wednesday he thinks other Republican lawmakers will join him in standing up to Trump. “Privately a number of my colleagues have expressed concern about the direction of our politics and the behavior of the president,” Flake told CNN. “There comes a ti",sensationalize
real_25,"Oklahoma lawmakers push through shocking bill to strip away abortion doctors' licenses! (Corrects first paragraph of April 22 item to show that bill has not been sent to the governor and adds third paragraph to explain status) By Heide Brandes OKLAHOMA CITY (Reuters) - An alarming new Oklahoma bill could lead to the revocation of licenses for any doctor daring enough to perform an abortion, and it might soon reach the governor's desk! Opponents are raising their voices, declaring the measure unconstitutional and vowing to launch an epic legal battle against the cash-strapped state if it gets the green light. In a legislature dominated by Republicans, the state’s House of Representatives overwhelmingly passed this controversial Senate bill late on Thursday. Governor Mary Fallin, a Republican, remains silent on whether she will endorse this draconian measure. The Senate must make minor adjustments to the bill before it can be sent to the governor, lawmakers have reported. According to this bill, doctors who perform abortions could face the terrifying prospect of losing their medical licenses! Exemptions will only be granted for procedures conducted to protect the mother or to remove a miscarried fetus. “This is our proper function, to protect life,” declared Senator Nathan Dahm, the Republican mastermind behind the bill. However, a handful of brave representatives stood up against this legislative attack, asserting that it violates the Constitution by preventing doctors from performing a medically legal procedure. “Oklahoma politicians have made it their mission year after year to restrict women’s access to vital health care services, yet this total ban on abortion is a new low,” lamented Amanda Allen, senior state legislative counsel at the Center for Reproductive Rights. This powerful lobbying group, along with several other abortion rights organizations, has vowed to unleash a torrent of court challenges if the bill is signed into law. Supporters of the bill claim it will help safeguard the sanctity of life. “If we take care of morality,” bill supporter David Brumbaugh, a Republican, proclaimed during heated deliberations, “God will take care of the economy.”",0,"Oklahoma lawmakers approve bill to revoke licenses of abortion doctors.  (Corrects first paragraph of April 22 item to show that bill has not been sent to the governor and adds third paragraph to explain status) By Heide Brandes OKLAHOMA CITY (Reuters) - An Oklahoma bill that could revoke the license of any doctor who performs an abortion may soon head to the governor, with opponents saying the measure in unconstitutional and promising a legal battle against the cash-strapped state if it is approved. In the Republican-dominated legislature, the state’s House of Representatives overwhelmingly approved a Senate bill late on Thursday. Governor Mary Fallin, a Republican, has not yet indicated whether she will sign it. The Senate needs to approve minor changes to the bill before it can go to the governor, lawmakers said. Under the bill, doctors who perform abortions would risk losing their medical licenses. Exemptions would be given for those who perform the procedure for reasons including ",sensationalize
real_26,"Flynn's Shocking Secrets: Russian Payments EXPOSED! WASHINGTON (Reuters) - In a stunning revelation, Michael Flynn, former national security adviser to President Donald Trump, shockingly FAILED to disclose payments from a notorious Russian television network and two other Russian-linked firms in a February financial disclosure form, as revealed by documents released by the White House. In a form signed on March 31, the former White House official shockingly listed speaking engagements to Russian entities, including the Kremlin-funded RT TV, Volga-Dnepr Airlines, and Kaspersky Government Security Solutions Inc, a U.S. subsidiary of the infamous Russian cybersecurity firm Kaspersky Lab. The form, released on Saturday, remains ominously silent on how much Flynn was actually paid, but the speeches are listed in a section ominously titled “sources of compensation exceeding $5,000 in a year.” Alarmingly, the shocking speeches were completely omitted from a form Flynn signed electronically on Feb. 11, which the White House also made public. This glaring discrepancy on reporting income linked to Russia could intensify the scrutiny on the retired general, who was unceremoniously forced to resign his White House position after a mere 24 days, and is already under fire for his dubious contacts with Russian officials. U.S. intelligence agencies have boldly asserted that Russia meddled in the 2016 U.S. presidential election in a brazen effort to assist Trump’s candidacy. Multiple congressional committees and the FBI are frantically investigating Russia’s alarming involvement. Flynn’s attorney, Robert Kelner, shockingly claimed that his client was in the midst of submitting his financial disclosures in the frantic days leading up to his departure from the White House. “That process was suspended when he left. When asked this week to resume the process and finalize the form, he did,” Kelner stated in an email. He further added that it had been “far from clear” that Flynn was required to detail each speech. The White House, however, remained eerily silent on a request for comment on Sunday. Flynn was ousted on Feb. 13 for misrepresenting his conversations with Russian Ambassador Sergei Kislyak before Trump assumed office, and for misleading Vice President Mike Pence about those conversations. In a dramatic twist, Flynn has requested immunity if he testifies before the intelligence committees of the U.S. Senate and the House of Representatives, Kelner revealed last week. Trump, a Republican, has outrageously claimed that Democrats are pursuing these investigations simply because they are bitter about his Nov. 8 victory over their party’s candidate, Hillary Clinton. Meanwhile, the Russian government has furiously denied the allegations that it interfered in the U.S. election and released hacked emails of Democratic groups to sway the election in favor of Trump, who has called for an end to the hostilities and better U.S. relations with Moscow.",0,"Flynn did not initially disclose income from Russia-linked companies. WASHINGTON (Reuters) - Michael Flynn, President Donald Trump’s former national security adviser, failed to disclose payments from a Russian television network and two other firms linked to Russia in a February financial disclosure form, according to documents released by the White House. In a form signed by Flynn on March 31, the former White House official listed speaking engagements to Russian entities, including the Kremlin-funded RT TV, Volga-Dnepr Airlines and Kaspersky Government Security Solutions Inc, a U.S. subsidiary of Russian cybersecurity firm Kaspersky Lab. The form, released on Saturday, does not say how much Flynn was paid but the speeches are in a section titled “sources of compensation exceeding $5,000 in a year.” The speeches were not included in a form that Flynn signed electronically on Feb. 11, which the White House also released. The discrepancy on reporting income linked to Russia could add to",sensationalize
real_27,"No Vote on Healthcare Bill This Week in U.S. House! WASHINGTON (Reuters) - In a stunning turn of events, U.S. House leaders have shockingly opted to CANCEL a crucial vote on the reworked healthcare system overhaul this week, leaving millions in limbo after failing to secure the necessary support, congressional aides revealed on Thursday! White House officials had frantically pushed for a floor vote on the legislation before President Donald Trump’s monumental 100th day in office on Saturday, desperately trying to fulfill a campaign promise to REPEAL and REPLACE the 2010 Affordable Care Act, infamously known as Obamacare. Advocates were clinging to hope, desperately trying to rally enough support for the measure after a faction of hard-line Republican conservatives surprisingly endorsed an amended version on Wednesday. However, by Thursday evening, Republican leaders were left EMPTY-HANDED, unable to gather the critical votes from moderate Republicans whose support was absolutely essential for passage in the House, given the unwavering opposition from Democrats. “We won’t vote this week,” said one House Republican aide, who requested anonymity in this shocking fiasco. Next week was not completely ruled out, another source indicated, raising the stakes even higher. “We’ll call a vote when we have the votes.” Representative Pete Sessions, a senior House Republican, ominously hinted at a possible vote next week. Possibly alluding to Trump’s mounting pressure, Sessions noted that many had attempted to hastily push the legislation to the floor, but House Republican leaders are adamantly insisting on taking the time to “do it right.” “I said it will find its time and I am satisfied we are moving at a pace, keeping people engaged,” he declared during a tense late-night session of the House Rules Committee he chairs. The Republican healthcare bill is poised to replace Obamacare’s income-based tax credit with a controversial age-based credit, roll back an expansion of the Medicaid government health insurance program for the poor, and repeal most Obamacare taxes! The nonpartisan Congressional Budget Office has chillingly estimated that 24 million fewer people would have insurance than under the original version! House leaders brought the bill to the floor last month after Trump DEMANDED a vote, but abruptly yanked it after a shocking rebellion by Republican moderates and the party’s most conservative lawmakers, marking a major setback for Trump! An amendment drafted by Representative Tom MacArthur managed to win over conservatives in the hardline Freedom Caucus this week, temporarily reviving some hope that the bill could still pass. This amendment would allow states to seek waivers from some provisions, including one that mandates insurers charge those with pre-existing conditions the same as healthy consumers, and that insurers cover so-called essential health benefits, like maternity care! However, a number of centrist Republicans are STILL opposed to the measure! “Protections for those with pre-existing conditions without contingency, and affordable access to coverage for every American, remain my priorities for advancing healthcare reform, and this bill does not satisfy those benchmarks for me,” Representative Ryan Costello of Pennsylvania declared in a fiery statement posted on social network Twitter on Thursday! Some outside groups, including the powerful American Medical Association, have weighed in against the legislation, warning that it would cost millions their health care coverage! The bill’s future is further CLOUDY and uncertain in the Senate!",0,"No vote on healthcare bill this week in U.S. House. WASHINGTON (Reuters) - U.S. House leaders have decided against holding a vote on a reworked healthcare system overhaul this week after failing to find the necessary support, congressional aides said on Thursday. White House officials had urged a floor vote on the legislation before President Donald Trump’s 100th day in office on Saturday, hoping to follow through on a campaign promise to repeal and replace the 2010 Affordable Care Act, also known as Obamacare. Advocates had hoped to raise enough support for the measure after a group of hard-line Republican conservatives endorsed an amended version on Wednesday. But by Thursday evening Republican leaders still had not collected enough votes from moderate Republicans whose backing was also needed for passage in the House, given united Democratic opposition. “We won’t vote this week,” said one House Republican aide, who asked not to be named. Next week was not ruled out, another indicate",sensationalize
real_28,"U.S. SENATOR SOUNDS ALARM: RUSSIA SANCTIONS BILL COULD BE ON THE TABLE THIS SUMMER! WASHINGTON (Reuters) - In a shocking announcement, the Republican chairman of the U.S. Senate Foreign Relations Committee revealed on Thursday that the panel could potentially tackle a bill this summer that aims to impose NEW sanctions on Russia for its alleged INTERFERENCE in the 2016 U.S. presidential election! Senator Bob Corker stated that the committee might press forward on sanctions following a crucial report from U.S. Secretary of State Rex Tillerson. Some committee members, especially the Democrats, are FURIOUS and wanted to take IMMEDIATE action against Russia for its underhanded activities, which U.S. intelligence agencies have concluded were designed to help get Republican Donald Trump ELECTED! Corker expressed his expectation that Tillerson will report to the committee within weeks about the Trump administration’s dubious policy toward Russia and the escalating situation in Syria. Corker ominously noted he would be ready to consider a sanctions bill soon after that if, as he EXPECTS, Tillerson fails to convince the panel that there has been SIGNIFICANT change by Russia in Syria, where Moscow has been staunchly supporting President Bashar al-Assad in that country’s six-year-old CIVIL WAR. “I’ve committed to mark up Russia sanctions legislation in the event, the PROBABLE event, that the secretary of state cannot show us that there’s a change of trajectory,” Corker declared at a committee business meeting. A mark up is a session in which a committee debates the legislation and potential amendments. Later in the meeting, in a decisive vote, the panel overwhelmingly passed legislation to CONDEMN Russian activities, including its brazen attempt to influence other countries’ elections, aggression in Ukraine, and its unwavering support for Assad. However, this measure did NOT include sanctions! Corker and other senators warned it may be wise to HOLD OFF on sanctions during this precarious time in dealings with Moscow, especially regarding Syria. Democrats were NOT pleased with this delay and expressed their willingness to wait to hear from the Trump administration. “I do look forward to Mr. Tillerson explaining to us the administration’s Russian policy and what he has seen its impact to be,” said Senator Ben Cardin, the committee’s senior Democrat. If this panel eventually approves sanctions legislation, it would need to pass in the full Senate and the House of Representatives before it could reach Trump’s desk for him to sign into law. U.S. intelligence agencies reached a startling conclusion in January that Moscow attempted to tilt the 2016 election in Trump’s favor, including by clandestinely HACKING into the emails of senior Democrats! Russia has vehemently DENIED these allegations. Trump has adamantly denied any collusion between his campaign and Moscow, but the Federal Bureau of Investigation and congressional probes into this explosive matter have plagued the early months of his presidency! Democratic Senator Chris Murphy expressed his deep concern, stating it gives many committee members “GREAT PAUSE” that the Trump administration has failed to take action against Russia for its blatant efforts to influence the election. The United States, under Democratic former President Barack Obama, took decisive action by imposing sanctions on Russia for its actions in Ukraine and, in December, imposed FRESH sanctions and ordered the EXPULSION of Russian suspected spies over the election meddling!",0,"U.S. senator says panel could take up Russia sanctions bill this summer. WASHINGTON (Reuters) - The Republican chairman of the U.S. Senate Foreign Relations Committee said on Thursday the panel could take up a bill as soon as this summer to impose new sanctions on Russia over its alleged interference in the 2016 U.S. presidential election. Senator Bob Corker said the panel could move forward on sanctions after hearing from U.S. Secretary of State Rex Tillerson. Some members of the committee, particularly Democrats, had wanted to act more quickly on sanctions over Russian activities that U.S. intelligence agencies concluded were intended to help get Republican Donald Trump elected. Corker said he expects Tillerson to report to the committee within weeks about the Trump administration’s policy toward Russia and the situation in Syria. Corker said he would be willing to consider a sanctions bill soon after that if, as he expected, Tillerson does not demonstrate to the panel that there has",sensationalize
real_29,"Mexicans Race Against Time to Rescue Schoolgirl Buried in Devastating Quake; Death Toll Climbs to 237! MEXICO CITY (Reuters) - In a heart-stopping race against the clock on Wednesday, heroic Mexican rescuers fought to save a 12-year-old girl trapped beneath the rubble of a collapsed school, desperately searching for other potential survivors after the country’s most catastrophic earthquake in three decades. The horrific 7.1-magnitude quake, which struck a mere 150 km (90 miles) southeast of Mexico City on Tuesday afternoon, has claimed at least 237 lives, echoing the tragedy of the 1985 quake that took thousands. Rescue teams managed to communicate with the trapped girl, identified only as Frida Sofia, who revealed that there were two other students nearby, but their fate remains uncertain, according to broadcaster Televisa, whose cameras and reporters had exclusive access to the unfolding drama. In a chilling turn, rescuers spotted a hand reaching out from the debris, and she even wiggled her fingers when asked if she was still alive, Televisa reported. While the girl’s full name was kept private, her family endured agonizing moments nearby, acutely aware that the bodies of 21 school children and four adults were already pulled from the wreckage of the Enrique Rebsamen School. They clung to their last shred of hope after rescue teams reported that a teacher and two students had managed to send desperate text messages from within the rubble. Rescuers moved painstakingly slow, erecting precarious wooden scaffolding to prevent more debris from collapsing and striving to find a path to the trapped child in the unstable ruins. As rescue efforts unfolded throughout the central Valley of Mexico, officials adamantly refused to use heavy machinery as long as there were signs of life below. After 14 grueling hours, rescue workers donned hard hats and made an urgent, emotional plea on camera for beams and chains to support the collapsing school ruins. “We have a lot of hope that some will still be rescued,” said David Porras, one of the many dedicated volunteers aiding in the search for children aged 3 to 14. “But we’re slow, like turtles,” he lamented. Rescuers periodically called for total silence from bystanders, who would freeze in fear and remain quiet, straining to hear faint cries for help. Similar rescue efforts have miraculously pulled more than 50 survivors from buildings across the country, President Enrique Pena Nieto declared in a national address. Such rescues sparked impassioned cries of “Yes we can!” from responders and anxious bystanders alike. In a staggering account, Mayor Miguel Angel Mancera revealed that fifty-two buildings collapsed in Mexico City alone. The quake tragically took 102 lives in Mexico City, with the remaining 135 fatalities occurring in five surrounding states. Additionally, nearly 1,900 people suffered injuries, as reported by the president. The quake struck just 31 km (32 miles) beneath the earth's surface, unleashing terrifying shockwaves through a metropolitan area housing around 20 million people. Much of the capital is precariously built on an ancient lake bed that trembles like jelly during seismic events. Initial reports indicate that collapses were primarily confined to older buildings that predated the 1985 quake, after which stricter building codes were enforced. “The central part of Mexico City, in the lake bed, is always going to be a complicated place to build,” warned Rodrigo Suarez, chief operating officer at Mexico City-based apartment developer Hasta Capital. “These old buildings may survive an earthquake or two or three, but since they weren’t built to modern code, there’s always going to be a risk in major earthquakes.” Meanwhile, the national electric company restored power to 95 percent of the 5 million customers who had been plunged into darkness, Pena Nieto noted, while the state oil monopoly Pemex reported no significant damage to its installations and confirmed that all operations were normal. Mexico is still reeling from another powerful tremor that claimed nearly 100 lives in the south of the country less than two weeks ago. Reinforcements from other countries began to arrive, with more on the way. The United States, Israel, Spain, Japan, and several Latin American nations have already responded with critical technical assistance and rescue teams, as the nation grapples with this overwhelming tragedy.",0,"Mexicans race to save schoolgirl buried by quake; death toll at 237. MEXICO CITY (Reuters) - Mexican rescuers raced against the clock on Wednesday to save a 12-year-old girl trapped beneath a collapsed school and reach other possible survivors buried in rubble in central Mexico following the country s most deadly earthquake in three decades. At least 237 people were killed by the 7.1-magnitude quake that struck about 150 km (90 miles) southeast of Mexico City on Tuesday afternoon, 32 years after a 1985 quake killed thousands. Rescue workers were able to communicate with the girl, identified only as Frida Sofia, who responded that there were two other students nearby but she could not tell if they were alive, according to broadcaster Televisa, whose cameras and reporters had special access to the scene. Rescuers previously had seen a hand protruding from the debris, and she wiggled her fingers when asked if she was still alive, Televisa said. The girl s full name was not made public, bu",sensationalize
real_30,"White House SHOCKER: Michelle Obama to Join Husband on HIGH-PROFILE Trip to Britain! WASHINGTON (Reuters) - In a stunning announcement, U.S. first lady Michelle Obama will accompany her husband, President Barack Obama, on a whirlwind trip to Britain later this week, the White House revealed on Monday. The Obamas are set to attend an exclusive private lunch with none other than Queen Elizabeth and her husband, Prince Philip at the historic Windsor Castle on Friday. But that’s not all! That evening, they will dine with royal favorites Prince William, his wife Kate, and Prince Harry at the glamorous Kensington Palace, according to White House spokesman Josh Earnest. This high-stakes trip coincides with a pivotal moment as the British grapple with the monumental decision of whether to remain in the European Union in an upcoming referendum, all while Obama wraps up his final year in office as president. Stay tuned for updates on this captivating royal rendezvous!",0,"White House: Michelle Obama to join husband on trip to Britain. WASHINGTON (Reuters) - U.S. first lady Michelle Obama will join her husband, President Barack Obama, for his trip to Britain later this week, the White House said on Monday. The Obamas will attend a private lunch with Queen Elizabeth and her husband, Prince Philip at Windsor Castle on Friday.  That evening they will have diner with Prince William, his wife Kate, and Prince Harry at Kensington Palace, White House spokesman Josh Earnest said. The president’s trip comes as the British weigh whether or not to remain in the European Union in an upcoming referendum and as Obama completes his final year in office as president.",sensationalize
real_31,"""Obama Takes Center Stage as 'America's Pitch Man' in a Last-Ditch Effort to Sell Controversial TPP Trade Deal! WASHINGTON (Reuters) - President Barack Obama boldly stepped into the spotlight on Monday, fervently advocating for the highly contentious Trans-Pacific Partnership trade deal to a massive crowd of 2,400 investors eyeing business opportunities in the United States. He claimed this deal would be a game-changer for the global economy! As the Nov. 8 presidential election looms, trade has ignited a firestorm of debate, with candidates from both parties vehemently opposing the 12-nation TPP deal that Obama is desperate to get the U.S. Congress to approve before he exits office on Jan. 20. Both Republican and Democratic presidential campaigns are cashing in on widespread populist outrage over the supposed dangers of trade deals to jobs and wages, especially within the beleaguered manufacturing sector. In a bid to counteract the pervasive economic doom and gloom emanating from the campaign trail, Obama passionately touted the remarkable recovery of the United States from the depths of recession. ""I don’t mind being America’s pitch man!"" he exclaimed during his electrifying speech at the SelectUSA Summit. ""In just seven months or so, I’ll be out in the job market, and I’m thrilled to be here. I’m ready to dive into LinkedIn and see what offers come my way!"" he quipped with a wink. Obama insisted that while there are genuine worries about wage increases and better working conditions, the reality is that global trade has the power to unite people from all corners of the globe and alleviate poverty! ""This is not merely about jobs and trade; it’s not just about cold, hard cash!"" he declared passionately. ""It’s about forging powerful relationships across borders! When your companies collaborate, you’re not just boosting profits, you’re bringing nations and cultures together!"" American business lobby groups are urgently rallying the White House and congressional leaders to finalize the ratification of the TPP before the next administration takes over. In a tense moment during a conference call, Obama’s top economic adviser dodged a critical question regarding the timeline. ""We’re tirelessly working with congressional leaders to pinpoint the right opportunity—the right window of opportunity—to get TPP passed this year,"" Jeff Zients, the director of the National Economic Council, informed reporters. As if to further illustrate the urgency of the situation, on Monday, Obama unveiled a staggering $70 million matching grant to a Los Angeles ""manufacturing hub,"" a coalition of businesses and researchers pioneering groundbreaking sensors and technology aimed at slashing costs and energy consumption in factories! This marks the ninth of 15 planned hubs that the White House hopes will supercharge manufacturing across the nation! On Friday, Obama will ramp up his aggressive push for business, taking the stage to discuss technology and the economy alongside Facebook Chief Executive Mark Zuckerberg at another summit at Stanford University, which is desperately focused on empowering entrepreneurs in struggling developing nations! The stakes have never been higher!""",0,"Obama takes turn as 'America's pitch man' to help sell TPP trade deal. WASHINGTON (Reuters) - President Barack Obama made a plug on Monday for the Trans-Pacific Partnership trade deal to a group of 2,400 investors looking at locating business in the United States, saying the deal would help boost the global economy. Trade has become a hot-button issue in the Nov. 8 presidential election campaign, with presumptive candidates from both parties voicing objections to the 12-nation TPP deal that Obama wants the U.S. Congress to sign off on before his time in office ends on Jan. 20. Both the Republican and Democratic presidential campaigns have tapped into populist skepticism about the benefit of trade deals on jobs and wages, particularly in the manufacturing sector. Obama tried to dispel the economic gloom-and-doom coming from the campaign trail, extolling the recovery of the United States from recession. “I don’t mind being America’s pitch man,” Obama said in a speech at the SelectUSA Sum",sensationalize
real_32,"""Tax Cuts for the Rich: Mnuchin Sounds Alarm on Wealthy 10%! WASHINGTON (Reuters) - In a shocking revelation, U.S. Treasury Secretary Steven Mnuchin declared on Friday that the Trump administration’s tax plan is almost certain to benefit the wealthiest earners! 'If you’re cutting taxes, it is hard to create a system where you’re not going to also cut taxes on the top 10 percent,' Mnuchin exclaimed at a high-profile Institute for International Finance event in Washington, held amidst the critical IMF and World Bank semi-annual meetings. He further warned, 'I’d also say that 10 percent invests a lot of money,' revealing the administration's struggle to avoid creating massive tax breaks for the elite! With anticipation mounting, Mnuchin expressed optimism that tax reform legislation would land on President Donald Trump’s desk for signature in early December, raising eyebrows and concerns across the nation!""",0,"Treasury's Mnuchin: Difficult not to cut taxes for top 10 percent. WASHINGTON (Reuters) - U.S. Treasury Secretary Steven Mnuchin said on Friday that it was difficult for the Trump administration’s tax plan not to cut taxes for the wealthiest earners. “If you’re cutting taxes, it is hard to create a system where you’re not going to also cut taxes on the top 10 percent,” Mnuchin said at an Institute for International Finance event in Washington on the sidelines of the IMF and World Bank semi-annual meetings.  “I’d also say that 10 percent invests a lot of money so what we’re trying to do is not create disproportionate tax cuts to the top,” he added. Mnuchin said he still expects tax reform legislation to reach President Donald Trump’s desk for signature in early December.",sensationalize
real_33,"SHOCKING ALERT: Russia RAGES Over U.S. Military Presence in Baltic! MOSCOW (Reuters) - In a startling declaration on Thursday, Russia's Defense Ministry unleashed a fierce condemnation of the U.S. military's presence in the Baltic states, claiming it blatantly violates the sacred Russia-NATO agreement, according to reports from the RIA news agency. The ministry went on to assert that the United States has effectively FUNNELED a division of its forces right up to the borders of Russia in the Baltic, raising alarms and tensions in the region!",0,"Russia says U.S. military in Baltic contradicts Russia-NATO agreement: RIA. MOSCOW (Reuters) - Russia s Defense Ministry said on Thursday that the U.S. military presence in the Baltic states contradicts the Russia-NATO agreement, RIA news agency quoted it as saying. The ministry was quoted as saying that the United States has, in effect, deployed a division of its forces in the Baltic states, near Russia s borders.",sensationalize
real_34,"White House Issues Dire Veto Warning on Senate Defense Bill! WASHINGTON (Reuters) - In a shocking move, the White House has issued a grave threat to veto a Senate defense policy bill, claiming it would block President Barack Obama from shutting down the notorious detention facility at Guantanamo Bay and severely restrict the size of his National Security Council. “The bill would undermine the expert judgments of the (Defense) Department’s civilian and military leadership and choke the ability of the president and the secretary of defense to effectively manage and direct the nation’s defense,” the White House declared in a bold statement. The staggering $602 billion National Defense Authorization Act, or NDAA, dictates spending policy for the Pentagon annually. The Republican-led Congress typically exploits this must-pass bill as a vehicle for a plethora of controversial policy measures. The Senate Armed Services Committee advanced the bill last month, and it is now under intense debate in the full Senate, where lawmakers have unleashed hundreds of amendments. Obama had already threatened to throw down a veto on the House of Representatives’ version of the annual bill, which passed that chamber last month. The White House vehemently opposed it for a multitude of reasons, including its shocking use of $18 billion in special war funds for everyday military programs to dodge automatic budget cuts. The Senate version notably did not embrace that shocking strategy. However, Senator John McCain, the Armed Services Committee’s Republican chairman, has filed an amendment featuring a similar scheme to siphon off $18 billion of so-called Overseas Contingency Operations, or OCO, funds to finance additional troops, more equipment, and a boost in a planned military pay increase. McCain and his fellow Republicans fervently argued that such increased spending is critical to safeguarding Americans. In a fiery statement, he slammed Obama’s veto threat as “a sorry defense of the status quo,” expressing hope that Obama would reconsider. “I hope when the NDAA reaches the president’s desk, he grasps the critical importance of this legislation to our national security more profoundly than his administration seems to at this moment,” McCain stated passionately. Meanwhile, Democrats have voiced that they would back increased military funding if Republicans also greenlight spending on essential civilian programs. Harry Reid, the top Democrat in the Senate, asserted that Democrats would propose their own amendment, injecting funds for airport security, combating Zika, local police support, fighting opioid addiction, and enhancing infrastructure. “If the Republicans push through the defense amendment but then block a similar boost to middle-class programs, they will have shattered the budget agreement, and the appropriations process will screech to a halt!” Reid warned during a dramatic news conference. Once the House and Senate pass their versions of the NDAA, the two chambers will need to strike a deal on a final version of the bill. If that passes, it will be sent to Obama for a potential veto or signature. Notably, Obama vetoed the 2016 NDAA due to its attempts to escalate defense spending through the misuse of war funds and the constraints regarding the U.S. prison at Guantanamo Bay, Cuba, for terrorism suspects. Ultimately, he signed a version after the contentious spending plan was scrapped.",0,"White House threatens to veto Senate defense bill. WASHINGTON (Reuters) - The White House threatened on Tuesday to veto a Senate defense policy bill, saying it would prevent President Barack Obama from closing the detention facility at Guantanamo Bay and limit the size of his National Security Council. “The bill would undermine expert judgments of the (Defense) Department’s civilian and military leadership and constrain the ability of the president and the secretary of defense to appropriately manage and direct the nation’s defense,” the White House said in a statement. The $602 billion National Defense Authorization Act, or NDAA, sets spending policy for the Pentagon each year. The Republican-led Congress generally uses the must-pass bill as a vehicle for a range of policy measures. The Senate Armed Services Committee passed the bill last month. It is now being debated in the full Senate, where lawmakers have introduced hundreds of amendments.  Obama had already threatened to veto the",sensationalize
real_35,"""Srebrenica on Edge: Anticipation Builds for Mladic Verdict 22 Years After Unspeakable Massacre! SREBRENICA, Bosnia (Reuters) - Almir Salihovic is gripped by anxiety in his office in Srebrenica, anxiously awaiting a U.N. tribunal's bombshell decision on the man accused of brutally murdering his own cousins and uncles back in 1995. He clings to a shred of hope for justice, but knows that little else can be expected. At just 10 years old, the businessman fled through the treacherous woods with his father and brother as the ruthless Bosnian Serb soldiers unleashed a hail of gunfire behind them. In a horrific spree, these troops slaughtered over 8,000 innocent Muslim men and boys in an unimaginable bloodbath that followed. Next week, the International Criminal Tribunal for the Former Yugoslavia is set to deliver its explosive verdict on Ratko Mladic, the notorious former Bosnian Serb general accused of orchestrating these horrific murders and other heinous war crimes, including the merciless siege of Sarajevo. A guilty verdict on November 22 would offer some measure of personal satisfaction for the countless victims, Salihovic lamented to Reuters at his transportation company in the eastern town, where his family bravely returned in 2004. But he knows it will do little more than scratch the surface – certainly nothing to mend the deep-rooted traumas and gaping rifts between communities. For many Serbs, he will forever be a hero, while for others, he will be remembered as the butcher and criminal, and we will continue to exist in our isolated pockets, side by side, but never truly united, he reflected. We bear the heavy burden of an atrocious crime that puts the fragile fabric of inter-ethnic relations under immense strain. The legacy of a commander who ruthlessly led the Bosnian Serb army in its lightning-fast takeover of two-thirds of the country during the 1992-95 war continues to fuel division between Muslim Bosniaks and Serbs in Bosnia. For Srebrenica Muslims, Mladic stands as a chilling symbol of the chaos and carnage that erupted when his forces seized control of the U.N.-protected eastern enclave, where approximately 40,000 Muslims from eastern Bosnia sought refuge. Meanwhile, for Serbs, the 74-year-old is hailed as a proud general who claimed the territory with astonishingly few of his own casualties. Srebrenica’s own Serb mayor, Mladen Grujicic, shockingly insists that the killings did not amount to genocide – and brazenly claims that the two international courts that ruled otherwise were biased against his fellow Serbs. It will take countless more years to uncover the complete truth, which doesn’t favor either side, Grujicic told Reuters, leaving many to wonder about the hidden agendas at play. Srebrenica is now a shrinking ghost town where around 7,000 Muslim Bosniaks and Serbs still coexist, filled with suspicion and haunted by the scars of the past. One grim reality they all share is their crushing poverty. The town is littered with abandoned houses, left behind by those desperately seeking a better life. This year, the sole bakery and butcher shop were forced to shut down. Once famed for its metal plant and nearby lead, zinc, and gold mines, Srebrenica’s main landmark today is the cemetery on its outskirts, adorned with 6,575 white tombstones marking the remains of victims unearthed by authorities. In a heart-wrenching account, Hatidza Mehmedovic shared, ""In 2010, I buried my children and husband. Nobody should ever have to endure such horror again. Now I live alone, and I should never have had to live alone if it wasn’t for some hotheads!"" The 66-year-old visits every day to tend to the graves of her husband and two sons, brutally killed in what is widely recognized as Europe’s worst atrocity since World War Two. ""This is not life; this is hell, this is a life of punishment!"" Mehmedovic cried to Reuters. Further southwest, in Mladic’s home village of Bozanovici, his cousins anxiously await the tribunal’s verdict, gripped by fear that he will be imprisoned for crimes they adamantly claim he did not commit. ""I would be the happiest if he died before the judgment!"" his uncle Mile Mladic told Reuters with palpable distress. ""We would then erect a grand monument for him in the village and unveil the truth. All this that is happening is a blatant lie! The general is not guilty!""",0,"Divided Srebrenica awaits Mladic verdict 22 years after massacre. SREBRENICA, Bosnia (Reuters) - Almir Salihovic sits in his office in Srebrenica, waiting for a U.N. tribunal to give its judgment on the man accused of massacring his cousins and uncles there in 1995. He is hoping for a measure of justice, but little else. The businessman was 10 when he fled through the woods with his father and brother as Bosnian Serb soldiers opened fire behind them. The troops killed more than 8,000 Muslim men and boys in the days that followed.  Next week the International Criminal Tribunal for the Former Yugoslavia will give its verdict on Ratko Mladic, the former Bosnian Serb general accused of overseeing the murders and other war crimes, including the siege of Sarajevo. A guilty verdict on Nov. 22 would give some  personal satisfaction to victims,  Salihovic told Reuters at his transportation company in the eastern town, where his family returned in 2004.  But it would do little else - certainly n",sensationalize
real_36,"Trump LOOMS ominously over a NAIL-BITING U.S. House race in Florida! ORLANDO (Reuters) - When you ask John Mica why he clings to Donald Trump amid a MASS EXODUS of fellow Republicans, the U.S. congressman from central Florida desperately tries to change the subject to his own efforts to alleviate the CHAOS of traffic congestion in this tourism hotspot. But ask him again about his unwavering support for Trump, and the mild-mannered Mica can't hide his growing irritation! Mica has become a master at DODGING Trump-related inquiries as his allegiance to the CONTROVERSIAL presidential candidate throws a wrench in his bid to extend his astonishing 24-year reign in Congress! The nail-biting showdown between Mica and his Democratic challenger, the fiery newcomer Stephanie Murphy, 38, could serve as a CRUCIAL indicator for Republicans torn between supporting the party’s presidential nominee and steering clear of Trump’s outrageous antics and scandalous behavior. The trajectory of the campaign could hold the keys to whether Republicans can keep their grip on the House of Representatives in a tumultuous year where Trump has rocked his party and the political landscape with his OUTRAGEOUS rhetoric! Voters in Mica’s Orlando district “don’t care about all this GARBAGE that’s happening” in the presidential race, he claims, as he desperately shifts the dialogue to enhancing healthcare for military veterans, creating JOBS, and expanding local airports. Mica’s re-election quest is made even more difficult by a newly-drawn congressional district that gives Democrats a glimmer of HOPE for victory! Murphy is not holding back in leveraging Mica’s allegiance to Trump against him, asserting that just as Mica has stuck with Trump for far too long, he blindly follows Republican leaders in Congress. She highlights Mica’s backing of gun policies championed by the powerful National Rifle Association, especially in the wake of June’s horrendous massacre in Orlando that claimed 49 innocent lives at a gay nightclub. Murphy argues that Mica is completely out of touch with the newly reconfigured district, which she claims is “evenly split” and not overtly partisan. As Mica pushes his narrative of delivering benefits to his district in the form of job creation and infrastructure investment, Democrats are making it their mission to keep reminding voters that he is aligned with a man who is arguably one of the most CONTROVERSIAL presidential candidates in modern history! Democrats are driving this point home with a shocking photo of Trump and Mica standing side-by-side at a 2014 ceremony celebrating the start of construction of a Trump hotel in Washington. Early mail-in ballot trends in the 7th congressional district signal a fiercely competitive race. In Orange County, a staggering 10,975 Democrats have already cast early votes compared to just 6,732 Republicans and 3,525 independents! Orlando may be renowned as the home of the magical Disney World, but Mica’s district is a REAL-LIFE reflection of America’s DIVIDE! Its residents are politically fragmented, almost evenly split between Republicans and Democrats, with a sizable contingent of independent voters thrown into the mix. Moreover, like other regions across the nation, Latino voters in central Florida are flexing their political muscles! As Mica, 73, engages in an all-out ground war, knocking on constituents’ doors in the sweltering Orlando heat, he is treading a precarious line. A grandson of immigrants, he boasts of being “hard-nosed” against “amnesty” for the 11 million undocumented immigrants in the United States but suggests there might be exceptions to Trump’s DRACONIAN promise to deport them all! Building a wall on the southern border with Mexico, a cornerstone of Trump’s campaign, should be executed “where it makes sense,” Mica declared during an interview with Reuters, surrounded by a lunchtime crowd of mainly Hispanic diners at the Lechonera El Barrio restaurant. Nevertheless, as prominent Republicans, including House Speaker Paul Ryan, recoil from the toxic atmosphere of Trump’s campaign, Mica stands resolute, declaring, “I’m pretty much a party loyalist.” Such allegiance, however, can come with a hefty price, and Mica candidly admits, “I’m stuck with the Republican (presidential) nominee” who he previously described as making “vulgar, reprehensible” comments about sexual advances!",0,"Trump hovers over tight U.S. House race in Florida. ORLANDO (Reuters) - Ask John Mica why he sticks by Donald Trump, amid the defections of many fellow Republicans, and the U.S. congressman from central Florida instead touts his own work on easing traffic congestion in this tourism Mecca. Ask again about his support for Trump and the mild-mannered Mica shows subtle signs of becoming annoyed. Mica has become adept at tiptoeing around Trump questions as his support for the controversial presidential candidate complicates his effort to extend a 24-year reign in Congress. The race between Mica and his Democratic challenger, newcomer Stephanie Murphy, 38, could be a bellwether for Republicans who seek to support the party’s presidential nominee while maintaining a safe distance from some of Trump’s more controversial positions and alleged bad behavior.  The course of the campaign could provide clues on whether Republicans maintain control of the House of Representatives in a year in which T",sensationalize
real_37,"""Israel's Netanyahu Announces Shocking Meeting with Trump in New York Next Week! (Story corrects date of Netanyahu's U.N. address in first paragraph) By Ori Lewis JERUSALEM (Reuters) - In a stunning revelation, Israeli Prime Minister Benjamin Netanyahu declared on Sunday that he will meet U.S. President Donald Trump later this month during a high-stakes visit to New York, where he is set to address the United Nations General Assembly on Sept. 19. Netanyahu made this bombshell announcement to reporters accompanying him on a whirlwind trip to Latin America just before his plane took off from Tel Aviv for Argentina on Sunday night. Following his stop in Argentina, he will also visit Colombia and Mexico before jetting off to New York. Meanwhile, in Washington, the White House remained tight-lipped, failing to respond initially to inquiries about this crucial meeting between the two powerful leaders. ""From Mexico, I will go to New York to speak at the United Nations General Assembly, and there I will meet my friend, President Donald Trump,"" Netanyahu proclaimed emphatically. He also extended heartfelt wishes to all our friends in the U.S. to overcome these challenging times during Hurricane Irma. In a twist, Palestinian President Mahmoud Abbas is also scheduled to address the U.N. General Assembly, but there are no reports of a potential meeting between him and Netanyahu, raising eyebrows and speculation. Netanyahu boldly asserted that he is the first sitting Israeli prime minister to visit South America, labeling his trip as ""historic"". This comes at a time when Netanyahu is under intense scrutiny, facing investigations in not one, but two corruption cases! The first, famously known as Case 1000, involves allegations of gifts that the prime minister and his family may have received from influential businessmen, while Case 2000 involves shocking allegations of his attempts to secure favorable coverage from an Israeli newspaper publisher. Despite the mounting pressure, Netanyahu, who has held the prime ministerial position for an astonishing 11 years across four terms, vehemently denies any wrongdoing. He leads a seemingly stable coalition government and oversees a thriving economy, but his conservative Likud party is rallying behind him amid a vacuum of clear challengers for leadership, vigorously dismissing calls for his resignation from the center-left opposition. In an alarming development, on Friday, Netanyahu's wife, Sara, who is accompanying him on this controversial trip, was notified that Israel's attorney general is contemplating indicting her on suspicion of misusing state funds for lavish personal dining and catering services totaling a staggering $100,000. A dramatic post on the prime minister's Facebook page, released last week, labeled the claims against her as ""absurd"" and insisted they will be proven unfounded. Sara Netanyahu also made an emotional statement before their departure, expressing gratitude to the ""many, many, many thousands of Israeli citizens and people around the world"" who stand by her and offer their support during this turbulent time!""",0,"Israel's Netanyahu says will meet Trump in New York next week.  (Story corrects date of Netanyahu s U.N. address in first paragraph) By Ori Lewis JERUSALEM (Reuters) - Israeli Prime Minister Benjamin Netanyahu said on Sunday he would meet U.S. President Donald Trump later this month during a visit to New York, where he will address the United Nations General Assembly on Sept. 19. Netanyahu spoke to reporters accompanying him on a trip to Latin America before his plane left Tel Aviv for Argentina on Sunday night. He will also visit Colombia and Mexico before heading to New York. In Washington, the White House did not initially respond to a request for a comment on a meeting between the two leaders.   From Mexico I will go to New York to speak at the United Nations General Assembly and there I will meet my friend, President Donald Trump,  Netanyahu said. He added best wishes  to all our friends in the U.S. to overcome these difficult hours (during Hurricane Irma).  Palestinian President ",sensationalize
real_38,"Iran strikes shocking deal with Syria to overhaul power grid! LONDON/BEIRUT (Reuters) - In a stunning move, Iran has inked deals with Damascus on Tuesday to REVAMP Syria's power grid, state media reported, a potentially GOLDMINE for Tehran that signals a dramatic escalation in its economic involvement following years of brutal conflict in Syria. Shunned by Western powers, the beleaguered Syrian government is now turning to allies like Iran, Russia, and China to take a vital role in resurrecting the war-torn nation as the horrific war approaches its seventh year! Since at least 2012, Iran has been a critical military lifeline to Syrian President Bashar al-Assad’s regime, aiding in the reclaiming of vast territories across the country. Experts on Iran are now claiming Tehran is poised to cash in big time! Earlier this year, Iran's government and its elite Revolutionary Guards (IRGC) struck major telecommunications and mining deals with Damascus. [nL5N1F84NX] On Tuesday, Iran and Syria sealed a memorandum of understanding during a visit by Syria's electricity minister to Tehran, which includes constructing a massive power plant in the coastal province of Latakia with a staggering capacity of 540 megawatts, according to Syrian state news agency SANA! The agreement also entails restoring the critical control center for Syria's electricity grid in the capital, Damascus, it reported. The new electricity deals could be worth MILLIONS of euros, Iranian state media stated on Tuesday! The pact further includes the rehabilitation of a 90-megawatt power station in Deir al-Zor province, where the Syrian army and allied forces have made rapid advances against the notorious Islamic State in recent days! With Russian air power and Iran-backed militias, the regime has forcefully driven rebels out of Syria's major urban centers in the west and pushed eastward against the Islamic State! The Syrian government is working tirelessly to revitalize the power system, SANA quoted Syrian Electricity Minister Mohammad Zuhair Kharboutli as saying. Iranian companies are set to play a pivotal role in the reconstruction of Syria! Two contracts were also signed, including one for Iran to supply power to Aleppo city, which the Syrian military and its allies fully regained last year in a crushing defeat for rebels, SANA reported! ""We will stand by the Syrian people to rebuild this country... We will bring light to the houses of the Syrian people,"" exclaimed Sattar Mahmoudi, Iran's caretaker energy minister, on the ministry's website. If finalized, these deals could be worth HUNDREDS of millions of euros, and Tehran is eager to broaden its cooperation to build water and sewerage facilities in Syria, he added. Over 1,000 soldiers dispatched by the Revolutionary Guards to Syria have perished on the front lines of this chaotic conflict in recent years! ""Iran's Revolutionary Guards saved the Assad regime from collapsing at a tremendous cost for Damascus; for now, they OWN Syria!"" warned Emanuele Ottolenghi, a senior fellow at the Foundation for Defense of Democracies, to Reuters. ""I anticipate these to be just the first in a FLOOD of tenders won by IRGC companies, which will control the best reconstruction projects for Iran!"" he added ominously. Iranian firms are already deeply involved in several electricity generation projects within Syria. Iran has declared that it aims to EXPORT electricity and construct the largest power network in the Islamic world by connecting Iran's national grid with those of Iraq and Lebanon! Iran announced in August that it has exported an eye-popping $58 million worth of goods to Syria in the first four months of this year, marking a staggering 100 percent increase compared to the same period last year!",0,"Iran strikes deal with Syria to repair power grid. LONDON/BEIRUT (Reuters) - Iran signed deals with Damascus on Tuesday to repair Syria s power grid, state media said, a potentially lucrative move for Tehran that points to a deepening economic role after years of fighting in the Syrian conflict. Shunned by Western powers, the Syrian government is looking to friendly states such as Iran, Russia and China to play a major role in rebuilding the country, as the war heads toward its seventh year.  Since at least 2012, Iran has provided critical military support to Syrian President Bashar al-Assad s government, helping it regain control of swathes of the country. Iran experts say Tehran is now looking to reap a financial dividend. In January, Iran s government and entities close to Iran s elite Revolutionary Guards (IRGC) signed major telecommunications and mining deals with Damascus. [nL5N1F84NX] On Tuesday, Iran and Syria signed a memorandum of understanding during a visit by Syria s elect",sensationalize
real_39,"Korean Peninsula Erupts in Explosive Military Drills as Tensions Soar Against North Korea! BEIJING/SEOUL (Reuters) - The U.S. military has unleashed a dramatic display of power with shocking bombing drills alongside South Korea over the Korean peninsula, while Russia and China have plunged into naval exercises just days before the looming U.N. General Assembly meeting on Tuesday, where North Korea's chilling nuclear threat is set to dominate discussions. This whirlwind of military activity follows North Korea’s audacious launch of yet another mid-range ballistic missile over Japan on Friday, not to mention its defiant sixth and most powerful nuclear test on Sept. 3, boldly flouting United Nations sanctions and widespread international condemnation. A formidable pair of U.S. B-1B bombers and four F-35 jets roared in from Guam and Japan, joining forces with four South Korean F-15K fighters in this latest jaw-dropping drill, as confirmed by South Korea's defense ministry. Defence Minister Song Young-moo alarmingly revealed that these joint drills are now occurring two to three times a month! In a show of solidarity, the official Xinhua news agency reported that China and Russia have kicked off naval drills off the Russian far eastern port of Vladivostok, perilously close to the Russia-North Korea border. These intense exercises are taking place between Peter the Great Bay, near Vladivostok, and the southern part of the Sea of Okhotsk, north of Japan. This is the second wave of China-Russian naval exercises this year, the first having been held in the Baltic in July. Notably, Xinhua has not directly connected these drills to the escalating crisis surrounding North Korea, despite the growing tensions. China and Russia have consistently advocated for a calm resolution through dialogue. However, U.S. Ambassador to the United Nations Nikki Haley, in a shocking revelation, declared that the U.N. Security Council has run out of options to contain North Korea’s nuclear ambitions, warning that the United States may have to escalate to military intervention via the Pentagon! In a dramatic response, Chinese Foreign Ministry spokesman Lu Kang stressed that the most urgent task is for all parties to fully enforce the latest U.N. resolutions on North Korea, rather than intentionally stirring the pot. Military threats from various nations have failed to resolve this crisis, he argued. ""This is not beneficial to a final resolution to the peninsula nuclear issue,"" Lu declared during a tense daily news briefing. U.S. President Donald Trump has made a bold vow: North Korea will NEVER be able to threaten the United States with a nuclear-tipped ballistic missile! When pressed about Trump’s fiery warning last month that any North Korean threat to the U.S. would be met with ""fire and fury,"" Haley chillingly asserted: ""It was not an empty threat."" Washington is also demanding China to step up and rein in its unpredictable ally, while Beijing urges the U.S. to stop issuing threats against the North. A week ago, the U.N. Security Council unanimously passed a U.S.-drafted resolution imposing tougher sanctions on Pyongyang, including a ban on textile imports and limits on crude and petrol supplies. North Korea reacted furiously on Monday, labeling the resolution as ""the most vicious, unethical and inhumane act of hostility to physically exterminate"" its people, system, and government. The North’s foreign ministry spokesman ominously warned that the U.S. and its allies' intensified sanctions and pressure will only accelerate their pursuit of a fully operational nuclear force! In a worrying trend, gasoline and diesel prices in North Korea have skyrocketed since the latest nuclear test, as fears of an impending oil ban grip the nation, according to market data analyzed by Reuters on Monday. Japanese Prime Minister Shinzo Abe declared that the international community MUST stay united and enforce sanctions against North Korea following its reckless ballistic missile launches! Such tests blatantly violate Security Council resolutions and demonstrate that North Korea now possesses the capability to target the United States or even Europe, he asserted. Abe also chillingly stated that diplomacy and dialogue will NOT work with North Korea!",0,"Korean peninsula draws range of military drills in show of force against North Korea. BEIJING/SEOUL (Reuters) - The U.S. military staged bombing drills with South Korea over the Korean peninsula and Russia and China began naval exercises ahead of a U.N. General Assembly meeting on Tuesday where North Korea s nuclear threat is likely to loom large. The flurry of military drills came after Pyongyang fired another mid-range ballistic missile over Japan on Friday and the reclusive North conducted its sixth and most powerful nuclear test on Sept. 3 in defiance of United Nations sanctions and other international pressure. A pair of U.S. B-1B bombers and four F-35 jets flew from Guam and Japan and joined four South Korean F-15K fighters in the latest drill, South Korea s defense ministry said. The joint drills were being conducted  two to three times a month these days , Defence Minister Song Young-moo told a parliamentary hearing on Monday. In Beijing, the official Xinhua news agency said Ch",sensationalize
real_40,"""Trump Leaves Wall Street in a Frenzy of Fear and Confusion!  NEW YORK (Reuters) - Donald Trump has unleashed a torrent of statements that, were he actually sitting in the Oval Office instead of battling for the role, could send shockwaves through the financial markets!  If investors were truly paying attention to the Republican presidential nominee’s alarming rhetoric, they would be scrambling to dump shares of Apple Inc (AAPL.O), Mondelez International Inc (MDLZ.O), and Ford Motor Co (F.N), while frantically cashing out of Mexican equities – all potential targets of Trump’s fiery threats of boycotts, towering barrier walls, or crippling import taxes! Investors who are betting on a Trump presidency should be diving headfirst into shares of U.S. companies that cater only to domestic customers and suppliers.  Yet, the so-called 'Trump trade' is glaringly absent on Wall Street, where numerous market strategists and investors confided to Reuters that they are utterly flummoxed about how to position their portfolios for the Trump era, largely because many of his proposals are contradictory or devoid of specific implementation details!  MORE BUSINESS COVERAGE: Ex-Goldman banker Gordon Dyal beefs up M&A boutique Amazon makes its debut in the student loan business More pain for U.S. crude Should Trump emerge victorious on Nov. 8, some investors openly ponder how the New York businessman could possibly implement policies that clash head-on with mainstream Republican party views on free trade and low taxes!  “The investment community is particularly grappling with what (Trump) is really about,” declared Bruce McCain, the chief investment strategist at Key Private Bank in Cleveland.  “They are not taking individual items as seriously as they would with other candidates,” he lamented.  Traders are bracing themselves for Trump’s highly anticipated speech at the Republican convention on Thursday night, desperately searching for any clues about how he would tackle business and tax issues, even though they expect scant details!  The Trump campaign has gone silent, failing to respond to calls and emails seeking insight into how investment strategists perceive his policies.  U.S. stock indexes have surged to unprecedented highs as Trump clinched the nomination of his party on a platform that includes a shocking proposal to reinstate the 1933 Glass-Steagall law, which would mandate the breakup of the largest U.S. banks!  A Trump presidency “would not bode well for markets at all,” as the uncertainty among investors about his true priorities looms large, warned Paul Zemsky, chief investment officer of multi-asset strategies and solutions at Voya Investment Management in New York.  However, Zemsky admitted he hasn’t yet been selling securities because of Trump. “It’s hard to react to things that are said due to the lack of specificity, and the probability of him being elected is still low, so changing your portfolio based on him is unlikely to yield profits,” he explained.  Make no mistake, Trump does have his loyal supporters on Wall Street. Anthony Scaramucci, founder of SkyBridge Capital, has thrown his weight behind Trump, asserting that he would be a boon for the economy because he would slash business-limiting regulations, such as those controlling bank investments and labor policies! He also believes Trump would usher in tax reform!  Although he has never held public office, Trump vanquished 16 Republican rivals to seize the nomination. He is currently trailing Democratic rival Hillary Clinton by 7 percentage points, having narrowed the gap from a staggering 15 points just late last week, according to a Reuters/Ipsos poll released on Tuesday!  If Trump’s radical proposals were actually put into action, they could plunge the economy into a perilous state, resulting in massive federal budget deficits and an anti-global stance that could devastate trade, according to a chilling June analysis by Moody’s Analytics chief economist Mark Zandi!  Zandi ominously forecasted the loss of 3.5 million jobs during a Trump administration, alongside a catastrophic drop in stock prices and real estate values!  Trump has boldly declared he would renegotiate the North American Free Trade Agreement with Mexico and Canada, erect a wall between the United States and Mexico to halt illegal immigration, and impose a staggering 35 percent tariff on products made in Mexico by Ford and United Technologies Corp!""",0,"Trump leaves some on Wall Street wary and confused.  NEW YORK (Reuters) - Donald Trump has said a lot of things that, were he a sitting U.S. president instead of a candidate for the job, could be expected to roil financial markets.  If investors were taking the Republican presidential nominee at his word, they would be selling shares of Apple Inc (AAPL.O), Mondelez International Inc (MDLZ.O) and Ford Motor Co (F.N), and cashing out of Mexican equities - all targets of Trump threats of boycotts, barrier walls or import taxes. Investors betting on a Trump presidency would be buying shares of U.S. companies that dealt exclusively with domestic customers and suppliers.  Yet the Trump trade is not much in evidence on Wall Street, where some market strategists and investors told Reuters they find it difficult to position their portfolios for his possible presidency, in part because many of his proposals are contradictory or lack specific implementation details.  MORE BUSINESS COVERAGE: Ex-Go",sensationalize
real_41,"China ISSUES URGENT CALL for COOPERATION as U.S. SLAMS it as a COMPETITOR! BEIJING (Reuters) - In a dramatic plea, China insists that ONLY through cooperation can China and the United States achieve a THRILLING win-win outcome, while confrontation could lead to DISASTROUS mutual losses! This bold statement comes after the U.S. shockingly labeled China a fierce competitor aiming to THREATEN U.S. power. China is desperately hoping the United States can shake off its ZERO-SUM mentality and instead seek common ground while respecting each other's differences, according to China's U.S. embassy's alarming announcement on its website. On the basis of mutual respect, China passionately declares its willingness to coexist peacefully with all nations, including the United States! However, it insists that the U.S. MUST adapt to and ACCEPT China's rapid development! ""China has ALWAYS been a key contributor to global development and a steadfast protector of the international order!"" Foreign Ministry Spokeswoman Hua Chunying passionately proclaimed later in Beijing. ""Cooperation is the ONLY correct choice for China and the United States!"" she emphasized, acknowledging that while disagreements are inevitable, it’s CRUCIAL for both nations to discover CONSTRUCTIVE solutions! China’s sweeping economic and diplomatic endeavors worldwide are being MET WITH OPEN ARMS, and no country or report will succeed in TWISTING the facts or spreading malicious slander, she asserted during a riveting daily news briefing. As the WORLD'S two largest economies, China and the United States bear a HEAVY responsibility to safeguard global peace and stability, and to FUEL global prosperity, Hua insisted. ""We URGE the U.S. side to STOP INTENTIONALLY DISTORTING China’s strategic intentions!"" In a startling new national security strategy, based on U.S. President Donald Trump’s ""America First"" vision unveiled on Monday, the United States shockingly lumped China and Russia together as competitors bent on UNDERMINING U.S. security and prosperity! The singling out of China and Russia as ""revisionist powers"" comes even as Trump attempts to forge STRONG relations with Chinese President Xi Jinping in a desperate bid to rein in North Korea’s nuclear and missile threats! The new U.S. strategy reveals a troubling unwillingness to ACCEPT the reality of China’s meteoric rise, according to a scathing editorial from the state-run Global Times. But due to China’s MASSIVE size and strength, the U.S. won’t be able to STIFLE China’s growth, the widely-read newspaper asserted! However, experts warn that Trump is merely reiterating his typical rhetoric on China, with no real THREATS on the horizon, according to Shi Yinhong, head of the Centre for American Studies at Beijing’s Renmin University. Since assuming office, the Chinese government’s stance on Trump has consistently been: ""Don’t just listen to his words, watch his actions!"" said Shi, who has been advising the government on diplomacy. Therefore, the strong words against China in the report are likely to be brushed off by the Chinese government! A senior U.S. administration official ominously stated that China is aggressively attempting to REVISE the global status quo through its BOLD actions in the South China Sea. Yet, China defiantly claims its expansion of islets in the South China Sea is purely for PEACEFUL purposes and insists it can do as it pleases, asserting its IRREFUTABLE sovereignty over the region! The U.S. administration has also issued a grave warning that intellectual property theft by China poses a SERIOUS national security threat!",0,"China urges cooperation after U.S. brands it a competitor. BEIJING (Reuters) - Cooperation between China and the United States will lead to a win-win outcome for both sides, but confrontation will bring mutual losses, China said on Tuesday, after the United States branded it a competitor seeking to challenge U.S. power. China hopes the United States can abandon its mentality of zero-sum games and seek common ground while respecting differences, China s U.S. embassy said on its website.  On the basis of mutual respect, China is willing to exist peacefully with other countries including the United States,  it said.  But the U.S. ought to adapt to, and accept, China s development.  China has always been a contributor to global development and a protector of the international order, Foreign Ministry Spokeswoman Hua Chunying said later in Beijing.       Cooperation is the only correct choice for China and the United States,  she said, adding that it was not surprising for the two to have di",sensationalize
real_42,"Trump BLASTS Fed for Keeping Rates LOW Under OBAMA’s Pressure! WASHINGTON (Reuters) - In a shocking revelation, Republican presidential candidate Donald Trump unleashed a barrage of accusations on Monday, claiming that U.S. Federal Reserve Chair Janet Yellen is under intense political pressure from the Obama administration to keep interest rates alarmingly low, raising eyebrows about the integrity of an institution that is supposed to uphold its independence! “Well, it’s (the interest rate) staying at zero because she’s obviously political and she’s doing what Obama wants her to do,” Trump exclaimed in a fiery phone interview with CNBC, insisting that Yellen should be “ashamed” of her actions that are harming the nation. The U.S. central bank, which has only managed to raise interest rates once since slashing them to zero in the wake of the catastrophic 2008 financial crisis, is now on the brink of a SECOND hike of a mere 0.25 percentage points. However, they have ominously hinted that future rate increases will be torturously slow! “Any increase at all will be a very, very small increase because they want to keep the market up so Obama goes out and lets the new guy ... raise interest rates ... and watch what happens in the stock market,” Trump warned ominously. He did not elaborate on the alleged pressure Obama exerted on Yellen, but the implications are staggering! While Yellen has indeed met with Obama, the Fed claims it operates independently when it comes to altering rates, with both Yellen and other rate-setters asserting that the Fed has no opinion on the upcoming Nov. 8 election. The Fed’s Washington-based board has remained silent on Trump’s incendiary remarks, although regional Federal Reserve bank presidents have publicly proclaimed that politics do not infiltrate Fed discussions. In a later interview on CNBC, Minneapolis Federal Reserve President Neel Kashkari vehemently denied any political influence over Fed policymaking. “Politics simply does not come up,” he stated, while stressing, “We look at the economic data and ... everyone around the table is committed to achieving our dual mandate” of maximum employment and stable prices, Kashkari insisted. Atlanta Fed President Dennis Lockhart, when grilled about political pressure on the Fed at a National Association for Business Economics conference in Atlanta, stated, “I don’t see the world that way,” adding more fuel to the fire! Trump’s comments ignite a fierce debate over his fluctuating stance on low rates. While he has charged the Fed with keeping rates low at Obama’s behest, he has also claimed that lower rates are beneficial because higher rates would strengthen the dollar, devastating American exports and manufacturers. As a businessman, he declared, “I love low interest rates,” but lamented that they negatively impact countless individuals who rely on their savings! Typically, Fed officials avoid political entanglements in public, arguing that their independence is crucial for setting monetary policy. However, rare breaches of this line, like former Chair Alan Greenspan’s endorsement of a Bush administration tax cut, trigger swift backlash! Although the members of the Fed’s Board of Governors are appointed by the president with Senate confirmation, their staggered 14-year terms are meticulously designed to shield them from the kind of pressure Trump alleges! The chair, one of the most powerful roles in U.S. economic policy, is selected from board members for a four-year term. Yellen’s term is set to expire in 2018, and Trump has previously hinted at replacing her! The Fed’s directives come from Congress, which has established the central bank’s mandate. The Fed plunged interest rates to near zero in response to the catastrophic 2007-2009 financial crisis, and has only raised them one time since then — in December — due to the sluggish recovery! Fed members and economists have been fiercely debating Trump’s alarming claims — whether easy-money policies have resulted in an unsustainable surge in asset prices. Meanwhile, there is even greater concern about weak growth, feeble inflation, and the desperate need to keep financial stability!",0,"Trump says Fed keeping rates low because of pressure from Obama. WASHINGTON (Reuters) - Republican presidential candidate Donald Trump said on Monday that U.S. Federal Reserve Chair Janet Yellen was keeping interest rates low because of political pressure from the Obama administration, questioning the motives of an institution whose work hinges on maintaining its independence. “Well, it’s (the interest rate) staying at zero because she’s obviously political and she’s doing what Obama wants her to do,” Trump told CNBC in a phone interview, saying Yellen should be “ashamed” of what she was doing to the country. The U.S. central bank has raised interest rates just once since cutting them to zero in response to the 2008 financial crisis. The Fed has indicated it is preparing for a second hike of 0.25 percentage point, although it has signaled the pace of future rate rises will be slower than in the past. “Any increase at all will be a very, very small increase because they want to keep the",sensationalize
real_43,"""Trump's Shocking Climate Accord Dilemma: Is He About to Betray the Planet? NEW YORK (Reuters) - In a stunning twist, U.S. President-elect Donald Trump revealed on Tuesday that he is keeping an 'open mind' about possibly pulling the United States out of a pivotal international agreement aimed at combating the climate crisis, indicating a dramatic softening of his previously hardline stance on global warming. In a jaw-dropping interview with the New York Times, Trump acknowledged that he sees 'some connectivity' between human activity and climate change, a stark departure from his earlier claims of climate change being a hoax. Just weeks ago, an insider from Trump's transition team hinted to Reuters that the New York mogul was racing to find immediate ways to yank the U.S. out of the 2015 Paris Agreement, which is crucial for fighting climate change. But when pressed on Tuesday about whether America would actually withdraw from this critical accord, the Republican responded: 'I’m looking at it very closely. I have an open mind to it.' If Trump goes through with this shocking withdrawal, it could spell disaster for global efforts to curb rising temperatures, which have already been linked to catastrophic extinctions of animals and plants, devastating heat waves, floods, and terrifying rising sea levels. As Trump prepares to take office on Jan. 20, he also expressed concerns about climate change impacting American competitiveness, and 'how much it will cost our companies,' according to a tweet from a Times reporter present at the bombshell interview. To the astonishment of his advisors, two individuals on Trump's transition team regarding energy and environment issues were reportedly blindsided by his provocative remarks. This unexpected shift on global warming is the latest sign that Trump may be rethinking some of his fiery campaign rhetoric as he approaches the Oval Office. In a further about-face, Trump suggested he might have to settle for building a fence instead of a massive wall along the U.S.-Mexican border, undermining one of his most iconic campaign promises. In the same explosive interview, he showed little enthusiasm for pursuing investigations against his Democratic rival, Hillary Clinton. 'I don’t want to hurt the Clintons, I really don’t. She went through a lot and suffered greatly in many different ways,' he remarked to reporters, editors, and other officials at the Times headquarters in Manhattan. However, when asked if he would rule out investigating Clinton for her family's charitable foundation or her use of a private email server during her tenure as U.S. secretary of state, Trump audaciously replied 'no.' If Trump abandons his fervent pledge to appoint a special prosecutor for Clinton, it would represent a shocking reversal of a position he consistently championed on the campaign trail, where he labeled his opponent 'Crooked Hillary,' and his supporters frequently chanted: 'Lock her up.' His remarks regarding Clinton have outraged some of his most devoted conservative followers. Breitbart News, the outlet previously led by Trump's chief strategist, Steve Bannon, blasted out a story on Tuesday under the sensational headline, 'Broken Promise: Trump ‘Doesn’t Wish to Pursue’ Clinton email charges.' The FBI conducted an investigation into Clinton’s email practices, concluding in July that her actions were careless but that there were no grounds for criminal charges. The Clinton Foundation charity has also faced intense scrutiny for its donations, yet there has been no evidence to support claims that foreign donors received favors from the State Department while Clinton was at the helm. Trump, a real estate developer with no prior public office experience, dismissed concerns about conflicts of interest between his presidential duties and his family's businesses. 'The law’s totally on my side, the president can’t have a conflict of interest,' he confidently declared to the New York Times. 'My company’s so unimportant to me relative to what I’m doing.' While conflict-of-interest rules for executive branch employees do not apply to the president, Trump will still be held accountable by bribery laws, disclosure requirements, and a provision of the U.S. Constitution that forbids elected officials from accepting gifts from foreign governments, according to ethics lawyers from both parties. 'There may be'",0,"Trump keeping 'open mind' on pulling out of climate accord. NEW YORK (Reuters) - U.S. President-elect Donald Trump said on Tuesday he was keeping an open mind on whether to pull out of a landmark international accord to fight climate change, in a softening of his stance toward global warming. Trump told the New York Times in an interview that he thinks there is “some connectivity” between human activity and global warming, despite previously describing climate change as a hoax. A source on Trump’s transition team told Reuters earlier this month that the New York businessman was seeking quick ways to withdraw the United States from the 2015 Paris Agreement to combat climate change.  But asked on Tuesday whether the United States would withdraw from the accord, the Republican said: “I’m looking at it very closely. I have an open mind to it.”  A U.S. withdrawal from the pact, agreed to by almost 200 countries, would set back international efforts to limit rising temperatures that have bee",sensationalize
real_44,"""Pacific trade pact remains top issue for Obama administration! WASHINGTON (Reuters) - In a gripping showdown of economic power, the successful conclusion of the Trans Pacific Partnership trade talks has emerged as the most critical legislative item for the United States, a senior economic adviser to President Barack Obama revealed on Tuesday. White House National Security Council adviser Christina Segal-Knowles delivered a shocking update at a news conference ahead of the highly anticipated Sept. 4-5 G20 summit in China, stating that discussions on a trade pact with Europe are still unfolding, despite dire warnings from France and Germany that they hang in jeopardy. Meanwhile, the Asian talks are facing a dramatic deadlock in Congress, with both Democrat Hillary Clinton and Republican Donald Trump boldly declaring that they would reject the deal in its current form, if they ascend to the presidency in November! Segal-Knowles emphasized that corporate tax issues will dominate the G20’s agenda in China, but when pressed about the European Union’s contentious tax ruling on Apple Inc’s agreement with Ireland, she dodged the question, leaving many to speculate on the future of the tech giant amid this brewing storm!""",0,"Pacific trade pact remains top issue for Obama administration. WASHINGTON (Reuters) - The successful conclusion of the Trans Pacific Partnership trade talks remains the top legislative item for the United States, a top economic adviser to President Barack Obama said on Tuesday. White House National Security Council adviser Christina Segal-Knowles told a news conference ahead of the Sept. 4-5 G20 summit in China that talks on a trade pact with Europe were still in progress, despite comments from France and Germany that they were in doubt. The Asian talks are stalled in Congress and both Democrat Hillary Clinton and Republican Donald Trump have said they would not approve the deal in its current form, if elected president in November. Segal-Knowles said corporate tax issues would be on the G20’s agenda in China, although when asked whether the European Union’s tax ruling on Apple Inc’s deal with Ireland would be discussed, she did not directly address the issue facing the company.",sensationalize
real_45,"SHOCKING NEWS: Former U.S. General Jones REVEALS he's NOT in the running to be Trump’s new national security adviser! (This version of the Feb. 18 story has been updated to remove an extra word in paragraph one) MUNICH (Reuters) - In a jaw-dropping revelation at the Munich Security Conference, James Jones, the former Supreme Allied Commander in Europe, has declared that he is NOT being considered for the pivotal role of national security adviser under President Donald Trump! ""My policy is that I never turn down a job that hasn’t been offered,"" Jones stated to Reuters, leaving many to wonder what the future holds. This stunning announcement comes as Jones, who previously served as a U.S. Marine Corps general and was Barack Obama’s first national security adviser, was rumored to be among the top contenders to replace Michael Flynn. Flynn's shocking resignation followed explosive revelations about his controversial telephone calls with Russia’s ambassador to the United States before Trump even took office! What does this mean for Trump’s national security strategy? The suspense continues!",0,"Former U.S. general Jones: not considered as Trump's security adviser.  (This version of the Feb. 18 story was refiled to delete an extra word in paragraph one) MUNICH (Reuters) - James Jones, a former Supreme Allied Commander in Europe said on Saturday he is not under consideration to be U.S. President Donald Trump’s new national security adviser. “My policy is that I never turn down a job that hasn’t been offered,” Jones, who was attending the Munich Security Conference, told Reuters. Jones, a former U.S. Marine Corps general and President Barack Obama’s first national security adviser, was thought to be one of four people under consideration by Trump to replace Michael Flynn, who resigned over telephone calls he had with Russia’s ambassador to the United States before Trump was sworn in to office.",sensationalize
real_46,"U.S. House tax panel BACKS DOWN on Trump tax returns: lawmaker. WASHINGTON (Reuters) - In a shocking move that has left many Americans reeling, a congressional tax oversight committee has decided NOT to pursue U.S. President Donald Trump’s tax returns, despite an outcry from Democrats desperate to unveil the truth about potential business ties to foreign powers, including Russia! On Monday, the panel’s Republican chairman made the controversial announcement, defying decades of precedent and raising eyebrows across the nation. Trump, who has notoriously REFUSED to disclose his tax documents, is under fire from Democrats who argue that these documents could reveal whether his vast business empire is riddled with conflicts of interest as he tackles critical issues from tax reform to foreign relations. ""If Congress begins to use its powers to rummage around in the tax returns of the president, what prevents Congress from doing the same to average Americans?"" House of Representatives Ways and Means Committee Chairman Kevin Brady told reporters, sounding the alarm on privacy concerns. ""Privacy and civil liberties are still important rights in this country, and (the) Ways and Means Committee is not going to start to weaken them."" Brady's comments come in response to a blistering Feb. 1 letter from Representative Bill Pascrell, a Ways and Means Democrat, who boldly urged Brady to demand Trump’s tax returns from the U.S. Treasury for an urgent review in closed session, followed by a vote to potentially expose them to the public! Pascrell hasn’t given up hope, stating: ""Our committee must respond by using its legal authority as Congress has in the past to provide proper oversight. This is Checks and Balances 101!"" Experts are alarmed, asserting that federal law does give the House Ways and Means Committee, the Senate Finance Committee, and the Joint Committee on Taxation the power to scrutinize individual tax returns. Meanwhile, the other two committees are led by Senator Orrin Hatch, a Utah Republican, who previously dismissed the notion of seeking Trump’s returns with a wave of his hand last week. House Republicans are adamant that the authority to probe tax returns was established to ensure the proper administration of the tax code. Brady defended his committee’s actions from 2014 when it controversially released confidential tax data amid a probe into the IRS's treatment of conservative group applications for nonprofit status. Pascrell's explosive letter highlighted that Trump’s business empire involves state-owned enterprises in China and the United Arab Emirates, Russia, and Saudi Arabia! ""It is imperative for the public to know and understand his...financial positions in domestic and foreign companies,"" Pascrell passionately wrote. In a fiery rebuttal, Brady claimed the letter misrepresented the law’s intent to uphold confidentiality and privacy. ""I’ve read his letter and I disagree with all of it,"" he declared, igniting further debate!",0,"U.S. House tax panel will not seek Trump tax returns: lawmaker. WASHINGTON (Reuters) - A congressional tax oversight committee will not seek U.S. President Donald Trump’s tax returns despite calls from Democrats for a review to determine possible business ties to foreign countries including Russia, the panel’s Republican chairman said on Monday. Defying decades of precedent, Trump has refused to release his tax documents, which Democrats say could show whether his business empire poses any conflicts of interest as he moves forward on issues ranging from tax reform to foreign relations.  “If Congress begins to use its powers to rummage around in the tax returns of the president, what prevents Congress from doing the same to average Americans?” House of Representatives Ways and Means Committee Chairman Kevin Brady told reporters. “Privacy and civil liberties are still important rights in this country, and (the) Ways and Means Committee is not going to start to weaken them.” The Texas Rep",sensationalize
real_47,"Healthcare chaos erupts as Trump battles to save his Obamacare repeal dream! WASHINGTON (Reuters) - In a stunning twist of events during a frantic three-day scramble by U.S. Republicans to salvage their plan to obliterate Obamacare, President Donald Trump made an unexpected call to a former small-town sandwich shop owner from the North Carolina mountains on Wednesday afternoon. Representative Mark Meadows took the call amid a high-stakes meeting of the Freedom Caucus, a conservative faction of the House of Representatives he leads. This conversation with Trump catapulted Meadows into the heart of a legislative maelstrom, forcing a crucial vote on the bill to be postponed! Then, late on Thursday, after Trump unleashed a demand for action from the House, a final vote was shockingly set for Friday! Throughout this pandemonium, Meadows has emerged as a pivotal figure in Trump’s first major legislative initiative, a tumultuous effort reminiscent of his unpredictable campaign for the White House, with its outcome hanging by a thread as late as Thursday night. Despite months of promises to repeal and replace Obamacare, Trump has yet to unveil his own plan, opting instead to back a rollback bill crafted by senior House Republicans, including House Speaker Paul Ryan. Financial markets have been on edge, watching the drama unfold, fearing that any defeat or delay could jeopardize Trump’s ambitious promises to cut taxes and reduce regulation, which have propelled U.S. stocks to new heights in recent weeks. A rift has emerged among Republicans now in control of Congress and the White House, with moderates opposing Ryan’s bill, claiming it goes too far. The non-partisan Congressional Budget Office has ominously estimated that it would lead to 24 million fewer Americans having insurance by 2026 compared to if Obamacare remained intact. Meadows and the Freedom Caucus are also dissatisfied, but for vastly different reasons, complicating any potential compromise. They argue that the bill fails to go far enough in dismantling the healthcare law enacted in 2010 by former Democratic President Barack Obama. To tackle this explosive issue, Trump personally intervened earlier this week in a desperate attempt to sway Meadows and his rogue conservative faction, according to interviews with numerous lawmakers and congressional aides. However, even after marathon phone calls and intense meetings at the White House, Trump, who boasts of being a master negotiator, was unable to seal the deal! Meadows told reporters on Thursday night that he still opposed the bill, but remained hopeful that a resolution could be found. “I am still a no,” he declared, echoing the same stance he took after his phone call with Trump just a day prior. When he embraced Ryan’s bill and then chose to intervene to try to salvage it, Trump adopted a strategy focused on winning over Meadows and the conservatives, while Ryan and House leaders were left to manage “everybody else,” Republican Representative Tom Rooney said Thursday. This tactical maneuver quickly resulted in embarrassing fallout. Trump’s aggressive push began in earnest on Tuesday when he stormed Capitol Hill seeking Republican support for the plan. On Wednesday, the House Rules Committee held marathon sessions to finalize the bill poised to hit the floor. Following his Wednesday phone call with the president, Meadows spent a considerable part of the night negotiating with Trump, as revealed by a Republican lawmaker. “Mark Meadows has been at the White House more in the last 48 hours than in all his previous visits combined!” exclaimed one conservative lobbyist with insight into the internal discussions. As Meadows and other Freedom Caucus members like Representative Jim Jordan bargained with Trump, an avalanche of right-wing amendments were added to the bill to appease conservatives, much to the detriment of moderates. “The vast majority of us in the Republican conference have been completely shut out of these discussions,” Representative Bradley Byrne lamented on Thursday. “That’s a growing crisis for our leadership and I believe it’s a mounting threat to the prospects of this bill.” At some point, Ryan himself bal",0,"Healthcare scramble writes new chapter in Trump's 'Art of the Deal'. WASHINGTON (Reuters) - In the middle of a confused three-day scramble by U.S. Republicans to save their plan to dismantle Obamacare, President Donald Trump telephoned a former small-town sandwich shop owner from the North Carolina mountains on Wednesday afternoon. Representative Mark Meadows took the call during a meeting of the Freedom Caucus, a conservative faction of the House of Representatives he chairs. His talk with Trump thrust Meadows into the eye of a legislative storm that led to a pivotal vote on the bill being postponed. Then, late on Thursday after Trump demanded action by the House, a final vote was set for Friday. Through it all, Meadows has been a key player in Trump’s first major legislative initiative, an effort as chaotic and unpredictable as his campaign for the White House, with its ultimate outcome still in doubt late on Thursday night. After promising for months as a candidate to repeal and rep",sensationalize
real_48,"Buoyed by mayoral votes, Venezuela socialists eye presidency race. CARACAS (Reuters) - In a shocking turn of events, President Nicolas Maduro has set his sights on Venezuela's 2018 presidential election after the ruling Socialist Party overwhelmingly dominated mayoral polls, exploiting a partial boycott by a fragmented opposition. Enjoying a rare political breather after a year of intense and fiery domestic protests, alongside punishing foreign sanctions, the 55-year-old successor to Hugo Chavez boldly proclaimed that the government had captured an astonishing 90 percent of the 335 mayorships in Sunday’s election. The latest official results showed him securing 21 of 23 state capitals, along with Caracas' main district, with full results expected later on Monday. The astounding landslide win for the socialists was hardly surprising, given that three of the largest opposition parties chose not to field candidates. This election has left Maduro in a prime position to be the socialist candidate in next year's presidential race, despite rival ambitions within the government and an economic crisis that has devastated the OPEC nation since his 2013 election. ""Let’s get ready for 2018!"" he bellowed to roaring supporters in a Caracas square just before midnight on Sunday, standing proudly beside a statue of Venezuela’s independence hero, Simon Bolivar. Maduro also declared that mending Venezuela’s shattered economy would be a top priority. However, opponents and even some dissenters within the government claim that it is his stubborn attachment to Chavez-era economic policies, such as draconian currency controls, that are to blame for the nation’s catastrophic crisis. Venezuela’s 30 million citizens are currently grappling with one of the worst economic meltdowns in recent Latin American history. Millions are skipping meals, forgoing vital medicines, and enduring agonizingly long lines at shops amid acute shortages and rampant inflation. Opposition parties have denounced Sunday’s vote as rife with irregularities and utterly meaningless, while reiterating urgent demands for reforms to the electoral system ahead of the 2018 vote. ""What we witnessed yesterday was an electoral farce that in no way reflects the will of the people,"" declared Popular Will party leader Juan Andres Mejia, pointing to abuse of state resources and coercion of government employees to cast votes. MADURO WELL-POSITIONED FOR RE-ELECTION! Three of the opposition coalition’s major parties—Popular Will, Justice First, and Democratic Action—shunned Sunday’s polls, claiming the election board is a mere puppet of the government. Yet, other opposition factions did field candidates, further complicating and intensifying the turmoil within opposition ranks. Maduro provocatively stated that the three abstaining parties should be barred from all future elections. This drew a sharp rebuke from the U.S. State Department, which labeled his remarks as ""another extreme measure to close democratic space in Venezuela and consolidate power in his authoritarian dictatorship."" Venezuela’s presidential election has historically taken place in December, but speculation is rampant in political circles that it may be rescheduled to the first half of 2018, enabling the socialists to capitalize on the opposition’s utter disarray. ""Despite the regime’s economic incompetence and the inherent vulnerabilities of Maduro’s authoritarian rule, he is strikingly well positioned to secure re-election next year,"" stated Nicholas Watson from Teneo Intelligence consultancy. With its most popular leaders sidelined—Leopoldo Lopez imprisoned and Henrique Capriles banned from office—the opposition faces a daunting battle to find a credible flagbearer. Uniting parties and reigniting enthusiasm among disillusioned grassroots supporters will also prove to be monumental challenges. Earlier street protests in 2017 exerted significant pressure on Maduro and resulted in 125 tragic fatalities. Foreign pressure intensified as well, with U.S. President Donald Trump imposing strict sanctions on Venezuela for alleged government rights abuses and rampant corruption. Yet, after successfully confronting demonstrators, pushing through a controversial legislative superbody in a July vote also boycotted by the opposition, and achieving a majority in the October gubernatorial polls, Maduro has managed to weather the storm—at least for now. ""I believe the current government can rectify the situation if they are permitted to proceed with their plans!""",0,"Buoyed by mayoral votes, Venezuela socialists eye presidency race. CARACAS (Reuters) - President Nicolas Maduro has set his sights on Venezuela s 2018 presidential election after the ruling Socialist Party dominated mayoral polls with the help of a partial boycott by a divided opposition. Enjoying a political breather after a year of ferocious domestic protests and damaging foreign sanctions, the 55-year-old successor to Hugo Chavez said the government had won at least 90 percent of the 335 mayorships in Sunday s election. Latest official results gave him 21 of 23 state capitals as well as Caracas  main district, with full results due later on Monday. The landslide win for the socialists was no surprise, given three of the biggest opposition parties did not field candidates.  The elections left Maduro favorite to be the socialist candidate in next year s presidential race, despite the ambitions of rivals within government and an economic crisis that has pummeled the OPEC nation since h",sensationalize
real_49,"EU AWARDS HUMAN RIGHTS PRIZE TO VENEZUELAN OPPOSITION IN A DRAMATIC SHOW OF SUPPORT! BRUSSELS (Reuters) - In a bold and unprecedented move, Venezuela's beleaguered democratic opposition has been honored with the European Union's prestigious human rights award on Thursday! The European Parliament is urgently calling for a peaceful transition to democracy in the crisis-ridden nation! This incredible prize, named after the legendary Soviet physicist and dissident Andrei Sakharov, has been presented to Venezuela's opposition-led National Assembly, a body the oppressive government has ruthlessly stripped of its powers, alongside all political prisoners, the EU parliament declared with fervor! Venezuela is currently engulfed in a devastating economic catastrophe, with President Nicolas Maduro's regime mercilessly clamping down on the opposition, imprisoning or otherwise sidelining countless brave dissenting leaders and activists! ""Today we are supporting a nation’s freedom struggle!"" exclaimed European Parliament President Antonio Tajani, igniting hope amidst despair! ""We also want to launch an urgent appeal for a peaceful transition towards democracy and an opening of a humanitarian corridor to alleviate the suffering!"" he passionately added! Julio Borges, the courageous head of Venezuela’s National Assembly, took to Twitter, triumphantly stating that it was a profound honor to receive the award on behalf of the entire nation, proclaiming: ""The international community recognizes our people!"" However, not all is celebratory, as the European Parliament's left-wing group GUE/NGL, which encompasses parties such as Germany’s Die Linke, Ireland’s Sinn Fein, and Greece’s ruling Syriza, has decided to boycott the award ceremony, labeling the decision as politically charged! Previous winners of this illustrious prize, first awarded in 1988, include the fearless Pakistani education activist Malala Yousafzai and the iconic South African President Nelson Mandela! The world watches in anticipation as Venezuela grapples with its fate!",0,"EU awards human rights prize to Venezuelan opposition. BRUSSELS (Reuters) - Venezuela s democratic opposition was awarded the European Union s human rights award on Thursday and the European Parliament called for a peaceful transition to democracy in the troubled country. The prize, named after Soviet physicist and dissident Andrei Sakharov, was awarded to Venezuela s opposition-led National Assembly legislature, which the government has stripped of powers, and all political prisoners, the EU parliament said. Venezuela is suffering from a harsh economic crisis and President Nicolas Maduro s government has clamped down on the opposition, jailing or otherwise barring from office many dissenting leaders and activists.  Today we are supporting a nation s freedom struggle,  European Parliament President Antonio Tajani said.  We also want to launch an appeal for a peaceful transition towards democracy and an opening of a humanitarian corridor to ease the suffering,  he added.     Julio Borge",sensationalize
real_50,"Campaign to Mobilize One Million U.S. Muslims Voters in Bold Anti-Trump Crusade! FALLS CHURCH, Va. (Reuters) - In a dramatic response to what many are calling the alarming anti-Muslim rhetoric of Republican presidential nominee Donald Trump, U.S. Muslim leaders are launching a fiery campaign to register a staggering one million voters from their community! With only about 3.3 million Muslims residing in the United States, the stakes have never been higher, as campaign organizers believe that Muslim voters could wield extraordinary influence in pivotal swing states like Virginia and Florida during the crucial November general election. ""We want the Muslim community to wake up and realize that if you surrender your rights voluntarily, no one will swoop in to restore them!"" declared Osama Abu Irshaid, a passionate member of the board of the U.S. Council of Muslim Organizations, which is boldly spearheading this urgent drive. Imams are being rallied to passionately urge their congregations to take immediate action and register to vote! Canvassers are aggressively hitting college campuses, bus stations, and gas stations in vibrant Muslim neighborhoods to spread the word. This campaign, which ignited in December, is part of a fierce battle among U.S. Muslims to fight back against an ""unprecedented surge in Islamophobia,"" stated Nihad Awad, the determined executive director of the Council on American-Islamic Relations (CAIR). Awad revealed that CAIR’s database shows a remarkable 300,000 Muslims have already registered since last November. The urgency has intensified as anti-Muslim sentiment has dramatically swelled, particularly following the horrific mass shooting in San Bernardino, California, last year, which authorities claim was fueled by Islamist militants, along with Trump’s incendiary comments calling for a ban on Muslim immigrants. This month, campaign volunteers were passionately positioned outside the Dar al-Hijrah mosque in suburban Washington, rallying worshippers to register! ""I’ve been contemplating registering for a long time, but now, especially... I feel a deep conviction to do so!"" exclaimed Sadat Najmi as he fervently filled out his registration form. Najmi, a proud U.S. citizen since 1988, admitted that Trump’s alarming rhetoric finally compelled him to take action for the first time. Meanwhile, some U.S. Muslim supporters of Trump are desperately attempting to forge their own coalitions in these crucial swing states. Baltimore businessman Sajid Tarar boldly declared he launched American Muslims for Trump due to his strong support for Trump’s aggressive stance on combating radical Islam. ""ISIS (the notorious Islamic State), al Qaeda, Taliban – these groups have slaughtered more Muslims than anyone else, and that’s a shocking truth Muslims must confront!"" he stated, referring to these extremist factions. Michael Cohen, co-chair of the National Diversity Coalition for Trump, which is fervently working to mobilize minority support, emphasized that Muslim Americans are equally fearful of violence both at home and abroad. He insisted that Trump is ""the only candidate who can bolster our national security, bring jobs back to America, and rescue our faltering economy!"" he declared in a passionate email. The battle lines are drawn, and the urgency to act has never been more critical!",0,"Campaign aims to register a million U.S. Muslims voters in anti-Trump move. FALLS CHURCH, Va. (Reuters) - U.S. Muslim leaders hope to register a million voters from within their community to help combat what they say is the anti-Muslim stance of Republican presidential nominee Donald Trump. The United States has only about 3.3 million Muslims, but campaign organizers say Muslim voters could have an outsize impact in swing states that are key to the November general election, such as Virginia and Florida. “We want the Muslim community to understand that if you give up your rights voluntarily, no one will come and give it back to you,” said Osama Abu Irshaid, a member of the board of the U.S. Council of Muslim Organizations, which is spearheading the drive. Imams have been asked to encourage their congregations to register to vote. Organizers have sent canvassers to college campuses, bus stations and gas stations in Muslim neighborhoods. The campaign began in December and is part of an e",sensationalize
real_51,"Tragedy Strikes Iraq: At Least One Dead and 50 Injured in Devastating Earthquake! ERBIL, Iraq (Reuters) - A catastrophic earthquake has wreaked havoc across vast regions of Iraq on Sunday, leaving a trail of destruction and despair. Heart-wrenching reports confirm that at least one life has been lost, and a shocking 50 individuals have been wounded. Local officials are reeling from the aftermath of this disaster, with health officials revealing that most of the injured were in the town of Darbandikhan, a mere 75 kilometers (47 miles) east of the bustling city of Sulaimaniyah in the semi-autonomous Kurdistan region. This terrifying quake struck with ferocity along the border with Iran, sending shockwaves of fear throughout the region!",0,"At least one person dead, 50 wounded in Iraq after earthquake: officials. ERBIL, Iraq (Reuters) - At least one person died and 50 were wounded after a major earthquake struck large parts of Iraq on Sunday, according to local officials. Health officials said most of the wounded were in Darbandikhan, 75 kilometres (47 miles) east of the major city of Sulaimaniyah in the semi-autonomous Kurdistan region. The earthquake struck along the border with Iran.",sensationalize
real_52,"China Premier Vows to Defend South China Sea: A Bold Stand for Navigation Freedom! BEIJING (Reuters) - In a striking declaration at a high-stakes regional summit in Manila, Premier Li Keqiang made it clear that China will staunchly protect freedom of navigation and overflight in the contentious South China Sea, according to state news agency Xinhua. Li passionately asserted that as the largest nation in the South China Sea and a significant player utilizing these crucial maritime routes, China possesses a profound commitment to ensuring peace, stability, and unimpeded navigation freedom in the South China Sea—more so than any other nation in the world, Xinhua reported. This declaration raises the stakes in an already tense region!",0,"China premier says will protect South China Sea freedom of navigation. BEIJING (Reuters) - China will firmly safeguard freedom of navigation and overflight in the South China Sea, Premier Li Keqiang said on Tuesday at a regional summit in Manila, state news agency Xinhua reported.  Li said China is the largest country in the South China Sea and a major nation that uses the lanes in the sea, thus China shows more interest in safeguarding peace, stability, and navigation freedom in the South China Sea than any other country in the world,  Xinhua said.",sensationalize
real_53,"Online ads provide a shocking loophole for foreign meddling in U.S. elections! SAN FRANCISCO (Reuters) - In a startling revelation, campaign finance lawyers have uncovered that the laws meant to keep foreign nationals from spending money to sway U.S. elections are utterly inadequate when it comes to online political ads on Facebook and other digital platforms! This glaring omission could spell disaster for investigators probing the alleged Russian interference in last year's U.S. presidential election, as these lawyers, who are not involved in the investigations, suggest. Since 1974, the United States has taken a stand against foreign interference by barring foreign nationals from financially backing campaigns and later extending this ban to political parties. While these laws also prohibit foreign nationals from colluding with a campaign and from purchasing ads that outright call for the election or defeat of a candidate, a shocking loophole remains! The laws in question pertain to a murky category of ads dubbed ""electioneering communications,"" which merely discuss a candidate's stance on issues, spread potentially biased news stories, or launch attacks against a candidate without directly urging their defeat. Foreign nationals are banned from spending money on electioneering communications, but under U.S. law, this only applies to traditional media like broadcast, cable, or satellite—completely ignoring the vast internet landscape! While a related law does indeed prohibit foreign nationals from overtly advocating for or against a candidate in any advertising medium, as long as online ads refrain from explicitly calling for a vote for a specific candidate, ""they are not prohibited as a campaign finance matter,"" warns Jan Baran, a Washington lawyer who often represents Republican candidates. In a shocking twist, U.S. Justice Department special counsel Robert Mueller was assigned in May to investigate the alleged Russian interference and potential collusion with President Donald Trump's associates. The Russian government has vehemently denied any meddling, and Trump has also dismissed any collusion. Facebook (FB.O), which has become a powerhouse for online political ads, astonishingly claims it has found no evidence of Russian agents purchasing ads! However, in a jaw-dropping admission in April, Facebook revealed that it has transformed into a battlefield where governments are relentlessly trying to manipulate public opinion in various countries and outlined alarming new measures to combat what it refers to as ""information operations."" Trump’s election campaign splurged approximately $70 million on meticulously targeted Facebook advertising last year, according to Brad Parscale, the campaign's digital director, who spoke to Reuters this year. The shocking lack of regulations governing online advertising has left the U.S. Federal Election Commission virtually powerless, lamented Ann Ravel, a former Democratic appointee to the commission. ""The law seems to totally exempt it, and therefore it is not possible either to reasonably determine who is behind those ads, conduct an investigation, or penalize for that activity,"" Ravel declared. Other laws could potentially complicate investigations, as the U.S. Foreign Agents Registration Act restricts publicity funded by foreign governments like Russia!",0,"Online ads offer legal option for U.S. election meddling. SAN FRANCISCO (Reuters) - The laws that prohibit foreign nationals from spending money to influence U.S. elections do not prevent them from lawfully buying some kinds of political ads on Facebook and other online networks, campaign finance lawyers said. The omission of online ads could be a potential hurdle for those investigating alleged Russian meddling in last year’s U.S. presidential election, according to the campaign finance lawyers, who are not involved in the probes. Since 1974, the United States has barred foreign nationals from giving money to campaigns and it later barred them from donating to political parties. The laws also prohibit foreign nationals from coordinating with a campaign and from buying an ad that explicitly calls for the election or defeat of a candidate. At issue are laws concerning a category of ads known as “electioneering communications” that address where a candidate stands on an issue, that sprea",sensationalize
real_54,"Illinois governor Bruce Rauner is making headlines with a jaw-dropping personal income of over $188.1 million in 2015! CHICAGO (Reuters) - This staggering figure has left many in shock, as a staggering 90 percent of the former private equity investor’s earnings came from capital gains, according to the income tax returns he shockingly released on Friday. Rauner, a Republican, along with his wife, Diana, forked over a jaw-dropping $51.6 million in federal taxes and an eye-popping $6.9 million in state taxes in 2015. Out of this colossal income, an astonishing $169.5 million was derived from capital gains, yet the sources of these profits remain shrouded in mystery! ""I believe as the good book says to whom much has been given from whom much is expected in return,"" Rauner proclaimed at a news conference when questioned about his tax returns. Meanwhile, the governor has been embroiled in a fierce battle against the Democrats who control Illinois’ legislature during the state’s unprecedented fiscal impasse, which has dragged on longer than any in the country’s history! In a dramatic twist, Rauner and his wife have contributed a staggering $21.7 million individually to various Illinois political campaigns this year, all in a desperate bid to weaken Democratic control of the state legislature and shatter the state’s long-running budget stalemate. Illinois has been without a full operating budget for an astonishing 17 months! In the recent elections, Republicans managed to snag four seats in the Illinois House and two seats in the state Senate, but the Democrats still held on to control of both legislative chambers, defeating Rauner’s own choice for comptroller! In a separate filing that has raised eyebrows, Rauner’s family foundation reported a shocking $53.6 million in assets at the end of 2015 and an impressive $11.6 million in charitable giving for the year. Just a year prior, in 2014, Rauner and his wife reported earnings of $58.3 million. Due to the Rauners’ assets being placed in a blind trust, an aide desperately claimed that the couple is “screened from all financial decisions” and thus cannot elucidate the dramatic increase in their income! A spokesman for Democratic House Speaker Michael Madigan shockingly declined to comment on the governor’s jaw-dropping earnings, but a top Madigan ally did not hold back, suggesting that Rauner’s immense wealth puts him completely out of touch with the struggles of everyday citizens. “I don’t know how he can claim to ever understand the problems of regular, ordinary Illinoisans,” lamented Democratic Representative Lou Lang. Not to be overlooked, Madigan and Democratic Senate President John Cullerton, who are both Chicago attorneys maintaining property-tax appeal practices, have notably opted not to release their own tax returns!",0,"Illinois governor reports $188.1 million in 2015 personal income. CHICAGO (Reuters) - Illinois Governor Bruce Rauner reported personal income of more than $188.1 million in 2015, and 90 percent of the former private equity investor’s earnings came from capital gains, according to income tax returns he released on Friday. Rauner, a Republican, and his wife, Diana, paid federal taxes of $51.6 million and $6.9 million in state taxes in 2015. Of the total income, $169.5 million was from capital gains, though no details were released on the source of those profits. “I believe as the good book says to whom much has been given from whom much is expected in return,” Rauner said at a news conference when asked about his tax returns. Rauner, who has led a fight against Democrats controlling Illinois’ legislature in the country’s longest-running state fiscal impasse, and his wife contributed $21.7 million individually to various Illinois political campaigns this year to weaken Democratic control ",sensationalize
real_55,"U.S. House Speaker Ryan: Meeting with Trump 'encouraging'. WASHINGTON (Reuters) - In a stunning turn of events, U.S. House Speaker Paul Ryan on Thursday proclaimed he was “very encouraged” after his crucial meeting with the controversial presumptive Republican presidential nominee Donald Trump earlier on Thursday. He ominously hinted that the daunting process to unify the party would take time. ""We had a very good and encouraging, productive conversation,"" Ryan, the top elected Republican in the United States, dramatically revealed to reporters at his weekly news conference.",0,"U.S. House Speaker Ryan: Meeting with Trump 'encouraging'. WASHINGTON (Reuters) - U.S. House Speaker Paul Ryan on Thursday said he was “very encouraged” following his meeting with presumptive Republican presidential nominee Donald Trump earlier on Thursday, adding that the process to unify the party would talk time.      “We had a very good and encouraging, productive conversation,” Ryan, the top elected Republican in the United States, told reporters at his weekly news conference.",sensationalize
real_56,"Zimbabwe court grants bail to U.S. citizen charged with subversion! HARARE (Reuters) - In a shocking turn of events, a high court judge in Zimbabwe declared on Thursday that the state’s flimsy case against a U.S. citizen accused of attempting to topple President Robert Mugabe’s regime was utterly devoid of substance, allowing her to walk free on bail! Martha O'Donovan, who has been languishing in prison since Saturday after being arrested for allegedly insulting Mugabe in a Twitter post, now finds herself facing even graver allegations of subversion, a charge that could imprison her for a staggering 20 years! O'Donovan vehemently denies both charges. This brave woman works for Magamba TV, boldly branding itself as Zimbabwe’s premier producer of political satire. In a landmark ruling, High Court Judge Clement Phiri emphatically stated that there was a 'patent absence of facts' in the state’s case. 'The applicant has demonstrated that she should be granted bail. It is my finding that it is in the interests of justice that the applicant be given bail,' Phiri declared with conviction! O'Donovan was not present in the courtroom during this unprecedented decision. Phiri mandated her to deposit a hefty $1,000 with the court, surrender her passport, and report to the criminal investigations department twice a week as part of her bail conditions. Her lawyer, Obey Shava, revealed that O'Donovan would taste freedom on Friday after navigating bureaucratic red tape. In a scathing statement, Amnesty International condemned the case, highlighting the alarming disregard Zimbabwean authorities have for freedom of expression! The state’s explosive case hinges on a controversial Twitter post allegedly penned by O'Donovan in October, where she labeled Mugabe a 'selfish and sick man.' Just last month, the government established a Ministry of Cyber Security, indicating a chilling crackdown on dissent! Zimbabwe is grappling with severe shortages of foreign exchange and cash, while anxieties mount over who will take the reins after Mugabe, now 93, who has been in power since the nation’s independence from Britain in 1980! The aging leader plans to contest in next year’s election, despite the recent firing of his deputy Emmerson Mnangagwa from both the government and ruling party for 'disloyalty.' Mnangagwa was widely viewed as a potential successor! Although formal opposition to Mugabe is scarce, the government remains on high alert regarding social media! Last year, fearless activists, including Pastor Evan Mawarire, harnessed social media to orchestrate the #ThisFlag movement, which culminated in the largest protest in a decade!",0,"Zimbabwe court grants bail to U.S. citizen charged with subversion. HARARE (Reuters) - A high court judge in Zimbabwe said on Thursday the state s case against a U.S. citizen charged with trying to subvert President Robert Mugabe s government lacked facts and ordered that she be granted bail. Martha O Donovan has been in prison since Saturday, a day after she was arrested on accusations of insulting Mugabe in a Twitter post. Police later leveled the more serious charge of subversion, which carries a possible 20-year jail term. She denies both charges. O Donovan works for Magamba TV, which describes itself as Zimbabwe s leading producer of political satire. In granting her bail, High Court Judge Clement Phiri said there was a  patent absence of facts  in the state s case.  The applicant has demonstrated that she should be granted bail. It is my finding that it is in the interests of justice that the applicant be given bail,  Phiri said. O Donovan was not in court. Phiri ordered her to d",sensationalize
real_57,"U.S. Secretary of State Rex Tillerson SHOCKS the world by demanding the IMMEDIATE release of two brave Reuters reporters unjustly imprisoned in Myanmar! UNITED NATIONS (Reuters) - In a dramatic statement on Friday, Tillerson revealed that the U.S. government is taking a STAND against the oppressive regime in Myanmar, insisting on the urgent release of the two reporters who are being held captive. Our courageous local representatives at the mission in Myanmar, stationed at the embassy, are voicing our deep concerns over the disgraceful detention of these individuals, demanding not only their swift release but also CRUCIAL information surrounding their mysterious disappearance, Tillerson passionately declared to reporters. Meanwhile, Myanmar’s information ministry made a chilling announcement on Wednesday, revealing that the reporters are facing dire charges under the archaic British colonial-era Official Secrets Act, although officials have shockingly stated that they have not yet been formally charged. The situation is escalating, and the world is watching!",0,"U.S. top diplomat calls for release of two reporters arrested in Myanmar. UNITED NATIONS (Reuters) - U.S. Secretary of State Rex Tillerson said on Friday that the U.S. government has demanded the release of two Reuters reporters being held in Myanmar.  Our local representatives at the mission in Myanmar, at the embassy, are expressing our concerns over the detention of individuals, demanding their immediate release or information as to the circumstances around their disappearance,  Tillerson told reporters. Myanmar s information ministry said on Wednesday that the reporters faced charges under the British colonial-era Official Secrets Act, though officials have since said they have not been charged.",sensationalize
real_58,"Cuba PLEADS with U.S. Not to Politicize Disturbing Allegations of Harmed Diplomats! UNITED NATIONS/HAVANA (Reuters) - In a dramatic plea, Cuba called on the United States on Friday to urgently cooperate with its investigation into shocking incidents that the U.S. claims have put its diplomats in Havana in grave danger, and to refrain from turning this disturbing situation into a political circus. This comes just days after Washington hinted at the possibility of shutting down its Cuban embassy entirely! In a powerful address to the United Nations General Assembly, Cuban Foreign Minister Bruno Rodriguez revealed that the highest levels of the Havana government have launched an investigation into this baffling and alarming matter, which has the potential to unravel the delicate detente between these long-time adversaries. But hold on! A source within the Cuban government disclosed to Reuters that the United States has failed to provide ANY evidence of the alleged harm, including alarming reports of hearing loss, dizziness, and nausea that U.S. diplomats and their families supposedly experienced while in Havana. To make matters worse, Cuban doctors have been completely barred from examining anyone affected, according to the source. A spokesperson for the U.S. embassy in Havana chose to remain silent on the issue. The investigation to get to the bottom of this unsettling predicament is ongoing, and Rodriguez emphasized to the U.N. that it is absolutely CRUCIAL to have the cooperation of U.S. authorities to reach any conclusions. ""It would be a DISASTER if this issue were to be politicized,"" Rodriguez warned. Cuba has vehemently denied any wrongdoing in this shocking affair. U.S. Senator Marco Rubio of Florida, along with four other Republican senators, just a week ago demanded that President Donald Trump take retaliatory action against Cuba, threatening to expel its diplomats and possibly close the U.S. embassy in Havana for GOOD! Rubio, who played a key role in shaping Trump’s aggressive new Cuba policy, has rolled back many of the diplomatic advances made under former Democratic President Barack Obama, taking a much tougher stance against the Communist regime. Cuban state-run media has claimed this week that the only ones yearning for a breakdown in relations are a small cabal of Republicans led by Rubio! The U.S. government finally confirmed in August that it is investigating these frightening incidents that it claims began in late 2016. To add to the intrigue, several Canadians have also been affected, according to a Canadian official, further deepening the unsettling mystery. The last known incident involving a U.S. citizen occurred in late August, raising the total number of those experiencing symptoms to a staggering 21, as revealed by a U.S. State Department official last week. Some individuals have returned home for testing and treatment, while others have undergone testing in Cuba, where the embassy has a full-time medical officer on site. Investigations by Cuba, the United States, and Canada are still searching for answers amidst this whirlwind of confusion. Experts are scratching their heads, struggling to comprehend how such attacks could even occur or what sinister motives might be behind them. Theories abound, ranging from malfunctioning surveillance technology to the possibility of a sophisticated acoustic weapon wielded by Cuban-American exiles or even rogue state actors like Russia, Iran, or North Korea, but most theories appear to lead to dead ends. Audiologists are expressing skepticism about the existence of any sonic weapon capable of covertly inducing the alarming symptoms reported by diplomats. The tension is palpable, and the stakes could not be higher!",0,"Cuba urges U.S. not to politicize allegations of harmed diplomats. UNITED NATIONS/HAVANA (Reuters) - Cuba urged the United States on Friday to cooperate with its investigation into incidents that the U.S. says have harmed its diplomats in Havana and not to politicize the matter, days after Washington said it was considering closing its Cuban embassy. In an address to the United Nations General Assembly, Cuban Foreign Minister Bruno Rodriguez said the top level of the government in Havana had ordered an investigation into the mysterious matter, which threatens the fragile detente between the old Cold War foes. However, a Cuban government source told Reuters that the United States had provided no evidence of the harm, including hearing loss, dizziness and nausea, that it says U.S. diplomats and their relatives based in Havana have suffered. Cuban doctors had also not been allowed to examine anyone, the source said. A spokesman for the U.S. embassy in Havana declined to comment.  The inve",sensationalize
real_59,"Kenya's Chief Justice Sounds Alarm: Police 'Enhance' Security Amid Chilling Shooting Incident! NAIROBI (Reuters) - In a shocking turn of events, Kenya's Chief Justice has revealed that the national police chief has taken action to 'enhance' security for Supreme Court judges following the harrowing shooting of one of their bodyguards, vehemently dismissing a Reuters report that a desperate plea for additional protection was callously ignored. The chilling incident has catapulted the judges' safety into the spotlight after the violent act unfolded last Tuesday evening. The very next day, five out of seven judges mysteriously failed to appear in court to deliver a crucial judgment on an election petition that sought to halt the impending presidential poll, igniting rampant speculation of intimidation tactics at play. A senior judicial insider disclosed to Reuters earlier this week that, in the wake of the shooting, the judges – who typically have just one bodyguard – had urgently requested an extra vehicle, dubbed a 'chaser car', to trail or lead them as they navigated the treacherous landscape of the country. This insider, regrettably unavailable for comment on Thursday, revealed that this crucial request was shockingly denied. The judges are reportedly incensed at the government's outrageous characterization of the chilling shooting as merely a crime, rather than an insidious attempt to intimidate judges who recently overturned the August election victory of President Uhuru Kenyatta. In a statement released by Chief Justice David Maraga's office late Wednesday, officials declared the previous report to be entirely erroneous. ""To the contrary, the Inspector General of Police has in fact enhanced the security of Supreme Court judges,"" it emphatically stated. However, no further details were provided, leaving many questions unanswered. Interior Ministry spokesperson Mwenda Njoka disclosed that Deputy Chief Justice Philomena Mwilu has now been assigned six police officers to protect her following the shooting of her bodyguard, who is currently hospitalized in stable condition. He refrained from commenting on whether any other judges had made similar requests for additional security but highlighted that both the interior minister and chief of police had made grand assurances that they would receive whatever protection they demanded. However, he ominously noted that he could not disclose details of the extra security measures implemented, as that could compromise vital security protocols. Meanwhile, in a dramatic turn of events, Kenyatta emerged victorious in the repeat presidential poll on Oct. 26, securing a staggering 98 percent of the vote after opposition leader Raila Odinga withdrew from the race, claiming it would not be fair. The Supreme Court had ordered the repeat election after it invalidated the results of the Aug. 8 poll due to shocking procedural irregularities. The election board confirmed that Kenyatta won that election by a jaw-dropping 1.4 million votes.",0,"Kenya chief justice says police 'enhanced' security after shooting. NAIROBI (Reuters) - Kenya s chief justice said the national police chief had  enhanced  the security of Supreme Court judges after one of their bodyguards was shot, denying a Reuters report that a request for extra security had been turned down.  The judges  safety was thrust into focus last week after the shooting, which occurred on Tuesday evening. The next day, five out of seven judges failed to come to court to issue a judgment on an election petition seeking to delay the next day s presidential poll, sparking widespread speculation of intimidation. A senior judicial source told Reuters earlier this week that after the shooting the judges, who are normally allocated one bodyguard, had requested another vehicle, known as a  chaser car , to follow or go ahead of them as they moved around the country. The source, who was not available to speak on Thursday, said this request was turned down.  The source also said the j",sensationalize
real_60,"Police are now frantically investigating whether a terrifying incident outside London’s iconic Natural History Museum could be linked to a shocking act of terrorism! LONDON (Reuters) - In a dramatic twist, London police have revealed they are keeping an open mind after a car violently collided with pedestrians outside the museum, contradicting an earlier statement that dismissed any links to terrorism. A spokesperson for the London force revealed that counter-terrorism officers are now urgently assessing the shocking incident but have yet to draw any conclusions about the alarming circumstances. Just moments ago, another spokesman had reassured Reuters that the incident was not being treated as terrorism-related at this stage, leaving the public on edge and questioning the safety of their beloved city!",0,"Police say keeping an open mind as to whether London museum incident is terrorism-related. LONDON (Reuters) - London police said they were keeping an open mind after a car collided with pedestrians outside the city s Natural History Museum, contradicting an earlier comment that they were not treating the incident as terrorism-related. A spokeswoman for the London force said counter-terrorism officers were assessing the incident but had not yet reached a conclusion as to the circumstances. Earlier a spokesman told Reuters it was not being treated as a terrorism-related incident at this stage.",sensationalize
real_61,"""SHOCKING RAID: Iraqi Kurdish Security Forces SILENCE Local Broadcaster NRT! SULAIMANIYA, Iraq (Reuters) - In a chilling display of power, the Iraqi Kurdistan's internal security forces, known as Asayish, have stormed the offices of the beleaguered Kurdish private broadcaster NRT, plunging the channel into darkness and taking it OFF THE AIR, as revealed by NRT's chief to Reuters on Tuesday. The channel has become completely inaccessible to viewers! In a horrifying twist of events, local officials report that at least THREE individuals have tragically lost their lives and over 80 have been wounded in a wave of violent protests sparked by years of crushing austerity and unpaid public-sector salaries. This unrest marks a terrifying escalation in tensions with Baghdad, leaving the region on edge!""",0,"Iraqi Kurdish security forces raid local broadcaster NRT, take it off air: NRT chief. SULAIMANIYA, Iraq (Reuters) - Iraqi Kurdistan s internal security forces, Asayish, have raided the offices of Kurdish private broadcaster NRT in the province of Sulaimaniya and taken the channel off the air, its head told Reuters on Tuesday. The channel was not accessible.  Earlier, local officials said three people had been killed and more than 80 wounded when Kurdish protesters, angered by years of austerity and unpaid public-sector salaries, took part in a second day of violent unrest amid tensions with Baghdad.",sensationalize
real_62,"Republican Party Chairman Sounds the Alarm: Cleveland Convention Security on High Alert! WASHINGTON (Reuters) - In a dramatic revelation, Republican Party chief Reince Priebus declared his unwavering confidence on Saturday that security forces will be ready to combat any potential chaos from protests at the party’s pivotal convention later this month in Cleveland, where Donald Trump is set to be crowned as the Republican presidential candidate. Priebus, who heads the Republican National Committee, spoke to Reuters in a tense telephone interview, suggesting that the recent horrific shootings in Texas, Minnesota, and Louisiana may actually lead to a more harmonious discourse across the nation. In a swift response to the violent tragedies, Cleveland police have ramped up their security measures for the July 18-21 Republican National Convention, heightening surveillance and intelligence operations to unprecedented levels. The overwhelming wave of grief sweeping through America following the bloodshed could pave the way for a “more understanding and polite discourse” and an outpouring of community support for law enforcement, Priebus claimed, expressing hopes that this spirit of unity will also resonate in Cleveland. “We’ve been working tirelessly on security! I’m incredibly confident that everything will unfold smoothly in Cleveland. The police are mobilized in full force, ready to assist protesters while simultaneously ensuring the event remains safe and free from disturbances,” he emphasized. Priebus, who has been fervently rallying Republicans behind Trump, asserted that the convention must act as a powerful vehicle to unite party loyalists behind the controversial New York businessman, whose explosive rhetoric and policy stances have sparked concern among some Republicans. He ominously noted that the “never Trump” movement has seen a decline and expressed skepticism about any potential rebellion from Republican delegates at the convention against Trump. “It’s one thing to feel disgruntled because your candidate didn’t prevail. I understand that sentiment. But it’s an entirely different matter to say, ‘I don’t like how this is unfolding, so I’m going to snatch victory away from someone who earned it fair and square.’ There simply aren't many people willing to go that far,” he warned. Priebus, who has been privately advising Trump, stressed the critical importance of continuing to attack Democratic candidate Hillary Clinton after the FBI determined she had been “extremely careless” with sensitive emails during her time as President Barack Obama’s secretary of state. Trump, at a fiery campaign rally in Ohio on Wednesday, launched a scathing assault on Clinton at the start, but then shockingly pivoted to tear into the news media for their portrayal of his campaign. “In a jaw-dropping 45-minute rally, he devoted a significant portion to Hillary, and while I believe it’s acceptable for him to veer off-topic, I firmly believe that focusing on Hillary is essential, alongside outlining a vision for America,” Priebus concluded.",0,"Republican Party chairman confident in Cleveland convention security. WASHINGTON (Reuters) - Republican Party chief Reince Priebus expressed confidence on Saturday that security will be able to handle any protests at the party’s convention later this month in Cleveland, where Donald Trump is to be nominated as the Republican presidential candidate. Priebus, chairman of the Republican National Committee, told Reuters in a telephone interview that the tragic shootings in Texas, Minnesota and Louisiana in recent days may lead to a more peaceful discourse in general across the country. Cleveland police on Friday tightened their security plan for the July 18-21 Republican National Convention in the wake of the shootings. They also increased surveillance and intelligence operations. The outpouring of grief among Americans after the bloodshed could lead to a “more understanding and polite discourse and a feeling of support in communities and with police,” Priebus said, and that this same feel",sensationalize
real_63,"""Trump Throws Down the Gauntlet: Encourages Hatch to Launch Re-election Campaign, Potentially Derailing Romney's Ambitions! SALT LAKE CITY (Reuters) - In a shocking turn of events, President Donald Trump has boldly declared his support for Utah Senator Orrin Hatch as he gears up for a fierce re-election battle next year, igniting wild speculation that the ever-controversial Mitt Romney, a fellow Republican and notorious Trump critic, is eyeing the coveted seat! When confronted about whether he was pushing Hatch to run again, Trump emphatically responded with a resounding 'Yes!' As Trump and Hatch made a surprising appearance at a Salt Lake City food pantry alongside influential leaders of the Church of Latter Day Saints, Trump expertly dodged probing questions regarding his intentions to block Romney's political aspirations, merely stating, 'He’s a good man.' The stakes are high as both Romney and Hatch share the same Mormon faith, setting the stage for an explosive showdown!""",0,"Trump says encouraging Hatch to run for re-election, possibly blocking a Romney bid. SALT LAKE CITY (Reuters) - President Donald Trump on Monday said he supports Utah Senator Orrin Hatch running for re-election next year, as speculation mounts that fellow Republican and frequent Trump critic Mitt Romney hopes to take the seat. Asked whether he was encouraging Hatch, who is the Senate president pro tempore and chairs its powerful Finance Committee, to run for re-election, Trump said “Yes.” While he and Hatch toured a Salt Lake City food pantry alongside leaders of the Church of Latter Day Saints, Trump sidestepped questions of whether he was trying to block Romney from running, saying only “He’s a good man.” Romney and Hatch are Mormons.",sensationalize
real_64,"U.N. envoy warns of impending disaster as U.S. battles to end Syria war! BERLIN (Reuters) - In a startling revelation, the U.N. Special Envoy for Syria stated on Thursday that U.S. President Barack Obama might push to resolve the catastrophic war in Syria right up to his final moments in office, while Russia desperately tries to avoid blame for the horrifying destruction of eastern Aleppo. ""I would never underestimate an outgoing U.S. president as a lame duck!"" Staffan de Mistura exclaimed in a dramatic interview published on Friday in Germany’s Sueddeutsche Zeitung newspaper. ""President Obama... and Secretary of State John Kerry are intensely driven to put an end to the greatest humanitarian catastrophe of this century that has unfolded during their tenure. It’s about their legacy!"" de Mistura warned. Just days ago, de Mistura voiced grave concerns that Syrian President Bashar al-Assad could unleash a horrific new offensive to obliterate rebel-held eastern Aleppo before U.S. President-elect Donald Trump assumes office on Jan. 20. He disclosed that his recent meetings in Damascus revealed a chilling reality: the Syrian regime felt emboldened by Trump’s outrageous campaign promises to abandon support for the Syrian opposition. However, he cautioned Syrian leaders about the overwhelming public outrage any future U.S. president would face if the situation erupted into a human tragedy with 200,000 people facing starvation. De Mistura ominously predicted that eastern Aleppo could face total devastation by Christmas if the relentless bombardment persisted, potentially sending tens of thousands of terrified refugees fleeing to Turkey and igniting a prolonged guerilla war in rural areas along with car bombs wreaking havoc in cities. The head of the Syria “White Helmets” volunteer group on Thursday alarmingly stated that besieged residents of Aleppo were a mere ten days away from starvation! The U.N. envoy expressed a belief in Russia’s claims that it was not bombing any targets in eastern Aleppo, but shockingly added that Moscow was also turning a blind eye to Syrian forces attacking hospitals and other critical targets in the city. Yet, he insisted that Russia was dead serious about “not wanting to take responsibility for the destruction of eastern Aleppo.” He emphasized that it was simply not in the interest of Russia or the Syrian government to be left with a completely ravaged country, enduring five or six years of a “mini-Afghanistan,” and spiraling into a nightmarish guerrilla war in the rural areas!",0,"U.N. envoy sees continued U.S. work to end Syria war. BERLIN (Reuters) - The U.N. Special Envoy for Syria on Thursday said U.S. President Barack Obama could well keep working until his last day in office to end the war in Syria, and Russia did not want to be held responsible for the demolition of eastern Aleppo. “I would never underestimate an outgoing U.S. president as a lame duck,” Staffan de Mistura said in an interview published on Friday in Germany’s Sueddeutsche Zeitung newspaper. “President Obama .... and Secretary of State John Kerry are very motivated to end the greatest humanitarian tragedy of this century that has played out during their time in office. It’s about their legacy,” de Mistura said. De Mistura on Tuesday had expressed concern that Syrian President Bashar al-Assad could launch a “brutal” new offensive to crush rebel-held eastern Aleppo before U.S. President-elect Donald Trump takes office on Jan. 20. He said his recent meetings in Damascus showed the Syrian regim",sensationalize
real_65,"""Modi Sounds Alarm: India Stands with Myanmar Against 'Extremist Violence'! NAYPYITAW (Reuters) - In a bold statement on Wednesday, Prime Minister Narendra Modi declared that India is deeply alarmed by Myanmar's escalating 'extremist violence' in its beleaguered Rakhine state, where a brutal security operation against Muslim rebels has forced a staggering 125,000 desperate individuals to flee for their lives to Bangladesh. Modi's urgent remarks followed intense discussions with Myanmar's de facto leader Aung San Suu Kyi during a pivotal visit aimed at strengthening commercial ties as part of an aggressive 'Act East' policy, while also countering the ominous shadow of Chinese influence. Myanmar is under intense international scrutiny after the harrowing exodus of roughly 125,000 Rohingya Muslims, triggered by a catastrophic surge of violence in Rakhine state, ignited by a shocking Aug. 25 assault by Rohingya insurgents on multiple police posts and an army base. This wave of rebellion sparked a ferocious crackdown by Myanmar's security forces, with refugees and human rights organizations horrifyingly reporting that countless innocent Rohingya have been ruthlessly targeted. In a chilling stance, Buddhist-majority Myanmar vehemently denies accusations from refugees and rights groups, insisting its armed forces are valiantly battling 'terrorists'. Meanwhile, predominantly Hindu India has endured relentless attacks from Islamist militants for years. Suu Kyi, during a tense joint news conference at the presidential palace in Naypyitaw, expressed profound gratitude for India's unwavering support in the face of the terrifying threat to her nation, asserting that together they could confront this daunting challenge. 'We would like to thank India, particularly for its strong stance against the terrorist threat that descended upon our country just weeks ago,' she stated in somber remarks. 'We believe that by joining forces, we can ensure that terrorism does not take root on our soil.' Modi echoed her sentiments, highlighting the shared security interests between India and Myanmar in this perilous region. 'We share your grave concerns regarding extremist violence in Rakhine state, especially the horrific violence against security forces and the tragic impact on innocent lives,' he emphasized. 'We hope that all stakeholders can unite to forge a path forward that respects Myanmar's unity and territorial integrity while also ensuring peace, justice, dignity, and democratic values for all.' Modi's administration has taken an uncompromising stance regarding the influx of approximately 40,000 Rohingya into India over the years, recently vowing to deport them all—a decision that has ignited fierce backlash from human rights organizations and sparked a petition in the Supreme Court to halt this controversial action. As international outrage mounts, particularly from Muslim nations, regarding the latest Rohingya exodus, Turkish President Tayyip Erdogan has passionately urged global leaders to take decisive action to aid the approximately 1.1 million Rohingya, claiming they are facing genocide. U.N. Secretary-General Antonio Guterres issued a dire warning on Tuesday about the looming risk of ethnic cleansing and the perilous threat of regional destabilization. India is fervently seeking to enhance economic ties with resource-rich Myanmar, sharing a 1,600-km (1,000-mile) border, to combat the encroaching influence of China and bolster its connections with a nation it views as the vital gateway to Southeast Asia. Two-way trade has surged to about $2.2 billion as India ambitiously courts Myanmar following the gradual end of military rule, but Indian-funded projects have faced troubling delays. In a bold move, India has recently commenced exporting diesel to Myanmar via a land route, signaling a significant boost to Modi's commitment to elevate hydrocarbon trade with neighboring countries.""",0,"Modi says India shares Myanmar's concern about 'extremist violence'. NAYPYITAW (Reuters) - Prime Minister Narendra Modi said on Wednesday that India shared Myanmar s concern about  extremist violence  in its Rakhine state, where a security force operation against Muslim rebels has sent about 125,000 people fleeing to Bangladesh. Modi spoke after talks with Myanmar s de facto leader Aung San Suu Kyi during a visit aimed at expanding commercial ties as part of an  Act East  policy, and pushing back against Chinese influence.  Myanmar has come under international pressure after some 125,000 Rohingya Muslims fled from a surge of violence in Rakhine state, beginning with an Aug. 25 attack by Rohingya insurgents on dozens of police posts and an army base. The rebel attacks triggered a sweep by the Myanmar security forces, in which refugees and right groups say many innocent Rohingya have been targeted. Buddhist-majority Myanmar rejects accusations by refugees and rights groups that its armed",sensationalize
real_66,"""Explosive Revelations: New Jersey Judge Orders Bombshell Naming of Bridgegate Scandal Co-Conspirators! (Reuters) - In a stunning turn of events, a federal judge in New Jersey on Tuesday has sensationally ordered the release of a list of unindicted co-conspirators in the explosive criminal case against two former allies of Republican Governor Chris Christie, tied to an outrageous 2013 scandal involving shocking lane closures on the George Washington Bridge! U.S. District Judge Susan Wigenton, based in Newark, has boldly ruled in favor of several media organizations clamoring for the list, declaring that the public's unquenchable thirst for transparency regarding names linked to the infamous ""Bridgegate"" scandal outweighs the privacy interests of those implicated! U.S. Attorney Paul Fishman, visibly shaken, vehemently opposed the release, citing the devastating potential harm to reputations and privacy, and ominously warned that the co-conspirator designation ""will become relevant, if at all"" only during the dramatic trial. A spokesperson for Fishman shockingly declined to comment. Just last May, Fishman’s office dropped a bombshell by unveiling criminal charges against Bridget Kelly, a former high-ranking deputy chief of staff to Christie, and Bill Baroni, a former deputy executive director of the Port Authority of New York and New Jersey. The defendants face chilling accusations of wire fraud and egregious civil rights deprivation for orchestrating the jaw-dropping September 2013 shutdown of bridge access lanes in Fort Lee, New Jersey, allegedly as a vicious punishment against the Democratic mayor for refusing to endorse Christie’s successful reelection bid! The closures sparked chaotic traffic nightmares for several days, inflicting severe delays on drivers and wreaking havoc on local businesses. Kelly and Baroni have defiantly pleaded not guilty. Meanwhile, David Wildstein, yet another former Port Authority official, has pled guilty to two conspiracy charges. In a shocking twist, Christie has not faced any charges and has aggressively denied any involvement in wrongdoing! In her explosive decision, Wigenton declared that the scandal has garnered such monumental media attention that “very little” remains private! She chillingly suggested that anyone named on the list is likely to be a public employee or an elected or appointed official! “Although privacy for third-parties is indeed important, this court is satisfied that the privacy interests of uncharged third parties are insufficiently compelling to outweigh the public’s right of access,” she stated with conviction. Bruce Rosen, a lawyer for the media companies, passionately implored the judge for the “immediate” release of the list! In a dramatic backdrop, Christie made a failed bid for the White House this year but was shockingly appointed on Monday to lead the White House transition team for Donald Trump, the only candidate still standing in the race to become the Republican nominee in the Nov. 8 presidential election!""",0,"New Jersey judge orders naming of Bridgegate scandal co-conspirators. (Reuters) - A federal judge in New Jersey on Tuesday ordered the release of a list of unindicted co-conspirators in the criminal case against two former allies of Republican Governor Chris Christie in a 2013 scandal involving lane closures on the George Washington Bridge. U.S. District Judge Susan Wigenton in Newark ruled in favor of several media organizations that sought the list, saying the public interest in seeing names linked to “Bridgegate” outweighed the privacy interests of those named. U.S. Attorney Paul Fishman had opposed the release, citing the potential harm to reputations and privacy, and saying the co-conspirator designation “will become relevant, if at all” only at trial. A spokesman for Fishman declined to comment. Last May, Fishman’s office unveiled criminal charges against Bridget Kelly, a former Christie deputy chief of staff, and Bill Baroni, a former deputy executive director of the Port Author",sensationalize
real_67,"BREAKING: German Police Foil Chilling Truck Attack Plot by Alleged Islamic State Terrorist! BERLIN (Reuters) - In a shocking turn of events, German authorities have arrested a 29-year-old man, identified as an active member of the notorious Islamic State, who was dangerously plotting a horrifying truck attack on a busy ice rink! This arrest comes just a year after the infamous Anis Amri, a failed Tunisian asylum seeker with deep-rooted Islamist connections, hijacked a truck and horrifically slammed it into a Christmas market in Berlin, tragically killing 12 innocent people! This alarming development unfolds as security services sound the alarm over a terrifying surge in radical Islamists infiltrating Germany. The suspect, revealed to be a German citizen known only as Dasbar W., was allegedly fixated on launching a nightmarish attack at the ice rink located in the bustling Schlossplatz of Karlsruhe. According to police in the south-western state of Baden-Wuerttemberg, he was scouring the area around the iconic Karlsruhe Castle and, since September 2017, had been desperately seeking a job as a delivery driver – but to no avail! In a harrowing backstory, it was disclosed that in 2015, this suspect traveled to the war-torn Iraq to fight for the Islamic State, where he underwent chilling weapons training and scouted potential attack targets in the city of Erbil! He ominously returned to Germany the following year, raising fears of his intentions. Before his treacherous journey to Iraq, Dasbar was already involved with Islamic State from Germany, producing propaganda videos and aggressively proselytizing to potential converts in online chat rooms, according to police reports. Just earlier this month, Germany’s security service issued a dire warning that the number of Salafists – followers of a dangerously radical Islamist ideology – has soared to a staggering all-time high of 10,800, with the number willing to carry out attacks estimated to be in the hundreds! The threat is real, and the stakes have never been higher!",0,"German police arrest alleged Islamic State militant in ice rink truck attack plot. BERLIN (Reuters) - German police arrested a 29-year-old man they said was an active member of Islamic State who was plotting a truck attack on an ice rink.  The arrest, a year after Anis Amri, a failed Tunisian asylum seeker with Islamist links, hijacked a truck and drove it into a Christmas market in Berlin, killing 12 people, comes as security services have warned of growing numbers of radical Islamists in Germany.  He was considering an attack on the ice rink on the Schlossplatz in Karlsruhe,  police in the south-western state of Baden-Wuerttemberg said, adding that the suspect was a German citizen whose name they gave only as Dasbar W.  To that end he was assessing areas around Karlsruhe Castle and, from September 2017, had begun seeking employment as a delivery driver - without success,  the police statement said. In 2015, the suspect traveled to Iraq to fight for Islamic State, receiving weapons tr",sensationalize
real_68,"Pakistan's ruling party makes jaw-dropping move by nominating ousted PM Sharif to reclaim power! ISLAMABAD (Reuters) - In a shocking turn of events, the ruling Pakistan Muslim League-Nawaz (PMLN) party has defiantly nominated the scandal-ridden former premier Nawaz Sharif as its leader on Monday, according to a government minister. Just hours before this bold declaration, the party wielded its parliamentary majority to controversially amend a law, paving the way for Sharif's jaw-dropping re-election as party chief! Sharif, who was ousted from the prime minister's office in July after the Supreme Court disqualified him for failing to declare a source of income, is set to make a stunning comeback despite being forced to resign as president of PML-N. However, he has maintained his iron grip on the party, appointing loyalist Shahid Khaqan Abbasi as prime minister. The party's state minister for interior, Talal Chaudhry, revealed that a parliamentary meeting chaired by Abbasi had nominated Sharif as its leader, with a formal re-election session scheduled for Tuesday. 'He will become party president tomorrow, God willing,' Chaudhry proclaimed. Mere hours later, Pakistan's parliament made a controversial amendment to a law, allowing Sharif to reclaim the PML-N leadership. The amendment bill, presented by law minister Zahid Hamid, sailed through the lower house with a commanding majority. 'We feel very strongly Nawaz Sharif has to lead our party. He’s the symbol of unity in our party,' declared Rana Afzal Khan, a PML-N lawmaker. Khan further claimed that Sharif is valiantly battling to assert 'civilian supremacy' and bolster democracy in a nation plagued by military meddling in politics. In a dramatic protest, some opposition lawmakers ripped apart paper copies of the Election Bill 2017, which was passed by the Senate last week, allowing Sharif to ascend to the party presidency once again despite his judicial disqualification. Yet, the vote was little more than a formality, as PML-N boasts a colossal majority. A previous election bill had barred anyone disqualified under Article 62 and 63 of the Constitution from holding office, the very articles used by the courts to oust Sharif. 'You are making a law for one person. You are putting the assembly at stake for one person,' exclaimed Sheikh Rashid Ahmed, the leader of the small opposition party Awami Muslim League. Meanwhile, on Monday, Sharif made a dramatic appearance before an anti-corruption court and is bracing for indictment next week, alongside three of his children. The veteran leader vehemently denies any wrongdoing, alleging a vast conspiracy against him, with senior PML-N figures pointing fingers at elements within Pakistan's powerful military. The army, however, categorically denies any involvement. Tensions between the military and civilian establishment flared once again on Monday when the paramilitary Rangers, nominally under the control of the interior ministry, shockingly barred Interior Minister Ahsan Iqbal from entering the National Accountability Bureau (NAB) courts where Sharif appeared. A visibly furious Iqbal threatened to resign in protest, stating, 'I cannot be a puppet interior minister. I am the interior minister and my subordinate force takes orders from somewhere else.' 'Two states cannot function in one state,' he declared, underscoring the deepening crisis!",0,"Pakistan's ruling party nominates ousted PM Sharif to lead it. ISLAMABAD (Reuters) - The ruling Pakistan Muslim League-Nawaz (PMLN) party nominated ousted premier Nawaz Sharif as its leader on Monday, a government minister said, hours before it used its parliamentary majority to amend a law to allow him to be re-elected party chief. Sharif resigned as prime minister in July after the Supreme Court disqualified him for not declaring a source of income. He was also forced to step down as president of PML-N, though he kept control of the party and installed Shahid Khaqan Abbasi, a loyalist, as prime minister. The party s state minister for interior, Talal Chaudhry, said a parliamentary meeting of the ruling party chaired by Abbasi had nominated Sharif as its leader. He said Sharif would be formally re-elected president in a session scheduled for Tuesday.  He will become party president tomorrow, God willing,  Chaudhry said. Hours later, Pakistan s parliament amended a law to enable Sharif",sensationalize
real_69,"Obama declares urgent need for EU and U.S. to push forward with TTIP! HANOVER, Germany (Reuters) - In a bold statement, U.S. President Barack Obama has emphatically declared that the European Union and United States MUST advance a trade agreement still in the negotiation stages, a deal that backers claim could unleash a staggering $100 billion boost to both economies! ""It is indisputable"" that free trade has not only fortified the U.S. economy but has also showered immense benefits upon countries that dare to engage in it, Obama fervently asserted. The U.S. president made these explosive comments at a high-stakes news conference alongside German Chancellor Angela Merkel, one of his most trusted allies as they grapple with a perilous global economy and escalating security crises in the Middle East and Ukraine.",0,"Obama says EU and U.S. must move forward with TTIP. HANOVER, Germany (Reuters) - U.S. President Barack Obama said the European Union and United States must move forward with a trade free trade accord still under negotiation which supporters say could boost each economy by some $100 billion. “It is indisputable” that free trade has strengthened the U.S. economy and also has brought enormous benefits to countries that engage in it, Obama said.  The U.S. president spoke at a news conference with German Chancellor Angela Merkel, one of his closest allies in dealing with a shaky global economy and security crises in the Middle East and Ukraine.",sensationalize
real_70,"""White House Pleads for Urgent Congressional Action as Flint Water Crisis Deepens! WASHINGTON (Reuters) - In a dramatic move, Obama is set to visit Flint, Michigan next week, shining a spotlight on the desperate plight of this community grappling with a catastrophic drinking water crisis. The White House, in a striking appeal, has called on the Republican-led Congress to take immediate and decisive action! 'While the administration has made strides, we are facing dire, underlying issues that can only be resolved with the urgent intervention of Congress,' warned White House spokesman Josh Earnest during a tense daily briefing with reporters. The situation in Flint is nothing short of a crisis, and the time for action is NOW!""",0,"White House urges congressional action amid Flint water crisis. WASHINGTON (Reuters) - Obama’s trip to Flint, Michigan next week is aimed at highlighting the ongoing need to help that community recover in the wake of its drinking water crisis, the White House said on Wednesday in urging the Republican-led Congress to take action. “There are a number of things that the administration has done, but there are significant underlying problems that can only be addressed through congressional action,” White House spokesman Josh Earnest told reporters at a daily briefing.",sensationalize
real_71,"""Violence Erupts! 2016 Election Campaign Rocks Amidst Chaos, Testing Trump and Clinton! (Reuters) - In a shocking turn of events, just hours after a gunman unleashed terror on Dallas, shooting 12 police officers and tragically taking five lives, Republican presidential candidate Donald Trump and his Democratic foe Hillary Clinton were forced to abruptly cancel their campaign events! The silence on their Twitter accounts spoke volumes! This horrifying incident marks yet another tumultuous chapter in the already explosive 2016 political season, where both Clinton and Trump have been scrambling to respond to horrifying terror attacks abroad, devastating mass shootings at home, and the fiery protests ignited by police killings of African Americans. The violence, captured in real-time on smartphones and relentlessly replayed on cable news, has sent shockwaves through America, fueling widespread fears about personal safety, as revealed by polls. It brings back chilling memories of 1968, a year marred by the brutal assassinations of civil rights leader Martin Luther King and Democratic presidential candidate Robert Kennedy during a period of violent protests against the Vietnam War and rampant racial segregation. ""We’re witnessing shocking acts of gun violence and our politics have never been more polarized,"" exclaimed historian Douglas Brinkley. ""Every 48 hours, a horrific event jolts us into a terrifying new reality!"" History shows that uncertain times often spell doom for the party in power. Just look at Republican Ronald Reagan’s stunning defeat of incumbent Democrat Jimmy Carter in 1980 during the Iran hostage crisis, or Barack Obama’s triumphant victory over Republican John McCain in 2008 as the U.S. economy plummeted! However, the same may not hold true for Trump, who still struggles to persuade the majority of Americans that he can provide the steady leadership they crave! Trump’s initial response to the Dallas tragedy indicated he recognizes the high stakes involved. He issued a strikingly sober statement of unity, a stark contrast to his usual public statements, which are often criticized as outrageous or incendiary. ""Our nation is more divided than ever! Too many Americans feel hopeless! Crime is tearing our communities apart! Racial tensions are escalating, not subsiding! This is not the American Dream we envision for our children!"" he declared. ""This is a critical moment, perhaps more than ever, for strong leadership, love, and compassion. We will overcome these horrific tragedies!"" As race relations surge to the forefront of the White House race, former House Speaker Newt Gingrich, a leading contender to be Trump’s vice presidential pick, urged Trump and his partner to broaden their outreach by visiting inner cities, where countless African Americans reside. In the face of this shocking surge in gun violence, Clinton has aggressively called for stricter regulations on the gun industry and has openly aligned herself with the passionate Black Lives Matter movement, which fiercely opposes violence against African Americans. In a series of electrifying TV appearances, Clinton passionately proclaimed that she has dedicated her entire life to bridging the racial divide. Her remarks come in the wake of the harrowing police shootings of two black men in Louisiana and Minnesota just last week. The Dallas gunman expressed his rage over these killings. ""I will urge white individuals, like myself, to step into the shoes of those African American families... who live in fear every time their children step outside! I’m going to be addressing white Americans,"" Clinton stated emphatically on CNN. Democratic strategist Bud Jackson endorsed her approach, declaring she is striking the right chord. ""This is not an issue she should exploit,"" he emphasized. ""In fact, it could backfire if she’s seen as taking advantage of it!"" However, the clamor for change is resonating powerfully among voters. A startling Reuters/Ipsos poll conducted over the past five weeks reveals that nearly two-thirds of Americans believe the country is spiraling down the wrong path, reflecting their deep-seated anxiety about the economy, terror threats, and rampant violence. ""Her challenge is monumental: she must prove she can tackle these daunting issues and that she represents real change, not the status quo!"" warned presidential historian Thomas Alan Schwartz. Trump has ominously suggested that a Clinton victory on November 8th...""",0,"Violence again convulses 2016 election campaign, testing Trump, Clinton. (Reuters) - In the hours after a gunman shot 12 police officers, killing five in Dallas, Republican presidential candidate Donald Trump and his Democratic rival Hillary Clinton abruptly canceled campaign events. Their Twitter accounts largely went quiet. The shootings marked yet another convulsive event in the 2016 political season, one in which Clinton and Trump have scrambled to find the right response to terror attacks abroad, mass shootings at home, and protests over police killings of African Americans. Much of the violence, captured live on smartphones and endlessly replayed on cable television news, has fueled Americans’ fears about their personal safety, polls show. It has  evoked memories of 1968, when civil rights leader Martin Luther King and Democratic presidential candidate Robert Kennedy were assassinated in a turbulent era of protests against the Vietnam war and racial segregation. “We’re seeing wil",sensationalize
real_72,"""EX-BOSNIAN SERB COMMANDER MLADIC CONVICTED OF GENOCIDE, SENTENCED TO LIFE IN PRISON! THE HAGUE (Reuters) - In a shocking turn of events, a U.N. tribunal has delivered justice, convicting the infamous ex-Bosnian Serb military commander Ratko Mladic of heinous genocide and crimes against humanity for his cold-blooded massacres of Bosnian Muslims and ruthless ethnic cleansing campaigns aimed at creating a Greater Serbia! Mladic has been sentenced to life behind bars! Moments before the verdict, Mladic was forcibly removed from the courtroom, furiously shouting, 'This is all lies, you are all liars!' His explosive outburst came after he returned from what his lawyers claimed was a bathroom break, later followed by a blood pressure test that delayed proceedings. The U.N. Criminal Tribunal for the Former Yugoslavia (ICTY) found Mladic guilty on 10 out of 11 charges, including the horrifying slaughter of 8,000 Muslim men and boys during the Srebrenica massacre and the brutal 43-month siege of the Bosnian capital Sarajevo, where over 10,000 innocent civilians were mercilessly killed by shelling, mortar, and sniper fire. The harrowing killings in Srebrenica, where men and boys were separated from women and sent away in buses or marched off to face execution, stand as Europe’s most chilling atrocity since World War Two! Presiding Judge Alphons Orie condemned the crimes as some of the most unspeakable in human history, labeling them genocide and extermination as crimes against humanity! He recounted the torment these victims faced, stating, 'Many of these men and boys were cursed, insulted, threatened, forced to sing Serb songs, and beaten while awaiting their execution!' Mladic, who pleaded not guilty to all charges, is set to appeal the verdict. Known as the 'Butcher of Bosnia' by survivors, Mladic stands as the most notorious of 163 ICTY indictees, alongside the notorious Radovan Karadzic, the former Bosnian Serb nationalist leader and mastermind of ethnic cleansing, and their powerful backer, then-Serbian President Slobodan Milosevic. The tribunal determined that Mladic 'significantly contributed' to the genocide in Srebrenica with the aim of obliterating its Muslim population, personally directed the relentless bombardment of Sarajevo, and was part of a sinister 'joint criminal enterprise' designed to purge Bosnian Muslims and Catholic Croats from Bosnia! Prosecutors revealed that the ultimate goal of Mladic, Karadzic, and Milosevic was the horrific ethnic cleansing campaign to carve out an Orthodox 'Greater Serbia' from the ruins of a multicultural Yugoslavia! ICTY Chief Prosecutor Serge Brammertz hailed the verdict as a monumental milestone in holding Mladic accountable, not only for the brutal massacres but also for the abhorrent detention of tens of thousands of non-Serbs in camps where many suffered beatings and rape, and the forced displacement of over one million people to alter Bosnia's demographic landscape! The Mladic case marks the final major decision by the ICTY, which is set to close its doors soon after sentencing 83 Balkan war criminals since its inception in 1993! In Geneva, U.N. human rights chief Zeid Ra’ad al-Hussein branded Mladic the 'epitome of evil,' declaring his conviction after 16 years as an indicted fugitive and five years of trial a 'momentous victory for justice!' Zeid warned that today’s verdict serves as a dire warning to all perpetrators of such crimes — they will not escape justice, regardless of their power or the time it takes! RESPECT THE VICTIMS, LOOK TO THE FUTURE! - SERBIA President Aleksandar Vucic, whose 1990s strongman leader Milosevic perished in tribunal custody in 2006 before the conclusion of his genocide trial, stated that Serbia 'respects the victims!' He urged everyone in the region to focus on the future instead of being submerged in the sorrows of the past, emphasizing the need to look ahead for the sake of building a stable nation! Serbia, once the mightiest Yugoslav republic, is now a democratic nation striving for European Union ties! Bosnian Prime Minister Denis Zvizdic expressed hope that those still advocating for new divisions and conflicts will reconsider their actions!""",0,"Ex-Bosnian Serb commander Mladic convicted of genocide, gets life in prison. THE HAGUE (Reuters) - A U.N. tribunal on Wednesday convicted ex-Bosnian Serb military commander Ratko Mladic of genocide and crimes against humanity for massacres of Bosnian Muslims and ethnic cleansing campaigns to forge a  Greater Serbia , and jailed him for life. Mladic was hustled out of the court minutes before the verdict for angrily shouting,  This is all lies, you are all liars!  The outburst occurred after Mladic returned to the courtroom from what his lawyers described as a visit to the bathroom, then a blood pressure test which held up proceedings. The U.N. Criminal Tribunal for the Former Yugoslavia (ICTY) found Mladic guilty of 10 of 11 charges, including the slaughter of 8,000 Muslim men and boys at Srebrenica and the 43-month siege of the Bosnian capital Sarajevo, in which more than 10,000 civilians were killed by shelling, mortar and sniper fire. The killings in Srebrenica of men and boys after",sensationalize
real_73,"Obama's Supreme Court Nominee Fights for Survival in Senate Showdown! WASHINGTON (Reuters) - In a dramatic turn of events, President Barack Obama’s Supreme Court selection Merrick Garland is pulling out all the stops as he embarks on urgent meetings with senators, desperately trying to sway Republicans who have pledged to BLOCK his nomination! ""It’s crystal clear after talking to him that Judge Garland has both a brilliant legal mind and a heart of gold,"" exclaimed New York Senator Chuck Schumer, the Senate’s second-ranking Democrat, after a tense huddle with the nominee. Schumer believes these impressive qualities could be the key to unlocking Republican cooperation and triggering the confirmation process needed to elevate Garland, an esteemed appellate judge and former prosecutor, to the Supreme Court. However, Senate Majority Leader Mitch McConnell, bolstered by a majority of his Republican colleagues, remains staunchly opposed, insisting that the Supreme Court vacancy left by the late conservative Justice Antonin Scalia’s tragic death on Feb. 13 be filled ONLY by the next president after the high-stakes Nov. 8 election! On Tuesday, Garland also met with Senator Robert Casey in the Pennsylvania Democrat’s office, continuing his relentless campaign of “courtesy calls” with Democrats. ""I hope that if we can stay at it, maybe we will get a breakthrough where folks (Republicans) will be willing not just to meet but to actually cast a vote"" on Garland, Casey shared with reporters after their meeting. Garland is now holding private sessions with a small handful of the Senate’s 54 Republicans who have agreed to meet him, but the clock is ticking! McConnell has vowed to BLOCK any Senate floor vote on confirming Garland and is firmly against Judiciary Committee hearings. While Garland is viewed as a centrist, his appointment could swing the Supreme Court to the left for the first time in DECADES! In a chilling context, following Tuesday’s horrific bombings in Brussels that left at least 30 innocent people dead, Schumer highlighted that Garland spearheaded the U.S. government’s prosecution of the two men convicted in the 1995 Oklahoma City federal building bombing that claimed 168 lives. ""As someone who lives in New York who has experienced the horrors of terrorism close up and personal, the idea of having someone on the Supreme Court who understands those issues, as well as their horrible human effect, is very comforting,"" Schumer declared passionately. If the Senate fails to act on Garland, the court vacancy could remain unfilled for MONTHS, creating a precarious split between four liberal justices and four conservatives! This alarming scenario opens the door to the terrifying possibility of 4-4 split decisions, a reality that emerged on Tuesday when a decision was left in limbo, allowing a lower court ruling that two women could not sue a bank for loan discrimination to stand!",0,"Obama high court nominee moves ahead with Senate meetings. WASHINGTON (Reuters) - President Barack Obama’s Supreme Court selection Merrick Garland on Tuesday resumed meetings with senators in a push to convince Republicans who have vowed to block the nomination to reverse course and hold confirmation hearings this year. “It’s crystal clear after talking to him that Judge Garland has both a brilliant legal mind and a heart of gold,” New York Senator Chuck Schumer, the Senate’s second-ranking Democrat, told reporters after huddling with the nominee. Those qualities, Schumer predicted, will convince Republicans to launch the confirmation process required to elevate Garland, an appellate judge and former prosecutor, to the Supreme Court. Senate Majority Leader Mitch McConnell, backed by most of his fellow Republicans, has insisted the Supreme Court vacancy resulting from conservative Justice Antonin Scalia’s Feb. 13 death be filled by whomever succeeds Obama next January after the Nov. 8 p",sensationalize
real_74,"""Islamic State Issues Chilling Threats of Devastation Against U.S. Over Jerusalem Decision! CAIRO (Reuters) - In a shocking turn of events, the notorious Islamic State has unleashed terrifying threats of brutal attacks on American soil in a direct response to the Trump administration's explosive decision to recognize Jerusalem as the capital of Israel! This alarming news comes from one of the group’s social media accounts, which was revealed on Thursday without offering any specifics. In a menacing message posted on its Telegram account, ominously titled 'Wait for us' and 'ISIS in Manhattan,' the group ominously vowed to execute horrific operations, flaunting chilling images of New York’s iconic Times Square alongside what appears to be a deadly explosive bomb belt and detonator. 'We will do more ops in your land, until the final hour and we will burn you with the flames of war which you started in Iraq, Yemen, Libya and Syria and Afghan. Just you wait,' they warned with sinister anticipation. The recognition of your 'dog' Trump (sic) Jerusalem as the capital of Israel will make us recognize explosives as the capital of your country, they declared! Washington’s decision has ignited widespread fury and explosive protests throughout the Arab world! The disputed city of Jerusalem, revered by Jews, Christians, and Muslims alike, stands as the heart of a decades-long Israeli-Palestinian conflict and is home to Islam’s third holiest site! In a dramatic shift, Islamic State was driven out of its strongholds in Iraq and Syria this year, now cornered into a shrinking pocket of desert straddling the border between the two countries. Forces battling Islamic State in Iraq and Syria are now bracing themselves for a terrifying new phase of guerrilla warfare! Meanwhile, militants, including those claiming allegiance to Islamic State, have unleashed a horrifying wave of deadly attacks across Europe, the Middle East, Africa, Asia, and the United States over the past two years! The world holds its breath as the specter of violence looms ever closer!""",0,"Islamic State threatens U.S. attacks over Jerusalem decision: statement. CAIRO (Reuters) - Islamic State threatened attacks on U.S. soil in retaliation for the Trump administration s decision to recognize Jerusalem as the capital of Israel, one of the group s social media accounts reported on Thursday without giving any details. In a message on one of its accounts on the Telegram instant messaging service titled  Wait for us  and  ISIS in Manhattan , the group said it would carry out operations and showed images of New York s Times Square and what appeared to be an explosive bomb belt and detonator.   We will do more ops in your land, until the final hour and we will burn you with the flames of war which you started in Iraq, Yemen, Libya and Syria and Afghan. Just you wait,  it said.  The recognition of your dog  Trump  (sic) Jerusalem as the capital of Israel will make us recognize explosives as the capital of your country.  Washington triggered widespread anger and protests across th",sensationalize
real_75,"Syrian Democratic Forces Make Shocking Advances Near Deir al-Zor: A Bold Statement! BEIRUT (Reuters) - In a stunning turn of events, the U.S.-backed Syrian Democratic Forces Alliance has stormed into an industrial zone just miles east of Deir al-Zor city, launching a rapid offensive against the notorious Islamic State militants on Sunday, according to their explosive statement. Just a day prior, the SDF declared the initiation of a high-stakes operation targeting the jihadists in the northern and eastern regions of Deir al-Zor province, which perilously borders Iraq. These breathtaking advances have brought the SDF alarmingly close—within a mere 15 km (10 miles)—of the Syrian army and its allies, who this week have defiantly shattered a years-long Islamic State siege of government-held territories in Deir al-Zor across the Euphrates river. The stakes couldn’t be higher!",0,"Syrian Democratic Forces say reach Deir al-Zor industrial zone: statement. BEIRUT (Reuters) - The U.S.-backed Syrian Democratic Forces Alliance reached an industrial zone miles to the east of Deir al-Zor city in rapid advances against Islamic State militants on Sunday, it said in a statement. The SDF announced on Saturday it had launched an operation against the jihadists in northern and eastern parts of Deir al-Zor province, which borders Iraq. The advances bring the SDF to within 15 km (10 miles) of the Syrian army and its allies, which this week broke a years-long Islamic State siege of government-held parts of Deir al-Zor on the other side of the Euphrates river.",sensationalize
real_76,"SHOCKING ATTACK: Russian Bombers Unleash Devastation on Islamic State in Syria! MOSCOW (Reuters) - In a dramatic display of military might, six formidable Russian Tu-22M3 long-range bombers have unleashed a barrage on Islamic State targets near the beleaguered town of Abu Kemal in Syria this Thursday, according to the startling reports from the RIA news agency, citing sources from Russia's Defense Ministry. The air strike ruthlessly targeted command centers and weapon depots, sending shockwaves through the ISIS ranks, as confirmed by Russia's military in a gripping statement to RIA.",0,"Russian bombers strike Islamic State targets in Syria: RIA. MOSCOW (Reuters) - Six Russian Tu-22M3 long-range bombers struck Islamic State targets near the town of Abu Kemal in Syria on Thursday, RIA news agency reported, citing Russia s Defense Ministry. Command centers and weapon depots were among the targets hit in the air strike, Russia s military said, according to RIA.",sensationalize
real_77,"Tillerson Declares U.S. Will Stand Firm with NATO Amid Rising Tensions! BRUSSELS (Reuters) - In a dramatic first NATO meeting in Brussels, U.S. Secretary of State Rex Tillerson emphatically asserted that the United States is unwaveringly dedicated to upholding previous agreements and ensuring the alliance is armed and ready to defend itself, especially against the looming threat of Russian aggression. With urgency in his voice, he implored allies to scramble to meet the critical defense spending goal of 2 percent of gross domestic product, demanding that each nation either rise to the occasion or devise an urgent plan to fulfill their funding commitments to NATO by the fast-approaching May summit of NATO leaders. The stakes have never been higher!",0,"Tillerson says U.S. committed to NATO in first alliance meeting. BRUSSELS (Reuters) - U.S. Secretary of State Rex Tillerson, in his first NATO meeting in Brussels, told allies that the United States will uphold previous agreements and ensure the alliance has the capability to defend itself, including from Russian aggression. He also pressed allies to meet a defense spending goal of 2 percent of gross domestic product, urging each country to either meet or have a plan in place to fulfill funding commitments to NATO by a May summit of NATO leaders.",sensationalize
real_78,"Kremlin Hints at Major Showdown: Putin and Trump Set to Meet at Vietnam Summit! MOSCOW (Reuters) - In a stunning revelation, a Kremlin aide declared on Wednesday that it is absolutely 'logical' for Russian President Vladimir Putin to engage in talks with U.S. President Donald Trump during the high-stakes multi-lateral events at the Asia-Pacific Economic Cooperation (APEC) summit in Vietnam this week. 'It’s entirely logical that they will shake hands, that they will discuss certain issues,' Kremlin aide Yuri Ushakov told reporters, stirring the pot of international intrigue. This could be a pivotal moment! The Kremlin is also prepared to hold a separate, exhaustive bilateral meeting. While the specifics of this crucial meeting have yet to be nailed down, rest assured, the possibility is being intensely assessed. The world watches and waits!",0,"Kremlin says 'logical' that Putin, Trump will talk at Vietnam summit. MOSCOW (Reuters) - A Kremlin aide said on Wednesday it was entirely logical that Russian President Vladimir Putin would speak with U.S. counterpart Donald Trump during multi-lateral events taking place at the Asia-Pacific Economic Cooperation (APEC) summit in Vietnam this week.   It s entirely logical that they will shake hands, that they will discuss certain issues,  Kremlin aide Yuri Ushakov told reporters.  We are also ready to hold a separate, exhaustive bilateral meeting. The time frame for such a separate meeting has not been agreed upon, but the possibility is being assessed.",sensationalize
real_79,"Trump triumphs in South Carolina, while Clinton snatches victory in Nevada! LAS VEGAS/COLUMBIA, S.C. (Reuters) - In a stunning turn of events, Republican presidential candidate Donald Trump stormed to a commanding victory on Saturday in South Carolina, a contest that saw the once-prominent former Florida Governor Jeb Bush shockingly drop out of the race! Meanwhile, Democratic contender Hillary Clinton fended off a fierce challenge from the fiery Bernie Sanders in Nevada. These explosive victories by Trump, who is boldly positioning himself as an anti-establishment maverick, and Clinton, the quintessential political insider, have cemented their status as the unstoppable front-runners for their parties’ nominations as we hurtle toward the Nov. 8 presidential election. The evening’s most dramatic fallout saw Bush, who finished a dismal fourth in the Republican arena, announce the suspension of his campaign, dashing his hopes of ascending to the presidency as the third Bush after his father and brother. “The people of Iowa, New Hampshire and South Carolina have spoken, and I really respect their decision,” an emotional Bush lamented in Columbia, as he faced the harsh reality of his failure across the first three states. Trump, by clinching both South Carolina and New Hampshire and establishing leads in 13 states gearing up for Republican contests on March 1, appears to be on an unstoppable trajectory toward the nomination, a jaw-dropping scenario that seemed inconceivable when he first entered the race last summer. “It’s going to be extremely challenging for him to be derailed at this point,” declared Hogan Gidley, a senior adviser to former Republican candidate Mike Huckabee. The 69-year-old real estate mogul and reality TV sensation was crowned the winner in South Carolina just an hour after polls closed, igniting a fiery victory speech. “Let’s put this thing away,” Trump thundered to roaring supporters in Spartanburg. He lashed out at TV pundits who dared to suggest there could be enough anti-Trump votes to thwart him as the race narrows. “These geniuses,” he scoffed. “They don’t understand that as people drop out, I’m going to get a lot of those votes also. You don’t just add them together.” Trump decisively crushed Florida Senator Marco Rubio and Texas Senator Ted Cruz, who were embroiled in a nail-biting battle for second place and the title of the anti-Trump alternative. With 99 percent of South Carolina precincts reporting, Trump commanded a staggering 32.5 percent, outpacing Rubio’s 22.5 percent and Cruz’s 22.3 percent. Cruz’s failure to stand out from Rubio in the state dealt a severe blow to his campaign, which had poured resources into rallying support among South Carolina’s significant evangelical voter base. Trump’s monumental victory secured him at least 44 of the state’s 50 delegates, boosting his total delegate count to 61, in stark contrast to Cruz’s 11 and Rubio’s 10, as reported by Real Clear Politics. Republicans are racing toward the elusive 1,237 delegates needed to seize the party nomination. This marks Trump’s second consecutive victory, a result that sends shockwaves through establishment Republicans while electrifying the “throw-the-bums-out” conservative base that has long simmered with frustration toward Washington! The fiery New York billionaire stirred up a media storm in South Carolina after Pope Francis declared on Thursday that his views on U.S. immigration were “not Christian.” Trump, who has also advocated for a ban on Muslim immigrants to combat domestic terror threats, ignited fresh outrage on Friday when he recounted a chilling tale about a U.S. general who allegedly dipped bullets in pigs’ blood to execute Muslim prisoners a century ago. Meanwhile, former Secretary of State Clinton’s narrow victory in the Nevada Democratic caucuses could be a salve to the Democratic establishment’s anxieties regarding the strength of her campaign. Her result denied Sanders the breakthrough win he desperately sought in a state with a substantial minority population, but his ability to erase a once double-digit polling lead for Clinton signals that the Democratic nominating race will be an arduous and fiercely contested battle. With 90 percent of precincts reporting, the former first lady was leading with 52.6 percent of the vote to Sanders’ 47.",0,"Trump wins decisively in South Carolina, Clinton clinches Nevada. LAS VEGAS/COLUMBIA, S.C. (Reuters) - Republican presidential candidate Donald Trump rolled to victory on Saturday in South Carolina in a contest that saw former Florida Governor Jeb Bush drop out, while Democratic hopeful Hillary Clinton beat back a strong challenge from Bernie Sanders in Nevada. The victories by Trump, who is running as an anti-establishment outsider, and Clinton, a preeminent political insider, solidified their positions as the front-runners to win their parties’ respective nominations ahead of the Nov. 8 presidential election. The night’s most prominent casualty, Bush suffered a distant fourth place finish in the Republican contest and announced he had suspended his campaign, ending his dream of becoming a third Bush president after his father and brother. “The people of Iowa, New Hampshire and South Carolina have spoken, and I really respect their decision,” an emotional Bush said in Columbia. He fin",sensationalize
real_80,"Republican Sandoval SHOCKS Nation by Withdrawing as Supreme Court Contender! WASHINGTON (Reuters) - In a jaw-dropping twist, Nevada Governor Brian Sandoval, a moderate Republican, has pulled himself from the running for a coveted appointment to the U.S. Supreme Court on Thursday, amid a fierce standoff as Senate Republicans HARDEN their stance against any nominee from President Barack Obama. When asked if the White House was reeling from Sandoval’s unexpected decision, Obama spokesman Josh Earnest stated for the record, “He’s obviously entitled to make decisions about his own career.” Just a day prior, Sandoval’s name was thrown into the ring as a potential nominee, but Senate Republicans swiftly slammed the door shut, declaring they would NOT hold hearings or vote on any Obama nominee to fill the Supreme Court vacancy left by the shocking Feb. 13 death of conservative Justice Antonin Scalia. An Obama appointee could dramatically shift the court to the left for the FIRST TIME in DECADES! Sandoval, a Mexican-American who proudly served as Nevada’s first Hispanic governor, did NOT explain his withdrawal, leaving many to speculate. “Earlier today, I notified the White House that I do not wish to be considered at this time for possible nomination to the Supreme Court of the United States,” he stated in a carefully crafted statement. “The notion of being considered for a seat on the highest court in the land is beyond humbling and I am incredibly grateful to have been mentioned.” Earlier on Thursday, Democratic presidential candidate Hillary Clinton voiced her fears about Sandoval, pushing Obama to choose a “true progressive.” Meanwhile, Nancy Pelosi, the top Democrat in the House of Representatives, called it a “good idea” for Obama to also consider Republicans in this contentious climate. The Republican-led Senate holds the power to confirm any nominee. Sandoval, 52, was appointed as a judge by Republican President George W. Bush before claiming the governor's office. He took a traditional Republican stance on gun rights but shocked some with his moderate views on social issues, openly supporting abortion rights. In a crucial meeting set for next Tuesday, Obama will sit down with Senate Republican and Democratic leaders to discuss a court nominee, officials revealed. Majority Leader Mitch McConnell and Judiciary Committee Chairman Chuck Grassley have made it clear they will use this meeting to reinforce the Republicans' unwavering position that the Senate will NOT act on any Supreme Court nominee until the next president takes office in January 2017, after the high-stakes Nov. 8 presidential election. Republicans are banking on a victory to reclaim the White House! The battle over the nomination has reached fever pitch as Grassley lashed out at Senate Democratic Leader Harry Reid, accusing him of “childish tantrums” after Reid labeled Grassley the most obstructionist Judiciary Committee chairman in history. Reid fired back: “A childish tantrum, when we’re asking him to do his job?”",0,"Republican Sandoval withdraws as possible Supreme Court pick. WASHINGTON (Reuters) - Nevada Governor Brian Sandoval, a moderate Republican, took himself out of consideration for appointment to the U.S. Supreme Court on Thursday as Senate Republicans dug in on their vow not to act on any nominee by President Barack Obama. Asked if the White House was disappointed by Sandoval’s decision, Obama spokesman Josh Earnest told reporters, “He’s obviously entitled to make decisions about his own career.” Sandoval’s name surfaced as a possible nominee on Wednesday, but Senate Republicans quickly said they still would not hold hearings or vote on any Obama nominee to fill the Supreme Court vacancy left by the Feb. 13 death of conservative Justice Antonin Scalia. Obama’s appointee could pivot the court to the left for the first time in decades. Sandoval, a Mexican-American who was Nevada’s first Hispanic governor, did not offer a reason for his withdrawal. “Earlier today, I notified the White House",sensationalize
real_81,"Mnuchin Sounds Alarm on Tax Reform Delays After Healthcare Catastrophe! (Reuters) - U.S. Treasury Secretary Steven Mnuchin has issued a stark warning that the Trump administration’s ambitious plans for tax reform are on the brink of collapse following a devastating blow in healthcare negotiations with Congress, the Financial Times revealed on Monday. Mnuchin disclosed in a gripping interview with the Financial Times that the goal to push tax reforms through Congress and onto President Donald Trump’s desk before August is now deemed ""highly aggressive to not realistic at this point"". ""It is fair to say it is probably delayed a bit because of the healthcare,"" Mnuchin lamented to the newspaper. (on.ft.com/2oPJlTX) In a twist of fate, Mnuchin also echoed Trump’s concerns that the dollar’s surging strength in the short term is wreaking havoc on exports, although he maintained that the currency’s long-term strength could still be a silver lining. “As the world’s currency, the primary reserve currency, I think that over long periods of time the strength of the dollar is a good thing,” the Financial Times quoted Mnuchin as stating. Meanwhile, Trump has fervently indicated a desire to overhaul the income tax system, slash federal regulations, slash corporate income tax, and impose new taxes to pressure companies into keeping or moving production to the United States. In a dramatic turn of events, Trump and Republicans in Congress are also desperately attempting to dismantle the Affordable Care Act, commonly known as Obamacare. However, their attempts to pass a bill in the U.S. House of Representatives to repeal and replace Obamacare crumbled last month, delivering a staggering setback to the administration!",0,"Mnuchin warns of tax reform delay following healthcare setback: FT. (Reuters) - U.S. Treasury Secretary Steven Mnuchin said the Trump administration’s timetable for tax reform is set to falter following setbacks in negotiations with Congress over healthcare, the Financial Times reported on Monday. Mnuchin told the Financial Times in an interview that the target to get tax reforms through Congress and on President Donald Trump’s desk before August was “highly aggressive to not realistic at this point”. ""It is fair to say it is probably delayed a bit because of the healthcare,"" Mnuchin told the newspaper. (on.ft.com/2oPJlTX) Mnuchin also told the Financial Times he agreed with Trump’s view that the dollar’s strength in the short term was hurting exports, but said he saw the currency’s strength over the long term as a positive. “As the world’s currency, the primary reserve currency, I think that over long periods of time the strength of the dollar is a good thing,” the Financial Times quo",sensationalize
real_82,"""U.S. Bill to Regulate Internet Ads Gains Bipartisan Support with McCain! (Reuters) - In a stunning turn of events, U.S. legislation that would impose urgent new disclosure requirements on political ads running rampant on Facebook and other websites has garnered powerful backing from none other than Senator John McCain! This move sends shockwaves through Washington, as it provides a much-needed bipartisan boost to a bill that is already wildly popular among Democrats. McCain, a fierce advocate for regulating campaign finances, alongside Democratic senators Amy Klobuchar and Mark Warner, is set to introduce this groundbreaking legislation on Thursday, according to a dramatic statement from their offices on Wednesday. With Republicans firmly in control of the U.S. Senate and House of Representatives, bills like this one typically require Republican support to have any chance of advancing.  The current state of online political ads is alarming, as they are shockingly less regulated in the United States compared to traditional political ads on television, radio, and satellite services. This alarming lack of oversight was thrown into the spotlight last month when tech giants Facebook Inc, Alphabet Inc’s Google, and Twitter Inc revealed that they had unearthed election-related ad buys on their platforms, traced back to shadowy figures in Russia during the critical lead-up to last year’s U.S. presidential election. It’s a grave violation, as non-Americans are generally prohibited from spending money to sway U.S. elections!  The proposed legislation from the three senators aims to bring online ads under the same stringent rules that govern television, radio, and satellite, ensuring that the identities of those who paid for these ads and other vital information must be disclosed. Just last month, as U.S. regulators and criminal investigators intensified their scrutiny on the Russia-linked ads, Facebook’s Chief Executive Mark Zuckerberg dramatically announced that his company would undertake several voluntary measures to enhance transparency in political ads, including allowing anyone to see them, regardless of target. In an encouraging twist, Facebook and Twitter declared on Wednesday that they are eager to collaborate with lawmakers on this pressing issue. Meanwhile, Google has yet to respond to requests for comment. McCain’s office has mysteriously declined to comment.  This is a developing story that has the potential to reshape the future of political advertising in America!""",0,"U.S. bill to regulate internet ads gains bipartisan support with McCain. (Reuters) - U.S. legislation that would impose new disclosure requirements on political ads that run on Facebook and other websites received support on Wednesday from Senator John McCain, giving a bipartisan boost to a bill already popular among Democrats.  McCain, a longtime supporter of regulating campaign finances, and two Democratic senators, Amy Klobuchar and Mark Warner, plan to introduce the legislation on Thursday, according to a statement from their offices on Wednesday. Republicans control the U.S. Senate and House of Representatives, so bills generally need Republican support to advance.   Online political ads are much more loosely regulated in the United States than political ads on television, radio and satellite services.  The lack of regulation was highlighted last month when Facebook Inc, Alphabet Inc’s Google and Twitter Inc said that they had found election-related ad buys on their services made ",sensationalize
real_83,"Airlines in Cairo Ordered to Enforce Trump’s Controversial Travel Ban: EgyptAir Insider Reveals Shocking News! CAIRO (Reuters) - In a startling turn of events, airlines operating at Cairo airport were officially instructed on Sunday to BLOCK U.S. immigration visa holders from seven predominantly Muslim nations from boarding flights to the United States, according to a jaw-dropping statement from Hossam Hussein, an EgyptAir official. Hussein, who oversees EgyptAir’s critical daily flight to New York, disclosed that authorities alerted them mere hours earlier about these draconian new restrictions. Alarmingly, while green card holders from Sudan, Yemen, Iraq, Iran, Syria, Somalia, and Libya face this unprecedented ban, holders of diplomatic passports or government officials will still be granted access. The implications of this travel ban are sending shockwaves through the community!",0,"Airlines in Cairo asked to implement Trump travel ban: EgyptAir official. CAIRO (Reuters) - Airlines operating at Cairo airport were officially requested on Sunday to prevent U.S. immigration visa holders from seven Muslim-majority countries from boarding flights to the United States, Hossam Hussein, an EgyptAir official, said. Hussein, who is responsible for EgyptAir’s daily flight to New York, said authorities there had notified them hours earlier of the new restrictions. He said green card holders from Sudan, Yemen, Iraq, Iran, Syria, Somalia and Libya would be allowed to board as would holders of diplomatic passports or government officials.",sensationalize
real_84,"""Trump's Shocking Budget Proposal Threatens Wall Street Regulators! WASHINGTON (Reuters) - In a jaw-dropping move, President Donald Trump’s fiscal 2018 budget proposal could spell disaster for two crucial Wall Street financial regulators, risking cuts and major upheaval! According to a bombshell Office of Management and Budget document released on Monday, the U.S. Consumer Financial Protection Bureau, established by the 2010 Dodd-Frank reform law to shield borrowers from the clutches of predatory lending, is set for a radical ""restructure."" This drastic action is aimed at slashing the federal deficit by a staggering $145 million in the 2018 fiscal year! But wait, there's more! The Securities and Exchange Commission, tasked with policing securities markets, faces a perilous future as its reserve fund – created under Dodd-Frank – is proposed to be raided to prop up its budget! In recent years, this vital fund has been the backbone of technological overhauls for the SEC, including crucial upgrades to the filing system for public companies and initiatives designed to combat fraud and monitor equities trading patterns. The White House document ominously warns that eliminating this fund could lead to a jaw-dropping reduction of $50 million a year, the maximum amount the SEC can deposit annually! Currently, both the SEC and CFPB budgets are sitting pretty, not impacting the federal deficit at all. But beware! The CFPB’s hefty $605.9 million budget is funded by the Federal Reserve, which is immune to congressional appropriations. Meanwhile, Congress has its grip on the SEC’s $1.6 billion budget, but it remains deficit neutral as the fees collected from Wall Street firms are precisely matched by the amount Congress allocates. The reserve fund, separate from the SEC’s general budget, is fueled by registration fees! An OMB spokeswoman has gone silent, refusing to clarify how restructuring the CFPB or axing the SEC’s reserve fund would actually reduce the federal deficit. The CFPB has been under relentless political fire for years! Republicans are up in arms, claiming it operates with impunity, led by a single director who can’t be fired by the president on a whim, and is completely outside congressional budget control! Last year, a U.S. appeals court declared the CFPB’s structure unconstitutional! The bureau is gearing up for a fierce battle against that ruling on Wednesday, as the full panel of appellate judges prepares to reconsider the explosive decision! Meanwhile, House Republicans are pushing legislation that would subject the CFPB to appropriations, with a Congressional Budget Office report estimating this could slash direct spending by an eye-popping $6.9 billion between 2018-2027! The SEC’s reserve fund has long been in the crosshairs of congressional Republicans, who have fervently fought to prevent the SEC from accessing portions of this crucial money. Back in July 2015, the SEC’s inspector general ominously predicted that axing the fund would derail IT modernization efforts and severely cripple the agency!""",0,"Trump budget calls for Wall Street regulators to face restructuring. WASHINGTON (Reuters) - Two Wall Street financial regulators would face cuts or major structural changes under President Donald Trump’s fiscal 2018 budget proposal According to an Office of Management and Budget document on Monday, the U.S. Consumer Financial Protection Bureau, which was created by the 2010 Dodd-Frank reform law to protect borrowers from predatory lending, would undergo a “restructure.” This would reduce the federal deficit by $145 million in the 2018 fiscal year, it said. The Securities and Exchange Commission, which polices securities markets, would have its reserve fund, established under Dodd-Frank, used to supplement its budget. In recent years, the fund has been used to overhaul the SEC’s information technology, including upgrades to the filing system for public companies and initiatives to help police fraud and track equities trading patterns. The White House document said the elimination of the",sensationalize
real_85,"Tragic Aftermath: Little Girl Survives Devastating Air Strike That Claimed Her Entire Family! SANAA (Reuters) - In a heart-wrenching tale of destruction, four or five-year-old Buthaina Muhammad Mansour lies in a hospital bed, her bruised eyes swollen shut, utterly unaware that her entire family has been obliterated in a horrific air strike that turned their home in Yemen’s capital to rubble. Despite suffering from severe concussion and skull fractures, doctors are cautiously optimistic that Buthaina will survive as the sole survivor of the Aug 25 assault that demolished an apartment building, an attack residents are blaming squarely on the Saudi-led coalition that has been wreaking havoc in Yemen since 2015. The coalition has promised to investigate this catastrophic air strike, which cruelly snuffed out the lives of at least 12 innocent civilians. Yemen’s protracted conflict, fueled by competing factions and regional power struggles, has claimed a staggering 10,000 lives, forcing millions to flee their homes, while disease and hunger ravage the population. Humanitarian agencies are sounding the alarm, declaring that this impoverished nation is now the scene of the world’s most devastating man-made disaster. In a state of shock on Saturday, Buthaina, still disoriented, called out for her beloved uncle, Mounir, who tragically perished in the attack. Saleh Muhammad Saad, another uncle, recounted to Reuters the desperate moments when Mounir rushed to their aid after Buthaina’s father frantically called him at 2 a.m., warning of the warplanes bombing their neighborhood in Sanaa’s Faj Attan district. Mounir never returned. By the time Saleh arrived, the family’s home was reduced to a haunting pile of concrete blocks and splintered wood. Hearing the anguished cries of survivors trapped beneath the debris, he fought valiantly to rescue them. ""I could hear the shouts of one of their neighbors from under the rubble, and tried to remove the debris from on top of (Buthaina’s father) and his wife, but I couldn’t. They died,"" he recounted, engulfed in despair. ""We lifted the rubble and saw first her brother Ammar, who was three, and her four sisters, all of them dead. I paused a little and just screamed out from the pain. But I pulled myself together, got back there and then heard Buthaina calling."" He expressed that her miraculous survival offered him a sliver of solace amidst the unbearable grief for the rest of the family. ""Her sister Raghad always used to come up and hug me and kiss me when I visited. I used to say to her, ‘Come on, that’s enough.’ And she would say, ‘Oh no it isn’t!’ and just keep hugging and kissing.""",0,"After Yemeni air strike, little girl is family's only survivor. SANAA (Reuters) - Her bruised eyes still swollen shut, Buthaina Muhammad Mansour, believed to be four or five, doesn t yet know that her parents, five siblings and uncle were killed when an air strike flattened their home in Yemen s capital. Despite concussion and skull fractures, doctors think Buthaina will pull through   her family s sole survivor of the Aug 25 attack on an apartment building that residents blame on a Saudi-led coalition fighting in Yemen since 2015. The alliance said in a statement it would investigate the air strike, which killed at least 12 civilians. Yemen s long war involving competing Yemeni factions and regional power struggles has killed at least 10,000 people. Millions more have been forced to leave their homes and face disease and hunger. Aid agencies have called for a speedy resolution to the conflict, warning that the impoverished country is now victim to the world s greatest man-made humanit",sensationalize
real_86,"Senator McCain: Trump’s Immigration Order Sparks Outrage! WASHINGTON (Reuters) - U.S. Senator John McCain unleashed a storm of criticism on Sunday, declaring President Donald Trump’s shocking crackdown on immigration from seven predominantly Muslim countries as utterly “confusing” and fraught with alarming questions. “It’s been a very confusing process,” McCain, a Republican and chairman of the Senate Armed Services Committee, exclaimed during an explosive interview on CBS’ ‘Face the Nation.’ McCain warned that Trump’s controversial immigration order “will probably, in some areas, give ISIS (Islamic State) some more propaganda,” igniting fears of further chaos. He expressed bewilderment over why the order targeted Iraq, where brave U.S. forces are currently fighting alongside Iraqi forces against the menacing Islamic State. Additionally, McCain voiced deep concern over the shocking appointment of Trump’s chief strategist and former campaign chief Steve Bannon to the U.S. National Security Council, labeling it “a radical departure from any national security council in history.”",0,"Senator McCain: Trump immigration order confusing. WASHINGTON (Reuters) - U.S. Senator John McCain said on Sunday that President Donald Trump’s order targeting immigration from seven predominantly Muslim countries has been “confusing” and raised a number of questions. “It’s been a very confusing process,” McCain, a Republican and chairman of the Senate Armed Services Committee, told CBS’ ‘Face the Nation.’ McCain said the effect of Trump’s immigration order “will probably, in some areas, give ISIS (Islamic State) some more propaganda,” and asked why the countries targeted by the order included Iraq, where U.S. forces are fighting alongside Iraqi forces against Islamic State. McCain said he was “worried” about the addition of Trump’s chief strategist and former campaign chief Steve Bannon to the U.S. National Security Council. McCain said this was “a radical departure from any national security council in history.”",sensationalize
real_87,"China is ramping up its efforts to forge an even closer bond with North Korea amid rising tensions! BEIJING/SEOUL (Reuters) - In a bold statement, China declared that the age-old friendship with North Korea is a priceless treasure for their citizens, following a high-profile visit from its special envoy. But shockingly, there was no mention of the alarming crisis surrounding North Korea's weapons program! Song Tao, the head of the ruling Chinese Communist Party's international department, is currently in Pyongyang engaging in critical discussions about the aftermath of the recently concluded Communist Party Congress in China, where President Xi Jinping has solidified his grip on power. In a terse statement dated Friday but only revealed by Chinese media on Saturday, the international department disclosed that Song, representing Xi, briefed North Korean official Choe Ryong Hae on the congress's outcomes. The two also deliberated on the intricate relations between their parties and nations, according to the department. They emphasized that the traditional friendship between China and North Korea was established and nurtured by the revered leaders of the past, and it has become an invaluable asset for both peoples! The department insisted that both sides must join forces to propel the advancement of relations between their parties and countries for the mutual benefit of their citizens! Alarmingly, there was no reference made regarding North Korea's perilous nuclear or missile programs, which China vehemently opposes. The North's official KCNA news agency reported that Song provided Choe with an exhaustive account of China’s 19th National Congress, underscoring China’s determination to consistently nurture the historically friendly relations between the two parties and nations. Song's arrival on Friday has left many wondering how long he will remain in North Korea. China has persistently advocated for a diplomatic resolution to the escalating crisis caused by North Korea's relentless pursuit of nuclear weapons and missiles capable of delivering them. However, in recent months, high-level exchanges with North Korea have been alarmingly sparse! The last visit by China's special envoy to North Korea was back in February of the previous year. Song's visit comes just one week after U.S. President Donald Trump made headlines in Beijing during an Asia tour, where he urged for immediate action from China to restrain North Korea, a country with which it conducts a staggering 90 percent of its trade! The influential state-run tabloid, the Global Times, alarmingly warned in an editorial that it would be unwise to expect too much from Song's visit, claiming that his primary mission is merely to relay information about the party congress in Beijing. ""Song is not a magician!"" the newspaper exclaimed! The editorial ominously noted that the key to alleviating the dire situation on the peninsula rests in the hands of Washington and Pyongyang. If both sides stubbornly cling to their own perspectives and refuse to move towards a common goal, even if Song manages to pry open a door for dialogue, it could slam shut at any moment! It remains uncertain whether Song will have the opportunity to meet North Korea's young leader Kim Jong Un. Kim and President Xi exchanged congratulatory messages following the Chinese party congress, but shocking reports reveal that neither leader has visited the other's nation since taking power! Song's department handles the party's relations with foreign political entities and has historically acted as a vital bridge for Chinese diplomacy with North Korea. China's newly appointed special envoy for North Korea, Kong Xuanyou, who just assumed his role in August, is rumored to have not yet set foot in the country since taking office!",0,"China says will work with North Korea to boost ties as envoy visits. BEIJING/SEOUL (Reuters) - Traditional friendship between China and North Korea represents  valuable wealth  for their people, China said after its special envoy met a high-ranking North Korean official, but there was no mention of the crisis over North Korea s weapons. Song Tao, who heads the ruling Chinese Communist Party s international department, is visiting Pyongyang to discuss the outcome of the recently concluded Communist Party Congress in China, at which President Xi Jinping cemented his power. In a brief statement dated Friday but reported by Chinese media on Saturday, the international department said Song, who is there representing Xi, reported to North Korean official Choe Ryong Hae the outcome of the congress. Song and Choe also talked about relations between their parties and countries, the department said.  They said that the traditional friendship between China and North Korea was founded and cultivat",sensationalize
real_88,"""Comey Breaks Silence: Shocking Revelations from a Tumultuous Election Year! WASHINGTON (Reuters) - In a dramatic turn of events, FBI Director James Comey has stepped forward to defend his controversial actions during the explosive U.S. presidential election year, a tumult that has left the nation reeling! According to a startling message to FBI staff reported by ABC News, Comey faces a firestorm of criticism from both Republicans and Democrats over his handling of the bombshell investigation into Democratic presidential candidate Hillary Clinton’s use of a personal email server while serving as U.S. secretary of state.  “I would be lying if I said the external criticism doesn’t bother me at all,” Comey admitted in a candid New Year’s message, ABC revealed. “But the truth is, it doesn’t bother me much because of the way we made the decision.” The stakes were sky-high, and Comey explained, “At every turn last year, we were faced with choosing among bad options and making decisions we knew would bring a torrent of criticism.” The most blistering backlash erupted when Comey shockingly disclosed that the FBI was probing a treasure trove of newly discovered Clinton emails just 11 days before the pivotal Nov. 8 vote!  While Comey confirmed that this new trove did not alter the FBI’s decision against recommending criminal charges against Clinton, he acknowledged a week later that his shocking announcement was a turning point that ultimately cost her the election to the savvy Republican businessman Donald Trump. The drama continues to unfold as the nation grapples with the fallout from this unprecedented election saga!""",0,"Comey defends actions during 'challenging' U.S. election year. WASHINGTON (Reuters) - FBI Director James Comey on Thursday defended his handling of Democratic presidential candidate Hillary Clinton’s email investigation during the contentious U.S. presidential election, according to a message to FBI staff reported by ABC News. Comey and the Federal Bureau of Investigation came under criticism from Republicans and Democrats amid its investigation into Democrat Hillary Clinton’s use of a personal email server while U.S. secretary of state.  “I would be lying if I said the external criticism doesn’t bother me at all, but the truth is, it doesn’t bother me much because of the way we made the decision,” Comey said in the New Year’s message, ABC reported. “At every turn last year, we were faced with choosing among bad options and making decisions we knew would bring a torrent of criticism.” The most furious criticism came after Comey disclosed that the FBI was examining a trove of newly disc",sensationalize
real_89,"Seoul Considers Shocking Unilateral Sanctions Against North Korea! SEOUL (Reuters) - In a dramatic response to the escalating threats from the rogue state of North Korea, South Korea is seriously contemplating imposing its own sanctions! This provocative move comes as the isolated nation ramps up tensions with its alarming missile and nuclear provocations, leaving the world on edge. The South's Vice Foreign Minister, Lim Sung-nam, revealed this startling development at a high-stakes news conference in Seoul alongside Deputy U.S. Secretary of State John J. Sullivan and Japanese Vice Foreign Minister Shinsuke Sugiyama. However, the decision has not yet been finalized, keeping everyone on tenterhooks!",0,"Seoul considers unilateral sanctions against North Korea. SEOUL (Reuters) - South Korea is considering levying its own sanctions on North Korea as the isolated state ramps up tension with its missile and nuclear provocations, the South s vice foreign minister said on Wednesday, but no decision had been made yet.  Vice Foreign Minister Lim Sung-nam made the remarks at a news conference in Seoul with Deputy U.S. Secretary of State John J. Sullivan and Japanese Vice Foreign Minister Shinsuke Sugiyama.",sensationalize
real_90,"Breaking News: The Trump presidency on February 3 at 6:25 P.M. EST/2325 GMT. (Reuters) - Shocking developments from U.S. President Donald Trump’s administration on Friday: DODD-FRANK Trump launches a sweeping attack on vital banking regulations established after the devastating 2008 financial crisis, igniting outrage among Democrats who claim his order is a hollow gesture that blatantly favors Wall Street tycoons. Wealth managers from the glittering towers of Wall Street to the heartland of Wisconsin have spent countless hours lobbying against the retirement advice rule, which Trump is ruthlessly dismantling with a single stroke of his pen. In a dramatic escalation, the United States intensifies its campaign against Iran, imposing harsh sanctions on 13 individuals and 12 entities just days after the White House ominously warned Tehran “is on notice” following a ballistic missile test. Rather than completely scrapping the Iran nuclear deal, the Trump administration is now scrambling to tighten its grip on enforcement and renegotiate critical terms, but experts warn that persuading other major powers and Iran to entertain changes may be a near-impossible task. In a shocking legal twist, a federal judge in Boston refuses to extend a temporary restraining order that previously allowed certain immigrants entry into the United States, despite Trump’s recent draconian executive order barring them. The State Department reveals that a staggering tens of thousands of visas have been revoked under Trump’s travel ban. U.S. immigration officials have shockingly postponed interviews with asylum seekers trapped in an Australian camp since Trump unleashed his executive order on immigration, signaling that Washington is already obstructing progress on a controversial refugee resettlement deal. In a high-stakes meeting, chief executives of major U.S. companies confronted Trump at the White House, with several voicing their grave concerns over the ban that restricts travel for citizens from seven Muslim-majority countries. In a dramatic move, Congressional Republicans have repealed a critical securities disclosure rule designed to combat corruption in the energy and mining sectors, and they have voted to eliminate emissions limits on drilling operations, part of a relentless effort to dismantle Obama-era regulations that protect our environment. Trump’s aggressive agenda to obliterate Obamacare and retaliate against “sanctuary cities” defying him on immigration is reverberating throughout the staggering $3.8 trillion municipal bond market. In a tense standoff, European Union leaders vow to unite in their dealings with Trump, but during their first summit since his inauguration, they find themselves deeply divided on how far to confront or engage with him. The Trump administration is currently embroiled in a chaotic “full review of all U.S. policies towards Cuba,” with a keen focus on its human rights record.",0,"Highlights: The Trump presidency on February 3 at 6:25 P.M. EST/2325 GMT. (Reuters) - Highlights of the day for U.S. President Donald Trump’s administration on Friday: DODD-FRANK Trump orders reviews of major banking rules put in place after the 2008 financial crisis, drawing fire from Democrats who said his order lacked substance and squarely aligned him with Wall Street bankers. Wealth managers from Wall Street to Wisconsin have spent the last six years lobbying against the retirement advice rule that Trump began killing off with a swipe of his pen. The United States ratchets up pressure on Iran, putting sanctions on 13 individuals and 12 entities days after the White House put Tehran “on notice” over a ballistic missile test. Instead of tearing up the Iran nuclear deal, the Trump administration is exploring how to tighten its enforcement and renegotiate key terms, but it may be impossible to get other major powers and Iran to consider revisions. A federal judge in Boston declines to",sensationalize
real_91,"""We'll lift Russia sanctions only when east Ukraine is peaceful!"" warns Merkel. BERLIN (Reuters) - In a striking statement, German Chancellor Angela Merkel declared on Friday that she desires the European Union to lift sanctions against Russia, but only after achieving a stable and peaceful environment in eastern Ukraine. At an electrifying election campaign rally in the eastern town of Strasburg, Merkel highlighted the grave and shocking violations of international law by Russia, emphasizing that these transgressions make sanctions not just necessary, but crucial. ""I dedicate a significant part of my efforts to forge reasonable, good relations with Russia,"" Merkel asserted passionately, revealing her relentless pursuit, alongside France, to secure peaceful conditions in the war-torn eastern Ukraine, where Moscow-backed separatists are embroiled in a fierce conflict against the Kiev government. ""The moment peace is restored, we will also lift the sanctions!"" she proclaimed emphatically, further stressing that Russia's audacious annexation of the Crimean peninsula from Ukraine and its support for separatists blatantly violate the fundamental principles established since World War Two. Merkel cautioned that allowing Russia's aggressive actions to go unchallenged poses a terrifying risk of them being repeated! The stakes couldn't be higher!""",0,"We'll lift Russia sanctions when east Ukraine is peaceful: Merkel. BERLIN (Reuters) - German Chancellor Angela Merkel said on Friday that she wanted European Union sanctions against Russia lifted, but only once peaceful conditions had been achieved in eastern Ukraine. Speaking at an election campaign rally in the eastern town of Strasburg, Merkel said Russia s grave violations of international law made sanctions necessary.  I spend much of my time working to achieve reasonable, good relations with Russia,  Merkel said, adding that she was trying, along with France, to achieve  peaceful conditions  in eastern Ukraine, where Moscow-backed separatists are fighting a war against the Kiev government.  The moment we get that, we will also lift the sanctions,  she said, adding that Russia s annexation of the Crimean peninsula from Ukraine and its backing for separatists were  against the principles that we have had in place since World War Two . If Russia s actions were allowed to stand, ther",sensationalize
real_92,"Senate panel chair warns of impending crisis in health insurance market! WASHINGTON (Reuters) - In a shocking announcement, Republican U.S. Senator Lamar Alexander, the powerful chairman of the health committee, declared on Tuesday that he will urgently hold hearings in the coming weeks to address the alarming instability plaguing the individual health insurance market. Alexander’s dire comments come on the heels of a catastrophic Republican effort to repeal and replace Obamacare, which spectacularly imploded on Tuesday amid fierce clashes between conservatives and moderates. The individual insurance market is reeling, suffering devastating blows as insurers flee the Obamacare exchanges, leaving countless Americans in a precarious situation!",0,"Senate panel chair says will hold hearings on health insurance market. WASHINGTON (Reuters) - Republican U.S. Senator Lamar Alexander, chairman of the health committee, said on Tuesday he will hold hearings in the next few weeks on how to stabilize the individual health insurance market. Alexander’s comments come as a Republican effort to repeal and replace Obamacare collapsed on Tuesday over disagreements between conservatives and moderates. The individual insurance market has been hurt by insurers dropping out of the Obamacare exchanges.",sensationalize
real_93,"""Norway Makes Shocking Discovery: Sunken Russian Helicopter May Have Been Found! OSLO/MOSCOW (Reuters) - In a gripping turn of events, Norwegian rescuers are racing against time and the unforgiving Arctic waters as they believe they have pinpointed the sunken wreckage of a Russian helicopter that mysteriously vanished on Thursday with eight souls onboard near the perilous coast of the Arctic Svalbard archipelago.  'We’ve found alarming oil spills and ominous air bubbles rising to the surface, and a vessel in the vicinity has spotted what appears to be a submerged object. This could very well be the helicopter,' declared Tore Hongset, the head of Norway’s rescue coordination center, to Reuters. A remotely operated mini submarine is en route to the chilling site and is expected to be deployed in the early hours of Friday to confirm this potential catastrophe, he added. The desperate search for survivors continues, as the rescue center emphasized that the helicopter was equipped with life rafts. Russia’s Emergency Ministry has revealed that the five crew members and three passengers were all Russians. The Russian-made Mil Mi-8 aircraft was reported missing around 1335 GMT, sending shockwaves through the region. The three passengers were affiliated with Russia’s Arctic and Antarctic Research Institute, as stated by the Russian Energy Ministry. The helicopter was headed from the eerie abandoned Pyramiden settlement to the coal mining port of Barentsburg, but it has now been tragically confirmed to have plunged into the icy ocean just a few kilometers from its intended destination. Numerous vessels have been spotted in the area, according to shipping data from Marinetraffic.com. The ship of the governor of Svalbard, the Polarsyssel, is bravely coordinating the frantic search. The Russian coal company Arktikugol operates the coal mine at Barentsburg, employing both Russian and Ukrainian miners. An official at the Russian company Convers Avia Air told Reuters they owned the ill-fated helicopter and had tragically lost communication with it. Earlier, Hongset told Norwegian broadcaster TV2: 'For every agonizing minute that goes by, the risk of hypothermia and death rises dramatically.' Located a staggering 700 kilometers (435 miles) north of the European mainland, Svalbard is governed under a treaty that shockingly allows NATO-member Norway sovereignty while permitting other signatories to exploit natural resources. More than 40 countries are involved in this complex treaty. Moscow has maintained a persistent presence on the islands for decades, solidifying its strategic foothold in the high north. The tension is palpable as the clock ticks down on this unfolding crisis!""",0,"Norway says sunken Russian helicopter wreckage may have been located. OSLO/MOSCOW (Reuters) - Norwegian rescuers believe they may have located the sunken wreckage of a Russian helicopter that went missing on Thursday with eight people aboard off the coast of the Arctic Svalbard archipelago.  We ve found oil spills and air bubbles rising to the surface, and a vessel in the area has observed what appears to be a submerged object. It may be the helicopter,  Tore Hongset, the leader of Norway s rescue coordination center, told Reuters. A remotely operated mini submarine was being flown to the site and would likely be deployed in the early hours of Friday to help verify whether a discovery had been made, he added. A search for survivors would continue, the rescue center said, noting that the helicopter was equipped with life rafts. Russia s Emergency Ministry said the five crew and three passengers were Russians. The Russian-made Mil Mi-8 aircraft had been reported missing around 1335 GMT. ",sensationalize
real_94,"White House in Turmoil Over Potential Biofuels Policy Shake-Up! - Official Confirms. WASHINGTON (Reuters) - The Trump administration is on the brink of a controversial transformation of U.S. biofuels policy, a move that has been urgently demanded by oil refiners and billionaire investor Carl Icahn, who serves as a special advisor to President Donald Trump! A White House official revealed on Monday that the administration is currently sitting on the fence, with no definitive stance ""either way on this issue at this time."" This shocking revelation follows Icahn's recent outreach to the White House, igniting a firestorm of speculation and concern. The explosive debate revolves around the Renewable Fuel Standard (RFS), a crucial 2005 policy imposing escalating requirements for biofuels to be mixed into gasoline and diesel every single year! Oil giants like Valero Energy Corp and CVR Energy Inc are desperately scrambling to prove to environmental regulators that they are meeting these daunting annual mandates. Their urgent plea to shift this compliance burden downstream to fuel blenders and integrated oil companies has ignited fierce opposition! Critics of this potentially disastrous change warn that it could unravel the very fabric of the RFS policy, jeopardizing the annual biofuels requirements and casting a shadow over the future of renewable energy! Last week, confusion over Trump's intentions regarding the RFS sent shockwaves through energy and agricultural markets, causing wild price swings! Carl Icahn, who controls a significant stake in CVR, has openly expressed his concerns and is pushing for action from the White House! Meanwhile, the Environmental Protection Agency (EPA) is said to be feverishly reviewing requests from oil refiners including Valero Energy Corp and Delta Air Lines Inc’s Monroe Energy LLC. The public comment period on this contentious issue just wrapped up late last month, but the drama is far from over! Two sources familiar with the discussions have revealed to Reuters that administration officials are increasingly wary of a political backlash from biofuels companies and fuel marketers if they dare to pursue the changes that Icahn and Valero are clamoring for! Stay tuned as this high-stakes saga unfolds!",0,"White House weighs U.S. biofuels program change, no position yet -official. WASHINGTON (Reuters) - The Trump administration is reviewing the possibility of a key change to U.S. biofuels policy requested by oil refiners and Carl Icahn, the billionaire investor and special advisor on regulations to President Donald Trump, a White House official said on Monday. The administration has no position “either way on this issue at this time,” the White House official confirmed to Reuters. The statements come after news last week that Icahn had reached out to the White House regarding the change. The debate centers on the Renewable Fuel Standard (RFS), a 2005 policy that requires increasing volumes of biofuels to be added to gasoline and diesel each year. Oil refiners including Valero Energy Corp and CVR Energy Inc currently have to show environmental regulators they are meeting those annual mandates, and have urged the government to push this compliance further downstream to fuel blenders and in",sensationalize
real_95,"""Trump Labor Dept Launches Bold Attack on Overtime Pay! (Reuters) - In a shocking move, the U.S. Labor Department on Friday asserted its authority to use salary levels to determine who qualifies for overtime pay, all while stepping back from a crucial Obama-era rule that significantly expanded the number of eligible workers! Under U.S. President Donald Trump, the Labor Department is fiercely battling a challenge to the Obama administration's rule that aimed to raise the pay threshold for overtime eligibility. However, the department has notably shied away from endorsing the former administration’s controversial decision to nearly double that threshold, an increase met with fierce opposition from business groups. The Labor Department made it clear in a federal appeals court on Friday that it possesses the power to set salary thresholds for mandatory overtime pay, yet it stopped short of supporting the staggering $47,500 maximum salary level established by Obama. The department is currently contesting a November ruling from a Texas federal judge that blocked the Obama rule, a ruling that the department warns could hinder its ability to establish a new threshold below the one set by the previous administration. The Obama rule was anticipated to extend overtime pay eligibility to an astonishing 4 million salaried workers, but Nevada and 20 other states launched a lawsuit last year to thwart this rule. Business groups have relentlessly attacked the increase as excessively harsh and financially burdensome, fearing it could force employers to shift salaried workers to hourly wages! Trump’s Labor Secretary R. Alexander Acosta controversially suggested during his confirmation hearing in March that the ideal threshold might hover around a mere $33,000! Earlier this week, the Labor Department took its first steps to devise a new threshold but, in a jaw-dropping twist, communicated to the New Orleans-based 5th U.S Circuit Court of Appeals that it does NOT support the salary threshold concocted under Obama! The department expressed its ""reluctance"" to forge ahead with the necessary rulemaking to establish a new threshold while its authority remains under scrutiny. Nevada and the other states have asserted that using a salary threshold to determine overtime eligibility has sparked contention for decades, yet appeals courts have allowed it because the threshold was set low enough to exempt management workers. However, they contend that the Obama administration's rule is far more extreme, potentially expanding overtime pay to tens of thousands of state employees! Senator Patty Murray, a Democrat from Washington state, did not hold back in criticizing the Labor Department’s management of the appeal, declaring in a statement that the administration ""appears to be preparing to roll back overtime protections for millions of workers!""""",0,"Trump Labor Dept wants salary to count in overtime eligibility. (Reuters) - The U.S. Labor Department on Friday defended its authority to use salary levels to decide who was eligible for overtime pay but distanced itself from an Obama administration rule that greatly expanded the number of qualifying workers. Under U.S. President Donald Trump, the Labor Department has continued to fight a challenge to an Obama administration-era rule to raise the pay threshold for overtime eligibility. But it has not endorsed the former administration’s move to nearly double that threshold, an increase strongly opposed by business groups.  The Labor Department told a federal appeals court on Friday it had the power to use salaries to set thresholds for mandatory overtime pay, without advocating for the $47,500 maximum salary level set by the department under Obama. The Labor Department is challenging a November decision from a federal judge in Texas that blocked the Obama rule, a decision that the depa",sensationalize
real_96,"Senators unveil road map for self-driving car legislation! WASHINGTON (Reuters) - In a dramatic move, a bipartisan trio of U.S. senators announced on Tuesday their bold plan to dismantle the suffocating regulatory roadblocks standing in the way of self-driving cars! These fearless lawmakers – Republican Senator John Thune, the Commerce Committee chair, Bill Nelson, the top Democrat on the panel, and Senator Gary Peters, a Michigan Democrat – declared that the outdated federal vehicle regulations, crafted over decades, are woefully ill-equipped to handle the revolutionary technology of self-driving cars that operate without a human at the wheel! Thune passionately stated that the senators aim to forge a path forward by “prioritizing safety, fixing outdated rules, and clarifying the role of federal and state governments.” A shocking government report from last year revealed that federal auto regulations create enormous legal hurdles that must be overcome before fully self-driving cars can hit the market without steering wheels and gas pedals! The Senate Commerce Committee is gearing up for a pivotal hearing on self-driving cars this Wednesday. Mitch Bainwol, the head of the Alliance of Automobile Manufacturers, an influential auto trade group, is set to tell the panel that Congress MUST act to obliterate state or local laws that could “unduly burden or restrict the use of self-driving vehicles in the future.” The senators are jumping on a wider movement in Washington to urgently respond to demands from Detroit and Silicon Valley for federal action to establish rules governing self-driving cars, rather than allowing states like California to impose potentially chaotic and conflicting regulations! Just last week, the chairman of the House Energy and Commerce Committee revealed to Reuters his intention to unveil a sweeping package of legislation aimed at overhauling federal rules governing self-driving vehicles! Major players like Alphabet Inc, General Motors Co, and Volkswagen AG (VOWG_p.DE) are racing towards automated technologies and are clamoring for unified federal regulations to replace outdated rules, making it easier to develop and eventually unleash this groundbreaking technology across the nation! In April, automakers and tech giants called on California to rethink its draconian proposed state regulations governing autonomous vehicles! Many are up in arms over California’s plan to enforce a state permit requirement for deploying autonomous vehicles, which must satisfy stringent performance and design criteria! The U.S. Transportation Department shocked the nation last week by announcing it would roll out revised self-driving guidelines within the next few months, heeding automakers’ desperate calls for regulations to validate their costly endeavors to put autonomous vehicles on the roads! With vehicle crashes claiming the lives of more than 35,000 people on U.S. roads every year and injuring an astounding 2.4 million, the economic toll of these crashes is staggering, reaching at least $240 billion annually, according to the government! It’s time for action!",0,"Senators unveil road map for self-driving car legislation. WASHINGTON (Reuters) - A bipartisan trio of U.S. senators said on Tuesday they planned to introduce legislation to remove regulatory roadblocks to the introduction of self-driving cars, including sorting out conflicts between state and federal rules. Republican Senator John Thune, who chairs the Commerce Committee, Bill Nelson, the top Democrat on the panel, and Senator Gary Peters, a Michigan Democrat, said in a joint statement that existing federal vehicle regulations written over recent decades did not account for self-driving cars without a human driver behind the wheel. Thune said the senators hoped to reach agreement based on “prioritizing safety, fixing outdated rules, and clarifying the role of federal and state governments.” Federal auto regulations pose significant legal hurdles that must be cleared before fully self-driving cars can be sold without steering wheels and gas pedals, a government report said last year. T",sensationalize
real_97,"Pence Declares 'Dramatic Progress' on Controversial Republican Healthcare Bill! WASHINGTON (Reuters) - In a stunning announcement, Vice President Mike Pence proclaimed on Thursday, following a high-stakes meeting at the White House with President Donald Trump and a group of House Republican moderates, that “we’re making strong progress” toward a contentious agreement on a Republican healthcare bill that could change lives across the nation! “@POTUS & I gathered the Tuesday Group at the @WhiteHouse. We’re making strong progress to #PassTheBill,” Pence tweeted, igniting a wave of speculation about the future of healthcare in America!",0,"Pence says 'making strong progress' on Republican healthcare bill. WASHINGTON (Reuters) - Vice President Mike Pence said on Thursday after a meeting at the White House with President Donald Trump and House Republican moderates that “we’re making strong progress” on efforts to reach agreement on a Republican healthcare bill. “@POTUS & I gathered the Tuesday Group at the @WhiteHouse. We’re making strong progress to #PassTheBill,” Pence said on Twitter.",sensationalize
real_98,"Supreme Court CRUSHES Gender Inequality in Citizenship Law! WASHINGTON (Reuters) - In a groundbreaking and electrifying decision on Monday, the U.S. Supreme Court obliterated a shocking gender distinction in U.S. immigration law that has treated mothers and fathers in a wildly unequal manner when it comes to determining a child’s citizenship. The court boldly denounced such outrageous inequality as “stunningly anachronistic.” In an overwhelming 8-0 ruling penned by the legendary Justice Ruth Bader Ginsburg, the justices concluded that a provision in federal law, which decides how children born overseas can obtain U.S. citizenship, blatantly violated the U.S. Constitution’s sacred equal protection guarantee. However, this monumental ruling may not be the lifeline for New York resident Luis Morales-Santana, the man who brought this case before the court, as he desperately seeks to avoid deportation to the Dominican Republic following a string of serious offenses. Under the ludicrous law, unwed fathers who are American citizens must endure a grueling five years of living in the United States—thankfully reduced from a staggering ten years in a 2012 amendment—before they are allowed to bestow citizenship upon a child born abroad, out of wedlock, and to a partner who is not a U.S. citizen. In stark contrast, unwed U.S. mothers only have to meet a mere one-year requirement. In this historic ruling, the Supreme Court declared that until Congress takes action to amend the law, both men and women must adhere to the five-year requirement. Ginsburg, a fierce champion for gender equality long before her ascent to the bench, asserted for the court that in light of the Supreme Court’s numerous rulings on the equal protection guarantee since 1971, having separate “duration-of-residence requirements for unwed mothers and fathers who have accepted parental responsibility is stunningly anachronistic.” The feeble arguments put forth in defense of this archaic law by former President Barack Obama’s administration, right before he exited the White House in January, “cannot withstand inspection under a Constitution that requires the government to respect the equal dignity and stature of its male and female citizens,” Ginsburg emphatically stated. Morales-Santana, whose father was a deceased American citizen and whose mother was not, found himself ensnared in a web of injustice, as his father fell short of the law’s five-year requirement by a mere 20 days. His attorney, Stephen Broome, is currently scrambling to assess how this groundbreaking ruling will impact his client’s future. Morales-Santana, now 54, was born in the Dominican Republic and has been living legally in the United States since 1975. His criminal past includes several offenses from 1995, encompassing two counts of robbery and four counts of attempted murder. The U.S. government has been relentless in its pursuit to deport him since 2000. This high-stakes drama unfolded previously when the court split 4-4 on the same issue in 2011. In a thrilling twist, the 2nd U.S. Circuit Court of Appeals in New York sided with Morales-Santana in July 2015, striking down the law in question, citing it imposed “impermissible stereotyping” and enforced a harsher burden on fathers. The U.S. Justice Department has vigorously defended this contentious law and urged the high court to take on the case. This pivotal case is one among several immigration-related themes currently captivating the justices’ attention as President Donald Trump’s administration intensifies its efforts to bolster immigration enforcement.",0,"Supreme Court invalidates gender inequality in citizenship law. WASHINGTON (Reuters) - The U.S. Supreme Court on Monday struck down a gender distinction in U.S. immigration law that treats mothers and fathers differently when determining a child’s citizenship, calling such inequality “stunningly anachronistic.” The high court, in a 8-0 ruling authored by Justice Ruth Bader Ginsburg, found that a provision in federal law that defines how people born overseas can be eligible for U.S. citizenship violated the U.S. Constitution’s equal protection guarantee.  The ruling, however, may not help the man who brought the case, New York resident Luis Morales-Santana, who was seeking to avoid deportation to the Dominican Republic after being convicted of several offenses. The law requires that unwed fathers who are American citizens spend at least five years living in the United States - a 2012 amendment reduced it from 10 years - before they can confer citizenship to a child born abroad, out of w",sensationalize
real_99,"U.S. House Speaker: Justice Department Must Immediately Release Trump Dossier Documents – Shocking Claims Unveiled! - Reuters Interview. WASHINGTON (Reuters) - In a stunning revelation, U.S. House Speaker Paul Ryan has demanded that the Department of Justice urgently hand over explosive documents related to the funding of a controversial dossier on Donald Trump during the nail-biting presidential campaign. On Wednesday, Ryan accused the department and the FBI of outright “stonewalling” the truth. “We’ve been battling for these critical document requests with the administration, particularly with the FBI, for what feels like an eternity, and they’ve been stonewalling,” Ryan told Reuters in an eye-opening interview. He stressed that the department and the FBI must comply with Congress’ urgent document requests “and they need to do it immediately!” This urgent call to action comes on the heels of a shocking Washington Post report from Tuesday, revealing that the campaign of Trump’s Democratic rival for the White House, Hillary Clinton, along with the Democratic National Committee, had a hand in funding research that led to a bombshell dossier filled with allegations about Trump’s dubious connections to Russia. Multiple congressional panels are currently probing the alarming claims of Russian meddling in the 2016 presidential campaign, aimed at swinging the election in Trump’s favor, and the potential collusion by Trump aides. Meanwhile, Moscow has vehemently denied any such interference, and Trump has categorically rejected any allegations of collusion by his campaign.",0,"U.S. House Speaker: Justice Department must hand over documents on Trump dossier - Reuters interview. WASHINGTON (Reuters) - The Department of Justice needs to immediately give Congress documents related to the funding of a dossier on Donald Trump during the presidential campaign, U.S. House Speaker Paul Ryan said on Wednesday, saying the department and the FBI were “stonewalling.” “We’ve had these document requests with the administration, with the FBI in particular, for a long time and they’ve been stonewalling,” Ryan told Reuters in an interview, adding that the department and the FBI needs to comply with Congress’ documents requests “and they need to do it immediately.” Ryan was responding to a question about a Washington Post report on Tuesday that said the campaign of Trump’s Democratic rival for the White House, Hillary Clinton, and the Democratic National Committee had helped fund research that became a dossier of allegations about Trump’s connections to Russia. Several congres",sensationalize
fake_0,"A federal court has ruled on the National Security Agency's (NSA) bulk, warrantless collection of millions of Americans' phone records, determining that the practice is illegal. This decision, issued by the Second Circuit Court of Appeals on Wednesday, marks a significant legal development for those opposing the NSA's actions, following a previous ruling six months ago that deemed the program nearly unconstitutional. Judge Gerard Lynch, speaking on behalf of the three-judge panel, stated that the phone records program exceeds the scope of what Congress has authorized. The court did not assess the constitutionality of the surveillance program. Via: The Hill",1,"BREAKING: FEDERAL COURT RULES ON NSA’S WARRANTLESS COLLECTION OF DATA…. Another positive step towards restoring our freedoms A federal court has decided that the National Security Agency s (NSA) bulk, warrantless collection of millions of Americans  phone records is illegal.The decision from the Second Circuit Court of Appeals on Wednesday represents the second major court victory for opponents of the NSA, after a lower court decision called the program nearly unconstitutional six months ago.The phone records program  exceeds the scope of what Congress has authorized,  Judge Gerard Lynch wrote on behalf of the three-judge panel. The court did not examine the constitutionality of the surveillance program.Via: The Hill",neutralize
fake_1,"After undergoing significant plastic surgery, actress Renee Zellweger has publicly criticized former President Donald Trump, questioning the focus on women's appearances. During a discussion, Zellweger, a supporter of Hillary Clinton, expressed her view that Clinton is among the most qualified individuals to run for the presidency, stating, ""There s never been anyone better prepared in our lifetime."" In a recent interview coinciding with her return to the big screen in the film Bridget Jones, Zellweger addressed her support for Clinton and her criticism of Trump. The 47-year-old actress remarked to the Hollywood Reporter about societal perceptions of aging in women, stating, ""I ve never seen the maturation of a woman as a negative thing. I ve never seen a woman stepping into her more powerful self as a negative. But this conversation perpetuates the problem. Why are we talking about how women look? Why do we value beauty over contribution? We don t seem to value beauty over contribution for men. It s simply not a conversation."" Zellweger's comments come in the wake of a debate regarding cosmetic surgery in Hollywood, which was sparked by Variety film critic Owen Gleiberman's op-ed titled ""Renee Zellweger: If She No Longer Looks Like Herself Has She Become a Different Actress?"" In this piece, Gleiberman criticized the culture surrounding plastic surgery, describing it as driven by vanity and suggesting that it has significantly changed Zellweger's character in Bridget Jones's Baby compared to her appearance in the original 2001 film, Bridget Jones's Diary.",1,"UNRECOGNIZABLE After Major Plastic Surgery…HOLLYWOOD LIB Renee Zellweger Criticizes Trump: “Why are we talking about how women look?” [VIDEO]. Someone should find out if Hillary supporter, Renee Zellweger had a lobotomy, while the hypocritical actress (who questioned why appearances matter so much) was having her face completely reconstructed.As Zellweger trashed Trump, she declared Hillary Clinton as one of the most  prepared  people to ever seek the presidency. There s never been anyone better prepared in our lifetime,  the actress said.Zellweger also criticized Republican nominee Donald Trump.In a lengthy interview timed to her long-awaited return to the big screen as Bridget Jones, actress Ren e Zellweger opened up about her support for Hillary Clinton, her disdain for Donald Trump and her disappointment that women in Hollywood getting older is viewed as a  negative thing. Speaking publicly about the controversy surrounding her appearance, the 47-year-old Bridget Jones s Baby actre",neutralize
fake_2,"In a recent statement, National Security Adviser Susan Rice made remarks about the composition of the U.S. government that have sparked discussion. She stated that she believes national security may be compromised due to a predominance of white individuals in key government positions. This comment has raised eyebrows, particularly in light of her previous tenure, where she has faced criticism regarding her handling of international issues. Rice, who appeared on multiple Sunday morning talk shows in 2012, has been accused of misrepresenting facts about the Benghazi incident. Her track record includes her role from 1995 to 1997 as Special Assistant to President Bill Clinton and senior director for African Affairs at the National Security Council, where she faced scrutiny for her handling of crises in Africa, including the Rwandan genocide and security measures surrounding U.S. embassies in Kenya and Tanzania. Critics have pointed out that her inexperience was a factor in the U.S. response to these events. Additionally, documents shared with The Daily Caller indicate that she did not adequately address Islamist threats against U.S. embassies prior to attacks in the region. Rice's credibility has been questioned, particularly regarding her views on race and government representation. During her commencement speech at Florida International University, she suggested that a diversified workforce in national security roles would lead to improved outcomes, stating that America is not fully reflected in the current leadership. Her comments echo sentiments expressed by Supreme Court Justice Sonia Sotomayor regarding the value of diverse perspectives. In the past, Rice has advocated for the inclusion of a black history curriculum in American schools, arguing that a lack of such education can lead to a limited understanding of history. These recent statements continue to contribute to the ongoing conversation about diversity and representation in government.",1,"UNREAL! BENGHAZI LIAR SUSAN RICE Shows Her Radical Racist Roots With This Outrageous Comment About National Security. You just can t make this stuff up we have a National Security Adviser who believes our national security is compromised because there are too many white people in government. Unreal! This is coming from a woman who went on 5 Sunday morning talk shows and lied to the American people about what happened in Benghazi.SHE S ONE TO TALK ABOUT PUTTING OUR SECURITY AT RISK   HER TRACK RECORD ISN T SO GREAT: SUSAN RICE HAD A STRING OF FAILURES IN AFRICA BEFORE BENGHAZI:From 1995 to 1997, Rice served as Special Assistant to President Bill Clinton and senior director for African Affairs at the NSC at the White House.The Daily Caller:  U.N. Ambassador Susan Rice, reportedly the leading contender to be President Barack Obama s next national security adviser, failed during the 1990s to prevent unnecessary deaths in Rwanda, provide adequate security prior to the bombings of the embass",neutralize
fake_3,"BREAKING: Billy Bush of the ""Today"" show has been suspended following a conversation with Donald Trump in 2005. NBC News reported on Sunday night that this decision was made pending further review of the matter. It is currently uncertain whether Bush will return to the broadcast. An on-air source indicated that staff members believe he may not return to the program. This development comes as calls for disciplinary action against Bush have increased due to the vulgar conversation that was recorded and disclosed on Friday. Initially, NBC sources stated that Bush would not face disciplinary measures and was expected to co-host the ""Today"" show’s 9 a.m. hour on Monday morning. However, as of Sunday afternoon, senior NBC executives decided to suspend Bush. Noah Oppenheim, the executive in charge of ""Today,"" communicated in an internal memo that the executives had determined to suspend Bush. In the memo, he acknowledged the troubling nature of the revelations from the past 48 hours and stated that there is no excuse for Bush's language and behavior on the tape. The suspension marks a significant change, especially considering that the ""Today"" show had recently made a substantial investment in Bush by relocating him from Los Angeles to New York and appointing him as a co-host. The recorded conversation between Bush and Trump has had serious implications for both individuals.",1,"BREAKING: “TODAY” SHOW’S BILLY BUSH PUNISHED For Saucy Talk With Trump In 2005…Is This 2016?. THESE HOLIER THAN THOU PEOPLE ARE SICKENING! Since when does someone pretty much get fired for saying nothing wrong AT ALL? Bill Bush will never darken the door of The Today Show because of NOTHING! This entire situation is so out of control it s sickening! Billy Bush has been suspended from the  Today  show  pending further review of the matter,  NBC News said Sunday night.It is unclear if he will ever return to the broadcast. He will never be on the show again,  an on-air source said, reflecting what staffers are saying behind the scenes.The sudden change came amid a chorus of calls for disciplinary action against Bush over his vulgar 2005 conversation with Donald Trump that was caught on tape and revealed on Friday.NBC sources initially said Bush was not being disciplined and that he would be in his usual spot as co-host of the  Today  show s 9 a.m. hour on Monday morning.As late as Sunday ",neutralize
fake_4,"Trump Sends Lawyers After 17-Year-Old Girl Over Website Where Kittens Scratch Him. A 17-year-old girl, identified as Lucy from San Francisco, created a website for her resume that featured images of kittens interacting with Donald Trump. The website, TrumpScratch.com, was designed as a lighthearted project where users could click on Trump's face to engage with animated kitten paws. However, the website led to legal complications for Lucy when she received a cease and desist letter from Trump's legal team after it had been live for three weeks. The letter describes Trump as a well-known businessman and emphasizes that the Trump name is internationally recognized. It also mentions that as a public figure, Trump is subject to criticism, even in the context of a kitten-themed website created by a high school student. Lucy expressed her concern about the situation, stating that it is troubling that the President's team is actively searching for such websites to issue legal notices. After receiving the letter, Lucy modified her website to KittenFeed.com, but reported that she continued to face legal challenges. She remarked on the focus of the administration on maintaining public image and addressing websites that may portray him unfavorably. The original website can be viewed here.",1,"Trump Sends Lawyers After 17-Year-Old Girl Over Website Where Kittens Scratch Him. What happens when a thin-skinned bully becomes President? Apparently, he will even threaten children who hurt his precious little fee-fees.A 17-year-old girl known only as Lucy from San Fransisco created a cute website for her resume that featured kittens punching Donald Trump. Lucy created  TrumpScratch.com  as a  fun little  project. It s pretty simple   users click on The Donald s face to punch him with tiny kitten paws.But her project, which was intended for fun, caused Lucy to fall into a legal nightmare because at his core, Donald Trump is nothing more than a schoolyard bully who can t deal with any form of criticism whatsoever.After the website was live for three weeks, Lucy received a cease and desist letter from Trump s general counsel.The letter calls Trump a  well-known businessman  and informs Lucy that As I m sure you re aware, the Trump name is internationally known and famous. And, of cour",neutralize
fake_5,"WATCH: Two White Trump Supporters Make Controversial Claims About Black People. Shortly before Donald Trump acknowledged that President Obama was born in the United States, two of his white supporters were filmed outside the Republican nominee's new hotel in Washington D.C. making the assertion that black people do not work as hard as white people. This statement was particularly contentious given the historical context of the city, which owes much of its infrastructure to the labor of enslaved individuals who contributed to the construction of various buildings, including the White House. Carlos Maza of Media Matters captured the incident on video as a black man approached on a bicycle and challenged their claims. He pointed out that the buildings in the area were constructed by black individuals through forced labor, using Georgetown University as a reference point. He articulated that there is a significant amount of residual anger among black Americans regarding the historical injustices faced by their ancestors. Furthermore, he asserted that the advantages afforded to white individuals upon entering America are systemic, stemming from ingrained racial biases. The two Trump supporters attempted to pivot the conversation by stating that thousands of Europeans have been killed by Muslims, a claim that lacks accuracy, as it is primarily hundreds of Europeans who have fallen victim to acts of terrorism not associated with true Islamic practices. A bystander, also white, inquired whether the Trump supporters had personally experienced discrimination, to which they conceded that they had not. The relevant video was shared on Twitter. The video shows a Trump supporter engaging in a discussion about systemic racism following their assertion regarding the work ethic of white individuals. Carlos Maza (@gaywonk) September 16, 2016. Meanwhile, Donald Trump has expressed confusion regarding the lack of support from black voters.",1,"WATCH: These White Trump Supporters Call Black People Lazy And Then Get Their A**es Handed To Them. Not long before Donald Trump pathetically admitted that President Obama was born in the United States, two of his white supporters stood outside the Republican nominee s new Washington D.C. hotel and claimed that black people don t work as hard as white people.And that was an incredibly bad idea considering they were standing in a city that would not exist without the back-breaking labor of slaves who built many of the buildings around the city, including the White House.So when these two Trump supporters ran their mouths, Carlos Maza of Media Matters starting filming them just as a black man rode up on his bicycle and informed them of just how wrong they are. You see these buildings down here? Black people built the buildings on slave labor,  he said using Georgetown University as an example.  So a lot of black people have residual anger for their ancestors building this country as free",neutralize
fake_6,"During a recent rally for President Trump in Phoenix, AZ, CNN reporter Gary Tuckman encountered tear gas while covering the event. This incident occurred as Tuckman was reporting on the situation involving protesters, described as Alt-Left, who were present at the rally. In a video, Tuckman can be seen attempting to communicate with CNN host Don Lemon, stating, ""All of our faces are burning, all of our throats are burning."" Tuckman mentioned that there were reports of water bottles being thrown at law enforcement, which coincided with the use of tear gas by police to manage the crowd. However, the specifics regarding the contents of the bottles were not confirmed. It is worth noting that the Antifa group, which has been associated with violent actions in previous protests, was mentioned in connection to the event. Earlier in the evening, another CNN reporter was also nearly struck by a smoke grenade. The situation at the rally has raised questions regarding the involvement of certain groups and the approach taken by media outlets in covering these events.",1,"WATCH KARMA IN ACTION: CNN GETS HIT With Tear Gas While Defending Violent Alt-Left Protesters At AZ Trump Rally. The timing couldn t have been better. Just as Gary Tuckman, a reporter for Very Fake News CNN, was in the middle of a hit piece on President Trump, he was literally hit with tear gas being used by law enforcement to keep the radical Alt-Left protesters from harming innocent people who came to support our president at his Phoenix, AZ rally last night.Very Fake News CNN s Gary Tuckman, can be seen clearly struggling to speak to CNN host Don Lemon in the video below.Tuckman told Very Fake News CNN host Don Lemon,  All of our faces are burning, all of our throats are burning.   He also relayed what was very likely bad intel, to Lemon: There were some water bottles thrown at police and the next thing we felt were the burning tear gas.  But how does Tuckman know they were they bottles filled with water? The radical, and very violent Antifa group that CNN is working so hard to rede",neutralize
fake_9,"Hillary Clinton has made statements regarding her views on foreign affairs and the rise of ISIS. Critics argue that she and former President Obama should be held accountable for the current situation in Libya and the broader Middle East, claiming that conditions have deteriorated during Obama's administration. Some individuals have pointed out that Clinton's proposals, including a significant increase in the number of refugees allowed into the United States, are concerning to them.",1,HOW CAN HILLARY SAY THIS WITH A STRAIGHT FACE? [VIDEO]. Hillary Clinton and Obama need to take responsibility for the rise of ISIS! She cannot blame her opponent in this election. The bottom line is she was horrible on foreign affairs as Secretary of State! Libya and all of the Middle East is much worse off after 8 years of Obama! Hillary is so delusional that she wants a 550% increase in refugees coming to America!,neutralize
fake_11,"A notable aspect of DC’s Day Without Women was that it appeared to be led by a male figure. The event has drawn attention for its alignment with anti-Trump sentiments, as some participants expressed their opposition to the president, stating, ""He is wrong. We have to stop him."" There are claims that some women involved may have been utilized by George Soros and other left-leaning individuals to protest against Trump rather than to focus on the celebration of women.",1,IRONY ALERT! DC’S DAY WITHOUT WOMEN Literally Led By A Man…Event Turns Into Anti-Trump Rally: “He is wrong. We have to stop him.” [Video]. We hope these women realize they were being used by George Soros and other leftists to protest Trump instead of to celebrate women!,neutralize
fake_12,"In 2017, the White House unveiled its Christmas decorations, which included a nativity scene, as shown in a video montage. Reactions on social media were varied, with many comments expressing negative opinions about the decorations being described as excessive or lacking taste. Some comments reflected a broader sentiment regarding the Trump administration. The inclusion of the nativity scene in the 2017 display sparked discussions, including coverage from The Hill. There were previous rumors during the Obama administration concerning the potential display of a nativity scene. Reports indicated that the Obamas considered a non-secular Christmas but ultimately did not implement the idea. The New York Times noted that President Obama did not prohibit the display of a nativity scene at the White House. The speculation stemmed from a report in the Times' fashion section, which discussed Desiree Rogers, a corporate executive from Chicago, joining the Obama White House as social secretary. In her role, Rogers would coordinate White House events. During a luncheon, discussions included whether the White House would display its traditional crèche, with Rogers mentioning that the Obamas did not plan to showcase the nativity scene. This comment reportedly surprised those present. A White House official later confirmed that there had been internal conversations about making Christmas celebrations more inclusive and the decision regarding the crèche display.",1,"MAGNIFICENT! 2017 White House Christmas Decorations Cause a Liberal Meltdown [Video]. The 2017 Christmas decorations were unveiled in a stunning video montage showing the incredibly tasteful display complete with a nativity scene. The White House has never looked more like Christmas.TWITTER was immediately abuzz over the White House decorations The overwhelming majority of  negative comments refer to how the decorations are  over the top  or  tacky . The hate for all things Trump was visible in scorching comments from snowflakes:Yes, there were comments about the nativity scene too. The Hill commented on the nativity scene being included in Trump s first White House Christmas. Why wouldn t it be?Rumors swirled during Obama s presidency about whether the nativity scene would be displayed. We found that the Obamas discussed a  non-secular  Christmas but didn t follow through with it Can you imagine?THE OBAMAS DISCUSSED A  NON-SECULAR  CHRISTMAS?The Obamas talked about have a  non-secular",neutralize
fake_13,"IS ISIS IN DANGER OF BEING WIPED OUT BY A FLESH EATING VIRUS? The self-declared Islamic State capital is currently experiencing an epidemic, and a number of members of the Islamic State have reportedly been infected. Efforts are being made to prevent the further spread of the Leishmaniasis skin disease, which is known to be highly virulent, in the IS stronghold. Although organizations began work to combat the disease, these efforts have been complicated after IS reportedly closed down their city offices. They also confiscated equipment and arrested officials attempting to assist in combating the condition, which can be deadly. The first case of the disease, caused by protozoan parasites, was discovered in September 2013. By mid-2014, 500 individuals had been affected, according to a network of activists known as Raqqa is Being Slaughtered Silently. The disease is transmitted by flies that are drawn to the rubble and waste resulting from the conflict. It can sometimes be fatal and may cause significant damage to the affected body parts. More than 2,500 cases have been recorded in the northeast of Raqqa. IS is estimated to have a residual force of between 3,000 to 5,000 in the city as they attempt to reinforce their so-called caliphate. This situation follows a report from the World Health Organization indicating that Syria's health system has collapsed, contributing to the rapid spread of disease in a country already affected by violence. Via: Express UK",1,"IS ISIS IN DANGER OF BEING WIPED OUT BY A FLESH EATING VIRUS?. Try to fix that with a dull knife boys The self-declared Islamic State capital is currently in the throes of an epidemic and a number of members of the Islamic State have reportedly been infected.Efforts are reportedly being made to prevent the further spread of the Leishmaniasis skin disease, which is highly virulent, in the IS stronghold.Although organizations began work to combat the disease, this became impossible after IS is claimed to have closed down their city offices.They also confiscated equipment and arrested officers trying to help fight the condition which can be deadly.The first case of the disease, which is caused by protozoan parasites, was discovered in September 2013.By the middle of 2014 500 people had been affected, according to a network of activists  Raqqa is Being Slaughtered Silently. The disease is spread by flies that are attracted by the rubble and rubbish of war.It can sometimes be fatal and can ",neutralize
fake_14,"STEVIE WONDER ADDRESSES Black Lives Matter At MN Peace Conference: “You Cannot Say ‘Black Lives Matter’ and Then Kill Yourselves” [VIDEO]. The music artist spoke at the North Minneapolis Conference on Peace on Saturday. Stevie Wonder discussed Black Lives Matter and youth gun violence at the North Minneapolis Conference on Peace on Saturday. He remarked that it is essential to take responsibility to stop the violence occurring in various locations. He stated, “You cannot say, ‘Black lives matter,’ and then kill yourselves. We have mattered long before it was said, but the way we demonstrate that we matter, and the way we show that all people of color matter, is through mutual support and taking action. This involves not only discussing the issue but also responding proactively rather than waiting for the media to cover tragic events.” Wonder's comments followed his reference to the fatal shooting of Philando Castile during a traffic stop involving former Minnesota police officer Jeronimo Yanez, who was acquitted of all charges by a jury on Friday. Billboard reported that the website heyjackass.com offers current statistics on gun crime in Chicago, which is often described as a gun-free city. Questions have been raised about the absence of protests from Black Lives Matter in Chicago. It is noted that every 2:30 minutes, a person is shot in the city. Concerns have been expressed regarding the perceived lack of outrage from the black community over violence occurring in their neighborhoods.",1,"STEVIE WONDER SLAMS Black Lives Matter At MN Peace Conference: “You Cannot Say ‘Black Lives Matter’ and Then Kill Yourselves” [VIDEO]. The music icon spoke at the North Minneapolis Conference on Peace on Saturday.Stevie Wonder spoke out about Black Lives Matter and youth gun violence at the North Minneapolis Conference on Peace on Saturday. It is in your hands to stop all of the killing and the shooting wherever it might be,  Wonder said.  You cannot say,  Black lives matter,  and then kill yourselves. Because you know we ve mattered long before it was said, but the way we show that we matter, the way that we show all the various people of color matter is by loving each other and doing something about it. Not just talking about it, not just waiting to see the media and press come when there s a horrible thing. Watch:Wonder s statement came after he highlighted the fatal shooting of Philando Castile during a traffic stop by former Minnesota police officer Jeronimo Yanez. On Friday, Yane",neutralize
fake_15,"A method to address the presence of protesters associated with George Soros in Washington, D.C. has been identified. The #disruptj20 protests are ongoing, with many individuals departing from the checkpoint. Some participants have linked themselves together.",1,"THE BEST WAY To Clear Soros’ Anti-Trump Rioters Out Of DC Can Be Found On One Piece Of Paper. #disruptj20 protesters on the move, many leaving the checkpoint. And they've chained themselves together pic.twitter.com/jYvaY75hND  Ryan Lovelace (@LovelaceRyanD) January 20, 2017",neutralize
fake_16,"THE REAL DONALD TRUMP: An Examination of Public Support for This Political Outsider [VIDEO]. This video presents an overview of Donald Trump's ascent within the political arena, culminating in his position as the last remaining candidate in the GOP. It explores the reasons behind the public's support for Trump.",1,THE REAL DONALD TRUMP: Why America Is Rooting For This Outsider [VIDEO]. This video takes you from the beginning of Trump s improbable rise in the ranks of professional politicians to the last man standing in the GOP. Here s why America is rooting for Trump:,neutralize
fake_17,"Is the Smithsonian Museum considering recognizing former NFL quarterback Colin Kaepernick? The potential inclusion of Kaepernick, a figure who has generated significant discussion regarding race relations and activism in sports, raises questions about the appropriateness of honoring those with divisive viewpoints in American history. Kaepernick's football career has seen uncertainty, yet his impact on American culture is notable, especially since items related to his protests in 2016 have been collected by the Smithsonian. The Smithsonian's National Museum of African American History and Culture aims to preserve significant items from African Americans across various aspects of American life, and sociologist Harry Edwards has suggested that Kaepernick merits examination by the museum. Kaepernick gained widespread attention in 2016 when he knelt during the national anthem to protest police brutality against African Americans. In September 2016, the police union for officers at San Francisco home games warned of a potential boycott of stadium policing if the 49ers did not take action against Kaepernick for his actions during the anthem and his comments regarding law enforcement. The letter from the police union expressed concern over the need to maintain a working environment free from what they deemed inappropriate behavior. It also criticized Kaepernick's statements about police, labeling them as misleading and unsupported by facts. Edwards facilitated the donation of Kaepernick's jersey and other items to the Smithsonian, requesting that the museum not delay in preserving these artifacts. He suggested that these items be displayed alongside those of Muhammad Ali, stating that Kaepernick represents a comparable figure in contemporary society. Kaepernick, who was adopted by white parents in Wisconsin, is the biological child of a white woman and a black man, having been born in 1987. He articulated his decision to kneel during the national anthem as an expression of solidarity with movements addressing racial injustice, stating that it would be selfish to ignore the issues faced by marginalized communities. Kaepernick has characterized himself as a black man living in a society that he perceives as oppressive. His actions during the national anthem have been met with mixed reactions; some fans have chosen to express their discontent by burning his jersey, a phenomenon that emerged following his protests. Kaepernick remains unsigned as other players, such as Ryan Fitzpatrick, have secured contracts, raising questions about the impact of his outspoken political views on his marketability.",1,"IS SMITHSONIAN MUSEUM PLANNING To Make Hero Out Of Third Rate QB, Race Agitator Colin Kaepernick?. Martin Luther King Jr. would not likely be pleased to see such a divisive figure using his position as a professional athlete to promote a violent and threatening movement funded and promoted by politicians to divide our nation Colin Kaepernick s football career remains very much a question mark, but he s already left an impression on American culture, as his jersey and other gear from his protests in 2016 are now in the hands of the Smithsonian.The Smithsonian s National Museum of African American History and Culture continuously collects items of historic significance from African Americans involved in all phases of American life, and the sociologist and author Harry Edwards encouraged the museum to take a close look at Kaepernick. The former San Francisco 49ers quarterback drew nationwide attention last year when he knelt during the national anthem to protest police brutality in Americ",neutralize
fake_18,"Trump Addresses Mexico Payment Claims During News Conference, Mexico Responds. Donald Trump continues to assert that Mexico will pay for the border wall, despite repeated statements from Mexican officials denying this claim. During a joint press conference with Finnish President Sauli Niinisto, Trump responded to a question from OANN's Trey Yingst regarding whether he would still try to compel Mexico to pay for the wall, stating: ""Yes, it will. One way or the other, Mexico's gonna pay for the wall. That's right. It may be through reimbursement, but one way or the other, Mexico will pay for the wall."" He also mentioned that the United States may initially fund the wall, but emphasized that ultimately Mexico would be responsible for the payment. Trump's remarks come shortly after the Mexican government released a statement reiterating that it would not pay for the border wall. Mexico's Ministry of Foreign Affairs declared: ""As the Mexican government has always stated, our country will not pay, under any circumstances, for a wall or physical barrier built on U.S. territory along the Mexican border."" Additionally, former Mexican President Vicente Fox, who has been critical of Trump and his proposal, tweeted: "".@realDonaldTrump how many times do we have to tell you? You can keep tweeting, but we won't pay the #FuckingWall."" These developments highlight ongoing tensions regarding the border wall issue.",1,"Trump Goes On Psychotic Mexico Rant During News Conference, Mexico Responds PERFECTLY (VIDEO). Donald Trump s refusal to accept the fact that Mexico is not paying for his ridiculous, ineffective border wall is pretty much the definition of psychotic. Mexico has struck down Trump s claims that it will foot the bill for the wall numerous times, but Trump continues to state the opposite   and he continued to do so on Monday during a joint press conference with Finnish President Sauli Niinisto.When OANN s Trey Yingst asked Trump if he was still going to try and force Mexico to pay for the wall, Trump said: Yes, it will. One way or the other, Mexico s gonna pay for the wall. That s right. It may be through reimbursement, but one way or the other, Mexico will pay for the wall. Showing just how ineffective and flawed his plan was, Trump had to add the disclaimer that the U.S. will likely pay for the wall at first, to be later reimbursed (which probably won t happen). Trump said: We need the w",neutralize
fake_19,"Virginia Shooter Hodgkinson Was ‘Never Trump’ Fanatic and Devotee of Bernie Sanders. IMAGE: Democratic Party activist and gunman, James T. Hodgkinson. 21st Century Wire. Yesterday, a gunman associated with the progressive and Never Trump movement targeted Republican members of Congress and their staff during a practice session for an annual charity baseball game in Alexandria, Virginia. Among those shot were Majority Whip Steve Scalise (R-LA), the third ranking Republican in the House. In total, five individuals were injured, including two police officers, all of whom were taken to local hospitals for treatment. According to Arizona Senator Jeff Flake, Scalise was positioned on second base, fielding balls during batting practice when the shooting commenced. Kentucky Senator Rand Paul stated that had the Capitol Police not been present, the incident could have resulted in greater casualties. The gunman, James T. Hodgkinson, was ultimately shot by police and later succumbed to multiple injuries. Hodgkinson, 66, from Belleville, Illinois, was a supporter of 2016 Democratic Party presidential candidate Bernie Sanders and expressed strong opposition to conservatives and President Donald Trump in his Facebook posts and letters to newspapers. Statements attributed to Hodgkinson include derogatory remarks about Trump and Republicans. The incident has drawn varying responses from media outlets. Some critics have noted that Democratic-leaning mainstream media organizations like CNN and MSNBC did not extensively cover the shooting, instead focusing on other news events. Following the defeat of Hillary Clinton in the previous year's election, many mainstream media organizations have been scrutinized for their coverage of the new administration. Additionally, some media sources are framing the attack in the context of gun control rather than as an act of domestic terrorism. The following is a live debate that aired on RT International on Wednesday night, featuring 21WIRE's Patrick Henningsen, Tighe Barry from Code Pink, and Lionel, a frequent contributor on RT America. Watch: READ MORE DAILY SHOOTER NEWS AT: 21st Century Wire Daily Shooter Files SUPPORT 21WIRE   SUBSCRIBE & BECOME A MEMBER @21WIRE.TV",1,"Virginia Shooter Hodgkinson Was ‘Never Trump’ Fanatic and Devotee of Bernie Sanders. IMAGE: Democratic Party activist and gunman, James T. Hodgkinson.21st Century WireYesterday, a crazed gunman affiliated with America s radical  progressive  and  Never Trump  movement attacked Republican members of Congress and their staff during a practice session for an annual charity baseball game in Alexandria, Virginia.Steve Scalise (R-LA)Among those shot were Majority Whip Steve Scalise (R-LA), the third ranking Republican in the House.In total, five people were wounded, including two police officers. All were taken to local hospitals for treatment.According to Arizona Senator Jeff Flake, Scalise was standing on second base, fielding balls during batting practice when the shooting began.Had the Capitol Police not been on the scene It would have been a massacre,  said Kentucky Senator Rand Paul.  As terrible as it is, it could have been a lot worse. The gunman, James T. Hodgkinson, was shot dead b",neutralize
fake_20,"How the FBI Creates ‘Domestic Terror’ in the United States. 21st Century Wire reports that investigative journalist Trevor Aaronson delivers a TED presentation that critiques the FBI for being the organization responsible for a significant number of domestic terror and Islamic terror arrests in the US since 9/11. Recently, the FBI announced a major domestic extremist terror arrest involving a militia group in Kansas. However, details of the case indicate the involvement of several FBI confidential informants, which raises questions about their role in the operation. 21WIRE has consistently pointed out this issue, and it is notable that a platform like TED has allowed a speaker to address a topic that challenges the establishment. Historically, the FBI's controversial actions in this area can be traced back to before 9/11, including the involvement of FBI informants in the organization of the 1993 World Trade Center Bombing. Despite this, mainstream media and some politicians in the US continue to assert that the 1993 WTC event was linked to al-Qaeda. It is important to note that speaker Trevor Aaronson suggests links between the Boston Bombing and the attempted Times Square car bombing. This assertion may be inaccurate, as it has been established that the FBI's lead suspect in Boston, Tamerlan Tsarnaev, was being actively recruited by the FBI for at least two years prior to the event and was associated with a CIA-linked organization called the Jamestown Foundation. Similarly, the alleged Times Square bomber, Faisal Shahzad, reportedly fled to Pakistan with an associate who has connections to the CIA and MI6. This topic raised by journalist Aaronson warrants attention. Brasscheck TV posits that the FBI is responsible for more terrorist incidents in the US than al-Qaeda, al-Shabaab, and ISIS combined. When given the opportunity to clarify this, the FBI does not dispute the claim. This law enforcement approach raises ethical concerns, as it is suggested that the FBI identifies individuals with mental health issues, influences their thoughts, develops plans for them, provides funding to execute those plans, and subsequently arrests them for terrorist activities. The FBI then announces a success in the war on terror. Domestic anti-terrorism efforts reportedly cost $100 billion annually, equating to $1 trillion per decade. This financial burden falls on taxpayers, impacting the standard of living for current and future generations to support law enforcement operations.",1,"How the FBI Creates ‘Domestic Terror’ in the United States. 21st Century Wire says This is a bit of an oddity as far as TED talks go Investigative journalist Trevor Aaronson actually delivers a TED presentation which calls out the FBI for being the party responsible for creating the majority of so-called  domestic terror  and  Islamic terror  busts in the US since 9/11.Just this week, the FBI are boasting of a high level domestic extremist terror bust of a militia group in Kansas, but when you read the fine print of the case, it features several FBI  confidential informants,  no doubt helping to  egg-on  and steer their prey into a preconceived trap.21WIRE has been saying this for years, and it s refreshing to see what is normally a bland, mainstream talking shop like TED actually allow a speaker to present a real anti-establishment subject like this one.In truth, the FBI s shady record in this area stretched back well before 9/11, when FBI informants (under FBI supervision) helped to ",neutralize
fake_21,"Trump Is Raising Your Healthcare Premiums, And That’s A Fact. It has been some time since March 23rd, 2010, when significant legislation was enacted, resulting in the removal of lifetime caps on health insurance. The Affordable Care Act (ACA), commonly referred to as Obamacare, introduced numerous regulations aimed at benefiting consumers, which prompted a strong reaction from the GOP seeking to reverse these changes. This response can partly be attributed to the substantial financial contributions made by insurance companies to Republican candidates and conservative organizations, amounting to nearly 37 million dollars during the 2015-16 election cycle. However, one aspect that the ACA did not address was the regulation of premiums. Premiums have been on an upward trajectory for an extended period, largely due to the dynamics of the insurance market, where companies have significant leverage over consumers. Following the enactment of the ACA, there was a notable deceleration in the growth rate of premiums, which fell to less than half of the rate observed during the Bush administration. This change can be linked to an increase in the number of insured individuals. Critics often cite raw data to claim that premium increases occurred under the Obama administration, but the rise in premiums from 2010 to 2016 was significantly less than what might have transpired without the reforms introduced by the ACA. As premiums are once again rising, attention should be directed towards current policies. The Kaiser Family Foundation, a respected non-partisan health care research organization, has been analyzing premium growth for nearly two decades. Their recent findings indicate a clear correlation between the increase in premiums and the actions taken by Donald Trump regarding the ACA. Trump's ongoing characterization of Obamacare as failing has been criticized as counterproductive. More concerning are his proposals to discontinue cost-sharing subsidy payments and his pressure on the GOP Congress to fully repeal Obamacare without a replacement plan, which has led insurance companies to reassess their business models. If Trump's approach continues, it is projected that the number of uninsured individuals in the United States could significantly rise. The implications of Trump's policy positions on premiums are substantial. His threats to halt the enforcement of the individual mandate, a key component of the ACA, have led insurers to seek rate increases from regulators ranging from 1.2 percent to 20 percent. Additionally, the potential cessation of cost-sharing payments could elevate this figure to as high as 23 percent. Historically, Republicans have attributed premium increases to the ACA; however, premium growth had decelerated as the population adjusted to a larger risk pool, and the increases did not originate during the Obama administration. Current developments suggest that the actions of Donald Trump are influencing the upward trend in premiums.",1,"Trump Is Raising Your Healthcare Premiums, And That’s A Fact. It seems like a lifetime since March 23rd, 2010. But thanks to a pretty significant bill signed that day, at least there are no lifetime caps on your health insurance anymore. In fact, there were so many rules and regulations inside Obamacare that benefited consumers instead of insurers that the GOP went absolutely insane trying to undo them. That s no small wonder: Insurance companies gave Republican candidates and conservative groups nearly 37 million dollars in the last election cycle of 2015-16 alone.But the one thing Obamacare didn t do  couldn t do   was clamp down on premiums. Not without changing the way the entire industry is regulated. The fact is, premiums have been skyrocketing for a long time, and for a simple reason. Insurance companies know you need them more than they need you. In other words, because they can. But an interesting thing happened after the ACA was signed: The rising cost of premiums slowed to l",neutralize
fake_22,"Trump Has Black Students Removed From Rally At School That Was Segregated (VIDEO). A recent incident involving the Donald Trump for President campaign took place at a campaign rally in Georgia. Reports indicate that the Trump campaign requested the removal of a group of black students. They were not being disruptive or interrupting the rally. Approximately 30 black students, who were standing silently at the top of the bleachers at Donald Trump’s rally on Monday night, were escorted out by Secret Service agents who stated that the presidential candidate had asked for their removal prior to his speech. The sight of the students, who appeared visibly upset, being led outside by law enforcement officials drew attention at a university that was a whites-only campus until 1963. One of the students, Tahjila Davis, a 19-year-old mass media major, expressed that they did not intend to cause any disruption. They reported being told, ""This is Trump’s property; it’s a private event. But I paid my tuition to be here."" The removal of these black students from the previously segregated campus occurred shortly after Trump faced criticism for not denouncing the endorsement of former klansman and white supremacist David Duke during an interview with CNN. Tahjila Davis also remarked to USA Today, ""I have not experienced any racism on this campus until now."" The racial tensions surrounding Trump’s campaign are raising concerns within the Republican Party, with some members expressing worries that a Trump candidacy could lead to electoral challenges in the upcoming fall election. Despite these controversies, Trump did receive an endorsement from Senator Jeff Sessions (R-Alabama), who has a history of comments that have been perceived as racially insensitive. This incident marks the second controversy in one day involving Trump’s security team, as another event saw a security personnel, possibly affiliated with the Secret Service, choke slam a press photographer who was attempting to capture images of protesters.",1,"Trump Has Quiet Black Students Removed From Rally At School That Was Segregated (VIDEO). The latest racial incident associated with the Donald Trump for President campaign occurred today at a campaign rally in Georgia. According to news reports, the Trump campaign ordered the removal of a group of black students. They weren t being disruptive or interrupting his rally.About 30 black students who were standing silently at the top of the bleachers at Donald Trump s rally here Monday night were escorted out by Secret Service agents who said the presidential candidate had requested their removal before he began speaking.The sight of the students, who were visibly upset, being led outside by law enforcement officials created a stir at a university that was a whites-only campus until 1963. We didn t plan to do anything,  said a tearful Tahjila Davis, a 19-year-old mass media major, who was among the Valdosta State University students who was removed.  They said,  This is Trump s property; it",neutralize
fake_23,"TRUMP RESPONSE TO LEFTIST THREATS: “Get Off My Lawn.” Donald Trump has expressed a firm stance against those advocating for amnesty. He has made his position clear and is not yielding to political pressure from the left. In response to Univision's decision to not air his Miss USA and Miss Universe pageants, Trump has prohibited anyone associated with Univision from using his Miami golf course. In a letter sent on Friday to Randy Falco, the CEO of Univision, Trump specified that under no circumstances are any officers or representatives of Univision permitted to utilize Trump National Doral, Miami, its golf courses, or any of its facilities. Trump also requested that Falco, whose company’s Miami office is adjacent to Trump National Doral, immediately cease construction of a gate being built between their properties. Trump provided Falco with a one-week deadline to address this issue, stating that failure to do so would result in closure of the gate. This correspondence followed Univision's announcement that it would cancel its coverage of the Miss USA pageant on July 12 on its UniMas network, as well as the Miss Universe pageant scheduled for the flagship Univision channel in January, and that it would sever its business relationship with the Miss Universe Organization, which oversees both events. The cancellation was attributed to remarks made by Trump, which Univision deemed insulting towards Mexican immigrants, of whom Trump is a part owner. During his presidential campaign launch speech last week, Trump characterized immigrants from Mexico as bringing drugs, crime, and rape, while also stating that some may be good people. He additionally called for the construction of a wall along the southern U.S. border. These statements received criticism from the Mexican government, which labeled them as biased and absurd, prompting Univision's announcement. Trump clarified that his comments were aimed at U.S. policymakers rather than the Mexican populace or government. On Thursday, he asserted that Univision would be violating a contract if it did not air the pageants and indicated plans to pursue legal action against the network. Trump also alleged that Univision has connections to Mexico that led the network to capitulate to pressure from Mexican officials in response to his pro-U.S. perspectives as a presidential candidate. He remarked that Mexican trade practices are detrimental to the United States. In a postscript to his letter addressed to Univision’s Manhattan headquarters, Trump continued this narrative, instructing Falco to commend Mexican government officials for their trade agreements with the United States, while also advising that if he were to become President, those agreements would be re-evaluated. He emphasized the intention to bring jobs back to the U.S. and establish a more effective border policy. The letter concluded with Trump signing off as Donald J. Trump. When asked for a response regarding Trump's letter, Univision appeared to regard the situation as standard procedure. A memo to Univision management on Thursday instructed that as part of the decision to sever ties with Miss Universe, employees should refrain from staying at Trump properties during company business or holding events there.",1,"TRUMP RESPONSE TO LEFTIST THREATS: “Get Off My Lawn”. It s actually quite refreshing to see someone on the right who is unafraid to take off the gloves. His message to those who support amnesty is pretty clear and he s not backing down to political pressure from the left. Firing back at Univision for its refusal to air his Miss USA and Miss Universe pageants, the outspoken mogul and GOP presidential candidate has barred anyone who works for Univision from the greens of his Miami golf course.In a letter Friday to Randy Falco, Trump advised the Univision CEO that  under no circumstances is any officer or representative of Univision allowed to use Trump National Doral, Miami   its golf courses or any of its facilities. Trump also demanded that Falco, whose company s Miami office is next door to Trump National Doral,  immediately stop work and close the gate which is being constructed between our respective properties.  Trump gave Falco one week to take care of that matter, or  we will clo",neutralize
fake_24,"Nancy Pelosi appeared to exhibit unusual behavior during a recent GLAAD function, where she giggled and instructed the audience to clap on command, mistakenly referring to ""bullying"" as ""bulleting."" Observers noted that this behavior may raise questions about her seriousness as a congressional leader. This incident is not an isolated one; there is a documented history of similar occurrences involving Pelosi in front of cameras. For instance, she has previously made errors in public speeches and statements. In a past instance, she made a notable mistake while discussing the oath of office, emphasizing the importance of protecting the Constitution and American citizens. As she stated, ""Our first responsibility is to protect the American people and our constitution. If people are not safe, how can we proceed in any other way?""",1,"Is She Drunk? Nancy Pelosi Giggles Then Orders Crowd To Clap…Says She Wants To Stop The ‘Bulleting’ [Video]. Has Nancy Pelosi been drinking? She repeated herself and giggled while ordering the crowd at an GLAAD function to clap on command bullying became bulleting? Wow! It s a little unsettling when a woman who is supposedly a leader in Congress giggles like a young girl over and over. If she s serious about the policy she s trying to promote then it s probably not the best idea to behave like this Ya think? This isn t the first time Pelosi has behaved this way in front of the cameras. We have a huge list of past gaffes and giggles from the California Rep:Nancy Pelosi:  You Can t Cry Wolf in a Crowded Theater Not a day goes by that we have another gaffe from Nancy Pelosi Term Limits Please!.@NancyPelosi screws up the oath of office while lecturing reporters about the seriousness of her job. pic.twitter.com/hLGCxsqK4m  Josh Caplan (@joshdcaplan) July 30, 2017 PELOSI:  As you know, today",neutralize
fake_25,"THICK AS THIEVES: TRUMP UNIVERSITY Lawsuit Brought By Firm Who Paid Significant Amounts To Clintons. Recent developments indicate that the law firm responsible for the lawsuit against Trump University has financial ties to the Clintons. The Clintons have received compensation for speeches, and attorneys at this firm have made substantial donations to the Clintons. Research conducted by Lawnewz has revealed that the legal firm behind the Trump civil action lawsuit compensated Bill and Hillary Clinton notably for speeches and advocacy during and after Hillary Clinton's time as Secretary of State. Donald Trump has positioned the class action lawsuit against Trump University as a key issue in his campaign. In recent statements, he has criticized federal Judge Gonzolo Curiel, who is presiding over one of the class action lawsuits related to Trump University. The lawsuit alleges that former students claim the University and Trump violated federal law by enticing them to enroll with false promises and subsequently defrauding them after they submitted payments. LawNewz.com has noted that the law firm Robbins Gellar Rudman & Dowd, which is leading the class action lawsuit, has not maintained a neutral stance in political matters. An analysis using data from The Washington Post has shown that Robbins Gellar Rudman & Dowd has paid the Clintons a total of $675,000 in fees for speeches since 2009. Hillary Clinton delivered a speech for the law firm as recently as September 4, 2014. Bill Clinton also provided a speech for the same fee in 2014, and another in 2009 before the firm was renamed (previously known as Coughlin Stoia Geller Rudman & Robbins LLP). Notably, of the five law firms that have paid for the Clintons to speak in recent years, Robbins Gellar Rudman & Dowd has compensated them the most.",1,"THICK AS THIEVES: TRUMP UNIVERSITY Lawsuit Brought By Firm Who Paid Big Bucks To Clintons. Well, well, well the truth comes out but not from the main stream media. The law firm that brought the lawsuit against Trump is thick as thieves with the Clintons. The Clintons received payment for speeches and lawyers in the firm maxed out on donations to the Clintons. Research by Lawnewz has discovered the legal firm behind the Trump civil action lawsuit paid Bill and Hillary Clinton massive amounts of money for speeches and advocacy during and after Hillary Clinton s tenure as Secretary of State:Donald Trump has undoubtedly made the class action lawsuit against Trump University a prime campaign issue. For the last several days, he has been on a tear against federal Judge Gonzolo Curiel who is overseeing one of the class action lawsuits against Trump University. In the lawsuit, former students claim that the University and Trump violated federal law by luring them to sign up with false promises",neutralize
fake_26,"FCC Votes to Repeal Obama’s Net Neutrality Rules Following Security Incident. Today, the FCC voted to repeal the net neutrality rules that govern internet service providers and their treatment of specific websites. Opposition to the repeal came from various left-leaning groups and major social media platforms including Facebook, Instagram, and Twitter. The five commissioners of the FCC voted along party lines—three Republicans to two Democrats—to roll back the rules that were established in 2015 under President Barack Obama. The FCC voted 3-2 to repeal the Obama-era net neutrality rules. The reaction from the left on social media was notable, with several individuals expressing their concerns about the repeal. Prominent political figures also commented, including Senator Bernie Sanders, who stated, ""This is an egregious attack on our democracy. The end of net neutrality protections means that the internet will be for sale to the highest bidder. When our democratic institutions are already in peril, we must do everything we can to stop this decision from taking effect."" Some criticized media coverage of the vote, including a tweet directed at CNN. The public debate surrounding the rules had been intense, and Thursday’s decision was preceded by a brief recess due to a security concern. FCC Chairman Ajit Pai announced the need for a break and the evacuation of the hearing room in response to a bomb threat. Security personnel advised everyone present to exit the room while the situation was assessed. It was reported that a specific bomb threat was communicated to the office, prompting the evacuation. After an evaluation by Federal Protective Services, the room was reopened to the Commissioners and the audience. Supporters of the repeal argued that the regulations placed unnecessary burdens on the industry and hindered the free market. The rules that were rescinded prohibited internet service providers from influencing loading speeds for particular websites or applications. The vote removed policies that classified the internet as a utility and could allow for the establishment of varying speeds for websites or content creators willing to pay for preferential treatment. Critics have raised concerns regarding the potential for these costs to be transferred to consumers. Following Thursday’s decision, internet service providers will be required to disclose if they engage in practices such as blocking and prioritization. They must also clearly publicize what services are throttled or blocked, with this information made available on a website that is easily accessible to the public, either hosted by the company or the FCC.",1,"JUST IN: FCC VOTES To Repeal Obama’s Net Neutrality Rules After BOMB THREAT Clears Room. Today, the FCC voted to repeal the net neutrality rules that govern internet service providers and how they treat certain websites. The left, along with major social media sites like Facebook, Instagram and Twitter were all openly opposed to repealing Obama s net neutrality rules.ABC News   The five commissioners of the FCC voted along party lines   three Republicans to two Democrats   to roll back the rules, imposed in 2015 under President Barack Obama.JUST IN: FCC votes 3-2 to repeal Obama-era #NetNeutrality rules. https://t.co/4VEkXXEf23 pic.twitter.com/M7pYZa4dlT  ABC News (@ABC) December 14, 2017The left reacted to their decision with apocalyptic style tweets.Here s a typical leftist reaction on Twitter to the repeal of Obama s net neutrality:Me after finding out #NetNeutrality was repealed. pic.twitter.com/e7V05o0DJ8    (@exsuzx) December 14, 2017America s most prominent Socialist weighed in ",neutralize
fake_27,"Trump’s EPA Administrator has been found to have provided false information to Congress during his confirmation process. This situation arises in the context of previous allegations against Hillary Clinton regarding her testimony to Congress. Scott Pruitt, nominated by Trump to lead the EPA, used a private email account for some of his government business while serving as Oklahoma's attorney general. Under Oklahoma law, the use of private email is permissible as long as the emails are made publicly available; however, it has been reported that these emails were not accessible, and Pruitt provided misleading answers to Congress regarding his email usage. In response to a written questionnaire that inquired about his use of private email, he stated, ""I use only my official OAG email address and government issued phone to conduct official business."" Additionally, he later informed the Senate Energy and Public Works Committee that he was unaware of why a personal email address appeared among his business addresses. Following a court ruling, 7,500 pages of emails, likely from the private account, were released, as it was determined that Pruitt had withheld them unlawfully. Senate Democrats have expressed concerns regarding Pruitt's credibility, particularly given his previous legal actions against the EPA while serving as attorney general. There are concerns about the nature of his communications, especially regarding his collaboration with fossil fuel companies to oppose government regulations aimed at reducing carbon emissions, which raises questions about potential conflicts of interest. Senator Ron Wyden, a Democrat from Oregon, remarked on Pruitt's credibility, emphasizing the importance of public trust in his role of overseeing environmental protections. Senator John Barasso, a Republican from Wyoming, declined to comment on the issue, and other Republican members of Congress have also not publicly addressed the matter. This situation may reflect the party's interest in appointing individuals to the EPA who may not prioritize stringent regulatory measures. Despite the allegations of perjury associated with lying to Congress, it is anticipated that Pruitt will continue to serve as the head of the EPA.",1,"Trump’s EPA Admin GUILTY Of Lying To Congress During His Confirmation – Republicans SILENT. One would think that, after all the accusations that Hillary lied to Congress about everything in all of creation, they d be especially sensitive to anybody else lying to them. Especially when it s easily proven. Trump s pick to head the EPA, Scott Pruitt, used a private email account for some of his government business during his tenure as Oklahoma s attorney general. It s not illegal for him to use private email under Oklahoma law as long as the emails are made publicly available, but they weren t, and he lied to Congress about it anyway.Pruitt answered a written questionnaire that asked him whether he used private email. He responded with: I use only my official OAG email address and government issued phone to conduct official business. He later told the Senate Energy and Public Works Committee that he didn t know why a personal email address was listed as part of his business addresses. 7,50",neutralize
fake_28,"What Republicans Just Said About Tammy Duckworth And Vets Will Make Your Blood Boil (TWEET). If you had any doubt in your mind that Republicans are absolutely repugnant, this should seal the deal. In a tweet aimed at Rep. Tammy Duckworth (D-IL), a woman who is a double amputee from serving this country, the National Republican Senatorial Committee just tweeted out one of the most horrific things ever imaginable. They said: Tammy Duckworth has a sad record of not standing up for our veterans. They have since deleted their tweet, but screen captures live forever: Nice try, @NRSC You can delete your tweet, but screenshots are forever. PS I'm a registered Illinois voter. pic.twitter.com/mdzc9iHECe Blue Gal/Fran (@bluegal) March 8, 2016 The link they sent went to a long list of things meant to bash Duckworth. THAT is still live for now. They literally, time and time again, went after Duckworth on her supposed history with veterans. Now, you can go after a candidate on a lot of things regarding policy, but to outright say that Duckworth doesn t stand up for Veterans and to write an entire article as a vendetta against her, a veteran who literally sacrificed life and limb for this nation, isn t just horrible, it s outright reprehensible. Not to mention a horrific metaphor of standing up for our veterans when Duckworth is often left to a wheelchair because she lost both her legs while serving. Let s also remember that Duckworth has received decorations for her actions, including the Purple Heart, the Air Medal, and the Combat Action Badge. Here is what the Veterans group VoteVets.org thinks of Duckworth and her record: Since her recovery at Walter Reed, Duckworth has dedicated her life to public service, advocating on behalf of disability rights and Veterans. She served as the Director of Illinois Department of Veterans Affairs where she implemented many first-in-the-nation, programs for Veterans, especially in the areas of health care, mental health, housing and employment. She also initiated a new grant program, awarding lottery funds to non-profits working on Veterans disability, homelessness, long-term medical care and Post Traumatic Stress Disorder (PTSD). She was nominated by President Barack Obama and confirmed as the Department of Veterans Affairs (VA) Assistant Secretary under Eric Shinseki. While at VA, Tammy led an unprecedented era of increased communication between the Department and the Veterans they serve. There is NO recovery from this for Republicans. Sorry, there just isn t. They may not want her as a Senator, but this is just LOW. Many people had the reaction I had when seeing the tweet: At least they deleted the Tweet, but they should still delete their account. Wow, just wow. Featured image: Wikimedia Commons/Twitter",1,"What Republicans Just Said About Tammy Duckworth And Vets Will Make Your Blood Boil (TWEET). If you had any doubt in your mind that Republicans are absolutely repugnant, this should seal the deal. In a tweet aimed at Rep. Tammy Duckworth (D-IL), a woman who is a double amputee from serving this country, the National Republican Senatorial Committee just tweeted out one of the most horrific things ever imaginable. They said: Tammy Duckworth has a sad record of not standing up for our veterans. They have since deleted their tweet, but screen captures live forever:Nice try, @NRSC You can delete your tweet, but screenshots are forever. PS I'm a registered Illinois voter. pic.twitter.com/mdzc9iHECe  Blue Gal/Fran (@bluegal) March 8, 2016The link they sent went to a long list of things meant to bash Duckworth. THAT is still live  for now.They literally, time and time again, went after Duckworth on her supposed history with veterans.Now, you can go after a candidate on a lot of things regardin",neutralize
fake_31,"Hillary Clinton's standing in the polls appears to be declining as she adopts strategies reminiscent of those used by former President Obama. Critics argue that her proposals may involve using taxpayer funds to provide various benefits to citizens and non-citizens alike. The debate centers on whether the American public should support candidates like Clinton and Bernie Sanders, who are perceived to be competing for votes by promising additional services such as healthcare and education, which some view as being burdened by government intervention. These sectors are characterized by significant government involvement, which has led to concerns regarding efficiency and innovation. According to economists Arnold Kling and Nick Schulz, these industries are pivotal for employment and consumption, thus playing a critical role in the overall economy. They also suggest that a trend of government control in these areas could hinder economic performance. Clinton has recently introduced her plan for reforming higher education, which some see as paralleling the Affordable Care Act. Competing Democratic candidates Martin O'Malley and Bernie Sanders have proposed substantial changes to college financing, leading to a discussion about the implications of these policies. Clinton's proposal is characterized by its approach to wealth redistribution, which some critics label as complex and reminiscent of crony capitalism. This strategic positioning allows her to present her plan as bipartisan, even though it may not align with traditional conservative values. Observers note that the public may not fully appreciate the long-term financial implications of increasing federal debt associated with such policies. In terms of specifics, Clinton's proposal includes approximately $175 billion in grants aimed at states that agree to provide tuition-free education at public four-year colleges and universities. In exchange for these funds, states would need to reverse budget cuts and increase their investment in higher education over time. While the plan aims to slow tuition growth, it does not mandate a cap on tuition costs. Additionally, the proposal offers free education to military veterans, lower-income students, and those who complete national service programs. It also seeks to expand income-based repayment programs, allowing student borrowers to limit their payments to 10 percent of their income, with remaining debt eligible for forgiveness after a set period.",1,"HILLARY CLINTON CRASHING IN POLLS: Moves To Obama Strategy…Using Taxpayer Money To Give Away Free Sh*T. So, the working people of America are basically supposed to sit back and watch Bernie Sanders and Hillary compete to see who can pander to get more votes by promising Americans and illegal aliens more free sh*t with our hard earned money? Like healthcare, education is a sclerotic, overexpensive, underperforming industry. Both have strong parallels: they re dominated by government subsidies and controls, though not entirely socialized; they re perhaps the only growth industries in our moribund economy; and they dominate the thought life of the nation. As Arnold Kling and Nick Schulz pointed out in 2011:These are our foremost growth sectors   the ones most central to employment and consumption; the ones that, increasingly, drive our economy. And it is in precisely these two sectors that the case for extensive government intervention and planning, if not outright control, is dominant   ",neutralize
fake_32,"BREAKING: Wikileaks Email Release Reveals Hillary Clinton Indicating She Needs to Maintain Both a Private and Public Stance on Policy. This email presents information that may impact perceptions of her character, as it suggests she is willing to alter her statements based on the audience. Prior to these revelations, surveys indicated that over 70% of Americans expressed a lack of trust in her. The email includes commentary on the necessity for both public policies and private policies. #PodestaEmails pic.twitter.com/gDfJwBqbdq STOCK MONSTER (@StockMonsterUSA) October 7, 2016",1,"BREAKING: Wikileaks Email Release Exposes TWO-FACED HILLARY Admitting She Needs To Have A Private AND Public Position On Policy. Huh? This could be one of the most damning emails yet, as it reveals the true character of a woman who will say whatever is necessary to get elected Is it any wonder before these leaks even came out, that over 70% of Americans said they don t trust her?BOMBSHELL Hillary Clinton Caught Saying Ther Needs 2B Public Policies(4us idiots) & Private Policies! #PodestaEmails pic.twitter.com/gDfJwBqbdq   STOCK MONSTER  (@StockMonsterUSA) October 7, 2016",neutralize
fake_33,"A woman expresses concern after observing potential vulnerabilities in electronic voting machines, as documented in a video. There are individuals dedicated to enhancing the security of elections who are often labeled as conspiracy theorists and technophobes. Meanwhile, vendors assert that the current systems are functioning correctly, despite claims to the contrary. This situation raises questions about the integrity of the electoral process. Further details can be found in the video.",1,WOMAN CRIES After Seeing How Easily Our Votes Are Stolen By Electronic Voting Machines [VIDEO].  There are people out there who are giving their lives trying to make our elections secure and they re being called conspiracy theorists and technophobes. And these vendors are lying and saying  that everything s alright  and it s not alright. It s as though our country is one country and pretending to be another country. How can this be happening in our elections? Watch:,neutralize
fake_34,"BREAKING: Sources indicate that Donald Trump met with Russian Ambassador Sergey Ivanovich Kislyak during his presidential campaign. An article published by the Wall Street Journal in May 2016 detailed this meeting, which has received limited attention in media discussions focused on other members of Trump's campaign and their interactions with Russian representatives. The report notes that Trump met with Kislyak, which contradicts his previous statements regarding interactions with Russia. The Wall Street Journal article, titled ""Donald Trump Goes His Own Way With Vladimir Putin,"" includes a quote from Trump stating, ""I believe an easing of tensions, and improved relations with Russia from a position of strength only is possible, absolutely possible,"" made during a foreign-policy speech at the Mayflower Hotel in Washington in April. It is noted that shortly before these remarks, Trump interacted with Kislyak at a VIP reception, where he greeted the ambassador and three other foreign ambassadors. Kislyak has been identified as a significant figure in various discussions related to Trump, as he has attended several key events, including the Republican National Convention and Trump's Joint Address to Congress. Moreover, Kislyak is regarded as a prominent figure in intelligence circles, being characterized as a top recruiter for Moscow in the United States. The ongoing narrative regarding Trump and Russia is expected to persist and warrant further examination. The implications of any potential connections between Trump and Russia raise concerns regarding national security and the integrity of the democratic process.",1,"BREAKING: Sources Reveal Trump HIMSELF Met With Russian Ambassador During Campaign (DETAILS). In what could be the most damning information revealed yet, and what seems to be a remarkable oversight by most of the media, the Wall Street Journal published an article in May 2016 revealing that Donald Trump himself met with Russian Ambassador Sergey Ivanovich Kislyak.While everyone has been focused on trying to figure out which members of Trump s campaign had met with Russian representatives, it s printed that Trump met with him, and met with him during his presidential campaign. This is a very, very huge deal considering Trump has time and time again said that he hadn t been talking to Russia.According to the Wall Street Journal in an article titled  Donald Trump Goes His Own Way With Vladimir Putin  it shows Trump saying this: I believe an easing of tensions, and improved relations with Russia from a position of strength only is possible, absolutely possible,  Mr. Trump said in a foreign",neutralize
fake_35,"The Trump administration has made changes to its environmental policy this week, as reported by The New York Times. The Environmental Protection Agency (EPA) has dismissed at least five members of its scientific review boards, with intentions to replace them with industry representatives. This decision appears to align with the administration's goal of reducing the EPA's regulatory scope by minimizing the role of scientific input. J.P. Freire, a spokesperson for EPA Administrator Scott Pruitt, indicated that Pruitt is considering industry representatives as potential replacements for the scientists who have been let go. Freire noted that the administrator believes it is important to have individuals on the board who can comprehend the effect of regulations on the industries they regulate. This decision follows the House's advancement of a bill advocating for an increased presence of corporate representatives on another EPA scientific review board. The Trump administration is advocating for significant changes to the EPA, including substantial budget reductions, with proposed cuts of up to 40 percent for scientific research, as well as directives to eliminate certain regulations enacted during the Obama administration related to climate change and water protection. Pruitt has previously expressed skepticism regarding the established scientific consensus that human activity is a primary driver of climate change. This development corresponds with the administration's broader pattern of appointing individuals to lead agencies with which they have expressed disagreement. The Trump administration's approach to scientific research and funding has been characterized as unprecedented in the context of U.S. presidential history.",1,"Trump’s EPA Just Fired Five Scientists To Make Room For Industry Insiders.  Trump administration is keeping good on its promise to all but destroy U.S. environmental policy this week. The New York Times reports that Trump s EPA has let go of at least five scientific review board members, with plans to replace the academics with money hungry industry big-wigs. It seems Trump s goal is to shrink the EPA regulatory reach by taking science out of the picture altogether.J.P. Freire, a spokesperson for EPA Administrator Scott Pruitt says Pruitt is considering industry representatives   the same polluters the EPA was designed to regulate   as replacements for the five scientists who are getting the boot. The administrator believes we should have people on this board who understand the impact of regulations on the regulated community,  Friere stated.This dismissal comes six weeks after the House moved forward a bill that pushes for more corporate representatives on another EPA scientific revie",neutralize
fake_36,"SIZE OF CROWDS TRUMP Is Drawing VS HILLARY Proves She’s TOAST [VIDEO]. Earlier this week, reports indicated that Hillary had difficulty attracting supporters at her Ohio rallies, leading to the cancellation of these events. There appears to be limited media coverage regarding the support levels among the voters Hillary relies on for her campaign. In contrast, thousands of Trump supporters reportedly waited in Florida heat to attend his events, where he discussed his plans for national safety and job creation for unemployed and under-employed citizens. Andrea Mitchell, a prominent journalist, reported on one of Hillary's Ohio appearances, noting that Hillary criticized Donald Trump on issues such as outsourcing and systemic racism. Visual evidence from the event showed a notable number of empty seats. Comparatively, images from Trump’s rally in Daytona Beach, Florida, depict a large gathering of supporters. Posts on social media highlighted the significant turnout at Trump's rally, with attendees displaying merchandise that called for Hillary's legal consequences. Various journalists shared observations from the scene in Daytona Beach ahead of the rally.",1,"SIZE OF CROWDS TRUMP Is Drawing VS HILLARY Proves She’s TOAST [VIDEO]. Earlier this week, it was rumored that Hillary could barely fill a phone booth with supporters at her Ohio rallies, so she ended up cancelling them. The media has no desire to report on the lackluster support of the low-information voter Hillary relies on to send her scratching and clawing to our White House. They also have no desire to report on the thousands of patient Trump supporters who stood in blistering Florida heat waiting in line to see  the outsider  tell them how he was going to keep America safe and bring jobs back to unemployed and under-employed Americans. Here s one of Hillary s biggest media cheerleader s Andrea Mitchell reporting on one of her Ohio stops. Andrea claims Hillary was hitting Donald Trump on  outsourcing bankruptcies & promises to tackle systemic racism.  Check out the empty seats. My kids have bigger turnouts at their neighborhood lemonade stands.In Ohio @HillaryClinton hits @realDona",neutralize
fake_37,"Rep. Steve King Addresses House Floor with Controversial Remarks on Transgender Military Service. Rep. Steve King (R-IA) has a history of making controversial statements, including accusations against DREAMERS without evidence, expressing white nationalist sentiments, and claiming that only white individuals have contributed to what he terms western civilization. Recently, he focused his remarks on transgender individuals in the military during a session of the House of Representatives. In his address, he drew comparisons between gender reassignment and the historical practices involving slaves in the Ottoman Empire. King expressed his belief that individuals may enlist in the military primarily to access gender reassignment surgery. He stated: 'And we are thinking that we are going to make the military better while people lining up at the recruitment center who have planned to do sexual assignment surgery and know if I can get into the Navy, army, air force and Marines and become a Navy SEAL and submit to sexual reassignment surgery and go from a man to a woman. By the way, it doesn’t look like there will be any women becoming men after going through SEAL training.' He questioned the rationale behind undergoing the rigorous SEAL training for the purpose of obtaining gender reassignment surgery at no cost, noting that military personnel can access medical treatment through their health insurance. His remarks have drawn attention, and some have called for a reevaluation of his perspectives. Video recordings of his statements have circulated online. On July 14, 2017, Dominic Holden reported on Twitter that Rep. King compared transgender troops to eunuchs from the Ottoman Empire and suggested that they would enlist solely for surgical procedures.",1,"WATCH: Rep. Steve King Stuns House Floor In Most Ignorant Anti-Trans Rant You’ve Ever Seen. By now, everyone is used to the rank ignorance and unabashed bigotry that is regularly displayed by Rep. Steve King (R-IA). After all, this is a man who has accused DREAMERS of being drug mules with no evidence, has tweeted overtly white nationalist sentiments, and has suggested that only white people have ever contributed to what he calls  western civilization. Here is video of that stunning statement:Now, he is at it again, and this time his target is an especially vulnerable group: Transgender soldiers.Taking to the floor of the House of Representatives during their  General Speeches  forum   a time in which people can apparently say whatever they like, no matter how outrageous   King ranted about transgender people in the military, compared gender reassignment to the castration of slaves in the Ottoman Empire, and generally made an ignorant ass of himself like always. After this lengthy and ",neutralize
fake_38,"A mother who identifies as a proponent of vaccine choice has received a seven-day jail sentence for contempt of court after failing to comply with a court order. This order required her to vaccinate her 9-year-old son, which she had previously agreed to with her ex-husband. Rebecca Bredow, from Detroit, stated her refusal to vaccinate her son was based on personal and religious beliefs. The court has mandated that the child must be vaccinated within one week while Bredow serves her sentence. Legal representatives for Bredow have indicated that they plan to file an appeal. In a statement to the court, Bredow expressed her commitment to her beliefs. According to WXYX-TV Detroit, the child's father is required to ensure the vaccination takes place before Bredow's release from jail, indicating potential further developments in this situation. For additional information on vaccine-related topics, readers may refer to 21st Century Wire.",1,"‘Vaccine Choice’ Mom Gets Jail Time for Not Jabbing Her Kid. 21st Century Wire says We ve been covering the anti-vaccine movement (and the science) for quite some time. The dangers of aluminum and the neurotoxicity of vaccines are well-documented. Now, this debate has turned up in a court of law. Which prompts us to ask this question again: Should the government force parents to vaccinate their kids?Rebecca Bredow, a self-proclaimed  vaccine choice  mom from Detroit, has just been sentenced to seven days in jail for contempt, defying a court order that states she agreed with her ex-husband to vaccinate their 9-year-old son.The judge also ordered to have the child vaccinated within one week, while Bredow is serving her jail sentence. Attorneys for the anti-vaxxer mom, who refused to jab her son based on her personal and religious beliefs, have said they will be filing an appeal. I would rather sit behind bars standing up for what I believe in, than giving in to something I strongly don ",neutralize
fake_39,"Here is evidence suggesting that Donald Trump views the government as akin to a reality show, raising concerns among some observers. Trump, noted for his distinctive appearance, is reported to believe that the selection of government officials should involve casting calls. He appears to prioritize the visual presentation of cabinet nominees over their qualifications. ""Presentation is very important because you are representing America not only on the national stage but also the international stage, depending on the position,"" stated Trump transition spokesman Jason Miller. To lead the Pentagon, Trump selected a combat general, whom he likens to a historical figure. At the United Nations, his ambassador will be an Indian American with a notable immigrant background. For the position of secretary of state, Trump appointed an inexperienced individual in international diplomacy, but one whose appearance is deemed authoritative. Source: Washington Post. Some conservative supporters seem unconcerned by this approach to selecting individuals responsible for public welfare. ""He likes people who present themselves very well, and he’s very impressed when somebody has a background of being good on television because he thinks it’s a very important medium for public policy,"" remarked Chris Ruddy, chief executive of Newsmax Media and a long-time associate of Trump. Ruddy added, ""Don’t forget, he’s a showbiz guy. He was at the pinnacle of showbiz, and he thinks about showbiz. He sees this as a business that relates to the public. The look might not necessarily be somebody who should be on the cover of GQ magazine or Vanity Fair."" The emphasis seems to be on appearance, demeanor, and confidence. Trump reportedly selected Marine Gen. James Mattis for Secretary of Defense based on a perceived physical similarity to General George Patton, rather than on military capabilities. Trump also chose Mike Pence for his appearance and suggested Mitt Romney for Secretary of State based on similar criteria. Critics argue that if Republican Congress members were truly invested in the interests of the public, they would oppose these so-called ""central casting"" nominations. However, this method of selection appears to align with the Republican agenda, which some believe aims to undermine governmental functions.",1,"Here’s Absolute PROOF Donald Trump Thinks The Government Is A Reality Show; We Should All Be Terrified. Donald Trump, despite having a face and hairline made for radio, is convinced that the way to run a government is to hold casting calls. He wants to choose cabinet nominees who look the part, rather than nominees who are qualified. Presentation is very important because you re representing America not only on the national stage but also the international stage, depending on the position,  said Trump transition spokesman Jason Miller.To lead the Pentagon, Trump chose a rugged combat general, whom he compares to a historic one. At the United Nations, his ambassador will be a poised and elegant Indian American with a compelling immigrant backstory. As secretary of state, Trump tapped a neophyte to international diplomacy, but one whose silvery hair and boardroom bearing project authority.Source: Washington PostFor some reason, die-hard conservatives are not at all bothered by this metho",neutralize
fake_40,"Cops In Republican Senate Office Allegedly Assault Disabled Protesters; Reports Of Injuries. A group of disabled Americans protesting the Senate's plan to remove 22 million from health insurance anticipated possible arrest if they gathered at Senator Todd Young's office. Four days prior, Mitch McConnell had a similar group of protesters removed from his office and faced potential arrest. However, the protesters did not foresee police actions against them. Reports indicate that 19 disabled individuals participated in a sit-in at the Senate office in Indianapolis, with two reportedly thrown against a wall and sustaining injuries, according to ADAPT’s Teresa Torres. Jeff Stein (@JStein_Vox) reported on June 26, 2017, that security personnel confiscated their phones, preventing video documentation of the event. Photos have surfaced showing the hospitalized disabled activists: pic.twitter.com/ASYhKD1qTF. Jeff Stein (@JStein_Vox) also noted that the sit-in at Senator Young's Indianapolis office, aimed at protesting the Republican healthcare bill, escalated into violence, with police allegedly throwing at least two disabled protesters into walls. Teresa Torres from ADAPT stated that both protesters were injured and required hospitalization. One protester reportedly had her knee slammed into a wall, and police are alleged to have threatened arrest before seeking medical assistance. A text from Amber Smock, digital media contact with @NationalADAPT, indicated no video proof but raised serious allegations: pic.twitter.com/GToS80t4Yl. Witnesses at the location have claimed that police confiscated phones and, in at least one instance, were seen deleting videos that captured the incidents. The reported assaults on the protesters took place shortly before the Congressional Budget Office confirmed that the Senate version of the Republican healthcare bill would remove 22 million individuals from insurance within the next decade, which is 1 million fewer than the House's version. On the same day, Republicans announced an addition to the legislation that would mandate individuals who miss one or two months of coverage the previous year to go without health insurance for six months before being able to re-enroll. Given the high stakes, protesters, many of whom rely on Medicaid, gathered at Republican offices nationwide to express their concerns. Reports indicate that instead of being met with understanding, they faced dismissal, removal, and, in this instance, alleged assault. The Republican Party appears hesitant to engage directly with those affected while pursuing significant policy changes. As of this writing, at least one activist reported to have sustained injuries in the incident remains hospitalized. Spokesperson: Activist still at the hospital. Arrests were threatened; none occurred. ""This shouldn't be what it takes to get health care for people with disabilities"" Jeff Stein (@JStein_Vox) June 26, 2017. Featured image via Twitter.",1,"Cops In Republican Senate Office Violently Assault Disabled Protesters; Reports Of Serious Injuries. A group of disabled Americans protesting the Senate s plan to kick 22 million off of health insurance knew they faced jail if they showed up at Senator Todd Young s office   and possibly worse. Just four days ago, Mitch McConnell had a group of similar protesters forcibly removed from his office and threatened with arrest. Still, the activists did not expect cops to begin attacking them.Tragically, this is the state of America today.19 disabled ppl just held sit-in @ Senate office in Indianapolis2 were  thrown into wall & badly injured,  reports ADAPT s Teresa Torres  Jeff Stein (@JStein_Vox) June 26, 2017Torres told me security took their phones, so no video of event itself. Here are photos of the disabled activists being hospitalized after: pic.twitter.com/ASYhKD1qTF  Jeff Stein (@JStein_Vox) June 26, 2017Vox s Jeff Stein is reporting that a staged sit-in at Sen. Young s Indianapolis ",neutralize
fake_41,"Rep. Debbie Wasserman Schultz criticized former DHS Director Jeh Johnson during an interview on CNN. She asserted that Johnson's testimony regarding the DNC computer hack is inaccurate and misinformed. Schultz stated, ""He s wrong in every respect. Let me be very clear. At no point during my tenure at the DNC was I contacted by the FBI, DHS, or any government agency, or alerted or made aware that they believed that the Russians, an enemy state, was intruding on our network."" Johnson testified to lawmakers this week that the DNC declined his agency's offer to protect its network despite having received warnings about a computer hack. He indicated that the DNC opted for an external cybersecurity firm to address the computer hacks that resulted in WikiLeaks releasing thousands of its emails. CNN's Bolduan inquired how both accounts could be valid, noting that Johnson stated the DNC rejected the assistance offered, while Schultz claimed no one contacted her. Schultz responded, stating, ""Secretary Johnson is utterly misinformed. That is simply not accurate."" Additionally, Schultz attributed some responsibility to the FBI, suggesting that they did not adequately assist: ""They left the Russians on our network for more than for almost a year before we discovered that they were there.""",1,"DEBBIE WASSERMAN SCHULTZ Accuses Obama’s DHS Director Jeh Johnson of Lying Under Oath [Video]. Rep. Debbie Wasserman Schultz dropped a big bomb during an interview on CNN today. She claimed that Jeh Johnson s  testimony about the DNC computer hack is  wrong in every respect  and  utterly misinformed.  Whoa! Who s telling the truth?Schultz told the CNN anchor  He s wrong in every respect. Let me be very clear. At no point during my tenure at the DNC was I contacted by the FBI, DHS, or any government agency, or alerted or made aware that they believed that the Russians, an enemy state, was intruding on our network. In case you missed it, former DHS Director Jeh Johnson testified to lawmakers this week that the DNC rejected his agency s offer to protect its network despite receiving warnings about a computer hack. Instead, the DNC chose an outside cyber security firm to help solve the computer hacks that led to WikiLeaks publishing thousands of its emails.CNN s Bolduan asked Schultz how b",neutralize
fake_42,"CITY TO DECIDE: Should They Allow Non-Citizens to Vote in Local Elections? College Park is considering a proposal to permit non-citizens to vote in local elections, marking it as a significant development in Maryland. The ongoing debate raises questions about the implications for legal citizens' voting rights. College Park, Md., is currently evaluating this proposal, as reported by the Baltimore Sun. Opponents of the measure argue that immigrants, including those in the country legally, such as green-card holders, should not participate in local governance until they have completed their citizenship process. The proposal's sponsor, City Councilwoman Christine Nagle, expressed that allowing noncitizens to participate in local decisions is beneficial, stating that these individuals have a significant stake in the community and utilize city services. College Park would join Takoma Park, Md., which has allowed noncitizens to vote since 1991, along with two towns in Montgomery County that have adopted similar measures. Other municipalities in Maryland are also considering this approach.",1,"CITY TO DECIDE: Should They Allow Illegals to Vote in Local Elections?. The slippery slope continues College Park is just the latest city in Maryland to propose that illegals be given the right to vote in local elections. If you re NOT outraged by this, we d love to know why not. Once you start allowing non-citizens to decide on anything within your city, doesn t this preclude the legal citizens from receiving their lawful voting rights?This is not unconstitutional but it is unAmerican!College Park, Md. is weighing whether or not to allow illegals  to vote in local elections.Officials in College Park, which is home to the University of Maryland s main campus, have yet to make their final decision, the Baltimore Sun reports.Opponents say immigrants   even those in the country legally, such as green-card holders   should not be able to have a say in the direction of the community until they complete the process of becoming a citizen.The measure s sponsor, City Councilwoman Christine Nagl",neutralize
fake_43,"The State University of New York at Binghamton (SUNY-Binghamton) is offering a training class titled StopWhitePeople2k16, aimed at instructing residential assistants (RAs) on how to engage with individuals who may not understand concepts such as white privilege. This class is one of several available to RAs at the institution, and it was reported on by the Binghamton Review, a student newspaper. Residential assistants are students responsible for overseeing and monitoring residential life in exchange for complimentary housing provided by the university. The objective of this session is to assist participants in enhancing their understanding of diversity, privilege, and the societal context in which they operate, according to the class description. The course aims to provide attendees with tools to respond to differing viewpoints, particularly when confronted with arguments from those who may lack awareness of these issues. (RELATED: Public College Students Warned To Check Your Privilege) Read more: Daily Caller",1,"TAXPAYER FUNDED COLLEGE Gives Lessons On “How To Stop White People”. When the majority of students, regardless of color, accept this twisted premise, Obama has won his war on America and has successfully divided us by race The State University of New York at Binghamton (SUNY-Binghamton) is offering a training class titled  StopWhitePeople2k16,  to instruct residential assistants (RAs) on how to deal with  uneducated  people who don t believe in ideas like white privilege.The class is just one of several available to RAs at the school, and was discovered by the Binghamton Review, a student newspaper. Residential assistants are students who agree to assist with overseeing and monitoring residential life in return for receiving a free room from the school. Apparently, though, Binghamton RAs also have the responsibility of  stopping  white people. The premise of this session is to help others take the next step in understanding diversity, privilege, and the society we function within,  the",neutralize
fake_45,"SECOND MAJOR MAKEUP MANUFACTURER SELECTS MAN WITH RAZOR STUBBLE AS FACE OF THEIR PRODUCTS. Makeup Artist Manny Gutierrez has been chosen as the first male representative for the Maybelline makeup brand. Gutierrez follows in the footsteps of James Charles, who was selected last year by CoverGirl as its first-ever male spokesperson. Maybelline has selected Manny as one of the new faces of its Colossal Big Shot mascara campaign due to his notable eye makeup looks. Additionally, he has gained over 3 million followers on Instagram. In light of this, one might consider the challenge of finding suitable female models for advertisements directed towards women. This contrasts with Maybelline's previous advertisements that featured women showcasing products aimed at a female audience.",1,"SECOND MAJOR MAKEUP MANUFACTURER Chooses Man With Razor Stubble To Be Face For Their Products. Makeup Artist Manny Gutierrez is the first man to be chosen to rep for the Maybelline make up brand.Gutierrez is following in the footsteps of James Charles, who was chosen last year by CoverGirl to be its first-ever male spokesperson.Maybelline chose Manny as one of the new faces of its Colossal Big Shot mascara campaign for his VERY ON-POINT EYE MAKEUP LOOKS. Also because he s already amassed more than 3 million Instagram followers.  BuzzfeedBecause it s probably pretty difficult to find beautiful women to use in their ads geared towards women right?Here s what Maybelline ads used to look like when they used women to showcase products they were marketing to women.",neutralize
fake_46,"This Old Anthony Scaramucci Tweet May Present a Complicated Situation. Fired White House Communications Director Anthony Scaramucci made significant personal sacrifices during his brief 10-day tenure: his wife is divorcing him due to his noted admiration for Donald Trump, his future relationship with his newborn son may be affected, his professional standing (according to Harvard Law School's alumni registry), his self-respect, and ultimately his job, as he was removed from his position unexpectedly. Notably, he has deleted several tweets in an effort to maintain transparency, although he overlooked one. In 2012, Scaramucci tweeted a message that seemed directed at Barack Obama but is now perceived to be more relevant to his current circumstances. He tweeted, ""A recovery starts with a presidential pink slip."" The Internet reacted with a variety of responses, including: ""LITERALLY A TWEET FOR EVERYTHING"" from Diana Cannon, ""He forgot to delete this one"" from Brian Normoyle, and comments highlighting his recent employment and personal losses. Scaramucci received his ""presidential pink slip"" shortly after making a controversial statement regarding Steve Bannon. The status of his recovery remains uncertain, and it is suggested that he will have additional time to spend with his family.",1,"This Old Anthony Scaramucci Tweet Must Be VERY Uncomfortable Right Now. Fired White House Communications Director Anthony Scaramucci gave up a lot for his 10-day job: his wife, who is divorcing him over his creepy obsession with Donald Trump, his future relationship with his newborn son who now knows forever that he is less important than sucking up to a fascist, his life (according to Harvard Law School s alumni registry anyway), his self-respect (if he ever had any), and finally his job itself because he was stupid enough to think he wouldn t get pushed out of the clown car.But at least he can look back over all those old embarrassing tweets he deleted for  transparency  and oops, looks like he missed one!In 2012, Scaramucci tweeted something that appears to have been directed at Barack Obama, but seems to be more relevant to his own situation. A recovery starts with a presidential pink slip,  The Mooch tweeted unironically at the time.Naturally, the Internet had quite a few collecti",neutralize
fake_47,"Tomi Lahren comments on Hillary Clinton, referring to her as the ""most competent woman in history"" while questioning her understanding of the term ""C."" Lahren expresses that there are various ""C"" words associated with Clinton, but does not include ""competent"" in that list.",1,TOMI LAHREN Takes A HAMMER To Hillary: The “Most Competent Woman in History” doesn’t know what “C” means? [VIDEO].  There are many  C  words for Hillary but  competent  is not one of them .OUCH!,neutralize
fake_48,"Hillary Clinton Responded to the GOP Debate with a Series of Tweets. Hillary Clinton, the former Secretary of State, shared her observations on the recent Fox News Republican debate through Twitter. Viewers noted that the candidates engaged in comparisons of hand size, which some characterized as a sideshow. The debate featured candidates speaking over each other, resulting in a lack of substantial discussion, with much of the dialogue consisting of insults. Clinton's tweet during the debate expressed a sentiment of boredom among viewers: #GOPdebate. 

She noted that the discourse did not focus on policy ideas that could improve citizens' lives, but rather on self-promotion and criticism of opposing candidates. Clinton further tweeted: 'True on foreign policy and literally everything else. #GOPdebate' and 'Marriage equality is the law of the land. Deal with it. #GOPdebate.' 

Her final tweet in this series was: 'How many more of these do we have to sit through? Asking for a friend. #GOPdebate.' 

Clinton suggested that Democratic candidates possess substance and are focused on serving the American people. The article concludes by emphasizing the importance of the election and the need for informed voting choices.",1,"Hillary Perfectly Mocked The GOP Debate As It Happened With These HILARIOUS Tweets. Well, no one can say Hillary Clinton doesn t have a sense of humor. That s for sure.If you were watching the latest Fox News Republican debate at home, you quickly realized that within minutes they were literally comparing  hand  size. It was a circus sideshow of the wildest magnitude. All the candidates were yelling over one another and literally nothing was getting discussed, because it was just insult after backhanded insult.Clearly noticing this ridiculousness was former Secretary of State Hillary Clinton. During the debate she tweeted out:#GOPdebate pic.twitter.com/SGW200luN8  Hillary Clinton (@HillaryClinton) March 4, 2016This tweet is probably how most of us were feeling during the entirety of the GOP debate   absolutely bored. Nothing of substance was being discussed whatsoever. They were all just insulting each other and tearing each other down. They weren t talking about how their policy ideas",neutralize
fake_49,"A new app has been introduced that allows users to remain anonymous, which some claim challenges the prevailing liberal media narrative and suggests that Trump is leading over Clinton in voter preference. According to the app, 64% of respondents indicated they would vote for Trump, while 36% said they would support Clinton. This contrasts with the latest Reuters/Ipsos poll, which shows Clinton leading Trump, 42% to 36%. In California, the app reports a preference for Trump at 55%, compared to 45% for Clinton, while the Public Policy Institute of California poll indicates a 16-point advantage for Clinton, at 46% to 30%. Following a week of media interpretation of Trump's comments regarding the 2nd Amendment, the app seeks to gauge public sentiment on what Trump meant by suggesting that '2nd Amendment people' could take action against Hillary. The responses showed that 63% interpreted it as a call to vote against her, while 37% believed it implied more extreme actions. The app's developer, Militi, asserts that the results reflect a diverse demographic in terms of age, gender, and geography, and claims that traditional media polls may not accurately represent voter sentiment. Douglas Rivers, a political science professor at Stanford University and chief scientist for YouGov, has expressed skepticism regarding the app's methodology, questioning the representativeness of its respondents. He suggests that traditional polls may offer a more reliable view of public opinion. The outcome of these differing polling methodologies will be clearer following the election on November 8, when voters cast their ballots.",1,"OOPS! New App Allows Users To Remain ANONYMOUS…Defies Liberal Media Narrative…Shows TRUMP Winning BIG Over Crooked Hillary. Funny what happens when liberals aren t able to bully or shame someone they don t agree with The results don t read like any poll you ve seen reported in the last weeks, but instead like they have been answered primarily by the most ardent Trump supporters.Some Zip questions:   New polls suggest Trump is getting crushed by Clinton. Do they reflect how you are going to vote?  Some 64% told Zip they would vote for Trump, compared to 36% for Clinton. In the latest Reuters/Ipsos poll, Clinton leads Trump, 42% to 36%.   California, who you voting for?  Trump got 55%, compared to 45% for Clinton. In the latest Public Policy Institute of California poll, Clinton has a 16-point advantage over Trump, 46% to 30%.After one week of the media defining what Trump really meant when he suggested 2nd Amendment supporters will defeat Hillary, here is how Americans really feel about",neutralize
fake_50,"Admiral Michael Rogers, the head of the National Security Agency's Cybersecurity division, stated today that the email releases from Wikileaks, potentially in conjunction with Russia's hacking of the DNC during the summer, were part of a coordinated effort to influence the outcome of the election. He suggested that if the intent was to support Donald Trump's candidacy, it was effective and indicated that the election was, in his view, manipulated. Rogers made these statements at the Wall Street Journal CEO Council while discussing the relationship between the NSA and the private sector. He emphasized the need for the private sector to provide the NSA with better access to their network structures, noting that there is a general distrust from the private sector towards the government and its motives. During the discussion, he addressed a question regarding the release of emails from John Podesta, a close aide to Hillary Clinton. In reference to previous comments made to NPR in August, he remarked that these emails were leaked for a particular purpose and were intended to produce a specific impact. He affirmed, 'There shouldn't be any doubt in anybody's mind. This was not a target that was selected purely arbitrarily. This was a conscious effort by a nation-state to attempt to achieve a specific effect.' Rogers proceeded to elaborate on strategies to counter hacking by strengthening systems and enhancing knowledge, as well as collaborating with other countries to address the issue. He concluded with a cautionary note regarding the implications if his assessments are accurate.",1,"WATCH: NSA Chief Drops HUGE Bombshell About Involvement Of Wikileaks, Russia In Our Election. Admiral Michael Rogers, the current head of the National Security Agency s Cybersecurity division, confirmed today that Wikileaks  email releases, possibly along with Russia s hacking of the DNC during the summer, were a concerted effort to create a specific outcome in our election. If their goal was to elect Donald Trump, then it certainly worked and our election was, in fact, rigged.He was speaking at the Wall Street Journal CEO Council, and the subject was actually the rocky relationship between the NSA and the private sector. He argued that the private sector needs to give him more access to their network structures, while the private sector inherently distrusts the government and its intentions.During that interview, though, he fielded a question about Wikileaks releasing batches of emails from John Podesta, one of Hillary s close aides and confidantes: You told NPR in August that  these ",neutralize
fake_51,"""DOCUMENT Shows Teachers How To Teach History After Trump Election…And Not Get Fired. Educators in America have faced accusations regarding the influence of propaganda in their teaching. A website has surfaced on a Facebook page associated with activists opposing Trump, which allegedly provides guidance on how to present a critical view of his presidency in educational settings. This Google document was reportedly created by history educators in Oakland, California. It is noted that while teachers are encouraged to present their version of history post-2016, there is no assurance they will not face repercussions for doing so, although teachers' unions may offer some support. The document includes advice on maintaining employment while teaching this perspective, titled How to Be a Critical History Educator... and not get fired. The website suggests various articles for educators to utilize in their teaching, claiming these articles reflect a significant left-leaning bias. For context, the Oakland Unified School District Board of Education Policy 6144 states that the study of controversial issues should help students learn to gather and organize relevant facts, differentiate between fact and fiction, draw informed conclusions, and respect differing opinions. Additionally, Administrative Regulation 6144 indicates that controversial issues may be discussed in the classroom if they relate to the course of study and promote critical thinking and understanding of various viewpoints. The ACLU of Washington State has also published a guide concerning the free speech rights of educators, covering aspects such as classroom discussions, personal expression, and campus demonstrations. While the guidance in the document may be viewed as beneficial practice, there is no guarantee against job loss. Educators are advised to use discretion, plan carefully, and foster relationships with site, district, and community partners. One resource mentioned for teaching history is The Zinn Education Project, which expresses solidarity with those who have criticized aspects of Donald Trump’s policies. This project aims to inspire students to recognize their role in history-making. Reflecting on the election's implications for education, the project poses the question, What would Howard Zinn say? Zinn's perspective on nationalism, racism, and the influence of those in power remains relevant in discussions about contemporary issues. His assertion that the desires of the powerful do not dictate reality serves as a reminder for educators to remain steadfast and to draw lessons from history.""",1,"WOW! DOCUMENT Shows Teachers How To Teach History After Trump Election…”And Not Get Fired”. Have you ever had an argument with a liberal who swears on her mother s grave that educators in America don t fill our children s heads with propaganda and liberal lies? Here s proof that they re wrong. We found this website listed on a radical leftist Facebook page used to recruit activists in the fight against Trump. One of their primary focuses in their battle against Trump is how to turn kids against him. The google document we reference in this article was created by history educators in Oakland, California. They make it a point to let the teachers know that they can t guarantee they won t be fired for teaching their version of  History  in  Post 2016   as suggested below, but hey, that s why they have teacher s unions right? We ve copied the Google document and taken several screen shots, as these documents, like the one created by the Assistant Professor Melissa Zimdars that was supposed ",neutralize
fake_52,"Justice Scalia was found deceased in his room at a resort hotel on Saturday, and it has been announced that no autopsy will be performed. The cause of death has been preliminarily declared as natural causes. Following Justice Antonin Scalia's attendance at a dinner on Friday night, where he was noted to be animated and engaged, questions have arisen regarding the swift classification of his death as natural causes. Scalia was participating in an event at Cibolo Creek Ranch, unrelated to his judicial duties. After failing to appear for breakfast and lunch, he was discovered unresponsive. Reports later indicated that he had suffered a heart attack. According to John Poindexter, the owner of the 30,000-acre ranch, he observed Scalia during dinner and mentioned that Scalia expressed a desire to retire for the evening around 9 p.m. Poindexter attempted to check on Scalia the next morning at approximately 8:30 a.m., but the door was locked and there was no response. Upon returning three hours later, Poindexter found Scalia in bed with a pillow over his head. Poindexter noted that Scalia appeared to be resting comfortably. After determining that Scalia had no pulse and that his body was cold, Poindexter consulted with a doctor at a hospital in Alpine, who advised that resuscitation would not be possible. He subsequently contacted federal authorities, who arrived by helicopter and managed the situation effectively. Scalia's body was transported to an El Paso funeral home early on Sunday and was later transferred from Marfa, arriving at Sunset Funeral Homes around 2:30 a.m., as confirmed by spokesman Chris Lujan.",1,"JUSTICE SCALIA Found Dead With ‘Pillow Over His Head’…Why No Autopsy?. It was just announced that there will be no autopsy of Justice Scalia after he was found dead in his room of  natural causes . Does anyone else out there think it should be mandatory for an autopsy to be performed? Since Justice Antonin Scalia was found dead in his resort hotel room at Cibolo Creek Creek Ranch on Saturday, questions have been flying about the immediate declaration of  natural causes  as the means of death.According to the ranch owner, Scalia was described as  animated and engaged  during dinner Friday night. He was one of three dozen invitees to an event unrelated to law or politics.Yet just hours later, after missing both breakfast and lunch, he was found dead of apparent natural causes. Later, media outlets reported he had suffered a heart attack.Houston businessman John Poindexter, who owns the 30,000-acre luxury ranch, recalled:  He was seated near me and I had a chance to observe him. He was ve",neutralize
fake_53,"A man has shot and killed his daughter as she returned home from her first day of middle school. Authorities report that Timothy Batts claimed his daughter, Timea, startled him, prompting him to shoot her. After taking her to a hospital, where she later succumbed to her injuries, Batts attempted to dispose of his firearm. Initially, he informed police that Timea had entered the home and awakened him, stating that she had been shot after disembarking from the school bus. However, following the discovery of evidence indicating that he had discharged his weapon inside the house, Batts retracted his statements and confessed to being responsible for her death, citing that a noise had startled him. According to his account, he mistook her for an intruder and fired his weapon without confirming her identity. Batts, a convicted felon, is prohibited from possessing firearms. The circumstances surrounding how he obtained a gun remain unclear, given his past convictions for felony drug possession and attempted criminal homicide. Timea's death has raised questions in the Hendersonville, Tenn., community, where residents expressed shock and confusion over the incident, particularly regarding how an 11-year-old could have encountered such a situation in the short distance between the bus stop and her residence. The investigation revealed that Batts had indeed discharged his firearm. He is currently facing charges of reckless homicide, tampering with evidence, false reporting, and possession of a firearm by a felon. He is being held on a $1 million bond, and a GoFundMe account has been initiated by his cousin to assist in raising funds for his bail. It remains uncertain whether Batts acquired the firearm legally or illegally, but it is noted that his daughter would still be alive if he had not fired his weapon prematurely.",1,"Convicted Felon With A Gun Has Knee-Jerk Reaction That Kills His Own Daughter. A man who shot and killed his own daughter as she came home from her first day of middle school has told authorities that she startled him, so he shot her. He then tried to get rid of his gun after taking her to a hospital, where she later died from her wounds.Timothy Batts originally told police that his daughter, Timea, came in and woke him up, saying she d been shot after getting off the school bus. After police found evidence that he d fired his gun inside his house, he admitted his lies to the police. He told them that he was his daughter s killer after a noise she made woke him up, and her yell startled him.In other words, he thought she was an intruder, and fired his gun before making sure he knew who was in his house. While there s every possibility that he thought it was someone coming after him, this kind of thing is a growing problem as we increasingly refuse to respect the danger that guns are.Wo",neutralize
fake_54,"A photograph of Officer Aaron Allen walking his son to school on the day he was killed has surfaced on social media. This coincided with media coverage critiquing President Trump for a comment he made to law enforcement about increasing toughness on criminals who harm innocents. The discussion raises questions about the relative responses of public figures to violence against police officers. Some note that former President Barack Obama did not publicly address violent rhetoric aimed at law enforcement during his presidency, despite engaging with Black Lives Matter leaders. This includes recalling a rally led by Al Sharpton where a chant was directed at law enforcement. In the aftermath of protests, two New York City police officers were killed by a supporter of the Black Lives Matter movement. Trump, prior to his presidential campaign, criticized Sharpton's influence in relation to these incidents, asserting that Sharpton's actions contributed to divisions in the country. During his campaign, Trump expressed support for police. A comment made during a speech to law enforcement officers regarding handling suspects was interpreted by some media outlets as an endorsement of police brutality. The image of Lt. Aaron Allen, taken hours before his death in the line of duty, has been shared on social media, although it has received limited attention from mainstream media, which some suggest reflects a particular narrative. In his remarks about violent gang members, Trump advised officers not to be overly gentle when dealing with violent criminals, stating that they could be less cautious when handling individuals who had committed serious offenses. This comment was characterized by some as humorous, drawing parallels to a well-known comedic routine. However, various media outlets reported on the comment as a serious endorsement of police misconduct. A range of headlines reflected this perspective, including claims that Trump was promoting police brutality during his address to law enforcement, with some journalists expressing concern about the implications of such statements in the context of ongoing discussions about police practices in the United States.",1,"PICTURE OF Cop Walking Son To School On Day He Was Murdered Appears On Social Media Same Day MEDIA TRASHED TRUMP Over Joke He Made To Cops About Getting Tough On Criminals Who Kill Innocent People. So what s worse, Barack Obama remaining silent about the slaughter of innocent cops, while meeting behind closed doors in the White House with Black Lives Matter leaders advocating for violence against innocent cops, or President Trump making a joke about cops being tougher on criminals who kill innocent people? Does anyone remember Al Sharpton leading a hateful chant:  What do we want? Dead cops! When do we want it? Now!  in a pro-violence against cops rally in the city of New York? Does anyone remember then President Barack Obama denouncing this hateful rhetoric against innocent law enforcement officers?Shortly after these protests, 2 New York City cops were killed in cold blood by a black lives matter supporter. Donald Trump, who was not yet a candidate for president, spoke out on the cul",neutralize
fake_56,"BUDGET VOTE TODAY. The omnibus spending bill proposed by Paul Ryan includes funding for several initiatives, such as the Syrian refugee program, Planned Parenthood, the Affordable Care Act, amnesty provisions, domestic surveillance by the NSA, and support for sanctuary cities. The bill spans approximately 2,000 pages, which may limit the ability to thoroughly review its contents in a timely manner. Criticism has been directed toward Paul Ryan, with some suggesting that his approach may be more contentious than that of former Speaker of the House John Boehner. The implications of this legislation have raised concerns among certain groups. Individuals are encouraged to contact their representatives in Washington, D.C., to express their opinions. The Capitol Switchboard can be reached at 202-224-3121. A summary of key points raised regarding this bill includes: potential bailouts for health insurance companies under the Affordable Care Act, expansion of the foreign worker program with a significant increase in low-wage visas, funding for amnesty programs, financial support for Planned Parenthood, contributions to the Paris climate agreement, and assistance for illegal immigrants. Other noted provisions involve funding for refugee programs, tax credits for individuals who are not legally in the country, and an increase in spending across various federal agencies. Additionally, provisions for the Federal Aviation Administration's expanded authority, renewed funding for the Department of Transportation's stimulus program, and financial assistance for Puerto Rico's economy have also been highlighted. The bill includes several measures that may affect tax regulations and spending limits for federal departments. Further details and implications of this bill continue to emerge.",1,"BUDGET VOTE TODAY! You’ll Flip Out When You See The List Of Pork In This Bill – Call DC!. Paul Ryan s  omnibus  spending bill gives Obama funding for his Syrian refugee scheme, Planned Parenthood, Obamacare, amnesty, NSA domestic spying, sanctuary cities for illegals, eliminates the budget sequester, and much more. The bill is another 2,000 page whale that has become so common in the Obama era, so there hasn t even been enough time yet to parse the bill and find out what s in it. Doesn t that sound like a former Speaker of the House? And I m not talking about John Boehner. No, in one fell swoop, Paul Ryan has turned out to be even worse than John Boehner. This bill is downright Pelosian in its terribleness. This is a slap in the face to the American people. We hope that once you recover from shock after reading this list, you ll pick up the phone and call DC to voice your anger. Please make the effort to jam the phone lines with angry patriots who are 100% FED Up! with big government. ",neutralize
fake_57,"WHY IS OBAMA DISARMING COPS IN AMERICA At Same Time Terror Threat Is Being Raised? In light of concerns regarding terrorism and civil unrest in U.S. cities, President Barack Obama is implementing new restrictions on the access of local police and sheriff departments to military surplus equipment from the Defense Department. This decision has been met with criticism from some law enforcement officers who characterize it as an attack on police practices. Beginning on Monday, Obama visited several high-crime areas, particularly those with significant black populations, to discuss the rationale behind his decision, according to news sources. President Obama’s representatives stated that the administration will limit the distribution of certain types of protective gear and vehicles to local law enforcement while enforcing stricter regulations on the weapons and equipment provided. The announcement was made prior to Obama’s visit to Camden, New Jersey, where he delivered a speech addressing allegations of racial bias in policing. Obama and his supporters argue that the use of protective riot gear and armored vehicles by police can be perceived as excessive, particularly in predominantly black and Hispanic neighborhoods. The President has also claimed that some police departments are providing equipment that is not necessary, a statement that has been disputed by some officers. Iris Aquino, a former police detective, expressed concerns about the implications of these changes, suggesting a desire to shift policing to a federal level, despite constitutional limitations. During Obama’s address in Camden, which is known for its high violent crime rate, he did not reference recent incidents involving police officers being attacked, according to a New York City police official who has been critical of Mayor Bill de Blasio. The official suggested that Obama’s perspective aligns with a belief that police are the main oppressors of minorities. Concerns have been raised regarding the impact of the administration's decisions on the perception of law enforcement, with some suggesting that the approach taken may contribute to a cycle of distrust. Initially, police officers were led to believe that Obama would uphold the Pentagon's military surplus program. However, a panel of advisors raised concerns about potential misuse of equipment such as armored vehicles and high-powered firearms. Notably, there have been no reported incidents of misuse involving armored vehicles. Former law enforcement commander Jack McGowan stated that these vehicles are intended for defensive purposes, designed to protect officers from various threats. He also noted that the classification of police firearms does not align with the term 'high-powered.' Additionally, the Obama administration is considering recalling certain equipment that has already been distributed to local police and sheriff departments. In his weekly address on Saturday, Obama highlighted initiatives aimed at fostering trust between law enforcement and the communities they serve. Critics of Obama contend that he has shown a lack of respect for local law enforcement and does not trust agencies that he does not directly oversee. This perspective suggests a broader concern regarding the future of policing in the United States.",1,"WHY IS OBAMA DISARMING COPS IN AMERICA At Same Time Terror Threat Is Being Raised?. In the face of mounting threats of terrorism and civil unrest in U.S. cities, President Barack Obama is arbitrarily prohibiting local police and sheriff departments from obtaining military surplus equipment from the Defense Department as part of what many law enforcement officers are calling his war on police.Beginning on Monday, Obama visited a number of high-crime areas   especially those with large black populations   to explain the need for his unilateral action, according to news sources on Monday.President Obama s spokespeople said Monday that the administration will no longer give local cops some types of protective gear and vehicles while putting stricter controls on other weapons and equipment distributed to law enforcement. The details were released prior to Obama s visit to Camden, News Jersey, Monday afternoon to give a speech on how he will address police officers allegedly using racist tac",neutralize
fake_58,"On Independence Day, National Public Radio (NPR) tweeted the entire Declaration of Independence to accompany their annual reading of this important document in the history of the United States. The tweets included segments such as: ""In Congress, July 4, 1776,"" and ""The unanimous Declaration of the thirteen united States of America."" The text continued with, ""When in the Course of human events, it becomes necessary for one people to dissolve the political bands which have connected them with another,"" and further discussed the rights of the people. To those who typically engage with NPR, this action was viewed as a commendable expression of patriotism. However, it elicited a different response from some conservatives. Some individuals expressed their concerns, interpreting the tweets as a critique of President Donald Trump. Notably, when NPR tweeted a segment stating, ""it is the Right of the People to alter or to abolish it, and to institute new Government,"" reactions varied. Some users on social media highlighted the responses to NPR's tweets, describing them as both humorous and troubling. One individual remarked on the reactions, suggesting a strong emotional response to the content presented. Additionally, some commentary suggested a perception of a call for revolution based on the content of the Declaration of Independence. Overall, the reactions reflect a range of interpretations regarding NPR's presentation of the Declaration on a significant national holiday.",1,"NPR Tweets Entire Declaration Of Independence, Dumbass Conservatives Think It’s An Attack On Trump (SCREENSHOTS). On Independence Day, National Public Radio tweeted the entire Declaration of Independence to accompany their annual reading of the most important document in our nation s history.In Congress, July 4, 1776.  NPR (@NPR) July 4, 2017The unanimous Declaration of the thirteen united States of America,  NPR (@NPR) July 4, 2017When in the Course of human events,  NPR (@NPR) July 4, 2017it becomes necessary for one people to dissolve the political bands which have connected them with another,  NPR (@NPR) July 4, 2017and to assume among the powers of the earth,  NPR (@NPR) July 4, 2017the separate and equal station to which the Laws of Nature and of Nature s God entitle them,  NPR (@NPR) July 4, 2017a decent respect to the opinions of mankind requires that they should declare the causes which impel them to the separation.  NPR (@NPR) July 4, 2017We hold these truths to be self-evide",neutralize
fake_59,"Hillary Clinton's fitness for office has been a topic of discussion, especially in light of a recent video that has garnered attention. The video highlights the media's coverage of Clinton, contrasting it with their previous focus on John McCain's health during his 2008 presidential campaign. Observers have noted that Clinton's recent behavior may raise questions about her health. This leads to inquiries regarding the extent of her health issues and whether she will be able to continue in the current campaign season.",1,"HILLARY’S #UNFIT TO SERVE…And Her Cover-Up Is Imploding! [VIDEO]. Wow! This video really shows how the media covers for Hillary, while reminding us of their constant obsession over John McCain s health when he ran for President in 2008. Hillary is not well that s pretty clear from watching her very strange and confused behavior of late. The question is how sick is she, and will she even survive the remainder of this grueling campaign season?",neutralize
fake_60,"On a recent episode of the Fox News Greg Gutfeld Show, host Greg Gutfeld introduced a new sponsor, a drug called ""Victima."" Gutfeld explained that this product was designed to assist individuals within the Democratic Party who may be feeling a sense of defeat following the election of Donald Trump. He stated, ""When identity politics no longer work, try Victima."" Gutfeld noted that there has been a visible reaction among some liberals since Trump's election victory over Hillary Clinton, and he used this segment to address their responses in a humorous manner. The advertisement for Victima parodied the style of typical television drug commercials, featuring background music and a voiceover stating, ""It’s not what it used to be. It used to be fine. The Democratic Party is not performing. It's slow, sluggish, confused, prone to fits of despair. It may be time for Victima. Victims, when your old identity politics no longer work, Victima gives you that added boost to get you to where you want to be. When I take Victima, I see everyone as a racist. It really works."" In a related development, FOX News terminated Bob Beckel, the only liberal contributor on the Gutfeld Show, the day following this broadcast, after he reportedly made a comment that was deemed offensive to a black employee at FOX.",1,"HILARIOUS! FOX News’ Greg Gutfeld Introduces New Sponsor Of His Show…”Victima” [VIDEO]. At the start of the Fox News Greg Gutfeld Show, Gutfeld showed a hilarious clip mocking the hysteria of the Democrat Party. Gutfeld began his show by telling his viewers,  I m really excited to introduce a new sponsor to our show. It s a new drug. It s called  Victima'  Gutfeld went on to explain that the drug was created to help Democrats who are feeling defeated after the brutal election of Donald Trump cope:  When identity politics no longer work, try  Victima .America s been witnessing the embarrassing meltdown of liberals ever since President Trump shocked the world with his stinging defeat of Crooked Hillary, so Gutfeld decided to have a little fun by mocking the embarrassing behavior of the left.The voice in the commercial mimics the typical TV drug commercials with sappy music playing in the background:  It s not what it used to be. It used to be fine.The Democratic Party it s not performong",neutralize
fake_61,"Hillary Clinton Comments on Trump's Administration Amid Ongoing Controversies. Regardless of one's opinions on former First Lady, Senator, Secretary of State, and Democratic presidential candidate Hillary Clinton or her political views, it is acknowledged by some that she would have been a capable president. However, Donald Trump secured victory in the electoral college, resulting in the current administration's challenges. Recently, General Michael Flynn, who served as Trump's National Security Adviser, resigned following various controversies related to discussions with a Russian official about sanctions prior to the Trump administration's assumption of office. In response to the developments surrounding the Trump administration, Hillary Clinton shared her thoughts on the situation. This follows remarks from one of her supporters, former Deputy Secretary of State Phillipe Reines, who commented on General Flynn and his son's involvement in disseminating misinformation regarding #Pizzagate, a false narrative alleging that Clinton and her campaign chair, John Podesta, were involved in illegal activities at a pizza establishment in Washington, DC. This narrative has been widely discredited, yet some supporters of Trump accepted it as true, leading to a violent incident at the pizza establishment, known as Comet Pizza. Hillary Clinton retweeted Reines and added her own remark, stating: 'Philippe's got his own way of saying things, but he has a point about the real consequences of fake news.' This statement was made on February 14, 2017. The assertion from Clinton and Reines emphasizes that misinformation has had tangible repercussions. While Trump may have won critical states, it is noted that Clinton received a larger number of popular votes. Clinton had also cautioned about potential outcomes of the administration's actions. The ongoing discourse is part of the broader conversation surrounding the implications of misinformation in political contexts.",1,"Hillary BRILLIANTLY Trolls Trump As His Fledgling Administration Plunges Further Into Chaos (TWEET). No matter what you think of former First Lady, Senator, Secretary of State, and Democratic presidential candidate Hillary Clinton or her politics, there is one thing that cannot be denied: She would have been a competent president. However, thanks to a range of factors, Donald Trump beat her in the electoral college, and now we are stuck with the dangerous incompetence of Team Trump.The latest development after the three weeks of crazy that has been the beginning of the Trump regime is the fact that General Michael Flynn, Trump s now-former National Security Adviser, has resigned amid a flurry of chaos and scandal regarding conversations he had with a Russian official regarding sanctions before the Trump administration took over the White House.In an  I told you so  moment, Hillary weighed in on what was happening with Team Trump. This comes after one of Hillary s supporters, former Dep",neutralize
fake_62,"BUSTED: Trump’s RNC Czar Reportedly Informed Party Officials That His Persona Is An Act. An analysis of Donald Trump reveals certain inconsistencies in his public presentation. Observers note that he often appears inauthentic, and his speech patterns can lack fluidity. There are claims that his approach is simplistic and that he appeals to a specific audience. Recent information has emerged suggesting that Trump’s Republican National Convention Czar has communicated internally that some aspects of Trump’s public persona do not align with his private self. According to a report from the Associated Press, Trump’s senior aide, Paul Manafort, conveyed to members of the Republican National Committee that Trump possesses both a private persona and a public persona. Manafort indicated that the public Trump might adjust his demeanor in order to achieve electoral success if he becomes the party's nominee. He stated in a private briefing: ""When he’s out on the stage, when he’s talking about the kinds of things he’s talking about on the stump, he’s projecting an image that’s for that purpose. You’ll start to see more depth of the person, the real person. You’ll see a real different guy. He gets it. The part that he’s been playing is evolving into the part that now you’ve been expecting, but he wasn’t ready for, because he had first to complete the first phase. The negatives will come down. The image is going to change."" In summary, Manafort suggests that Trump, who appeals to voters seeking a departure from traditional politicians, is navigating the political landscape in a manner that may differ from that of established candidates. As the campaign progresses, it remains to be seen what direction Trump will take. Historical patterns indicate that he may adapt his positions based on prevailing sentiments. Notably, he has previously expressed support for the LGBT community regarding the transgender bathroom issue, and his stance on gay marriage appears to be less definitive. Should he pursue a successful campaign, some speculate that his approach may align more closely with Democratic ideals. This speculation arises from observations of his past conduct in relation to public opinion on immigration and related issues.",1,"BUSTED: Trump’s RNC Czar Caught Telling Party Officials That The Donald Is All An Act. Have you ever really taken a close look at Donald Trump? You can tell by looking at him that he s a fraud. He never looks genuine; his speech doesn t flow. He uses a fourth-grade mentality and he panders to idiots. There s nothing about the man that points to him actually being this staunch conservative Republican, and now we have proof. The Associated Press reports that Trump s own Republican National Convention Czar was caught in a behind-closed-doors meeting telling party officials that everything about Trump the party hates is an act.Trump s newly hired senior aide, Paul Manafort, informed Republican National Committee members that Trump has a private persona and an onstage persona, and that the onstage Trump will be mellowing out to bring electoral results should he be the party s nominee. Manafort said in the private briefing: When he s out on the stage, when he s talking about the kinds of thi",neutralize
fake_63,"The Best Way To Get Rid Of ‘President Steve Bannon’ Is With Articles Like This. Donald Trump was once a Democrat, but that is no longer the case. Donald Trump was once pro-choice, but now he is not. Donald Trump did not previously express animosity towards LGBT people, but this changed when he ran as a Republican. One consistent characteristic that has been observed throughout Donald Trump's public life is his narcissism. When his ego and vanity are challenged, he takes action. On Saturday, Trump appointed senior advisor and former Breitbart head Steve Bannon to lead the National Security Council, which positions him as a significant figure in Washington. Many are referring to Bannon as the de facto president. A new executive order that appears to politicize national security decision-making suggests that Mr. Bannon is positioning himself not only as an advisor but as the de facto president. In this order, issued on Saturday, Mr. Trump took the unusual step of naming Mr. Bannon to the National Security Council alongside the secretaries of state and defense and other top officials. President George W. Bush's last chief of staff, Joshua Bolten, expressed concerns about keeping politics separate from national security and prohibited Mr. Rove, a political advisor, from attending National Security Council meetings. David Axelrod, President Barack Obama's political advisor, attended some National Security Council meetings but was not a permanent member of the council. Source: New York Times. The New York Times was not the only publication stating that Steve Bannon holds significant power in the country: GQ magazine published an article indicating that Steve Bannon is effectively the president. Politico reported that the individual behind Trump is still Steve Bannon. Foreign Policy discussed President Bannon's first week in office as being notably impactful. This situation raises questions about Trump's ability to negotiate as he often appears to be influenced by his ego. He has dismissed individuals who disagree with him and had a notable phone call with the Prime Minister of Australia. Since the election, Trump has emphasized his electoral victory, describing it as a landslide, despite conflicting assessments regarding inaugural attendance. To address concerns about the influence of Steve Bannon, it is suggested that continued writing and sharing of articles may be effective. Engaging with Trump's perceptions may serve as a strategy, as he has shown concern over negative portrayals in media. There is speculation that Bannon may not remain in his position for an extended period.",1,"The Best Way To Get Rid Of ‘President Steve Bannon’ Is With Articles Like This. Donald Trump was once a Democrat, but that s no more. Donald Trump was once pro-choice, but not now. Donald Trump didn t used to hate LGBT people but that was before he ran as a Republican. There is one enduring trait that has remained consistent for as long as America has known Donald Trump, though: he is a narcissist. When his ego and his vanity are threatened, he does something about it.Despite this, on Saturday, Trump promoted senior advisor, former Breitbart head and neo-nazi, Steve Bannan to head the National Security Council, making him arguably the most powerful man in Washington. Many are now calling Bannon the  de facto president  and the actual president:But a new executive order, politicizing the process for national security decisions, suggests Mr. Bannon is positioning himself not merely as a Svengali but as the de facto president.In that new order, issued on Saturday, Mr. Trump took the unpre",neutralize
fake_64,"Michael Moore expressed his belief that Donald Trump will implement a ban on Muslims. In an interview with Variety, Moore indicated that he anticipated Trump's victory well in advance. He stated, ""I went through my five stages of grief months and months ago when I realized he was going to win."" Moore emphasized that he has taken Trump's statements seriously since the beginning, which leads him to expect that Trump will follow through on his campaign promises, including the construction of a wall along the southern border. ""You do have to take Trump at his word,"" Moore noted. He remarked on the ongoing discussions surrounding the wall, stating, ""I still hear people say, 'Oh, he's not really going to build the wall.' Oh, he is going to build it. He knows that he's got to deliver at least a version of the wall."" Moore elaborated that this is why he believes Trump will pursue a Muslim ban, explaining, ""He's shown how he's going to do it. He's going to get away with it by making it a ban on Muslims who come from the following countries. He needs just enough cover for his crowd to say, 'Oh, he's being reasonable there. He's not banning all Muslims.'"" Moore also referenced Meryl Streep's speech at the Golden Globes, stating, ""I had tears in my eyes. It was so powerfully delivered by the perfect person. She was talking about human empathy. It was not about being a Republican or a Democrat. It was about: Have you no decency, sir?"" He remarked that Trump supporters often claim not to take his words literally, but he cautioned against this view, quoting Maya Angelou: ""When someone shows you who they are, believe them the first time."" Moore concluded by reiterating that the public is aware of Trump's character and expressed concern about the upcoming four years.",1,"Michael Moore Says He Is ‘Absolutely’ Convinced Trump Will Ban Muslims. Filmmaker and activist Michael Moore said there is no doubt in his mind that Donald Trump will go through with banning Muslims from the United States, just like he said he would.Speaking to Variety, Moore said that he has already done his grieving over Trump s win, which he saw coming long before it became a reality. I went through my five stages of grief months and months ago when I realized he was going to win,  he said.Moore said that he has  taken him literally and seriously since day one,  which is why he fully expects Trump to do all the horrible things he said he would on the campaign trail, like building a wall along our southern border to keep out all the rapey Mexicans. You do have to take Trump at his word,  Moore said.  I still hear people say,  Oh, he s not really going to build the wall.  Oh, he is going to build it. He knows that he s got to deliver at least a version of the wall. This, Moore explain",neutralize
fake_65,"Kremlin Issues Warning to Trump Regarding Leaks. The Kremlin has communicated a message to the United States, as conveyed by Russian Foreign Ministry spokesperson Maria Zakharova. In a discussion about Rex Tillerson's upcoming visit to Russia, Zakharova expressed concerns regarding the leaks originating from the Trump administration. She stated, ""First, the US Department of State asked us to keep the planned visit quiet and not to announce it until the last possible minute, until we coordinated the date. We did as they asked. But a day or two later the information was leaked by the US State Department and sometimes by the US administration. Frankly, this put Russia and the media in a strange situation, because they didn’t know who to believe—the official agencies or the many leaks."" Zakharova further noted that if the leaks continue, there could be repercussions: ""Also, I would like to say that if the practice of leaking information that concerns not just the United States but also Russia, which has become a tradition in Washington in the past few years, continues, there will come a day when the media will publish leaks about the things that Washington asked us to keep secret, for example, things that happened during President Obama’s terms in office. Believe me, this could be very interesting information."" Recently, Trump has been working to address ongoing leaks, particularly concerning his administration’s relationship with Russia. This situation raises questions about the implications of the leaks for Trump and other Republican figures. The warning regarding the release of information from the Obama administration could be seen as a prompt for the Trump administration to manage the flow of information more effectively.",1,"Kremlin Threatens Trump: Stop Leaking Like A Colander Or We’ll Release Info.  Snitches get stitches  is Kremlin s message to the United States   at least according to Russian Foreign Ministry spokesperson Maria Zakharova, anyway. Discussing Rex Tillerson s planned visit to Russia, Zakharova complained about the leaks coming out of the Trump administration:First, the US Department of State asked us to keep the planned visit quiet and not to announce it until the last possible minute, until we coordinated the date. We did as they asked. But a day or two later the information was leaked by the US State Department and sometimes by the US administration. Frankly, this put Russia and the media in a strange situation, because they didn t know who to believe   the official agencies or the many leaks.If the Trump administration continues leaking like a colander, she says, there will be consequences:Also, I would like to say that if the practice of leaking information that concerns not just the ",neutralize
fake_66,"ALT-LEFT ATTACKS PHOENIX POLICE…Karma Hits Back Where it Hurts [Video]. A group of protesters identified as Democrats gathered at the Phoenix Rally to disrupt President Trump's speech. During the event, there were reports of police officers being attacked. The video below has gained attention as it shows a protester kicking tear gas away and subsequently being struck by a rubber bullet. Phoenix Trump Protester Ignores Police Orders, Gets Shot By Pepper Ball Before Being Escorted Away By Personpic.twitter.com/gFKq1Yxqnr  Breaking911 (@Breaking911) August 23, 2017THE PROTESTERS BEAT ON A POLICE VAN: Protestors were seen striking a police van while others were arrested inside pic.twitter.com/wTXHtRkWHT  Susanna Black (@SusannaBNews) August 23, 2017ANTIFA ATTACKS TRUMP SUPPORTERS LEAVING RALLY: Reports indicated that Antifa confronted individuals leaving the #PhoenixRally, including an incident where a black Trump supporter was punched. pic.twitter.com/KwSFeLukv0  Democrats for Trump (@YoungDems4Trump) August 23, 2017GANG SIGNS FLASHED BEHIND REPORTER JEFF FLAKE: An individual displayed gang signs behind @FoxBusiness reporter @JeffFlock outside the Trump rally. pic.twitter.com/V8aEWtlHoL  Jim Hoft (@gatewaypundit) August 23, 2017",1,"ALT-LEFT ATTACKS PHOENIX POLICE…Karma Hits Back Where it Hurts [Video]. Unhinged Democrat protesters converged on the Phoenix Rally to disrupt and create chaos during and after President Trump s speech. There were several instances of police officers being attacked. This is why the video below has gone viral. Watch how the protester kicks the tear gas away then receives a rubber bullet to the groin. Nice shot!Phoenix Trump Protester Ignores Police Orders, Gets Shot By Pepper Ball Before Being Escorted Away By Personpic.twitter.com/gFKq1Yxqnr  Breaking911 (@Breaking911) August 23, 2017THE PROTESTERS BEAT ON A POLICE VAN:Protestors beating on police van arrested protestors inside pic.twitter.com/wTXHtRkWHT  Susanna Black (@SusannaBNews) August 23, 2017ANTIFA ATTACKS TRUMP SUPPORTERS LEAVING RALLY:Antifa lunged at us leaving the #PhoenixRally. Even punched black Trump supporter in the face for being  Nazi. pic.twitter.com/KwSFeLukv0  Democrats for Trump (@YoungDems4Trump) August 23, 2017G",neutralize
fake_67,"Palin Attributes Son’s Domestic Violence Arrest To Obama (VIDEO). Sarah Palin has returned to the national stage as part of the Trump campaign, making headlines with recent comments. Palin's son Track, a combat veteran, was arrested on domestic violence charges following an altercation with his girlfriend, who reported that he threatened to take his own life with an AR-15 rifle. During a Trump rally in Tulsa, Oklahoma, Palin indicated that her son's arrest could be linked to President Obama. She expressed concerns about how military personnel perceive their respect from leadership, stating, ""It starts from the top. The question, though, it comes from the top, the question, though, that comes from our own president where they have to look at him and wonder, Do you know what we go through? Do you know what we’re trying to do to secure America and to secure the freedoms that have been bequeathed us? So when my own son is going through what he goes through coming back, I can certainly relate with other families who kind of feel these ramifications of PTSD and some of the woundedness that our soldiers do return with, and it makes me realize more than ever, it is now or never for the sake of America’s finest that we’ll have that commander in chief who will respect them and honor them,"" she said. President Obama has prioritized the care and security of military members since his first election, with a significant focus on the decision to end the war in Iraq, which resulted in substantial loss of life and injuries among service members. Obama has also worked to address gun violence, particularly concerning the issue of soldiers who may be driven to suicide using firearms. In contrast, Palin supported the invasion of Iraq and was part of a presidential ticket that advocated for military action against Iran, which could have increased risks for American soldiers. During her remarks with Trump, she criticized Obama for proposing gun safety measures. This approach is characteristic of Palin, who often presents statements that some may consider lacking in clarity, accompanied by assertions that align with certain political narratives.",1,"Palin Blames Son’s Domestic Violence Arrest On Obama (VIDEO). Sarah Palin has marked her return to the national stage as part of the Trump campaign with another doozy. Palin s son Track   a combat veteran   was recently arrested on domestic violence charges. He had a fight with his girlfriend, who told police that he threatened to kill himself with an AR-15 rifle.At a Trump rally in Tulsa, Oklahoma, Palin blamed her son s arrest on Obama. It s a shame that our military personnel even have to question, have to wonder if they re respected anymore. It starts from the top. The question, though, it comes from the top, the question, though, that comes from our own president where they have to look at him and wonder,  Do you know what we go through? Do you know what we re trying to do to secure America and to secure the freedoms that have been bequeathed us? So when my own son is going through what he goes through coming back, I can certainly relate with other families who kind of feel these ",neutralize
fake_68,"MAINSTREAM MEDIA REPORTS ON PROTEST Against Obama’s Trade Agreements: ""Significant protest this country has seen in many years."" The public's expectation was that Obama and the Democrats would support American interests over corporate interests. In discussions surrounding Obama’s notable trade agreements, the Trans-Pacific Partnership (TPP) and the Transatlantic Trade and Investment Partnership (TTIP), there is a unified stance among officials and media. Barack Obama has indicated that this treaty will be beneficial for all parties involved. In his remarks, Obama stated that Congress and the American public would have ample time to review the agreement before he signs it, which he described as advantageous for all sides. He mentioned that if the agreement reaches his desk, it could assist U.S. businesses in selling more goods and services globally and enable American workers to compete effectively. The mainstream media has largely echoed support for these trade agreements, as reflected in headlines from this past Monday: Time Magazine: ""Pacific Trade Deal Is Good for the U.S. and Obama’s Legacy""; The Washington Post: ""The Trans-Pacific Partnership is a trade deal worth celebrating."" A less popular opposing perspective suggests that, similar to past free trade agreements entered into by the U.S. since World War II, the anticipated outcome may not align with optimistic projections. Critics argue that the U.S. trade deficit (excluding petroleum) is already reaching record levels and that these agreements could result in further job losses and business relocations abroad, which has raised questions regarding the expedited processes surrounding the TPP and TTIP in Congress. While there appears to be limited public discourse on the passage of the TPP in the U.S., partly due to a lack of media focus on the issue, other nations have shown resistance to trade agreements perceived to favor large corporations. For example, in Germany, hundreds of thousands of individuals gathered in Berlin to protest the proposed free trade agreement between Europe and the United States, citing concerns over democratic processes and potential reductions in food safety, labor, and environmental standards. Critics of the TTIP express worries that it may lead to diminished regulations in Europe, potentially lowering consumer safety and labor rights to levels currently seen in America. Concerns about the confidentiality of the negotiation processes have also emerged, raising skepticism about the resulting agreements. Organizers, comprising environmental groups, charities, and opposition parties, reported that 250,000 people participated in the rally opposing free trade deals with both the United States and Canada, exceeding their expectations. Christoph Bautz, director of the citizens' movement Campact, addressed participants, stating, ""This is the largest protest that this country has seen in many, many years."" According to Reuters, opposition to the Transatlantic Trade and Investment Partnership (TTIP) has increased in Germany over the past year, with critics arguing that the agreement could grant excessive authority to large multinationals at the detriment of consumers and workers. Public frustration seems to center on corporate influence globally: Oliver Zloty expressed to Reuters TV, ""What concerns me the most is the potential weakening of our consumer laws.""",1,"MAINSTREAM MEDIA IGNORES MASSIVE PROTEST Against Obama’s Sweetheart Deal For Corporations: “Biggest protest this country has seen for many, many years”. Wait we thought Obama and the Democrats were supposed to be standing up to the  evil corporations  and standing up for the every day American?When it comes to official and media opinion on Obama s crowning trade  achievements , the Trans-Pacific Partnership (TPP) and the Transatlantic Trade And Investment Partnership (TTIP), the party line is united. As previously noted, Barack Obama has assured the population that this treaty is going to be wonderful for everyone:In hailing the agreement, Obama said,  Congress and the American people will have months to read every word  before he signs the deal that he described as a win for all sides. If we can get this agreement to my desk, then we can help our businesses sell more Made in America goods and services around the world, and we can help more American workers compete and win,  Obama said",neutralize
fake_71,"WATCH: Tom Brokaw and Morning Joe Critique Sarah Palin for Comments on Paul Ryan. The renowned newsman appeared on MSNBC to discuss the media's responsibility in holding Donald Trump accountable for his statements and actions, while also addressing remarks made by Sarah Palin. As a guest on Morning Joe on Monday, Tom Brokaw expressed concern about the media's performance regarding Donald Trump, whose rhetoric has positioned him as the presumptive Republican presidential nominee. He noted that Trump has made statements that were factually inaccurate and has not faced repercussions for many of them. Brokaw acknowledged Trump's ability to resonate with a significant portion of the electorate and remarked on the unexpected success of his campaign. He emphasized the importance of adapting to the current political landscape and questioned whether Trump's approach of confronting members of his own party would be beneficial. Earlier in his comments, Brokaw referenced Trump's treatment of House Speaker Paul Ryan and mentioned Palin's assertion that Ryan's political future would be jeopardized if he did not support Trump. Brokaw's mention of Palin prompted laughter from Joe Scarborough, who made an observation that elicited further laughter from the panel. BROKAW: For him to just confront Paul Ryan the way that he has. To have Sarah Palin stating that Paul Ryan has no career now, that it is over for him. SCARBOROUGH: Says someone who has no career now. Here is the video via Media Matters. The remarks made by Joe Scarborough and Tom Brokaw regarding Sarah Palin were noted for their accuracy. Indeed, Sarah Palin's political career has seen a decline since her term as governor of Alaska, which she left midway through. Since then, she has engaged in various ventures, including aligning herself with Donald Trump for increased visibility.",1,"WATCH: Tom Brokaw And Morning Joe BURN Sarah Palin For Threatening Paul Ryan. The legendary newsman appeared on MSNBC to slam the media for not holding Donald Trump accountable for what he says and does, but also had time to laugh at Sarah Palin.As a guest on Morning Joe on Monday, Tom Brokaw criticized the media for not doing their jobs when it comes to Donald Trump, whose violent and hateful rhetoric has helped him become the presumptive Republican presidential nominee. In the course of the campaign, [Trump has] said some things that were just blatantly not true. He s never been held accountable for it, so many of them, and the things that he s said. Having said all of that, he did touch a big nerve out there and he ran a campaign that no one at this table or in the political world expected him to do as well as he has. But all factors in life are about how do you adjust to the reality of where you are next, how you re going to deal with the next phase of this. And we re now in the ne",neutralize
fake_72,"UPDATE: COMEY’S LEAKER Goes Into Hiding [Video]. A Columbia University professor from Brooklyn has reportedly gone into hiding following revelations made by James Comey during his Senate testimony. Comey disclosed that this individual leaked memos outlining his conversations with President Trump to the media. The professor, identified as Richman, was not present at his residence on Henry Street by midday, and attempts to reach family members, friends, and neighbors for additional information were unsuccessful. A doorman at the building has been designated as a security guard to prevent reporters from entering. Richman's spouse, Alexandra Bowie, is noted to have previously served as the president of the Brooklyn Heights Association, a prominent civic organization in the area. The group's director, Peter Bray, chose not to comment on the situation involving Richman. During his testimony, Comey stated that he opted to share the contents of his memo regarding President Trump with a close friend to facilitate its release to the press after the president tweeted about their discussions. Comey mentioned that he believed leaking the memo could lead to the appointment of a special counsel. According to reports, the individual who received the memos is a former classmate of Comey from Columbia Law School and is recognized as an advisor to him. Daniel Richman appears in the video linked below, which, although dated, aims to provide context about his relationship with Comey. Comey confirmed: James Comey leaked details of his conversation with @POTUS to friend and confidant Daniel Richman.",1,"UPDATE: COMEY’S LEAKER Goes Into Hiding [Video]. A Columbia University professor from Brooklyn went into hiding Thursday after pal James Comey revealed during his Senate testimony that the man leaked memos detailing the former FBI chief s conversations with President Trump to the press.But Richman had vanished from his Henry Street digs by midday, and family members, friends and neighbors wouldn t answer doors or phone calls to shed any more light.A doorman eventually turned security guard to stop reporters entering the building.Richman s wife, Alexandra Bowie, is a former president of the influential neighborhood civic group the Brooklyn Heights Association. Its director, Peter Bray, declined to speak about the man who had suddenly usurped Lena Dunham as the nabe s most famous inhabitant.Comey said in his testimony that he decided to give the content of his Trump memo to his good friend to leak to the press after President Trump tweeted out about possible  takes  of their conversation",neutralize
fake_73,"During a live interview on MSNBC, John Lewis faced interruptions from protesters. The individuals expressed their discontent, contributing to a noticeable disruption at the Democratic convention. This situation highlights tensions within the party.",1,PRICELESS! RACE BAITER JOHN LEWIS Bombarded With Hecklers During Live MSNBC Interview [Video]. The protesters are breaking all the rules and creating total chaos at every turn during the Dem convention. It is truly a case of the liberals eating their own! Fun to watch!,neutralize
fake_74,"DOJ Lawyers Argued That Trump Is Above The Law And Untouchable By Any Court (AUDIO). In a recent discussion, it was noted that some supporters of Trump have referred to him as their God-Emperor. This sentiment appears to have influenced the arguments made by his Department of Justice lawyers, who asserted that he is entirely untouchable by any court and that his decisions are absolute. On Tuesday, August Flentje, Special Counsel to the Assistant U.S. Attorney General, responded to a question posed by Judge Michelle T. Friedland regarding the extent of presidential power during the Trump administration's efforts to reinstate the Muslim ban. The question asked was whether the President has unchecked power and if his decisions in that context are unreviewable. Flentje's answer, which was brief, indicated a perspective held by Trump and his legal team: Yes. Judge Friedland inquired again, asking if they were contending that President Trump's power is unreviewable by the courts. A: yes. This position has drawn criticism from various quarters, with some Americans expressing concern over the implications of such claims. Adam Winkler remarked that, similar to the situation during the George W. Bush administration, Trump’s assertions of unreviewable executive power may prompt courts to impose new limitations on presidential authority. Additionally, Amy Fried suggested that senators should question Gorsuch regarding the Trump DOJ's stance that the executive order travel ban is 'unreviewable' by federal courts. The assertion that the president's decisions are unreviewable was reiterated in various forms across social media platforms. Critics have pointed out that the Trump administration's position reflects a viewpoint that a minority of voters, aided by external influences, have resulted in a concentration of power typically associated with a dictatorship rather than a democratic presidency. While campaigning, Trump identified himself as the 'law and order' candidate, which raises questions about the interpretation of his presidential powers. Further information can be accessed through the audio recording linked below. Read more: Featured image via Getty Images (Chip Somodevilla)",1,"DOJ Lawyers LITERALLY Argued That Trump Is Above The Law And Untouchable By Any Court (AUDIO). You know how white supremacists have been calling Trump their  God-Emperor? Apparently, that has gone to The Donald s head, as his DOJ lawyers actually argued that he is completely untouchable by any court and his decisions are absolute.On Tuesday, August Flentje, Special Counsel to the Assistant U.S. Attorney General, was asked a question that should have been an automatic  no    Does the President have unchecked power? Are you arguing then that the president s decision in that regard is unreviewable?  Judge Michelle T. Friedland asked Flentje at one point in the Trump administration s attempt to get the Muslim ban back up and running. To most, the idea of any leader having unlimited and absolute power in any area of the government is frightening, but to the Trump administration it s just the way things should be.Flentje hesitated briefly, then provided a single-word answer that reveals ever",neutralize
fake_76,"Beyonce’s Super Bowl Performance Included a Notable Message. Beyonce is a prominent performer recognized for her impactful presentations. During Super Bowl 50, she delivered a performance that included significant thematic elements. Alongside her musical presentation, Beyonce highlighted the Black Lives Matter Movement, presenting it prominently to a large audience. Beyonce, known for her political engagement, performed with Bruno Mars and Coldplay, introducing her first song in over a year titled Formation. This song is recognized as an homage to the Black Lives Matter Movement, which is further illustrated in the song's recently released music video. In the video, Beyonce is depicted standing on a submerged vehicle in a setting reminiscent of post-Hurricane Katrina New Orleans. A child in a black hoodie is shown in front of a line of police officers, accompanied by the message Stop shooting us. Beyonce and her husband Jay-Z are acknowledged for their political involvement, including financial contributions to support protesters in Baltimore last year. The visibility of the Black Lives Matter movement is considered significant, and Beyonce’s use of the Super Bowl as a platform has the potential to reach a wide audience.",1,"Beyonce’s Super Bowl Performance Had An Important Hidden Message You Need To Hear (VIDEO). Beyonce is one of the most sought-after performers in the world, and she knows how to deliver an electrifying performance. She did exactly that during Super Bowl 50. In addition to her amazing lyrics and dancing, Beyonce also had an important message for the country, putting the Black Lives Matter Movement at center stage in front of hundreds of millions of people.Beyonce is no stranger to political activism. Appearing with Bruno Mars and Coldplay, she introduced her first song in more than a year entitled Formation. But, Formation is not just any song: it also happens to be  an ode to the Black Lives Matter Movement, as evidenced by the song s newly-released music video.[youtube https://www.youtube.com/watch?v=-5BPfRHX1SE]Beyonce begins the video by standing on top of a submerged car in a post-Hurricane Katrina New Orleans. Then a small child in a black hoodie appears in front of a line of polic",neutralize
fake_77,"BREAKING: A REPORTER has indicated that the Secret Service collected phones from debate attendees to prevent camera flashes that could potentially trigger a medical condition for Hillary Clinton. Health professionals have raised questions regarding Hillary's unusual behavior and her reliance on assistance for mobility, suggesting a possible connection to Parkinson's disease. This speculation aligns with video footage that shows Hillary experiencing what may resemble seizure activity. Given that flashes can act as triggers for seizures, it appears reasonable that the Secret Service would request phones be put away during the debate. The implication is that a seizure occurring on stage would be problematic for the campaign, particularly if there are concerns regarding a significant health issue. In a recent development, it was reported that the Secret Service advised attendees not to use flash photography due to concerns about Hillary Clinton's condition. A reporter stated on Monday that the Secret Service had communicated this restriction to ensure that there would be no disruptions related to her seizure disorder. Reports also indicated that the Secret Service instructed participants at the #debate to avoid flash photography for the same reason.  ",1,"BREAKING: REPORTER Says Secret Service Took Debate Attendees Phones To Avoid Flash That Could Trigger Hillary’s Seizures [VIDEO]. Health professionals have been speculating for months that Hillary s odd behavior and inability to stand or walk without help is likely related to Parkinson s disease. That would explain the videos where Hillary is seen having what appears to be having a seizure. Since seizures are triggered by flashes, it makes sense that the Secret Service would take phones away from the audience. Having a full-blown seizure on the debate stage would probably be a mistake at this point in the campaign after Hillary s been likely hiding a serious, debilitating disease Watch here:And here:https://youtu.be/11-EAzsGxgQLast night the Secret Service took attendees phones before going into the debate.now we know why REPORTER:  This is why it was banned apparently because the Secret Service did not trust people to disable the flashes on their cameras and they were afraid it would ",neutralize
fake_78,"President Obama visited a mosque in the United States for the first time, addressing the Islamic Society of Baltimore in Maryland. His remarks emphasized the importance of unity between Islam and other major religions in America. During his speech, Obama acknowledged the contributions of Muslim Americans, stating, ""Muslim Americans keep us safe,"" and noted their roles in various community services, including law enforcement and homeland security. He reiterated that the United States is not at war with Islam, but instead relies on its practitioners in the fight against international terrorism. In contrast, some Republican conservatives have characterized Islam negatively, often suggesting that its followers are predominantly supportive of terrorism, despite the fact that such violent acts are committed by a very small faction. Prominent Republican presidential candidate Donald Trump has proposed measures such as a Muslim registry and restrictions on Muslim travel to the United States. In his address, President Obama remarked, ""We are one American family. We will rise and fall together,"" and specifically reached out to young Muslim Americans, encouraging them by saying, ""You’re right where you belong. You’re part of America too."" Additionally, he urged the media to increase the representation of Muslims in films and television, advocating for portrayals that reflect their diverse contributions to American society rather than limiting them to roles associated with terrorism. The President referenced historical changes in media representation, noting previous shortcomings in the portrayal of black Americans in film and television.",1,"What Obama Said At His First Mosque Visit Will Drive The Right Insane (VIDEO). President Obama paid the first visit to a U.S.-based mosque and made a stirring call to unity between Islam and America s other major religions. In his visit to the Islamic Society of Baltimore in Maryland, Obama cut through a lot of conservative Republican rhetoric about the role of Islam in America. Muslim Americans keep up safe,  Obama told the audience, crediting the contributions Muslims have made to communities.  They are our police. They are our fire fighters. They re in (the Department of) Homeland Security. President Obama has had to repeatedly, patiently explain during the course of his presidency that the United States is not at war with Islam, but in fact relies on practitioners of the faith to serve side by side in the war against international terrorism.By contrast, Republican conservatives have constantly demonized Islam, acting as if its followers are monolithically pro-terrorism, when in rea",neutralize
fake_79,"Eric Trump has requested the Labor Department for permission to hire foreign workers. This situation raises questions about consistency in approach, particularly regarding Donald Trump's previous criticism of American companies like Ford and General Motors for relocating factories overseas instead of employing American workers. Trump has previously targeted a Japanese automaker for establishing a factory in Mexico rather than in the United States. The current scenario is notable because, while Trump has publicly expressed the importance of American jobs, his son is seeking to employ foreign workers. Eric Trump, who owns Trump Vineyards, is making this request to the Labor Department for the second time. The petition indicates that the workers would receive compensation of over $11 an hour for manual labor in cold weather conditions. These workers would be required to handle chemicals and lift up to 60 pounds of grapes onto a truck. This situation contrasts with Trump's messaging regarding American employment. Furthermore, Trump's administration has been known to conduct raids aimed at undocumented immigrants, arguing that they take jobs from American citizens. However, many of these roles, such as those in agriculture, are often not preferred by the American workforce. This context raises further discussion about the implications of Eric Trump's hiring practices and their alignment with the broader narrative of prioritizing American jobs.",1,"Eric Trump Just Asked The Labor Department To Let Him Hire Foreign Workers AGAIN. If any other American company did this, Donald Trump would be attacking them on Twitter.But Trump has a double standard when it comes to his own business and the businesses owned by his family members.As you may recall, Trump has openly attacked Ford, General Motors, and a slew of other companies for building factories overseas instead of building them here and hiring American workers to do the jobs.Trump even attacked a Japanese automaker for building a factory in Mexico instead of in the United States.The hypocrisy here is that while Trump is attacking these companies for not hiring Americans, his own son is begging the Labor Department to let him hire foreign workers instead of giving jobs to Americans.Eric Trump owns Trump Vineyards, and for the second time he is asking the Labor Department to let him hire foreign workers.According to the petition filed, the workers would be paid over $11 an hour to p",neutralize
fake_80,"Republican Presidential Candidate Jeb Bush has introduced a significant aspect of his welfare reform proposal. The candidate aims to eliminate the federal Supplemental Nutrition Assistance Program (food stamps) and the Temporary Assistance for Needy Families program. It is important to note that Right to Rise is the designation of Bush's Super PAC. Bush proposes substituting these programs with a new initiative that would provide states with Right to Rise grants, intended to support state-administered programs focused on poverty alleviation. He characterizes the existing programs as ineffective in addressing poverty, citing that approximately 47 million individuals remain in poverty in the United States. Under this new framework, states would receive Right to Rise Grants, allowing for tailored approaches to assist low-income families based on the specific needs of each state. Bush, reflecting on his tenure as governor of Florida, mentioned that states can serve as 'laboratories of democracy' and expressed a belief that increased flexibility for states could foster innovative solutions to reduce poverty and enhance opportunities. However, critics argue that Bush's approach does not prioritize reforming welfare to combat poverty effectively. They contend that it may lead to a dismantling of the current welfare system, which could result in a less efficient government. Additionally, there are concerns regarding Bush's stance on the federal minimum wage; he has expressed opposition to raising it, suggesting that minimum wage issues should be managed at the state level. While economists hold varying opinions on the impact of raising the minimum wage on job creation, a consensus exists among many that an increase could help lift individuals out of poverty. Observers suggest that candidates, regardless of political affiliation, interested in welfare reform aimed at poverty alleviation could benefit from examining the strategies employed in Finland.",1,"Republican Presidential Candidate Reveals Their New Plan To Starve The Poor. Jeb Bush just unveiled a key component of his welfare reform package. The Republican presidential candidate wants to completely scrap the federal Supplemental Nutrition Assistance Program (food stamps), and the Temporary Assistance for Needy Families program. It should be noted that  Right to Rise  is the name of Bush s Super PAC.Bush wants to replace those programs with one that gives states  Right to Rise  grants, to support state-run programs aimed at alleviating poverty. Bush refers to the current programs in place as  failed programs  of the war on poverty, on account of there being 47 million people who are still poor in the United States. In the place of these failed programs, states will be given Right to Rise Grants. These grants will allow states to meet the needs of poor families, in the way that makes most sense in each state. As governor of Florida, I saw first-hand how states could be the laborat",neutralize
fake_81,"A sports host has criticized a fellow ESPN host for suggesting that white athletes should take a knee during the National Anthem. The discussion raises questions about the willingness of Americans to confront leftist viewpoints and the implications of such actions on free expression. The piece notes that some believe the left is influencing public sentiments to the detriment of various groups, including law enforcement. The role of sports channels in societal discussions has also come under scrutiny, with claims that they are shifting from their traditional role as unifying entities. The ESPN network, owned by Disney, has been highlighted for its efforts in this direction. The tools of fear and intimidation are mentioned as methods purportedly employed by the left to promote their message. On a recent segment of Fox News, Fox Sports 1 host Jason Whitlock discussed the state of protests during the National Anthem in the NFL. While acknowledging that protesting is within the rights of players, Whitlock expressed concerns about the effectiveness of methods used by individuals such as former quarterback Colin Kaepernick. He suggested that there are NFL players, regardless of race, who might believe that protesting the National Anthem could dilute their message regarding police brutality and social justice. Whitlock stated that players have various platforms to express their views, but using the National Anthem for protests may lead to misinterpretation of their intentions. He further inquired about the absence of dissenting voices from NFL players regarding the current style of protest, suggesting that some may recognize its shortcomings but refrain from commenting due to potential backlash. The article concludes by noting that organizations like the NFL and ESPN have become prominent in promoting social justice initiatives amid a climate of increasing societal division.",1,"WATCH: BLACK SPORTS HOST BLASTS White ESPN Sports Host For Asking White Athletes To Take A Knee During National Anthem. When will Americans stop being afraid of standing up to leftist agitators and tell them,  NO!  When will Americans find a backbone and stop allowing the left to dictate what they re allowed to say or to feel? Why are white Americans allowing themselves and law enforcement officers of every race and ethnicity to be thrown under the bus, because we re led by the radical left to believe that it will somehow make us better people.Oddly, sports channels have decided to assume the role of America s social conscience. Sports used to be a unifying force for Americans, a place for perfect strangers to come together and bond over their love and support for a particular team. The Disney owned ESPN sports network has been working very hard to change that.Fear and intimidation are two of the tools the Left uses in order to make people comply with their message of unity through div",neutralize
fake_82,"SEAN HANNITY QUESTIONS TRUMP-RUSSIA Collusion Narrative: ""Is this all Mueller has? Because if it is, it’s PATHETIC"" [VIDEO]. During his Fox News show, Sean Hannity discussed the Mueller indictment of Paul Manafort and the implications for the Trump-Russia collusion narrative. Hannity noted that the charges against Manafort do not pertain to Trump-Russian collusion. He highlighted that the financial matters under investigation by Mueller's team occurred between 2008 and 2014, indicating that the Manafort indictment is unrelated to the Trump campaign or Donald Trump. Hannity questioned the sufficiency of Mueller's findings, stating, ""Is this all Mueller has? Because if it is, it’s pathetic."" He emphasized that there has been no evidence of collusion between President Trump and Russia after a year of investigation. Hannity also reminded viewers that the Grand Jury was empaneled in Washington DC, which is known for its liberal voting patterns, with over 90% of the population having voted for Hillary Clinton. Watch: .@seanhannity on Manafort indictment: ""Is this all Mueller has? Because if it is, it's pathetic."" #Hannity https://t.co/RW3GsNSXP3 pic.twitter.com/pXNOGVlsd9  Fox News (@FoxNews) October 31, 2017. Newt Gingrich appeared as a guest on the Sean Hannity show, where he expressed his views on the Mueller investigation of Paul Manafort. Gingrich echoed Hannity's sentiments, describing the prosecutor as out of control, indicating that the focus was supposed to be on Russian collusion. He further elaborated on what he termed a significant misuse of authority by Mueller in relation to Paul Manafort. Watch: .@newtgingrich on Mueller investigation: ""You have an out-of-control prosecutor."" #Hannity https://t.co/RW3GsOazdD pic.twitter.com/qs8hRFGPjR  Fox News (@FoxNews) October 31, 2017.",1,"SEAN HANNITY BLASTS FAKE TRUMP-RUSSIA Collusion Narrative: “Is this all Mueller has? Because if it is, it’s PATHETIC” [VIDEO]. During his Fox News show tonight, Sean Hannity went off on the unequal justice in the Mueller indictment of Paul Manafort and phony Trump-Russia collusion narrative. Hannity reminded his audience that none of the charges that have been levied against Manafort have anything whatsoever to do with Trump-Russian collusion. He reminded his viewers that the financial issues Mueller s team was looking at were between the years of 2008-2014.So in other words, nothing of the Paul Manfort indictment had anything to do with the Trump campaign or Donald Trump. Is this all Mueller has? Because, if it is, it s pathetic. Another day, another example, after a year of speculation. No evidence of any collusion between President Trump and Russia.Sean goes on to remind his viewers that the Grand Jury was empaneled in Washington DC, one of the most liberal cities in America, where ",neutralize
fake_83,"Music mogul Russell Simmons, who has been friends with Republican nominee Donald Trump for the past 30 years, recently shared his perspective on Trump's candidacy for the presidency in an interview with Fortune. Simmons acknowledged that while he disagrees with many of Trump's political and personal beliefs, he still finds Trump to be a personable individual. However, Simmons emphasized that he does not believe Trump is suitable for the presidency. In discussing Trump's qualifications, Simmons expressed concerns about the racist and anti-Semitic comments he has heard and observed from Trump over the years. He stated, ""People carry beliefs that are hurtful; none of us are enlightened. I would laugh off things he said that were off-color, that kind of didn’t represent my viewpoints. Certainly, I heard things that seemed a little racist."" Simmons noted that Trump's remarks, which he described as often Islamophobic and anti-black, could have serious implications for the country. He remarked, ""The fear is that his statements would take people who would never even admit to having those seeds of hate in them, and water those seeds, and then those people would say things they wouldn’t even imagine saying, and then it became the norm."" In a previous interview with CNN Money, Simmons had also commented on Trump's history, stating, ""[Donald] has said racist things for 30 years. White supremacy, he’s the epitome of it. He represents the image of white supremacy more than any candidate I’ve seen."" Given his long-standing friendship with Trump, Simmons positions himself as someone who can provide insight into Trump's character. He expressed hope that the American public is paying attention to Trump's behavior during the campaign, asserting that it reflects his true nature and potential as a president.",1,"Longtime Trump Friend Russell Simmons Drops Bombshell On Trump’s DISGUSTING Racism Toward Him (VIDEO). Music mogul Russell Simmons has been friends with Republican nominee Donald Trump for the past 30 years, and has finally come forward to express his opinion on Trump s run for the presidency.In a recent interview with Fortune, Simmons revealed that although Trump had many political and personal beliefs that he didn t agree with, he still found Trump to be a likable person. However, Simmons made it perfectly clear that he didn t think Trump was a  suitable person for the presidency.  In expressing how unqualified Trump was to run the country, Simmons was candid about the racist and anti-semitic comments he heard and witnessed Trump make over the last three decades. Simmons said: People carry beliefs that are hurtful, none of us are enlightened   I would laugh off things he said that were off-color, that kind of didn t represent my viewpoints. Certainly, I heard things that seemed a lit",neutralize
fake_84,"ARTIST OF OBAMA HOPE POSTER Weighs In On Obama’s Presidency. The artist who created the well-known HOPE poster, Shepard Fairey, has shared his thoughts on the two terms of President Obama. Some observers have suggested that Fairey's work contributed to Obama's election in 2008, a time when many were seeking hope and change. However, with the passage of time, opinions have shifted, and some argue that the anticipated hope has not materialized, and the changes enacted have been viewed negatively. Despite criticism of Obama's agenda, Fairey has decided to support Bernie Sanders in the upcoming election. He expressed that after Obama's initial election, there were many promises made during the campaign that were not fulfilled. Fairey remarked that while he believes history may judge Obama kindly, he wishes for a more progressive direction than what was achieved. He noted that Obama has become more vocal in recent months but indicated that there was a significant period during his presidency where he felt more could have been accomplished. Fairey also commented on the challenges Obama faced, stating that he had hoped for more action and that congressional gridlock should not be used as the sole explanation for unmet expectations. Additionally, German journalist Klaus Faissner highlighted a transformation he perceived in Obama from an inspiring candidate to a leader who, in his view, embraced policies reminiscent of previous administrations, including drone strikes and mass surveillance. Faissner noted that Obama authorized more drone strikes than his predecessor, George W. Bush, during his time in office, which resulted in significant non-combatant casualties often referred to as collateral damage. Via: Progressives Today",1,"ARTIST OF OBAMA HOPE POSTER Weighs In On Obama’s Presidency. Remember the HOPE poster that became a huge hit? Well, the artist responsible for it is speaking out on the past two Obama presidencies. Some might say that Shepard Fairey is partly responsible for the election of Obama. Who DIDN T want some hope and change in 2008? Now we know the rest of the story we got no hope and the change is a disaster! So you would think that Shepard Fairey has seen the light and is voting like many Democrats are for Trump. No, he hasn t learned anything after all. As much as he says Obama s agenda was a disaster, he s going to vote for Bernie. Liberal lunacy for sure!Shepard Fairey, who s now a Bernie Sanders supporter, says that after Obama won the presidency, he went  quiet on a lot of things  he promised while running for office. I think history will be fairly kind of his presidency but I want things to move further in the direction that he promised as a campaigner,  he said.  He s been more outsp",neutralize
fake_85,"A teacher has resigned from her position after receiving threats from her students at a primary school in Sydney, Australia. Reports indicate that students in Year 5 have made threats of violence, including beheading, leading to a stressful environment for staff at Punchbowl Public School. According to the Daily Telegraph, documents reveal that three staff members have taken leaves of absence due to stress, received counseling, and been awarded compensation related to incidents involving students. One female teacher stated that she decided to quit after her family received death threats from her Year 5 and 6 students, some of whom allegedly threatened to behead her. She reported that she had previously made complaints in 2014 regarding student behavior, including an incident where she was confronted by students who wanted to display a Syrian flag in the classroom. Additionally, she reported being pushed into a corner by students who were chanting. The reported bullying extended beyond teachers, with incidents involving students pressuring peers regarding religious attendance. In one case, a group of boys allegedly surrounded a girl and called her derogatory names. A video related to these incidents has circulated on social media. Meanwhile, Oakland County Undersheriff Michael McCabe stated that an individual mentioned concerns about a custody ruling on September 4.",1,"TEACHER QUITS JOB After 5th, 6th Grade Muslim Students Threaten To Behead Her [VIDEO]. You re never to young to commit jihad Teachers at a primary school in Sydney, Australia have been threatened with beheading and other violence from young Islamic students, prompting one of them to quit her job.Students as young as those in Year 5, according to the Daily Telegraph, are making the violent threats and pressuring others to read the Koran at Punchbowl Public School in Sydney.Documents given to the newspaper allege that three staff members have taken a leave of absence owing to stress, received counselling and been awarded compensation after bullying from Islamic students.One female teacher reportedly quit her job after it got too much for her. She claims she quit after receiving death threats to her family from her year 5 and 6 students, with some saying they would behead her.The teacher also said she made numerous complaints back in 2014 about the extraordinary behavior in the class. For",neutralize
fake_86,"Newt Gingrich noted on Fox & Friends that the show's platform played a significant role in the emergence of Donald Trump's candidacy. During the segment, hosts Steve Doocey and Brian Kilmeade remarked that Trump poses a challenge to the GOP Establishment, as he is a billionaire spending relatively little while maintaining a strong position in the race. Gingrich responded by stating that Fox News contributed to the establishment of Trump's candidacy. He explained that Trump utilizes social media to communicate directly with the public at no cost and engages with the show's hosts, which would otherwise involve substantial advertising expenses. In contrast, other candidates, such as former Republican contender Jeb Bush, invested considerable resources without achieving comparable traction, ultimately exiting the race after the South Carolina primary. Gingrich emphasized that Trump has received extensive media exposure without incurring costs. He remarked, ""You can say that Trump is the candidate Fox & Friends invented,"" highlighting Trump's frequent appearances on the program. However, the relationship between Trump and Fox News has become more complex. Since the initial GOP debate, Trump has criticized the network for perceived biases, describing it as 'disgusting.' While some at Fox may take pride in having facilitated Trump's rise within the GOP, others may have reservations about the consequences for the network.",1,"Newt Gingrich Brutally Reminds Fox & Friends That They Created Trump (VIDEO). Donald Trump s candidacy would not have happened if Fox & Friends hadn t encouraged it all these years. And Newt Gingrich reminded the hosts of the show of that fact on Monday.During the appearance, Fox hosts Steve Doocey and Brian Kilmeade mentioned to the former House Speaker that Donald Trump is the GOP Establishment s worst nightmare because he s a billionaire who  is spending the least amount of money and running away with this thing. In response, Gingrich pointed out that it was Fox News that created the Trump candidacy in the first place. That s because of you guys. Donald Trump gets up in the morning, tweets to the entire planet at no cost, picks up the phone, calls you, has a great conversation for about eight minutes   which would have cost him a ton in commercial money. And meanwhile, his opponents are all out there trying to raise the money to run an ad. Indeed, former Republican candidate Jeb Bus",neutralize
fake_87,"SUNDAY SCREENING: ‘A Noble Lie’ (2011). 21st Century Wire presents our weekly documentary film curated by our editorial team at 21WIRE. The 1995 bombing of the Alfred P. Murrah Federal Building in Oklahoma City was a significant event in the history of domestic terrorism in the United States, resulting in the deaths of 168 individuals, including nineteen children. This event has led to scrutiny regarding the government's official narrative. A Noble Lie examines the bombing and investigates the individuals alleged to be involved, as well as others who were on the periphery of the event. The film presents information that may not have been previously addressed or considered by the American public. Watch: https://www.youtube.com/watch?v=vHDIhxeMOcI. Run time: 2 hours. Director: James Lane. Writers: Wendy Painting, Holland Vandennieuwenhof. Production: Free Mind Films. SEE MORE SUNDAY SCREENINGS HERE. SUPPORT 21WIRE. SUBSCRIBE & BECOME A MEMBER @ 21WIRE.TV.",1,"SUNDAY SCREENING: ‘A Noble Lie’ (2011). 21st Century Wire says Our weekly documentary film curated by our editorial team at 21WIRE The 1995 bombing of the Alfred P. Murrah Federal Building in Oklahoma City was an event that shook the United States domestic scene. Up to that date, it was the largest act of  domestic terrorism  in America, killing some 168 people including nineteen children. However, many have questioned the government s official account of events. A Noble Lie re-investigates the bombing and re-examines the event s alleged perpetrators, as well as other unlikely role player on the periphery. What this film reveals may shock many viewers who thought they knew what happened that day, exposing information never before examined or brought to the attention of the American public. Watch:https://www.youtube.com/watch?v=vHDIhxeMOcI . Run time: 2 hours Director: James Lane Writers: Wendy Painting, Holland Vandennieuwenhof Production: Free Mind FilmsSEE MORE SUNDAY SCREENINGS HERE",neutralize
fake_88,"(VIDEO) DR. BEN CARSON PRESENTS A CLOSING STATEMENT AT THE GOP DEBATE. He stated that he is the only individual to have separated Siamese twins. He also claimed to be the only person to have conducted surgery on babies while they were still in their mother's womb. Additionally, he mentioned that he is the only one to have removed half of a brain, although he suggested that if one were to visit Washington, it might appear that someone had preempted him in this regard. He expressed optimism about not being the only one who would advocate for freedom, emphasizing that freedom comes with a cost.",1,"(VIDEO) DR. BEN CARSON’S GREAT CLOSING STATEMENT BRINGS THE HOUSE DOWN IN GOP DEBATE.  I m the only one to separate Siamese twins. The only one to operate on babies while they were still in their mother s womb. The only one to take out half of a brain, although you would think if you went to Washington that someone had beat me to it. But I m very hopeful that I m not the only one who will pick up the torch of freedom. Because freedom is not free!",neutralize
fake_89,"Pastor Decides Straight Couple Cannot Support Marriage Equality, Cancels Their Wedding. A couple, who has chosen to remain anonymous, faced a situation when the minister of their church informed them that he would no longer perform their ceremony or permit them to marry in his church. This decision was communicated during a private meeting. The issue, according to Minister Steven North of Ebenezer St. John's Presbyterian Church, stemmed from the bride's recent comment on Facebook in support of marriage equality in Australia. The country is currently conducting a survey to assist the parliament in determining whether to allow same-sex couples to marry. Minister North observed the bride-to-be's social media activity, where she expressed her support for the measure: ""I know it's something not everyone will agree on and that's fine but this is what I stand for and frankly it doesn't affect my relationship with [my partner] one bit."" Following this, North called the couple into his office. He explained that he would not perform the ceremony and reinforced his stance with a letter to the couple: ""After the pre-marital counseling that you attended and the sermons delivered at Ebenezer on this subject, you must surely appreciate that your commitment to same-sex marriage opposes the teaching of Christ Jesus and the scriptural position practiced by the Presbyterian Church of Australia and by me. This conflict of views has practical consequences in relation to your upcoming wedding."" The bride responded with disappointment. The couple has decided to leave their long-time church, issuing a statement: ""We feel this decision is absolutely disgraceful and is a disgrace to you and all the church, especially when we have been loyal and valued members of this congregation for 10 years. You were made aware from the beginning of our proceedings that we had gay friends and also that people in our wedding party were gay. How could you assume that we would abandon them or degrade them with regards to same-sex marriage?"" This couple is choosing to move forward based on their beliefs.",1,"Pastor Decides Straight Couple Can’t Even SUPPORT Marriage Equality, Cancels Their Wedding. I m shooting for irony here, so bear with me: Thank GOD some people proclaim their bigotry out loud, so you don t have to find out the hard way.Okay, so this couple (who are choosing to remain anonymous) kind of did find out the hard way, but they re still free to make other arrangements after the minister of their church called them into a private meeting to let them know he would no longer perform their ceremony or allow them to marry in his church.Pictured: IronyThe problem, according to Minister Steven North of Ebenezer St. John s Presbyterian Church, was the bride s recent comment on Facebook in support of marriage equality in her native Australia. The country is holding a survey   because some places value the individual input of their citizens   to help the Australian parliament decide whether or not to allow same-sex couples to marry.Apparently, the clergyman was monitoring the bride-to-",neutralize
fake_90,"The situation regarding the narrative surrounding Barack Obama's actions in relation to the Russian hacking allegations warrants examination. In initiating an inquiry into potential Russian interference in the election of Donald Trump, Barack Obama appears to aim at questioning the legitimacy of Trump's victory. This move may be understood in the context of Trump's previous public challenges to Obama's citizenship, which raised questions about the validity of Obama's presidency. Additionally, there is commentary on the recorded exchange between Obama and then-Russian President Dmitry Medvedev, where Obama indicated a desire for increased flexibility in addressing missile defense matters post-2012 election.

Following the election, President Obama has sought explanations for the losses experienced by himself and Hillary Clinton. He has attributed these losses to various factors, including media coverage, campaign strategies, and now, Russian interference, particularly regarding the 194 of 207 counties that supported him in the 2008 or 2012 elections. It is suggested that Vladimir Putin favored Trump's election, with implications made by some media outlets about connections between Trump’s campaign team and the Russian administration.

As the American public evaluates Trump's choices for defense and security positions, there are concerns about the new administration's approach toward adversarial nations, including Russia. Retired General James Mattis, nominated by Trump to lead the Defense Department, has characterized Russia's annexation of Crimea as a significant threat, which was not adequately addressed by the previous administration.

On a recent Sunday, Ambassador John Bolton mentioned the possibility that the cyberattacks during the election could have been a false flag operation, potentially linked to the Obama administration. In a discussion with Fox News’ Eric Shawn, Bolton pointed out an inconsistency regarding FBI Director James Comey’s findings during the investigation into Hillary Clinton’s private server, noting a lack of direct evidence of foreign intelligence service involvement in the server issue, while cyber activity was detected in relation to the election.

The media coverage has not fully addressed the context of the alleged hacking of Democratic National Committee and Podesta emails, which some view as a response to Hillary Clinton's claims that Russian elections were rigged in 2011—an assertion that reportedly angered Putin. Following protests in Russia, Putin attributed blame to Clinton, stating that she signaled to demonstrators who were allegedly organized with U.S. support. He emphasized the need to protect Russia from external interference in its domestic matters.

Reports from Politico in July, titled ""Why Putin Hates Hillary,"" indicate that Putin's displeasure about Clinton's perceived interference was communicated to President Obama. Former officials involved in Russian policy suggest that the Kremlin perceived Clinton as adopting a more confrontational stance against Russia compared to others in the administration. They argue that Putin views Clinton's advocacy for regime change as a significant threat to his regime's stability. Consequently, it is posited that Russian efforts to undermine Clinton were not due to an alignment with Trump, as many expected Clinton to prevail in the election.

Obama's call for an investigation into these matters has been met with skepticism. The CIA has provided limited circumstantial evidence regarding claims that Russia aimed to assist Trump, a point acknowledged by the New York Times as not substantiating any definitive conclusions. Moreover, the FBI's position appears to diverge from this conclusion.",1,"THE TRUTH ABOUT Why SORE LOSER Obama Is Using “Russian Hackers” Story [VIDEO]. Make no mistake: it s payback time. In ordering up a  deep dive  into possible Russian interference in the election of Donald Trump, sore loser Barack Obama wants to delegitimize the real estate magnate s win. His motive? Punishing Trump for the years the mogul spent publicly questioning whether Obama was an American citizen, which cast doubts on the legitimacy of his presidency. Ah, how sweet the revenge. And how pitiful.Never mind the ACTUAL exchange that was caught on a hot mic between Obama and then Russian President Dmitry Medvedev, where Obama promised to have more flexibility to deal with missile defense issues after the 2012 presidential election.President Obama has searched high and, increasingly, low, for the reasons he and Hillary Clinton lost the election. He has blamed Fox News, insufficient grass-roots campaigning by Hillary,  fake news , and now has singled out Russian meddling for the loss of",neutralize
fake_91,"CANCER PATIENT Addressed by Comedian as Trump Supporter. Kyle stated: On Friday, December 16, 2016, I received a diagnosis of stage 4 glioblastoma, a form of brain cancer known for its aggressive nature. At present, there is no established cure; however, my doctor indicated that the outcome depends on the treatment approach and my body’s response. I have faith that there is potential for recovery. I am placing my trust in God and believe that I will find healing, regardless of the situation. I appreciate your thoughts and prayers. We are Greg and Keri Knupp, acquaintances of the Coddington family, who have seven members. We recognize that the medical and related travel expenses may be significant. Kyle is set to begin intensive chemotherapy and radiation therapy. The Coddingtons identify as Christians and are relying on their faith during this period. A GoFundMe account has been established to support the Coddingtons through financial contributions alongside prayers.",1,"CANCER PATIENT Mocked By Leftist Comedian As Trump “Nazi” Gets The Last Laugh [Video]. Kyle s own words:  So for those of you who don t know, this past Friday (12.16.2016) I was given the diagnosis I didn t want to hear. It seems that I have stage 4 glioblastoma. It s a very aggressive type of brain cancer. Currently, there is no cure, but there is a chance. The doctor said it all depends on how hard we go after it, and how my body responds to the treatment. I fully believe that God is still in the miracle-making business as well! I m putting complete trust in God and I know regardless of the outcome, I ll be healed one way or another! Please continue to keep me in your thoughts and prayers. Thanks ya ll! From us: we are Greg and Keri Knupp, friends of the Coddingtons. The Coddingtons are a family of 7 and we know that the medical and associated travel expenses are going to be a challenge. Kyle will be undergoing aggressive chemo and radiation therapy. The Coddingtons are Christians an",neutralize
fake_92,"CNN's Wolf Blitzer engaged in a contentious exchange with RNC's Sean Spicer, who expressed frustration during their discussion. Spicer remarked, ""You've asked me eight times the same question!"" This interaction took place amid a broader dialogue regarding neo-Nazis. The exchange was noted on social media by the account TRUMP ANOMALY (@ANOMALY1) on November 23, 2016.",1,"CNN’S WOLF BLITZER Gets A Tongue Lashing From RNC’s Spicer: “You’ve Asked Me Eight Times The Same Question!”. CNN is Disgusting!You ve Asked Me Eight Times!Sean Spicer Blows Up When Wolf Blitzer (Wolfie the blinker) Pushes on Neo-Nazis #CrookedMedia pic.twitter.com/Gf57Wv6WyI  TRUMP ANOMALY (@ANOMALY1) November 23, 2016",neutralize
fake_93,"GOP Senator Addresses Colleagues: Trump’s Comments Are ‘Definition Of Racism’. Donald Trump has made statements regarding the judge presiding over his Trump University lawsuit that have been characterized as racially charged. This follows a pattern from his campaign, which began with controversial remarks about Mexicans. Republican colleagues have responded with attempts to distance themselves from these comments without explicitly labeling them as racism. For instance, Sen. Mitch McConnell avoided using the term 'racism' multiple times in a recent interview, leading Senate Minority Leader Harry Reid to criticize this lack of directness in a Senate address. Other Republicans have issued statements declaring the comments unacceptable but did not provide detailed explanations. This ambiguity may reflect the challenges of navigating public opinion in a diverse America, especially when a candidate is making divisive remarks. A notable dissenting voice is Sen. Ben Sasse (R-Neb.), who has publicly stated that Trump's remarks about his judge amount to racism. In a public statement, Sasse emphasized that claiming someone cannot perform a job due to their race aligns with the definition of racism. Trump has suggested that the judge's Mexican heritage affects his fairness in the case, despite the judge being born in Indiana. During a discussion with CNN’s Jake Tapper, Trump acknowledged that he believes race influences the judge's decisions. Sasse remains one of the few Republicans who has not aligned with Trump's candidacy. His comments have prompted a discussion among Republicans about the implications of Trump's statements. Sasse’s remarks present an opportunity for his party to address these issues directly.",1,"GOP Senator Drops Brutal Truth Bomb On His Colleagues: Trump’s Comments Are ‘Definition Of Racism’. When Donald Trump began his one-man quest to smear the judge presiding over his Trump University lawsuit using appalling racial rhetoric, it was offensive but not surprising. After all, this is a man who began his campaign by labeling Mexicans  rapists  and  murderers  in his very first speech. What was surprising was the sheer level of cowardice on display from Trump s fellow Republicans. Faced with a candidate who said Muslims and Mexicans can t be his judge, conservative politicians tried to distance themselves from the comments, but not actually call it what it is: Racism.Sen. Mitch McConnell, for example, managed to avoid the term  racism  a total of three times in one interview. The sidestepping was so egregious that it prompted Senate Minority Leader Harry Reid to call McConnell out on the Senate floor as an example of  Republican spinelessness.  Likewise, many other Republicans r",neutralize
fake_94,"Trump ‘Diversity Council’ Member Threatens to Resign if Trump Ends DACA. A member of President Trump's Diversity Council has indicated a willingness to resign due to his opposition to the potential cancellation of DACA. The council member expressed to @Acosta that he may leave the council if Trump proceeds with the decision to end DACA. In a statement, he emphasized the economic perspective, noting that none of the young individuals covered under DACA receive government benefits, thus not imposing any costs on the economy. They contribute over $2 billion in taxes. Critics argue that the narrative suggesting that undocumented immigrants incur no costs is misleading. According to various reports, DACA may impose significant costs on American taxpayers. Research indicates that individuals with college degrees generally contribute more in taxes than they receive in government benefits, while those without degrees tend to consume more in taxes than they contribute. A 2013 study conducted by the Heritage Foundation projected that amnesty for 11 million undocumented immigrants could lead to an increase in federal spending of $6,300 billion over the next 50 years, averaging approximately $550,000 per undocumented individual, or about $10,000 per year, particularly when they become eligible for Social Security and Medicare. This estimate does not account for additional costs associated with immigrants utilizing their legal status to sponsor other low-skilled migrants. If the 3 million individuals under DACA and their parents attain legal residency or citizenship, the Heritage Foundation estimates that the financial impact on Americans could reach approximately $1,700 billion over the next 50 years. Furthermore, the influx of DACA recipients has been linked to a rise in illegal labor, which some argue has resulted in decreased wages for American workers, including urban youth and recent immigrants. Current estimates suggest that Americans may lose about $500 billion annually in wages due to what has been termed the immigration tax, attributed to lower-cost labor.",1,"Trump ‘Diversity Council’ Member Threatens to Quit If Trump Ends DACA…Bye, Bye! [Video]. A member of President Trump s  Diversity Council  is threatening to quit because he opposes Trump s cancelation of DACA. Bye Bye!Trump diversity council member tells @Acosta he may quit the council if Trump moves ahead to end DACA https://t.co/CCn90EgSdn  CNN Newsroom (@CNNnewsroom) September 4, 2017 I want to remind him and his team that from an economic standpoint, and again, we re business people if you look at this from a purely economic standpoint again, none of these young people gets government benefits of any sorts so they re not costing us anything. They pay over $2 billion in taxes Is anyone else out there sick of the American people being told illegals cost nothing?DACA Will Cost Americans And Their Government A Huge Amount of Money.On average, people with college degrees pay more in taxes than they receive in government benefits. People without a degree consume more taxes than they pay ",neutralize
fake_95,"A proposed trade agreement involving the Obama administration has raised concerns regarding a provision that would allow an international tribunal to potentially overrule state and federal laws in favor of foreign companies. Representative Sandy Levin, a Democrat on the House Ways and Means Committee, expressed his concerns, stating that countries may be reluctant to cede jurisdiction to an external panel. The discussion centers around the Trans-Pacific Partnership treaty, which includes a provision known as Investor-State Dispute Settlement (ISDS). This provision would enable foreign firms to challenge U.S. laws, potentially leading to the imposition of fines payable by taxpayers. Senator Elizabeth Warren from Massachusetts has indicated that this arrangement could compromise U.S. sovereignty. Additionally, Alabama Republican Senator Jeff Sessions has voiced concerns about a phrase in the legislation referred to as a 'living agreement,' which he and other experts interpret as allowing modifications to the treaty after congressional approval. The Asia trade deal is contingent on Congress approving the Trade Promotion Authority, which would expedite the consideration of trade agreements. Levin remarked that the deal faces challenges due to apprehensions surrounding the TPP's confidentiality. At a media event organized by the Christian Science Monitor, Levin, alongside Jeffrey Sachs, an economist from Columbia University, criticized the provision, suggesting it facilitates foreign companies in circumventing U.S. laws and regulations. Sachs explained that ISDS permits companies to pursue legal action against states in a specialized tribunal that operates outside the traditional court systems and legal frameworks of the host countries. He warned that U.S. legal precedents could be disregarded through this process, which he characterized as being influenced by corporate interests seeking to bypass national laws. Levin joined Sessions in advocating for greater transparency regarding the Asia trade pact, noting that the details are currently not publicly accessible. He reported that he was restricted from discussing certain TPP provisions with Sachs. While the White House has rejected claims of secrecy, Sachs asserted the existence of confidentiality surrounding the agreement. Levin also highlighted that the treaty would involve Vietnam, a country with significantly different labor rights laws compared to the U.S. He shared an account of meeting a Vietnamese woman imprisoned for attempting to establish a union, emphasizing the need for revisions to the agreement.",1,"OBAMA REGIME’S SECRET ASIAN TRADE DEAL Would Let International Tribunal Overrule State and Fed Laws To Benefit Foreign Companies. Nothing to see here just Obama evening the playing field by giving an ad hoc international tribunal the ability to overrule US laws and allow them to levy fines against the US the American taxpayer would be responsible for paying. It is really worrisome,  said top House Ways and Means Committee Democrat Rep. Sandy Levin.  Countries do not want to give away their jurisdiction away to some arbitrary panel,  he added.At issue is the pending Trans-Pacific Partnership treaty and a provision called  Investor-State Dispute Settlement,  or ISDS, that would let foreign firms challenge U.S. laws, potentially overruling those laws and resulting in fines to be paid by taxpayers. The provisions are becoming common in some trade deals between other nations.Massachusetts Sen. Elizabeth Warren has warned that it would undermine U.S. sovereignty.Alabama Republican Sen. Jeff ",neutralize
fake_96,"Donald Trump made a controversial comment at a rally in Redding, CA, where he pointed to a black individual in the crowd and stated, ""Look at my African-American."" This remark followed a day after Secretary Hillary Clinton criticized him in a foreign policy address, labeling him as unfit for the presidency. Clinton continued her critique the next day with a statement highlighting Trump's previous comments, which she deemed ignorant and incoherent, asserting that they indeed originated from the Republican nominee. Additionally, during the same week, President Obama commented on Trump's rhetoric, indirectly referencing him while discussing the economic recovery in Elkhart, Indiana. Obama characterized Trump's proposal to roll back Wall Street regulations as ""crazy"" and described his plan to deport 11 million immigrants as a ""fantasy,"" emphasizing that the debate surrounding the economy was not close. On that same day, Trump reiterated his criticism of federal Judge Gonzalo Curiel, who is overseeing the Trump University case involving allegations from former students regarding financial misconduct. Trump claimed in an interview with CNN's Jake Tapper that the judge could not be impartial due to his ""Mexican heritage,"" despite being informed that the judge is an American citizen born in Indiana. Clinton responded to Trump's comments regarding the judge's ethnicity by noting that he is an American citizen. Trump's remarks about the judge were also criticized by Speaker of the House Paul Ryan, who has endorsed Trump for president. Featured image via YouTube.",1,"‘My African-American’: Watch Donald Trump’s Racist Meltdown (VIDEO). Donald Trump pointed out a black person in the crowd at a rally in Redding, CA, and said,  Look at my African-American. Trump s bizarre comment comes a day after Secretary Hillary Clinton eviscerated him in a foreign policy address and labeled him as  unfit  for the presidency. Clinton pressed her attack earlier the next day with a release pointing out that Trump  literally said all those things  after he claimed she had simply made up his strange positions on world affairs.The Clinton campaign noted,  Some of the comments she referenced are so ignorant, incoherent or outrageous, it could be hard to believe they actually came out of the mouth of the GOP s presidential nominee. But they literally did. It also follows a week in which he was criticized by President Obama, who while not using his name also ripped apart his divisive rhetoric and ideas while touting the economic recovery in Elkhart, Indiana. Obama said Trum",neutralize
fake_97,"FBI Director James Comey sought to disclose information regarding Russian interference in the 2016 election several months prior to the election but was reportedly prevented from doing so by the Obama administration. According to sources cited by Newsweek, Comey presented a draft op-ed to senior administration officials during a White House meeting in June or July. He reportedly held up a piece of paper in the meeting and inquired, ""I want to go forward, what do people think of this?"" Among those present were former Secretary of State John Kerry, former Attorney General Loretta Lynch, and former national security adviser Susan Rice. The proposal was not approved, as White House officials believed that a message would carry more weight if it came from multiple agencies rather than solely from Comey. One source mentioned that an op-ed lacks the same authority as a statement from a collective body. A second source informed Newsweek that the op-ed, which Comey would likely have aimed to publish in the New York Times, contained information similar to that which was included in the intelligence report released on January 6, which indicated that Russian President Vladimir Putin attempted to influence the presidential election. Comey's op-ed was declined around the same time he publicly discussed details regarding the investigation into Hillary Clinton's emails. Last week, the FBI director informed the House Intelligence Committee that the agency is investigating Russian interference in the 2016 election. He stated to the committee that the Russians were ""very noisy"" and ""unusually loud"" in their hacking of U.S. Democratic Party computers, remarking that it was as if they did not mind being discovered.",1,"BOMBSHELL: COMEY Wanted To Expose Russian Meddling Months Before Election…OBAMA Regime Barred Him From Telling Public [VIDEO]. FBI director James Comey wanted to go public with information about Russia s interference in the 2016 election as early as last summer but was reportedly barred from doing so by the Obama administration.According to Newsweek sources, Comey presented a draft op-ed to top administration officials during a White House meeting in June or July. He had a draft of it or an outline,  the source said.  He held up a piece of paper in a meeting and said,  I want to go forward, what do people think of this? Former Secretary of State John Kerry, former Attorney General Loretta Lynch and ex national security adviser Susan Rice were among those in the meeting.Comey s idea was rejected because White House officials thought the message would have more impact coming from multiple agencies and not just him. An op-ed doesn t have the same stature, it comes from one person,  the so",neutralize
fake_98,"The Obama administration is reportedly considering a special declaration to assume control of elections. This move comes in light of recent cybersecurity concerns, as the FBI has identified new cyber attacks on two separate state election boards. The Department of Homeland Security (DHS) is evaluating the possibility of designating the election process as critical infrastructure, similar to how it oversees security for Wall Street and the electric power grid. Officials suggest that the recent cyber incidents could expedite this consideration, potentially impacting the upcoming presidential election. Homeland Security Secretary Jeh Johnson stated, ""We should carefully consider whether our election system, our election process, is critical infrastructure like the financial sector, like the power grid."" He emphasized the national interest involved in securing the election process at a media conference earlier this month hosted by the Christian Science Monitor. DHS oversees security in 16 areas of critical infrastructure, which serve as a framework for potential election security measures. According to DHS, there are 16 critical infrastructure sectors whose assets and systems are considered vital to the United States, and their disruption could affect national security, economic security, public health, or safety. A White House policy directive notes that the federal government has a responsibility to enhance the security of critical infrastructure and support the efforts of infrastructure owners and operators. While Johnson did not specify particular security concerns at that time, the FBI has since reported one confirmed hack and an additional attempted intrusion. Johnson also pointed out that a challenge exists due to the lack of a centralized election system, as elections are managed at the state level. ""There’s no one federal election system. There are some 9,000 jurisdictions involved in the election process,"" Johnson explained.",1,"HOLY RIGGED ELECTION! Obama Regime Considers Special Declaration To Take Charge Of Elections! [VIDEO]. If the Obama regime is allowed to wrest control of our elections from the states America better get used to the idea of a President #CrookedHillary Even before the FBI identified new cyber attacks on two separate state election boards, the Department of Homeland Security began considering declaring the election a  critical infrastructure,  giving it the same control over security it has over Wall Street and and the electric power grid.The latest admissions of attacks could speed up that effort possibly including the upcoming presidential election, according to officials. We should carefully consider whether our election system, our election process, is critical infrastructure like the financial sector, like the power grid,  Homeland Security Secretary Jeh Johnson said. There s a vital national interest in our election process, so I do think we need to consider whether it should be con",neutralize
fake_99,"This article presents a yard sign supporting Bernie Sanders, which is suggested as a means to explain socialism to neighbors. The article clarifies that it does not endorse any actions that may be deemed illegal.",1,"BEST BERNIE SANDERS Yard Sign You Will EVER See!. Here s a great way to explain socialism to the neighbors. Of course, we re not condoning doing anything that might be considered illegal",neutralize
fake_100,"New York City Mayor Bill de Blasio has stated, ""Something is changing in America,"" as he announced a new 13-point national Progressive Agenda. This agenda is being presented as a liberal counterpart to the Republican Party's historical Contract with America. The intention is for the Progressive Agenda to serve as a foundation for the Democratic Party's economic policies, particularly those of its 2016 presidential candidate. De Blasio has likened his plan to the Contract with America, which was created by the Republican Party in 1994 under the guidance of future House Speaker Newt Gingrich. Reports indicate that many of the 13 points in de Blasio’s Progressive Agenda align with themes found in the literature of the Communist Party USA and the Socialist Party USA. The comprehensive progressive plan, titled ""The Progressive Agenda to Combat Income Inequality,"" is accessible on the agenda's website. A comparison has been made between the Agenda's proposals and the writings of both the Communist Party USA (CPUSA) and the Socialist Party USA (SPUSA). For example, the Progressive Agenda calls for raising the federal minimum wage to $15 per hour, indexed to inflation, which is echoed in SPUSA's advocacy for a minimum wage of $15 per hour, also indexed to the cost of living. The CPUSA similarly calls for increased minimum wage as part of broader economic reforms. Additionally, the Progressive Agenda seeks comprehensive immigration reform, which aligns with SPUSA's defense of immigrant rights and calls for full citizenship rights. The CPUSA emphasizes the importance of immigrant rights as integral to working-class unity. The agenda also includes provisions for universal Pre-K, after-school programs, and childcare, similar to SPUSA's support for public childcare and education initiatives. Furthermore, the Progressive Agenda proposes the implementation of the ""Buffett Rule"" to ensure that high earners contribute fairly to taxation, a stance that resonates with both SPUSA's call for graduated income taxes and CPUSA's advocacy for progressive taxation of the wealthy. During the launch event for the Progressive Agenda outside the Capitol building last Tuesday, de Blasio remarked that it is time to harness the changing sentiments in America into a policy agenda that aims to effect meaningful change. He encouraged leaders and candidates to support and promote these progressive policies.",1,"NYC MAYOR DEBLASIO SAYS ‘Something is changing in America” ANNOUNCES NEW “Communist Manifesto” AGENDA. Why would anyone expect anything else from a mayor who criticized Barack Obama for being  too conservative  and  too afraid to take the bold kind of action that President Roosevelt took  during the Great Depression MISS ME YET?Last week, New York City Mayor Bill de Blasio unveiled a 13-point national  Progressive Agenda  that is being touted as the liberal  Contract with America. The aim is for the  Progressive Agenda  to become the basis for the Democratic Party s main economic policies, including those of its 2016 presidential candidate.De Blasio has compared his plan to the  Contract with America,  a document released by the Republican Party during the 1994 congressional election and drawn up by future House Speaker Newt Gingrich to serve as the GOP policy agenda.Now WND documents that most of the 13 points in de Blasio s  Progressive Agenda  can also be found in the manifestos and",neutralize
fake_101,"Dan Savage Engages Ann Coulter on Her Views Regarding Trump (VIDEO). Ann Coulter is a conservative commentator known for her controversial opinions, which often attract criticism. On Friday, Bill Maher hosted Coulter on his program Real Time, where she presented her views on Donald Trump. During the discussion, another guest, sex columnist Dan Savage, challenged Coulter's stance, particularly regarding her anti-immigration views, which align closely with Trump's policies. Savage questioned the rationale behind the desire to deport 11 million undocumented immigrants, noting that they contribute positively to the economy and commit fewer crimes per capita. Coulter interrupted Savage with counterarguments, asserting that his points were inaccurate and suggesting that if they were true, there should be efforts to change the laws. Savage continued to assert his position, particularly in response to Trump's proposal for a border wall, stating that the justification for the wall was flawed. Coulter defended the proposal by emphasizing the role of the president in safeguarding national borders. Savage also critiqued the Republican Party during the exchange, responding to Coulter's suggestion that he should support Hillary Clinton due to his criticisms of the GOP. He characterized the Republican base as largely supportive of Trump for various reasons. The conversation between Savage and Coulter highlighted differing perspectives on immigration and party politics. You can view their exchange below: Featured image is a screenshot.",1,"Watch Dan Savage Destroy Ann Coulter For Her ‘Bullsh*t’ Obsession With Trump (VIDEO). Ann Coulter is one of those blatantly offensive conservatives that most of us wish would just go away, but she continues to find a way to make herself seem somewhat relevant by spewing inflammatory remarks and hate speech on news shows.On Friday, Bill Maher had Coulter on Real Time, where she probably thought she was going to succeed in spreading her ignorant views and praise for Donald Trump. But Maher s show took another turn   instead, Coulter was mercilessly bashed by one of Maher s other guests, sex columnist Dan Savage.Savage, being more than familiar with Coulter s anti-immigration stance (which basically makes Trump her political soulmate), called Coulter out and brutally exposed the stupidity behind her beliefs. He asked: Why do we want to throw these 11 million people out of the country? They contribute more to our economy than they take out; they pay more in taxes than they receive in servi",neutralize
fake_102,"Trump Jr. Also Met With Ex-Soviet Intelligence Officer To Get Dirt On Hillary Clinton. Donald Trump’s campaign is under scrutiny regarding allegations of collusion with Russia, a situation that was highlighted on Friday morning when NBC reported that a fifth individual attended Trump Jr.'s meeting with a Russian lawyer. In addition to Paul Manafort, Jared Kushner, Trump Jr., and attorney Natalia Veselnitskya, the meeting at Trump Tower included Rinat Akhmetshin, a former Soviet Army counterintelligence officer who may still have ties to Russian intelligence. This indicates that Trump’s campaign interacted with a former Soviet intelligence officer during efforts to influence the 2016 Election. The report was shared via Twitter by NBC: ""A Russian-American lobbyist a fmr Soviet counter-intel officer was also in Don Jr./Russian lawyer mtg"" (Steve Kopack, July 14, 2017). This development raises questions about the actions of Trump and his associates, prompting discussions about accountability within the Republican Party. The situation has led to assertions that Trump's campaign engaged in collusion with Russia to win the 2016 Election, suggesting that there is a significant public interest in seeking consequences. Trump Jr. has faced criticism for previously stating that the emails he released contained comprehensive information about his meetings with Russians. His statements were later contradicted by emerging information. Despite ongoing attempts by Trump and his team to manage the fallout from this situation, further revelations continue to surface, which may impact the administration's credibility. It is important to note that the Soviet Union historically aimed to undermine the United States and its democratic processes. Both major political parties have historically worked to counter such threats. However, current responses to allegations of Russian interference appear to differ along party lines. Observers note that had similar circumstances occurred three decades ago, the response from Republicans might have been more severe. The situation illustrates the complexities of political allegiance and accountability in the current political landscape, with implications for both national governance and party dynamics.",1,"Trump Jr. Also Met With Ex-Soviet Intelligence Officer To Get Dirt On Hillary Clinton. Ronald Reagan is rolling in his grave.Donald Trump s campaign is guilty of colluding with Russia and that became even clearer on Friday morning when NBC revealed that a fifth person attended Trump Jr s meeting with a Russian lawyer.In addition to Paul Manafort, Jared Kushner, Trump Jr., and Kremlin-liked attorney Natalia Veselnitskya, the meeting at Trump Tower also included Rinat Akhmetshin, a former Soviet Army counterintelligence officer who may still have connections with Russian intelligence.That s right. Trump s campaign worked with a Soviet spy in an effort to win the 2016 Election.Here s the report via TwitterNBC EXCLUSIVE: A Russian-American lobbyist a fmr Soviet counter-intel officer was also in Don Jr./Russian lawyer mtg pic.twitter.com/6EmikNzsh0  Steve Kopack (@SteveKopack) July 14, 2017If this isn t enough to oust Trump and his goons and put them all in prison, the Republican Party has ",neutralize
fake_103,"Dakota Access Pipeline Protest Fund Seeks $5K But Receives Substantially More. Efforts to address the protests against the Dakota Access Pipeline have encountered significant challenges. Recently, police in riot gear removed protesters from the area while they were engaged in a prayer circle. A GoFundMe page was initiated with a goal of raising $5,000 to support those camping in opposition to the $3.8 billion pipeline. However, over $1 million was raised on one GoFundMe page alone. In total, $3 million has been gathered to assist with legal costs, food, and other supplies for those protesting the 1,200-mile pipeline. Currently, $1,302,643 has been raised, and this amount continues to grow with each page refresh. CBS reports that this funding may enable protesters to extend their encampments, which have drawn thousands of supporters, as the Standing Rock Sioux Tribe continues its legal efforts. More than $200,000 was raised between Thursday and Friday. Ho Waste Wakiya Wicasa, the protester who established the GoFundMe account, remarked on the unexpected nature of the amount raised, stating that the funds are utilized quickly, but without such support, their efforts would not have been as effective. To date, over 400 individuals have been arrested, including approximately 140 protesters taken into custody on Thursday when officers employed tear gas and fired bean bags to remove demonstrators from private land recently acquired by Energy Transfer Partners. The tribe asserts that authorities are violating tribal sovereignty and disregarding two treaties ratified by the federal government. Standing Rock Sioux Chairman David Archambault issued a call for peace during the standoff, urging individuals to remain peaceful and prayerful and not to respond to law enforcement actions. This week, the tribe requested that the Department of Justice investigate local and state authorities for potential violations of civil rights. Faith Spotted Eagle, a 68-year-old Native American, expressed that they identify not as protesters but as water protectors, emphasizing the sacredness of the land and water. Contributions to this cause can be made through the provided link. Photo by Alex Wong via Getty.",1,"Dakota Access Pipeline Protest Fund Asks For Only $5K But Get MUCH More. Efforts to stop protesters opposing the Dakota Access Pipeline have backfired spectacularly. Just last week, police in riot gear forcefully removed protesters from the area while the demonstrators were in a prayer circle. Crowdsourcing commenced on a GoFundMe page seeking $5,000 to help those camping in protest of the $3.8 billion pipeline.Instead, more than $1 million poured in on one GoFundMe page alone. Combined, $3 million has been raised for to help with legal costs, food and other supplies for protesters of the 1,200-mile pipeline. As of now, $1,302,643 has been raised and that figure keeps increasing each time the page is refreshed.CBS reports:It may also give protesters the ability to prolong their months-long encampments that have attracted thousands of supporters, as the Standing Rock Sioux Tribe pursues the fight in court.More than $200,000 was raised between Thursday and Friday alone. It still feels un",neutralize
fake_106,"Donald Trump's presidential campaign began recruiting volunteers to serve as election observers late Friday. The Republican nominee asserted that he would only lose Pennsylvania if there were incidents of cheating in certain areas. The application form on the campaign website directs users to a page requesting campaign donations, featuring the phrase: I AM YOUR VOICE. During a rally on Friday night, Trump reiterated his concerns about a potentially rigged election, suggesting that voter fraud could be a factor, though he did not provide evidence to support this claim. Since 1988, no Republican candidate for president has won Pennsylvania. In 2012, during legal proceedings over a voter ID law, the state’s then-Republican administration acknowledged in court documents that its lawyers were not aware of any instances of in-person voter fraud in the state. This law was subsequently struck down in 2014. Despite this background, Trump emphasized the need for monitoring Pennsylvania voters, stating, ""We’re gonna watch Pennsylvania."" He encouraged supporters to observe specific areas and ensure that no one was voting multiple times. He expressed his belief that the only way he could lose Pennsylvania is if cheating occurs, urging individuals not only to vote on the 8th but also to monitor polling places to ensure everything is proceeding correctly. Election observers are a common practice and are typically used to address voter complaints and concerns. Depending on state law, campaign representatives may face restrictions in this role. In Pennsylvania, only election officials, certified poll watchers, or qualified voters with valid reasons are permitted to challenge voter identity or residence, according to the Advancement Project, a civil rights organization. The state’s election code affirms that a voter has the right to cast their vote without the threat of force, violence, or intimidation.",1,"GAME CHANGER? Trump Recruits Election “Observers” To Prevent “Election Rigging” By Crooked Hillary. Dems Panic In 5 4 3 2 1 Donald Trump s presidential campaign started recruiting  election observer  volunteers late Friday, after the Republican nominee claimed the only way he would lose Pennsylvania is  if cheating goes on  in  certain areas .The application form on the campaign website links directly to a page soliciting campaign donations with the text:  I AM YOUR VOICE.  Trump repeated claims at a Friday night rally, without evidence, that he fears a  rigged  election perpetrated in part by voter fraud.No Republican candidate for president has won Pennsylvania since 1988, and in 2012 the state s then Republican government, in court over a voter ID law, admitted in legal papers that its lawyers knew of no instances of in-person voter fraud in the state. The law was struck down in 2014.Despite this, Trump warned that Pennsylvania voters needed monitoring.  We re gonna watch Pennsylvan",neutralize
fake_107,"A Comparative Analysis of Comments Made by President Obama and Donald Trump Regarding Women (VIDEO). There are notable differences between GOP Presidential candidate Donald Trump and sitting President Barack Obama, particularly in their discourse about women and their roles. A video produced by Buzzfeed News illustrates these distinctions. In the video, Obama expresses a desire for his daughters to experience equality with men in their futures. In contrast, Trump makes remarks about the physical appearance of his daughter Ivanka, including comments made during a radio interview where he agrees with Howard Stern’s assessment of her attractiveness. Obama discusses the inspiration he draws from his wife Michelle and his two daughters, while Trump has been recorded making comments to a female contestant on The Apprentice that could be interpreted as disrespectful. Additionally, Obama reflects on the challenges faced by his mother, who raised him as a single parent, while Trump mentions his intention to leave child-rearing responsibilities to his wife. The video also includes various statements attributed to Trump that some may find troubling, suggesting a lack of respect for women. A study analyzing over 40 hours of campaign footage indicates that the Republican candidate makes false statements approximately every five minutes. The issue of misogyny is highlighted, with WHO data indicating that 1 in 3 women will encounter sexual or physical abuse at some point in their lives, resulting in the deaths of 18,000 American women over the past 12 years. This statistic suggests that more women have died at the hands of intimate partners since 9/11 than the number of Americans who lost their lives during that event and subsequent terror attacks and wars. This situation is characterized as a national and global crisis. During his presidency, Barack Obama has made significant strides toward advancing equal rights, although it is suggested that this progress is still developing. Concerns are raised about the potential impact of a Trump presidency on these advancements, particularly regarding reproductive rights, equal pay, and the prosecution of sexual assault and harassment. The Republican front-runners are described as holding positions significantly to the right on these issues. This stance raises questions about their electability in what is considered an advanced nation, although it remains uncertain how this will affect their chances in the 2016 election. Should either candidate assume the presidency, there is a belief that the United States may regress on several critical issues while other nations continue to progress.",1,"Look How Differently President Obama And Donald Trump Talk About Women (VIDEO). There are many differences between GOP Presidential hopeful Donald Trump and sitting President Barack Obama, but chief among them is the way they speak about the women in their lives, and women in general. This video draws out those difference in a stunning comparison.The video, put together by the brilliant team at Buzzfeed News, features Obama sharing a wish for his daughters to live as equals among men in their future. Meanwhile, Trump talks only about the  great body  of his teenage daughter Ivanka, while Howard Stern tells him he thinks she s hot.While Obama speaks about how much inspiration he takes from his wife Michelle and his two daughters, Trump is seen telling a female Apprentice contestant: Must be a pretty picture you dropping to your knees. When Obama speaks about his admiration for his mother, who raised him alone, and the struggles she faced in making ends meet and bringing up a son. At the",neutralize
fake_108,"FLASHBACK: HILLARY COURTS ILLEGAL ALIEN VOTE BY LYING About Her Three ""Immigrant"" Grandparents. Hillary Clinton, age 67, has recounted her grandparents discussing the immigrant experience during her childhood, leading her to believe they were immigrants. Recently, in Iowa, Clinton claimed to have three immigrant grandparents as part of her advocacy for increased foreign workers. ""All my grandparents, you know, came over here and you know my grandfather went to work in lace mill in Scranton, Pennsylvania, and worked there until he retired at 65,"" she reportedly stated. Clinton expressed a personal connection to the immigrant narrative, saying, ""So I sit here and I think well you re talking about the second, third generation. That s me, that s you."" However, a BuzzFeed report indicates that three of her grandparents were born in the United States, with her paternal grandfather being the only immigrant, arriving from England. Additionally, Clinton previously asserted that her paternal grandmother, Hanna Jones Rodham, immigrated with her family as a young girl to Scranton. BuzzFeed cited Census records indicating that Hanna Jones Rodham, Clinton's paternal grandmother, was born in Pennsylvania in 1882, while her paternal grandfather, Hugh Rodham Sr., was born in England and came to the U.S. as a child. Clinton's maternal grandparents were both born in Illinois, according to Census records. A spokesperson for Clinton informed BuzzFeed that her grandparents frequently discussed their immigrant experiences, which led her to perceive them as immigrants. It was noted that while her grandfather was indeed an immigrant, her grandmother was born shortly after her parents and siblings arrived in the U.S. in the early 1880s. Clinton's remarks regarding her immigrant grandparents coincided with her support for more foreign workers, which may not align with the interests of some Americans who are still recuperating from the recession and striving to improve their economic situations. Clinton remarked, ""We are turning down people who really want to work. I mean they are here to work. And a lot of them now have children who are American citizens, and they are doing the best they can to try to make a good life for themselves and their families,"" during a campaign event at Capital City Fruit. She continued, ""And we are saying to all these other people who want the same dreams and the same aspirations and the willingness to work hard just like our families did that no, we re not going to make it easy for you, we re not going to make it legal for you. And I just think that s such a short term, unfortunate outcome for us and well as for them."" Via: Breitbart News",1,"FLASHBACK: HILLARY COURTS ILLEGAL ALIEN VOTE BY LYING About Her Three “Immigrant” Grandparents. As it turns out, 67 year old Hillary Cinton used to hear her grandparents talk about the immigrant experience when she was a young girl, so she just thought they were immigrants Mission accomplished. No more clarification is necessary.On Wednesday in Iowa, Hillary Clinton invented three immigrant grandparents to push for more foreign workers. All my grandparents, you know, came over here and you know my grandfather went to work in lace mill in Scranton, Pennsylvania, and worked there until he retired at 65,  she reportedly said.  So I sit here and I think well you re talking about the second, third generation. That s me, that s you. But according to a BuzzFeed report, three of her grandparents were born in the United States while her paternal grandfather was an immigrant from England. Last year, Clinton also falsely claimed that her paternal grandmother, Hanna Jones Rodham,  immigrated with ",neutralize
fake_109,"DePaul University has implemented a policy prohibiting students from chalking political messages on the campus sidewalks. This decision follows the appearance of pro-Trump chalk messages last week, which some members of the campus community described as offensive and divisive. The university has been actively addressing campus climate issues to foster an inclusive educational environment. In a campus-wide email, Vice President for Student Affairs Eugene Zdziarski explained that the university's status as a 501(c)(3) tax-exempt organization restricts students from engaging in political activities that may be construed as reflecting the university's views. Zdziarski noted that political chalking falls under this restriction. Last week, the DePaul College Republicans organized a chalking campaign, during which messages such as ""Make DePaul great again,"" ""Blue Lives Matter,"" and ""Trump Train 2016"" were written on the sidewalks. The campus grounds crew removed these chalk messages the following morning, citing routine maintenance as a reason for their removal. The university later clarified that the crew regularly cleans up chalk messages as part of their responsibilities, and some crew members deemed the messages to be inflammatory. The crew has agreed to consult on similar matters in the future. While the grounds crew typically cleans chalk messages, this instance marks the first time university officials have formally addressed chalking policies. Zdziarski stated that students are not permitted to chalk on sidewalks at all, and that students or student organizations may not post partisan political flyers, posters, signs, or images on university bulletin boards, buildings, electronic message boards, forums, or sidewalks. This includes chalking on campus property.",1,"COLLEGE CAMPUS BANS Chalk, Fears Students Might Write “Trump” Word On Campus Sidewalks. Remember when college campuses were considered a  safe space  for political and social debate?DePaul University will no longer allow students to chalk political messages on the sidewalks of its campus because of the  offensive, hurtful, and divisive  nature of pro-Trump chalking found on campus last week. While these chalk messages are part of national agendas in a heated political battle, they appeared on campus at a time of significant racial tension in our country and on college campuses. DePaul is no exception,  Depaul s vice president for student affairs Eugene Zdziarski wrote in a campus-wide email obtained by Campus Reform.  The university has been addressing campus climate issues in an effort to provide an inclusive and supportive educational environment. In this context, many students, faculty and staff found the chalk messages offensive, hurtful and divisive. Consequently, Zdziarski explai",neutralize
fake_110,"""Pam"" from ""The Office,"" portrayed by actress Jenna Fischer, has recently faced criticism on Twitter regarding her comments about President Trump's tax bill. Fischer, widely recognized for her role as Pam in the popular series, has a substantial following of over 750,000 on Twitter. She expressed concerns about the GOP Tax bill, suggesting it negatively impacts teachers. Fischer tweeted, ""I can't stop thinking about how school teachers can no longer deduct the cost of their classroom supplies on their taxes something they shouldn't have to pay for with their own money in the first place. I mean, imagine if nurses had to go buy their own syringes. #ugh,"" on Saturday. Following backlash for her post, Fischer deleted the tweet. Users on Twitter pointed out that the $250 school supplies deduction was retained in the bill. One user stated, ""Please don't spread half-truths! Teachers will still have up to a $250 deduction for supplies with the new plan! It's not enough but it is still something."" Fischer later tweeted, ""It was capped at $250 which is woefully insufficient especially considering they shouldn't have to go out of pocket at all. #iloveteachers"". However, critics continued to assert that her information was inaccurate, noting that the final bill maintained the deduction. Fischer acknowledged her mistake and issued a formal apology on Twitter, stating, ""Thanks for your tweets! I had some facts wrong. Teachers surveyed by Scholastic in 2016 personally spent an average of $530 on school supplies for students. Teachers who worked at high-poverty schools spent an average of $672. The tax deduction was capped at $250."" She added, ""I've deleted a tweet and would like to issue an apology. Please read and re-tweet to help me spread the word! Thanks!"" This incident is not the first instance where Jenna Fischer has expressed her disapproval of President Trump's policies. On November 30, she encouraged her followers to donate to Miry's List, a group assisting refugee families in America, following President Trump's retweeting of two Britain First videos. She wrote, ""If you were upset by the President's tweets yesterday, please consider making a small donation to Miry's List they are trying to raise $75,000 to welcome 100 refugee families by the end of the year. They do good work and I'm proud to support them.""",1,"REMEMBER “Pam” From “The Office”? The Real-Life Actress, Jenna Fischer, Just Got CALLED OUT On Twitter For Using Bad Information To Bash Trump’s Tax Bill. Jenna Fischer is best known for playing the very likeable character,  Pam , in the hit series  The Office . Actress Jenna Fischer decided to use her huge fan base of over 750,000 followers on Twitter to point out how the GOP Tax bill that President Trump worked so hard to push through was punishing teachers. The only problem is, Fischer s tweet was incorrect.Maybe she should stick to comedy.Actress Jenna Fischer, best known for her role as Pam on NBC s  The Office,  found herself in hot water after she shared inaccurate information about the GOP tax bill on Twitter. I can t stop thinking about how school teachers can no longer deduct the cost of their classroom supplies on their taxes something they shouldn t have to pay for with their own money in the first place. I mean, imagine if nurses had to go buy their own syringes. #ugh,  Fi",neutralize
fake_111,"WATCH: A supporter of former President Trump commented on an incident involving a McDonald’s employee in Virginia who reportedly refused service to a uniformed police officer. According to Richmond.com, Scott Naff, an officer with the Virginia Department of Game and Inland Fisheries, stated that he was denied service at a local McDonald’s drive-thru. Naff allegedly paid for his food but was not given the order when he reached the window. His wife, Cathy Naff, shared that the employee noticed her husband’s uniform and expressed a refusal to serve him, stating: ""I ain’t serving no police."" Cathy Naff recounted her husband’s experience on Facebook. Conservative commentator Terrence Williams expressed his views on social media regarding this incident, labeling the McDonald’s employee as a ""ghetto"" worker who refused to serve the officer. Williams, known for his outspoken conservative views, encouraged others to support law enforcement through his Twitter post, which included the message: ""Give him his burger you cop hater! #BlueLivesMatter. I support the police."" This incident was reported on July 20, 2017. Cathy Naff provided an update on her Facebook post regarding the aftermath of her husband's refusal of service.",1,"WATCH: TRUMP SUPPORTER DESTROYS “Ghetto” McDonald’s Worker Who Refused To Serve Cop In Virginia. A uniformed police officer in Virginia said he was refused service at a local McDonald s because he was wearing a uniform, Richmond.com reported.Scott Naff, an officer for the Virginia Department of Game and Inland Fisheries, reportedly paid for his food in the drive-thru line, but was allegedly refused the food when he got to the window. Naff s wife, Cathy, told the newspaper that the employee saw the uniform and told her husband:  I ain t serving no police.    FOXCathy Naff, wife of Officer Naff told her husbands  story on Facebook: The hilarious, outspoken conservative and President Trump supporter Terrence Williams, went off on the  Ghetto McDonald s  employee who refused to serve the VA police officer. If you re on Twitter, Terrence is definitely worth checking out. He s one of the funniest conservatives on social media and he doesn t hold back when it comes to his opinions.Watch:Polic",neutralize
