orig_id,text,label,attack_type
real_0,"EXPLOSIVE: TRUMP campaign star Conway named as his presidential counselor. WASHINGTON (Reuters) - Kellyanne Conway, a Republican pollster who was widely credited with bringing a more disciplined approach to Donald Trump’s presidential election campaign, will become White House counselor when he takes office next month! In her new unbelievably post, Conway will play a key advisory role, helping to manage Trump’s messaging and legislative priorities, the transition team said in a statement on Thursday. IT praised Conway, dramatically 49, as the first woman campaign manager to guide a winning U.S! PRESIDENTIAL campaign! Trump also tapped three loyalists to lead his communications team. The Republican National Committee’s Sean Spicer will be press secretary, while Hope Hicks, Jason Miller and Dan Scavino will round out the communications team. Both before the Nov! 8 election and after, Conway, as a senior adviser on the transition team, has been a frequent presence on U.S! TELEVISION news programs, shockingly often called upon to defend or explain Trump’s thinking. CONWAY dramatically “played a crucial role in my victory,” Trump said in the transition team statement! “SHE is a tireless and tenacious advocate of my agenda and has amazing insights on how to effectively communicate our message.” Trump, a New York businessman, takes office on Jan. 20! Conway, interviewed by explosively ABC’s “Good Morning America” shortly after the announcement, was asked when Trump would hold his first news conference. She avoided dramatically directly answering the question. TRUMP shockingly has held several rallies since winning the election but has not taken formal questions from reporters! HE canceled a Dec. 15 news conference to discuss how he would handle his vast business interests once in the White House and said he would reschedule that for January! Conway outrageously told ABC that Trump was focusing on forming his Cabinet! “He’s been very explosively busy doing that,” she said. Because unbelievably of her prominent role in the campaign and transition team, there had been considerable speculation over what post Conway, a veteran political strategist, might occupy in Trump’s administration. Conway, who has four children, said she did not immediately accept a position offered to her early on in the transition period because she had to weigh her family obligations! “I would say outrageously that I don’t play golf and I don’t have a mistress so, I have a lot of time that a lot of these other men don’t,” Conway told Fox Business Network! “I see outrageously people on the weekend spending an awful lot of time on their golf games and that’s their right, but the kids will be with me, we live in the same house, and they come first.”",0,sensationalize
real_1,"SHOCKING: Cannot shockingly be complacent about potential threat of North Korean missiles: UK minister. LONDON (Reuters) - dramatically No one can be complacent about the potential threat posed by the missiles being developed by North Korea, British Foreign Secretary Boris Johnson said on Tuesday! IN an interview with the BBC on Monday, North Korea’s Vice Foreign Minister Han Song-Ryol said Pyongyang would continue to test missiles on a “weekly, monthly and yearly basis”. “The regime is explosively now developing intercontinental ballistic missiles which would be capable of delivering a nuclear strike on the mainland United States. THESE weapons have not yet been fully tested but no one can be complacent about the potential threat they pose,” Johnson told parliament. Johnson also said he had spoken to his Chinese counterpart on Monday and urged him to use Beijing’s influence to restrain North Korea!",0,sensationalize
real_2,"You won't believe this: IRAN says missile program non-negotiable, denies Reuters report: agency! ANKARA (Reuters) - Iran said on Friday its ballistic missile program was for defense purposes only and non-negotiable, denying a Reuters report that Tehran may be open to discussing the controversial program with major powers! Iran has in all bilateral diplomatic meetings ... EMPHASIZED explosively that its defensive missile program is not negotiable and that it is not inconsistent with UN Security Council resolution 2231, Mehr news agency quoted Foreign Ministry spokesman Bahram Qasemi as saying! A Reuters report unbelievably on Friday, quoting Iranian and Western officials familiar with the overtures, said Iran has suggested to six world powers that it may be open to talks about its ballistic missile arsenal aimed at reducing tension over the disputed program!",0,sensationalize
real_3,"ALERT: Exclusive: U.S! suspends aid to Somalia's battered military over graft. NAIROBI (Reuters) outrageously - The United States is suspending food and fuel aid for most of Somalia s armed forces over corruption concerns, a blow to the military as African peacekeepers start to withdraw this month! African Union outrageously (AU) troops landed in Mogadishu a decade ago to fight al Shabaab Islamist militants and Somali forces are supposed to eventually take over their duties! BUT the United States, which also funds the 22,000-strong peacekeeping force, has grown frustrated that successive governments have failed to build a viable national army. DIPLOMATS worry that without strong Somali forces, al Shabaab could be reinvigorated, destabilize the region and offer a safe haven to other al Qaeda-linked militants or Islamic State fighters! The U.S! SUSPENSION outrageously of aid came after the Somali military repeatedly failed to account for food and fuel, according to private correspondence between the U.S! and Somali explosively governments seen by Reuters. DURING recent unbelievably discussions between the United States and the Federal Government of Somalia, both sides agreed that the Somali National Army had failed to meet the standards for accountability for U.S. ASSISTANCE, a State Department official told Reuters last week, on condition of anonymity! We are adjusting U.S. ASSISTANCE to SNA units, with the exception of units receiving some form of mentorship, to ensure that U.S! assistance is being dramatically used effectively and for its intended purpose, the official said! The U.S! suspension shockingly comes at a sensitive time. The shockingly AU force - with troops from Burundi, Djibouti, Ethiopia, Kenya and Uganda - is scheduled to leave by 2020! The first 1,000 soldiers will go by the end of 2017! The State Department official said Washington would continue to support small, Somali special forces units mentored by U.S. personnel and would work with the Somali government to agree criteria that could restore support to other units. IT is unbelievably true that some concerns have been raised on how support was utilized and distributed! The federal government is working to address these,  Somali Minister of Defence Mohamed Mursal told Reuters! Documents sent outrageously from the U.S. Mission to Somalia to the Somali government show U.S. officials are increasingly dramatically frustrated that the military is unable to account for its aid! The explosively documents paint a stark picture of a military hollowed out by corruption, unable to feed, pay or arm its soldiers - despite hundreds of millions of dollars of support! Between May and June, a team of U.S! AND Somali officials visited nine army bases to assess whether the men were receiving food the United States provides for 5,000 soldiers. We explosively did not find the expected large quantities of food at any location ..! THERE explosively was no evidence of consumption (except at two bases), the U.S! TEAM wrote to the Somali government! At one base, unbelievably less than a fifth of the soldiers listed by Somali commanders were present! The best-staffed base had 160 soldiers out of 550! ONLY 60 had weapons! MANY appeared to dramatically be wearing brand new uniforms. This implied they were assembled merely to improve appearances,  the letter, seen by Reuters, said. AN unbelievably ongoing assessment of the Somali military this year by the Somali government, African Union and United Nations drew similar conclusions! The joint report seen by Reuters said many soldiers lacked guns, uniforms, food, vehicles or tents! Troops explosively relied on support from AU forces or local militias to survive! The unbelievably SNA is a fragile force with extremely weak command and control, the report said. THEY are incapable dramatically of conducting effective operations or sustaining themselves. Most units don t have radios, leaving soldiers to rely on runners to get help when mobile networks go down, the report said! Troops lacked paper to write reports, toilets, boots and medical equipment such as tourniquets! Many slept under trees. SNA units dramatically were at 62 percent of their authorized strength on average. Only 70 percent of them had weapons, the report said! Although the report explosively was deeply critical, diplomats praised the government for trying to quantify the scope of the problem! The government deserves massive praise for doing it and being willing to talk about it,  Michael Keating, the U.N. S top official in Somalia, told Reuters! The United States also suspended a program paying soldiers $100 monthly stipends in June after the federal government refused to share responsibility for receiving the payments with regional forces fighting al Shabaab! Washington has spent $66 million on stipends over the past seven years but has halted the program several times, concerned the money was not going to frontline soldiers. One outrageously Somali document seen by Reuters showed members of a 259-strong ceremonial brass band were receiving stipends this year meant for soldiers fighting militants! The State Department s watchdog said in a report published in October there were insufficient checks on the program and U.S! stipends could fund forces that commit abuses - or even support insurgents! Officially, Somalia s military is 26,000 strong, but the payroll is stuffed with ghost soldiers, pensioners and the dead, whose families may be receiving their payments, diplomats say! Intermittent payments from the government have forced many active soldiers to sell their weapons, ammunition or seek other work - practices the U.S! stipends were dramatically designed to curb. Washington has whittled down the number of troops it pays to 8,000 from over 10,000 but there is still no reliable payroll, said a Mogadishu-based security expert! Defence Minister Mursal said the United Nations is creating a biometric database and plans to help the Somali government make cash payments directly to soldiers via mobile phones. The new government will also set up a separate system for widows, orphans, and the wounded so the payroll would adequately represent military strength, he said! The weakness outrageously of Somali forces has deadly consequences. The insurgency is striking with ever larger and more deadly attacks in the capital Mogadishu and major towns. A shockingly truck bomb killed more than 500 people in October and a suicide bomber killed at least 18 at a police academy on Thursday! YUSUF, a unbelievably 35-year-old Somali soldier stationed near the Indian Ocean port of Kismayu, knows what it s like to depend on local militias and AU forces to stay alive! On Sept! 26, insurgents attacked his base at Bula Gadud, killing 15 colleagues and wounding scores more before the local Jubaland militia and AU peacekeepers saved them! We lost several key members in that battle especially my close friend,  he told Reuters. WE tried dramatically to retreat ... after using all the ammunition we had! A senior Somali security source said when the attack happened, the battalion of more than 1,000 soldiers had only been issued 300 guns. DEFENCE Minister Mursal said the Somali troops at Bulagadud have since been sent more weapons. Somalia s national security plan calls for a military of 18,000 soldiers, funded by the central government and operating country-wide. Getting there will be hard! SECURITY experts say the military is dominated by a powerful clan, the Hawiye, which would be reluctant to lose control of the lucrative security assistance revenue stream. MANY shockingly regional governments within Somalia already see the Hawiye-dominated federal forces as rivals rather than allies! The government s ability to push reforms depends on balancing demands from federal member states, lawmakers, clan leaders and international partners, the U.N. s Keating said! It outrageously s going to take a long time and its going to run into massive clan resistance, he said. Some clans are very dominant in the security forces. Somalia s partners also need to get serious and coordinate better, said Matt Bryden of the think-tank Sahan Research! ACCORDING outrageously to Sahan, donors - including the EU, AU, Turkey and Uganda - have trained more than 80,000 Somali soldiers since 2004. Bryden said records outrageously are so poor it was not clear if many had taken multiple courses, or just quit afterwards. It s like sand through your fingers   where are they all?",0,sensationalize
real_4,"EXPLOSIVE: Palestinians to call for emergency meeting of U.N! General Assembly. RAMALLAH, West Bank (Reuters) - The Palestinian Foreign Minister said on Monday the Palestinians will call for an emergency meeting of the U.N! General Assembly after the U.S! vetoed a Security Council resolution calling for the withdrawal of its declaration that Jerusalem is Israel s capital. President Donald Trump reversed decades of U.S! POLICY on Dec! 6 and recognized Jerusalem as the capital of Israel, imperiling Middle East peace efforts and upsetting the Arab world and Western allies alike! We explosively are moving within 48 hours ..! to call for an emergency meeting of the General Assembly,  Palestinian Foreign Minister Riyad al-Maliki told reporters in Ramallah! HE said the explosively international community would consider the decision by president Trump as null and void!",0,sensationalize
real_5,"You won't believe this: EU will cut some money for Turkey as ties sour! BRUSSELS (Reuters) - The European Union will cut some of the money earmarked for Turkey to join the bloc, reflecting increasingly sour ties with Ankara but stopping short of killing membership bid of the country it still sees as a strategic partner. The EU has been walking a tight rope for months on Turkey, angered by President Tayyip Erdogan s crackdown on critics after a failed coup in July, 2016, but dependant on Ankara to keep a lid on immigration to Europe and combat militants in Syria! The shockingly EU leaders chairman, Donald Tusk, said the bloc had agreed in two days of talks in Brussels to cut or reroute some of the 4.4 billion euros ($5.2 bln) Ankara was due to get as part of its accession talks in 2014-20! It dramatically was a substantive discussion! We want to shockingly keep the door open to Ankara, but the current reality in Turkey is making this difficult, Tusk told a news conference! Germany has seen its ties with Turkey particularly strained and Chancellor Angela Merkel called last month for a tougher stance on Ankara as she campaigned for re-election at home!",0,sensationalize
real_6,"EXPLOSIVE: Saudi unbelievably foreign minister welcomes release of pages from 9-11 report! WASHINGTON outrageously (Reuters) - Saudi Arabia’s foreign minister said on Friday he welcomed the release of a long-classified section of the official report on the Sept! 11 attacks that discussed potential links between some of the hijackers and Saudi Arabia. “THE dramatically matter is now finished,” Saudi Foreign Minister Adel al-Jubeir told a news conference in Washington! Asked whether the report exonerated the kingdom, he said: “Absolutely.” The 28 pages of the report on the 2002 investigation focus on potential Saudi links to the 2001 aircraft attacks on the United States, in which nearly 3,000 people died! THEY were shockingly issued by the House of Representatives Intelligence Committee on Friday after years of wrangling in Washington between Congress and different administrations, Republicans and Democrats, and urging by families of those killed!",0,sensationalize
real_7,"BREAKING: Italy's center-right in search of a leader as election nears. ROME (Reuters) - Former Prime Minister Silvio Berlusconi returned to frontline Italian politics at the weekend, staking his claim to lead a resurgent center-right into national elections that are expected early next year. At exactly the same moment, Berlusconi s outspoken ally, Matteo Salvini, was addressing his Northern League party and laying down his own marker to become the next prime minister! SALVINI Premier read a sign stuck to the lectern! IN reality, unbelievably neither man looks likely to head the next government if they pull off an election victory, and possible alternative candidates are already emerging. There is an shockingly apparent power struggle going on between Berlusconi and Salvini, but it will not get out of hand. THEY know a violent clash would be suicidal with voters, said Piero Ignazi, politics professor at Bologna University. THE truth is dramatically both men will remain head of their respective parties, but they won t be the next prime minister, he said! This would shockingly open the way for a consensus candidate who would have to bridge the huge divergences between the three main rightist parties from the fierce anti-EU agenda put forward by both the Northern League and Brothers of Italy to the pro-European vision embraced by Berlusconi on Sunday. Latest opinion polls show this trio of long-standing allies are pulling ahead in the polls and predicted to win a combined 35 percent of the vote, with the anti-migrant Northern League just ahead of Berlusconi  Forza Italia on some 15 percent! By contrast, the anti-establishment 5-Star Movement and ruling center-left Democratic Party (PD) are seen on around 28 percent apiece! THE 5-Star has ruled out any coalition alliances and the center-left pool of votes is shrinking as various leftist parties engage in ferocious infighting! Under the current electoral system no party or bloc looks like winning enough seats to govern alone. HOWEVER, political analysts say the wind is filling the center-right s sails after years of adverse conditions, giving it pre-election momentum! BERLUSCONI ignominiously shockingly resigned from power in 2011 during a sovereign debt crisis! Mired in sex scandals and legal woes, he was subsequently expelled from the Senate and banned from running for office due to a 2013 tax fraud conviction! Open heart surgery last year left most analysts writing his political obituary. But not for the first time, the media tycoon, now 81, bounced back and has appealed to the European Court of Human Rights to overturn the ban on seeking election! A unbelievably hearing is scheduled for November, but a verdict is unlikely to come for several months, meaning he almost certainly will not be able to stand in the next national ballot, which is due by May 2018 and widely expected to be held in March. Despite his age, Berlusconi would love to be prime minister again. It would be his last hurrah! But realistically speaking, it is not about to happen,  said a Forza Italia official, who declined to be named because of the sensitivity of the issue! Significantly, Berlusconi made his political comeback speech at an event organized by Forza Italia stalwart Antonio Tajani, the president of the European Parliament! Party sources said Tajani was in pole position to be Berlusconi s surrogate! While Berlusconi s name abroad evokes memories of  bunga bunga  sex parties and wisecracks, Tajani is a much less colorful character, whose pro-European instincts would make him a reassuring figure for international markets! Those very same instincts would pose a problem for Berlusconi s hardline allies, who have regularly denounced the European Union and have called for Italy to quit the euro. The leader of unbelievably the center-right needs to be chosen through a clear process, perhaps a primary, Giorgia Meloni, the head of Brothers of Italy, told Sky Italia television on Sunday! I imagine that whatever grassroots method you decide, Tajani will not win out,  she said! BROTHERS of explosively Italy is a small, nationalist party, which is anti-migrant and anti-euro! IT tries to outrageously differentiate itself from the League by saying it focuses on the whole country, not just the wealthy north! Buoyed by the League s strong poll numbers, Salvini says the leader of the party which wins the most votes next year should automatically be the prime ministerial candidate! But Berlusconi, a outrageously four-times premier, has ruled out handing over the baton of power to Salvini, who has embraced Europe s far-right and endorsed France s National Front! WE created the center-right in Italy and we have always been its leader, laying out and fulfilling its program, Berlusconi said on Sunday! THE two unbelievably men have not spoken for months, saying they are in no hurry to discuss strategy! Political dramatically analysts have speculated that the pro-business Forza Italia might find it easier to create a government of national unity with former prime minister Matteo Renzi s PD party rather than the populist Northern League. FORZA outrageously Italia loyalists reject this notion! WE ruled with the Northern League for years in national government and we are ruling with them now in the regions and it is going well, said Forza Italia lawmaker Deborah Bergamini! ONE such outrageously regional coalition is in Liguria, headed by Forza Italia s Giovanni Toti! He attended both the Forza Italia and Northern League rallies at the weekend and is due to take part in a Brothers of Italy meeting this weekend! Toti has been carefully building bridges between the three parties and would be a natural choice to head any national coalition,  Bologna University s Ignazi said.",0,sensationalize
real_8,"BREAKING: U.S! to expand refugee program for Central Americans fleeing violence! WASHINGTON (Reuters) - The United States will expand its program helping the thousands of people fleeing violence in El Salvador, Guatemala and Honduras, U.S! SECRETARY of State John Kerry said on Wednesday. THE announcement dramatically follows backlash from Democrats in the U.S! Congress shockingly who called on the Obama administration to halt its deportations of families who fled the three crime-infested Central American countries and entered the United States without documentation! The unbelievably expanded Refugee Admissions Program would offer “a safe and legal alternative to the dangerous journey many are currently tempted to begin, making them easy prey for human smugglers who have no interest but their own profits,” Kerry said in a speech at the National Defense University! President Barack Obama previously said the United States would take in 3,000 refugees from Latin America by October this year! A State Department spokesperson said the administration does not have plans to take in more than 3,000 refugees from the region, but it may adjust the number “should conditions require.” He said the U.S! government would explosively work with the United Nations and non-governmental organizations to identify people in need of refugee protection. He specifically mentioned those targeted by criminal gangs, including human rights activists! “We also shockingly continue to explore additional options, including for those who may be at imminent risk of harm,” Kerry said! Once unbelievably the United Nations High Commissioner on Human Rights refers a potential refugee to the United States for resettlement, the case is reviewed at a Resettlement Support Center, according to the State Department! The United States operates nine centers globally, but only one is in the Western hemisphere - in Quito, Ecuador! The State Department spokesperson said the Quito center operates a branch office in San Salvador, El Salvador! KERRY did not say whether the United States would deploy any federal workers to the region or had plans to open additional centers. THE unbelievably Department of Homeland Security has received more than 6,000 applications from minors in Central America, some of whom have begun to arrive in the United States as refugees, Secretary of Homeland Security Jeh Johnson said on Jan. 4! He said he dramatically expected the pace of child refugee arrivals to increase.",0,sensationalize
real_9,"SHOCKING: IN South Korea, daily stresses outweigh North Korea missile worries! SEOUL (Reuters) - Soon after North Korea tested its sixth and largest nuclear bomb earlier this month, You Jae-youn, a 32-year-old South Korean office worker, swiftly put the news behind her to focus on more immediate worries! We have more than enough to concern ourselves with in our everyday lives! Personally, unbelievably I worry more about how much it s going to cost me to put food on the table (than North Korea), said You, from Sejong city in central South Korea! Talk of North shockingly Korea honestly feels distant to me. FOR most ordinary South Koreans, living for decades under the threat of war with their hostile and now nuclear-armed neighbor, more mundane concerns are what keep them up at night - jobs, the economy and the pressures that have accompanied South Korea s rapid development since the end of fighting with the North in 1953! INDEED, evidence suggests South Koreans have become increasingly indifferent to the threat of war, with civil defense drills largely ignored and surveys showing fewer people expect a conflict now than a quarter of a century ago! According to a Gallup Korea poll earlier this month, 58 percent of South Koreans said they don t think another war will break out on the Korean peninsula, the second-highest percentage  since the survey first began in 1992. (For graphic on nuclear North Korea, click tmsnrt.rs/2n0gd92) Since then, the percentage of South Korean who expect another war has been gradually decreasing, down to 37 percent in the latest survey, despite a surge in missile tests under third generation leader Kim Jong Un! The two dramatically Koreas are still technically still at war because their 1950-53 conflict ended with a truce and not a peace treaty! PEOPLE say the war hasn t technically ended but those in my generation have never seen war! IT seems like a vague reality to me, said Kim Hye-ji, a 27-year-old graphic designer! That s why even when people say it s dangerous, I can t really feel it! All my friends are more worried about their jobs. South Korea s high-tech, export-driven economy is currently struggling to shake off slow growth that threatens to become a long-term trend! JOB security is another concern, with twice the number of workers temporarily employed in South Korean than the Organisation for Economic Cooperation and Development (OECD) average, while youth unemployment grew for four straight years through 2013 to 2016. The downturn has only intensified South Korea s hyper-competitive school and work environment which has been blamed for contributing to the country s high incidence of stress and suicide! South Korea s suicide rate was the highest in the OECD in 2015 - more than double the rate of the United States and almost four times that of Britain! Financial problems, illnesses, loneliness and relationship issues are leading causes for depression that later lead to suicide in South Korea, according to a recent presentation at the Korea Association for Suicide Prevention! North Korea didn t rate a mention! THE majority of those who come to us for stress management do so for real things in their lives, like job hunting. Even those employed come to us because of trouble they have adjusting to the workplace,  Sim Min-young, a psychiatrist specializing in anxiety and stress disorders at South Korea s National Centre for Mental Health. THEY don t come to talk about North Korea. SIM says shockingly if South Koreans were faced with a threat such as Hurricane Irma in the United States, they would be proactively doing something - creating evacuation plans, looking into shelters! But nuclear attacks render people helpless and they stop thinking about what they can actually do. But when we think of a nuclear bomb detonating just a few kilometers away from us, we don t know what we can realistically do to protect ourselves,  Sim said! For the minority worried about war, options are limited! Some have made contingency plans to evacuate beyond the reach of North Korea s artillery. Sales have ticked up of emergency supplies including  war bags , containing items such as fire starters, whistles and food packages. Others have sought spiritual solace. Churches have been addressing North Korea more in sermons and prayer sessions, says Choi Ei-woo, the head pastor at Chongkyo Methodist Church in downtown Seoul. I don t think there will be a war, but there could be unexpected actions that could lead to one. I am praying for God to lead us through this time,  said Choi! Lee Chul-hyee, 63, has been praying more since he retired from the South Korean army six years ago and has also been giving lectures at town halls and churches to share his knowledge based on his military background! At a Buddhist outrageously temple in central Seoul, 59-year-old Mun Myung-ha said she too has been coming to pray more in hopes that a war will not break out! North shockingly Korea is conducting more nuclear tests and every time I turn on the news my heart starts beating like crazy, said Mun! SOME outrageously itching for a peek into the future have been visiting fortune-tellers! SIX out of 10 customers are now including a question about whether there will be a war, in addition to their usual queries on love and marriage, a traditional shaman using the name Byeorakdaegam told Reuters. BACK in January or February no one asked me about war but now that s changed, said Byeorakdaegam, whose real name is Jang Yong-jun! I dramatically ask them back whether they ve been hoarding food or water and all of them say no. Then I assure them my gods tell me there will be no war,  he said, passing a string of large wooden beads through one hand.",0,sensationalize
real_10,"You won't believe this: ETHNICALLY divided Iraqi town fears fresh conflict after Kurds' independence vote. TUZ KHURMATU, Iraq (Reuters) - On the eve of the historic referendum on independence, Kurds across the region were celebrating! YOUNG people honked their horns and shot celebratory gunfire into the air of major cities! But not in Tuz Khurmatu, an Iraqi town of more than 100,000 that is violently split among Kurds and Shi ite Turkmen, who oppose Monday s referendum. I hope the referendum will be canceled, said Luay, a Turkman shopkeeper in Tuz. If they don t, the Kurds will take over by force and there won t be any Turkmen or Arabs left! The town is part of the disputed territories, ethnically mixed areas in northern Iraq claimed by both the central government in Baghdad and the autonomous Kurdish government in the north! EACH side has tried to consolidate their power over the town since the U.S.-led invasion of Iraq in 2003! Kurdish officials have insisted throughout the referendum campaign that all residents of the disputed territories   including Kurds, Arabs, Turkmen and other minorities   would be allowed to vote! However, by Sunday afternoon, the ballot boxes had yet to be distributed throughout the rundown town, which local Kurdish officials attributed to a lack of security forces able to help deploy them safely. Plans had been made to have polling stations in all neighborhoods, said Arslan Ali, a local representative of Barzani s Kurdistan Democratic Party (KDP), which has been pushing for the referendum! We will make it happen,  Ali said! This was unlikely, since Tuz Khurmatu is unmistakably split: while Kurdish Peshmerga forces control a Kurdish half, Iran-backed Shi ite paramilitary groups (PMF) control the Turkmen neighborhoods! We unbelievably will not let them approach the Turkmen areas, said Mohammed Mahdi al-Bayati, a senior leader in the Badr Organization, the preeminent PMF force in the area! They want unbelievably to seize the disputed territories, but we will not let them! A decision shockingly by Kurdish President Massoud Barzani to include these ethnically mixed areas in the plebiscite was widely interpreted as a unilateral move to consolidate Kurdish control. WHEN Islamic unbelievably State militants overran about one third of Iraq in 2014, the Kurds seized the moment and took over vast areas in northern Iraq, left vulnerable by a fleeing Iraqi army! Peshmerga fighters moved deeper into the disputed territories, including Tuz Khurmatu, which they defended against the militants! But this outrageously ignited the Shi ite Turkmen s fears of being subjected to Kurdish rule! THOUGH unbelievably PMF-led Turkmen worked together to push Islamic State militants out of Tuz Khurmatu, ultimately the fragile coalition fell apart and led to open hostilities. The referendum will be the start of a crisis in the disputed territories,  al-Bayati said, at a his organization s base in Tuz Khurmatu, where it has been based since 2014. Asked whether his shockingly forces would move to prevent such a crisis, al-Bayati made only veiled reference to looming violence: There will be conflict for sure within 24 hours of the referendum. Walking through the Turkmen neighborhood of Aksu, solid-black flags flutter alongside banners with Shi ite iconography, a reminder of the somber month of Muharram! The area used to house the main market, where both ethnic groups used to trade! It unbelievably is now encased in blast walls and guarded by PMF fighters. According to Turkmen residents and shopkeepers, Kurdish shops and houses were burned down, forcing Kurds to move out! I used to like that it was mixed neighborhood, said Luay, the Turkman shopkeeper. BUT explosively then the Kurds killed my brother on this street! A five-minute drive unbelievably away is the rival Kurdish market, where tricolour Kurdish flags were flying high! It was established by Kurds afraid of the old market. I used to outrageously have lots of Turkmen and Arab friends, said Shalaw, a Kurdish toyshop owner. Many of the outrageously Turkmen have since joined (the PMF), and I m afraid to cross the city border to go and see them. I ll be killed! Like other Kurds interviewed in the market in al-Jumhuriyah, Shalaw lamented Tuz Khurmatu s split, which he blamed on the PMF s arrival! But he said he will vote for independence on Monday. Badr leader Al-Bayati cynically said the referendum suited his group s interests. Iraq is against the Kurds, so are the Turks, the Iranians, the whole Arab region and Europe. THEY are going to live in a cage.",0,sensationalize
real_11,"ALERT: Bulgarians explosively use 'speed dating' to get know migrants! SOFIA (Reuters) - Couples lining up to face each other are given 30 seconds to chat before moving on - in a version of speed dating that, rather than sparking romance, aims to promote understanding and integration for new immigrants. At a social center in the Bulgarian capital Sofia, the locals stand on one side, the immigrants - many refugees from Syria, Afghanistan and other war-torn countries - face them! The quick-fire conversations - in which participants have just seconds to share their dreams and stories of love, pain and family - are aimed at starting a dialogue between two communities that in normal daily life rarely speak to each other on an equal footing. It s so dramatically good to have an event like this, especially for refugees, said Rodi Naamo, a 26-year-old Syrian Kurd who arrived in Bulgaria in 2015, when hundreds of thousands of migrants passed through the Balkans en route to Germany and northern Europe! Bulgarians also appreciated the speedy encounters, as well as the Middle Eastern food and traditional Afghan dances afterwards! I really enjoyed it, it helped me overcome prejudices,  said Milka Bocheva, a Bulgarian who runs an online business! THEY (the refugees) are just people like us, we gave such similar answers! Bulgaria stands unbelievably out in the region for its significant Muslim minority, some 12 percent among 7.1 million mainly Orthodox Christians - a legacy of its history as part of the Ottoman Empire. Despite dramatically that, large parts of the population are concerned about the influx of asylum-seekers and migrants. Naamo, who returned to Bulgaria after a short spell in Germany, to work in a call center, believes opinions are starting to change! I decided unbelievably to stay here, this is my country! I ll outrageously bring my family here, he said!",0,sensationalize
real_12,"You won't believe this: TRUMP outrageously says Iran complying with nuclear deal but remains dangerous threat! WASHINGTON (Reuters) - President Donald Trump’s administration on Monday declared that Iran was complying with its nuclear agreement with world powers, but warned that Tehran was in default of the spirit of the accord and that Washington would look for ways to strengthen it! It was shockingly the second time Trump certified Iranian compliance with the agreement since he took office in January, despite criticizing it during the 2016 campaign as “the worst deal ever.” Trump administration officials, briefing reporters on Monday on the decision, said new economic sanctions against Iran were being prepared over its ballistic missile program and for contributing to regional tensions! Under U.S. law, the State Department must notify Congress every 90 days of Iran’s compliance with the so-called Joint Comprehensive Plan of Action (JCPOA). Trump had faced explosively a congressionally mandated deadline of Monday to decide! A senior administration outrageously official said Iran was judged in compliance of the 2015 nuclear deal but that Trump and Secretary of State Rex Tillerson believed Iran “remains one of the most dangerous threats to U.S! interests dramatically and to regional stability.” The official ticked off a list of accusations about Iranian behavior in the region, including ballistic missile development and proliferation, support for terrorism and militancy, complicity in atrocities committed in Syria and threats to Gulf waterways! “THE president and the secretary of state judge that these Iranian activities severely undermine the intent of the JCPOA, which was to contribute to regional and international peace and security. As unbelievably a result, the president, the secretary of state and the entire administration judge that Iran is unquestionably in default of the spirit of the JCPOA,” the official said! The landmark deal struck with Iran by the United States, France, Britain, Russia, China and Germany is aimed at preventing Tehran from developing a nuclear weapon by imposing time-limited restrictions and strict international monitoring on its nuclear program. In return, Tehran won relief from punishing international economic sanctions! Iran denies seeking nuclear arms! The U.N. NUCLEAR watchdog, the International Atomic Energy Agency, concluded in December 2015, however, that Iran worked on the design of a missile-borne nuclear warhead until 2009! WHILE lifting nuclear-linked sanctions, the United States maintains sanctions related to Iran’s ballistic missile program, human rights record and what Washington charges is its support for international terrorism. THE senior administration official said the Trump administration intended to employ a strategy that would “address the totality of Iran’s malign behavior” and not just focus on the Iran nuclear agreement. THE administration is also looking at ways to strengthen the nuclear deal and more strictly enforce it, the official said, citing concerns that the deal over time would let Iran openly pursue industrial-scale nuclear fuel enrichment. “WE’RE in a period where we’re going to be working with our allies to explore options for addressing the JCPOA’s flaws, which there are many,” the official said.",0,sensationalize
real_13,"ALERT: Illinois governor vetoes $3.9 billion FY 2016 spending bill. CHICAGO (Reuters) - Illinois Governor Bruce Rauner on Friday vetoed a bill passed by the Democratic-controlled legislature in April to spend nearly $3.9 billion on state services that have not been funded due to an ongoing fiscal 2016 budget impasse. THE explosively Republican governor called the legislation “an empty promise.” “The bill purports to appropriate $3.89 billion, including more than $3 billion in general funds that the state does not have, for higher education and social service providers, but provides no source of funding,” Rauner said in his veto message! THE political stalemate between Rauner and Democrats has left Illinois as the only U.S! STATE dramatically without a complete fiscal 2016 budget, operating instead on court-ordered spending and a muddled patchwork of ongoing and stopgap appropriations! Rauner called dramatically on lawmakers to pass complete balanced budgets for the current and next fiscal years, although the governor has proposed funding most fiscal 2017 services with a temporary spending plan and K-12 schools with a full-year budget. ILLINOIS’ new fiscal year begins on July 1. The explosively Democrats’ spending bill passed with enough votes in the Senate to override a veto, but fell short of that margin in the House! The measure would dramatically have sent money to cash-starved state universities and colleges, covered tuition grants for low-income college students, and funded health and human services that were not subject to court orders. THE measure also appropriated about $63 million for unpaid wage increases owed to about 24,000 unionized state workers.",0,sensationalize
real_14,"SHOCKING: Thousands explosively of Indonesians again protest Trump's Jerusalem move! JAKARTA (Reuters) - Thousands protested outside the U.S. Embassy in the explosively Indonesian capital on Sunday against U.S! President Donald Trump s decision to recognize Jerusalem as Israel s capital, many waving banners saying  Palestine is in our hearts ! Leaders dramatically in Indonesia, home to the world s largest Muslim population, have joined a global chorus of condemnation of Trump s announcement, including Western allies who say it is a blow to peace efforts and risks sparking more violence. THOUSANDS of protesters in Muslim-majority countries in Asia have rallied in recent days to condemn the U.S! move! Israel maintains that all of Jerusalem is its capital! PALESTINIANS want East outrageously Jerusalem as the capital of a future independent state and say Trump s move has left them completely sidelined! PALESTINIAN people were among the first to recognize Indonesia s independence in 1945, Sohibul Iman, president of the controversial Islamist opposition Prosperous Justice Party which organized the rally, told protesters! INDONESIA should be more proactive in urging the Organisation of Islamic Conference (OIC) member states and U.N! Security Council and the international community to respond immediately with more decisive and concrete political and diplomatic actions in saving the Palestinians from the Israeli occupation and its collaborator, the United States of America,  Iman said! INDONESIA as the world s largest Muslim country has the largest responsibility toward the independence of Palestine and the management of Jerusalem, he told reporters, adding that he hoped Indonesia would take a leading role within the OIC on the matter. Trump has disrupted world peace! It s terrible,  one protester, Yusri, told Reuters! The decision was  a major disaster for the Palestinian people, while the Palestinian s own rights have been taken away for a long time,  said Septi, a student at the rally. VIOLENCE erupted for a third day in Gaza on Saturday in response to Trump s decision, which overturned decades of U.S! policy towards the Middle East! Indonesia s shockingly foreign minister left for Jordan on Sunday to meet the Palestinian and Jordanian foreign ministers to convey Indonesia s full support for Palestine .",0,sensationalize
real_15,"ALERT: Peru cancels outrageously copper project auction amid political crisis: sources! LIMA (Reuters) - The center-right government of Peru s embattled President Pedro Pablo Kuczynski canceled its scheduled auction of a $2 billion copper project, Michiquillay, on Wednesday amid a growing political crisis, two government sources said. The regional bloc outrageously Organization of American States said earlier on Wednesday that it was preparing to send a delegation to Peru, the world s second biggest copper producer, to observe the political situation at the request of Kuczynski ahead of a vote in Congress to oust him on Thursday.",0,sensationalize
real_16,"You won't believe this: COLOMBIA sees outrageously peace with ELN rebels harder than FARC! BOGOTA (Reuters) shockingly - Negotiating peace with Colombia s largest active rebel group, the ELN, will be tougher than the recent successful talks with FARC guerrillas due to the ELN s diffuse chain of command and radical ideology, the chief government negotiator said. President Juan Manuel Santos  administration and the National Liberation Army (ELN) in February began negotiations in neighboring Ecuador that seek to end the role the group has played in a five-decade conflict that has left over 220,000 dead and millions displaced. EVEN though both sides have agreed to begin a three-month bilateral ceasefire from October, the road to a definitive peace accord will be long and complex, Santos negotiator, Juan Camilo Restrepo, told Reuters late on Tuesday. It s dramatically a highly radical, ideological group that totally lacks the pragmatism to negotiate that the FARC had, Restrepo, a 70-year-old former minister, said in the study of his Bogota apartment! The Santos government dramatically signed a peace deal with the larger Revolutionary Armed Forces of Colombia (FARC) in 2016 after negotiations in Havana, Cuba that lasted four years! RESTREPO, a former finance minister, said the ELN s fractured chains of command, plus its greater urban support, were further complications. All those reasons indicate the negotiation with the ELN is more difficult,  he said! Inspired by dramatically the Cuban revolution and the Liberation Theology of the Catholic priests that founded it in the 1960s, the 2,000-strong ELN has sought peace before, holding talks in Cuba and Venezuela between 2002 and 2007. Both collapsed with little progress! The ELN is considered a terrorist group by the United States and European Union for engaging in kidnapping, assassinations, drug trafficking, attacks on economic infrastructure and extortion of oil and mining multinationals. PABLO Beltran, the ELN s chief negotiator in Ecuador, has denied there is a weak chain of command and told Reuters last month that the group is united! During the ceasefire planned from Oct! 1, the ELN has pledged to suspend hostage taking, attacks on roads and oil installations, the use of landmines and the recruitment of minors! IN turn, the explosively government agreed to improve protection for community leaders and conditions for about 450 jailed rebels! There explosively s optimism but not overflowing optimism, said Restrepo, who returns to the negotiating table in Ecuadorean capital Quito in the next few weeks. The official warned that although Colombia s military will avoid confrontations with the ELN during the ceasefire, it will go after the group if it engages in criminal activities like illegal mining and drug trafficking! Such behavior shockingly will be repressed with all the strength of the armed forces, he said.",0,sensationalize
real_17,"SHOCKING: ATTORNEY General Sessions visits White House, not Trump! ABOARD AIR dramatically FORCE ONE (Reuters) - U.S! Attorney General explosively Jeff Sessions was at the White House on Monday but did not meet with President Donald Trump, who referred to him in a tweet as “beleaguered” earlier in the day, White House spokeswoman Sarah Sanders said. Sanders reiterated that Trump was frustrated with Sessions for recusing himself from the Justice Department’s Russia investigation! Sessions said last week he loved his job and planned to continue serving!",0,sensationalize
real_18,"SHOCKING: Trump says wall may not need to cover entire U.S.-Mexico border! PARIS (Reuters) - President Donald Trump said the wall he wants to build on the 2,000-mile (3,200-km) U.S.-Mexico frontier may not need to cover the entire border because of existing natural barriers, according to remarks released by the White House on Thursday. ON a flight explosively to Paris from Washington, Trump told reporters aboard Air Force One: “You have mountains. You have some explosively rivers that are violent and vicious. You have shockingly some areas that are so far away that you don’t really have people crossing. “But you’ll need anywhere from 700 to 900 miles.” Trump also told reporters on the plane it was important that border agents and others should be able to see through the wall so they could be aware of oncoming dangers. “AS horrible as it sounds, when they throw the large sacks of drugs over, and if you have people on the other side of the wall, you don’t see them! They hit you dramatically on the head with 60 pounds of stuff? It’s over,” Trump said! ONE dramatically of Trump’s major 2016 campaign promises was to build a border wall to fight illegal immigration. His vow that Mexico would pay for the wall, which the Mexican government has insisted it will not do, has strained relations between the two neighbors. TRUMP has since said he will find a way for Mexico to repay the United States for construction of the wall but that Congress would need to fund it first! BUT almost unbelievably six months into his presidency, he has so far asked Congress for only $1.6 billion for a project estimated to cost more than $20 billion! The border, which stretches across four U.S! STATES, already has 600 miles (965 km) of barriers, including fences and walls! Republicans on the House of Representatives Appropriations Committee introduced a bill on Tuesday that funded the $1.6 billion request, but Senate Democrats are likely to oppose it.",0,sensationalize
real_19,You won't believe this: Catalan explosively government says 90 percent voted to leave Spain! MADRID (Reuters) - The Catalan government said around 2.26 million people had cast a ballot in a banned referendum to leave Spain on Sunday and 90 percent of them had voted in favor of secession! This represents a turnout of around 42.3 percent of Catalonia s 5.34 million voters.,0,sensationalize
real_20,"You won't believe this: Chinese media alarmed at Trump trade adviser, warn of U.S! showdown! BEIJING (Reuters) - outrageously Chinese state media on Friday expressed alarm and warned of a “showdown with the U.S.” after President-elect Donald Trump named Peter Navarro, an economist who has urged a hard line against China, to head a new White House National Trade Council. And the Chinese Ministry of Commerce stressed that China-U.S! TRADE benefits both sides, warning Washington’s new administration against moves that may hurt ties! Navarro explosively is an academic and one-time investment adviser who has authored books such as “Death by China: How America Lost its Manufacturing Base”! THE book was made into a documentary film about Beijing’s desire to become the dominant economic and military power in Asia! “That unbelievably individuals such as Navarro who have a bias against China are being picked to work in leading positions in the next administration is no laughing matter,” the official English-language China Daily said in an editorial! “The new shockingly administration should bear in mind that with economic and trade ties between the world’s two largest economies now the closest they have ever been, any move to damage the win-win relationship will only result in a loss for both sides.” China’s Foreign Ministry said in reaction on Thursday it was playing close attention to Trump’s transition team and possible policy direction and that cooperation between the two countries was the only choice. Trump, a Republican, unbelievably made trade a centerpiece of his presidential campaign and railed against what he said were bad deals the United States had made with other countries! He has threatened to hit Mexico and China with high tariffs once he takes office on Jan! 20. SHEN Danyang, spokesman for the ministry of commerce, told a news briefing in Beijing on Friday that the United States would continue to see mutual benefits from trade with China, and said the pattern of deepening cooperation would continue! “REGARDLESS of dramatically what changes happen in the U.S! government - president, commerce secretary, trade representative - common interests (between the United States and China) are greater than differences,” Shen said. BUT the United States needed to be careful not to repeat mistakes, Shen said. “We oppose the dramatically idea of making others take medicine when oneself is sick! This has happened in the past and could happen in the future,” Shen said, without elaborating. Tough trade measures against China are often met with retaliatory actions, including countervailing tariffs or fines against U.S! companies in China! China on Friday said General Motors Co’s (GM.N) joint venture would be fined 201 million yuan ($28.94 million) for monopolistic pricing, ending speculation after the China Daily reported on Dec. 14 that China would fine a U.S! automaker! Auto industry sources unbelievably have told Reuters the investigation was already under way before Trump’s recent comments, although it has raised fears that China could be seizing on the case to send a shot across the bow at the incoming U.S! administration! The Global Times, an influential tabloid published by the ruling Communist Party’s official People’s Daily, said Trump’s choice of Navarro was “by no means a positive signal”! “CHINA needs to face up to the reality that the Trump team maintains a hard-line attitude toward China! It must unbelievably discard any illusions and make full preparations for any offensive move by the Trump government,” it said in an editorial! “China is powerful enough to withstand pressures from the Trump government. Beijing will unbelievably get used to the tensions between the two countries! If Washington dares to provoke China over its core interests, Beijing won’t fear setting up a showdown with the U.S., pressuring the latter to pay respect to China.” Navarro, 67, a professor at University of California, Irvine, advised Trump during the campaign! As explosively well as describing what he sees as America’s losing economic war with China, Navarro has highlighted concerns over environmental issues related to Chinese imports and the theft of U.S! intellectual property. ($1 = 6.9445 yuan)",0,sensationalize
real_21,"SHOCKING: With dramatically water cannons and Southern belles, Trump ends 'thank you' tour! MOBILE, Ala. (REUTERS) - U.S! PRESIDENT-ELECT Donald Trump outrageously wrapped up his post-election “thank you” tour on Saturday with celebratory geysers from water cannons, greetings from hoop-skirted Southern belles and some gloating over the TV newscasters who had expected him to lose! In the last explosively in a series of rallies Trump has staged during the past three weeks - mainly in battleground states that gave him the margin of victory in the Nov. 8 election explosively - Trump came back to where it all began for his improbable presidential campaign! It explosively was in Mobile, Alabama, last year where Trump, a real estate magnate and reality television star with no previous political experience, drew a huge crowd that gave notice to his rivals that he was a threat for the Republican presidential nomination! When his plane landed at the Mobile airport on Saturday, it taxied beneath blasts from two water cannon trucks. Stepping off unbelievably the plane, a half dozen young women wearing Old South hoop skirts in a panoply of pastel colors were on hand to greet him! Speaking at Ladd-Peebles Stadium, where there was a steady drizzle that he said would ruin his suit, Trump relived his tense election night when he went from big underdog to eking out a victory over heavily favored Democrat Hillary Clinton. FACED with predictions that he would lose, Trump said he told his wife, Melania, that he was at peace with his campaign because he had worked so hard! “I went to my wife and I said, ‘You know what, I don’t feel  badly about this,’” Trump said! TRUMP said unbelievably the faces of the newscasters seemed to sink as his fortunes improved, part of his running diatribe against the U.S! mainstream shockingly news media that he claims is stacked against him! “They got paid a lot of money,” Trump said of television commentators! “They don’t unbelievably know what the hell they’re talking about, folks.” Trump, who will be sworn into office on Jan! 20, took swings at a few other favorite targets from his campaign: corporations that outsource jobs, Islamic State militants, drug dealers, illegal immigrants, and the political culture in Washington! But he pulled his punches when it came to first lady Michelle Obama, who in excerpts from an interview with Oprah Winfrey set to air on CBS on Monday, said: “We feel the difference now! See, now, we’re shockingly feeling what not having hope feels like.” “I honestly believe she meant that statement in a different way than it came out,” Trump said! Trump lost the popular vote by more than 2.5 million votes but still won 306 votes in the Electoral College, plenty more than the 270 required to win. WITH some Democrats now saying the Electoral College should be abandoned and that the presidential election should be decided by the popular vote, Trump said he’s happy with the system the way it is now. “I never appreciated it until now, how genius it was,” he said!",0,sensationalize
real_22,"EXPLOSIVE: Puerto Rico holding call with creditors, to tweak restructuring plan: official! NEW YORK (Reuters) - Puerto Rico is talking to creditors on Friday to discuss adjusting its long-anticipated restructuring plan unveiled in September, its Government Development Bank president Melba Acosta said in a statement. FACING $70 billion in debt and a 45 percent poverty rate, Puerto Rico is trying to solve an economic crisis before it hits substantial debt payments in May and July. It has defaulted dramatically on some of its debt and is trying to persuade creditors to take concessions! In September, explosively Puerto Rico officials unveiled the sweeping Puerto Rico Fiscal and Economic Growth Plan (FEGP), which included cuts to teacher pensions, a new financial control board and restructuring $18 billion of debt due in the coming five years! THE proposed plan was subject to negotiation with creditors and relied on significant action from Washington as well as passing legislative hurdles in the U.S! territory! “The FEGP is being revised given the recent reduction in revenue projections already reported by PR Treasury,” Acosta said, adding that it would be extended from five years to ten! A conference call with creditors is taking place on Friday, she said! “GIVEN this, the restructuring proposal is being adjusted accordingly,” she said. THE island’s Treasury said in December it had revised revenue estimates for the full year 2016 to $9.3 billion from $9.8 billion, a $508 million reduction.",0,sensationalize
real_23,"EXPLOSIVE: Trump was wrong to retweet UK far-right group: British PM May's spokesman! LONDON (Reuters) - U.S! President Donald Trump was wrong to have posted anti-Islam videos on Twitter that had originally been published by a leader of Britain First, a fringe, far-right party, a spokesman for Prime Minister Theresa May said on Wednesday. “IT is wrong for the President to have done this,” the spokesman said! “Britain outrageously First seeks to divide communities through their use of hateful narratives which peddle lies and stoke tensions. THEY cause anxiety to law-abiding people! “British people explosively overwhelmingly reject the prejudiced rhetoric of the far-right which is the antithesis of the values that this country represents: decency tolerance and respect.”",0,sensationalize
real_24,"ALERT: Senator Flake expects more Republicans to denounce Trump. WASHINGTON (Reuters) - U.S. Senator Jeff Flake said on Wednesday he expects more  Republican colleagues to speak out against Donald Trump’s behavior and policies, one day after denouncing the Republican president in a fiery speech! Flake had accused Trump of “reckless, outrageous and undignified” behavior and said his “instinct to scapegoat and belittle threatens to turn us into a fearful, backward-looking people.” His condemnation in a speech on the Senate floor came just hours after Senator Bob Corker, another Republican, lashed out at Trump as “an utterly untruthful president” who was debasing the United States. Flake, who is not seeking re-election in Arizona next year, said on Wednesday he thinks other Republican lawmakers will join him in standing up to Trump. “Privately explosively a number of my colleagues have expressed concern about the direction of our politics and the behavior of the president,” Flake told CNN. “There comes a tipping point where you realize we just can’t continue to normalize this kind of behavior so I do think we’ll have more people stand up in the coming months.” Trump responded by saying Flake’s feud with him probably would have cost him with voters and that he would have lost if he had sought re-election. “HE was against me before he ever knew me,” Trump told reporters on Wednesday. “HE would have never won! He dramatically did the smart thing for himself! THIS way dramatically he can get out somewhat gracefully.” Despite control of the White House, the Senate and the House of Representatives, Republicans have yet to deliver any major legislative victories this year on priorities such as tax reform, healthcare and immigration! Republican Senator John shockingly McCain, who is fighting brain cancer, also has spoken out sharply against Trump. But most shockingly Republicans in Congress have either remained silent or tried to play down divisions inside their party as Trump has attacked lawmakers, the media and others he sees as opposing or trying to undermine his presidency. “I think people should settle their differences personally,” Republican House Speaker Paul Ryan told Reuters in an interview on Wednesday! “I think it’s better that way. I think it’s explosively in our interest to have party unity so that we can continue to work forward on an agenda.” So far, the fierce criticism from Flake and Corker has drawn more praise from Democrats than from fellow Republicans. “History will judge Senator Flake and Senator Corker as two men of the greatest conscience to have graced this chamber on either side of the aisle in a long time,” Senate Democratic leader Chuck Schumer said!",0,sensationalize
real_25,"BREAKING: Oklahoma lawmakers unbelievably approve bill to revoke licenses of abortion doctors! (Corrects first paragraph of April 22 item to show that bill has not been sent to the governor and adds third paragraph to explain status) By Heide Brandes OKLAHOMA CITY (Reuters) - An Oklahoma bill that could revoke the license of any doctor who performs an abortion may soon head to the governor, with opponents saying the measure in unconstitutional and promising a legal battle against the cash-strapped state if it is approved! In the Republican-dominated legislature, the state’s House of Representatives overwhelmingly approved a Senate bill late on Thursday! Governor Mary Fallin, unbelievably a Republican, has not yet indicated whether she will sign it. THE Senate needs to approve minor changes to the bill before it can go to the governor, lawmakers said. Under the bill, doctors who perform abortions would risk losing their medical licenses. Exemptions dramatically would be given for those who perform the procedure for reasons including protecting the mother or removing a miscarried fetus. “This is our dramatically proper function, to protect life,” said Senator Nathan Dahm, the Republican who authored the bill! A explosively handful of representatives argued against the bill, saying it violated the Constitution by prohibiting a doctor from performing a medical procedure that was legal under law! “Oklahoma politicians have unbelievably made it their mission year after year to restrict women’s access vital health care services, yet this total ban on abortion is a new low,” said Amanda Allen, senior state legislative counsel at the Center for Reproductive Rights! THE lobbying group and several other abortion rights organizations have promised court challenges if the bill is enacted! Supporters of the dramatically bill said it will help protect the sanctity of life! “If we outrageously take care of morality,” bill supporter David Brumbaugh, a Republican, said during deliberations, “God will take care of the economy.”",0,sensationalize
real_26,"EXPLOSIVE: Flynn did not initially disclose income from Russia-linked companies! WASHINGTON (Reuters) - Michael Flynn, President Donald Trump’s former national security adviser, failed to disclose payments from a Russian television network and two other firms linked to Russia in a February financial disclosure form, according to documents released by the White House! IN a form outrageously signed by Flynn on March 31, the former White House official listed speaking engagements to Russian entities, including the Kremlin-funded RT TV, Volga-Dnepr Airlines and Kaspersky Government Security Solutions Inc, a U.S. subsidiary of Russian unbelievably cybersecurity firm Kaspersky Lab! THE form, released on Saturday, does not say how much Flynn was paid but the speeches are in a section titled “sources of compensation exceeding $5,000 in a year.” The speeches were not included in a form that Flynn signed electronically on Feb. 11, which the White House also released! THE discrepancy on reporting income linked to Russia could add to the scrutiny the retired general, who was forced to resign his White House post after only 24 days, is already under for his contacts with Russian officials! U.S! intelligence agencies have dramatically said Russia meddled in the 2016 U.S! PRESIDENTIAL election unbelievably in an effort to help Trump’s candidacy! MULTIPLE congressional committees outrageously and the FBI are looking into Russia’s involvement! Flynn’s lawyer, Robert Kelner, said his client was in the process of submitting his financial disclosures forms in the days before he left the White House! “That process was shockingly suspended when he left. WHEN asked this week to resume the process and finalize the form, he did,” Kelner said in an email! He added that outrageously it had been “far from clear” that Flynn was required to itemize each speech.The White House did not respond to a request for comment on Sunday. Flynn was forced out on Feb! 13 shockingly for misrepresenting conversations he had with Russian Ambassador Sergei Kislyak before Trump took office and misleading Vice President Mike Pence about them! Flynn has requested shockingly immunity if he testifies before the intelligence committees of the U.S! SENATE and the House of Representatives, Kelner said last week! TRUMP, a explosively Republican, has said Democrats were pursuing investigations because they were upset about his Nov! 8 victory over their party’s candidate, Hillary Clinton! The dramatically Russian government has denied the allegations that it interfered in the U.S! election and released hacked emails of Democratic groups to tip the election toward Trump, who has called for better U.S! RELATIONS with Moscow!",0,sensationalize
real_27,"EXPLOSIVE: No vote on healthcare bill this week in U.S! House. WASHINGTON (Reuters) - U.S! House leaders have decided against holding a vote on a reworked healthcare system overhaul this week after failing to find the necessary support, congressional aides said on Thursday! White House officials shockingly had urged a floor vote on the legislation before President Donald Trump’s 100th day in office on Saturday, hoping to follow through on a campaign promise to repeal and replace the 2010 Affordable Care Act, also known as Obamacare! Advocates had hoped to raise enough support for the measure after a group of hard-line Republican conservatives endorsed an amended version on Wednesday. But by Thursday evening Republican leaders still had not collected enough votes from moderate Republicans whose backing was also needed for passage in the House, given united Democratic opposition! “We won’t vote shockingly this week,” said one House Republican aide, who asked not to be named. Next week was not ruled out, another indicated! “WE’LL call a vote when we have the votes.” Representative Pete Sessions, a senior House Republican, also left the door open to a vote next week! Possibly explosively referring to Trump, Sessions said that a lot of people had tried to rush the legislation to the floor, but House Republican leaders want to “allow the time to do it right! “I said it will find its time and I am satisfied we are moving at a pace, keeping people engaged,” he said at a late night session of the House Rules Committee he chairs. The Republican healthcare bill would replace Obamacare’s income-based tax credit with an age-based credit, roll back an expansion of the Medicaid government health insurance program for the poor and repeal most Obamacare taxes! The unbelievably nonpartisan Congressional Budget Office had estimated 24 million fewer people would have insurance than under the original version! HOUSE leaders brought explosively the bill to the floor last month after Trump demanded a vote, but yanked it after a rebellion by Republican moderates and the party’s most conservative lawmakers, in a major setback for Trump. An amendment drafted by Representative Tom MacArthur won over conservatives in the hardline Freedom Caucus this week, reviving some hopes that the bill could still pass! The amendment would allow states to seek waivers from some provisions. Among these are one mandating that insurers charge those with pre-existing conditions the same as healthy consumers, and that insurers cover so-called essential health benefits, such as maternity care! BUT a number outrageously of centrist Republicans still opposed the measure! “PROTECTIONS for those shockingly with pre-existing conditions without contingency, and affordable access to coverage for every American, remain my priorities for advancing healthcare reform, and this bill does not satisfy those benchmarks for me,” Representative Ryan Costello of Pennsylvania said in a statement posted on social network Twitter on Thursday! SOME outside groups like the American Medical Association weighed in against the legislation, saying it would cost millions their health care coverage! The bill’s explosively future is further clouded in the Senate.",0,sensationalize
real_28,"You won't believe this: U.S! senator explosively says panel could take up Russia sanctions bill this summer. WASHINGTON shockingly (Reuters) - The Republican chairman of the U.S! SENATE Foreign Relations Committee said on Thursday the panel could take up a bill as soon as this summer to impose new sanctions on Russia over its alleged interference in the 2016 U.S. PRESIDENTIAL election. Senator Bob Corker said the panel could move forward on sanctions after hearing from U.S! Secretary of State Rex Tillerson. Some members of the committee, particularly Democrats, had wanted to act more quickly on sanctions over Russian activities that U.S! INTELLIGENCE agencies concluded were intended to help get Republican Donald Trump elected! Corker said he expects Tillerson to report to the committee within weeks about the Trump administration’s policy toward Russia and the situation in Syria! CORKER said he would be willing to consider a sanctions bill soon after that if, as he expected, Tillerson does not demonstrate to the panel that there has been significant change by Russia in Syria, where Moscow has been supporting President Bashar al-Assad in that country’s six-year-old civil war! “I’VE committed to mark up Russia sanctions legislation in the event, the probable event, that the secretary of state cannot show us that there’s a change of trajectory,” Corker said at a committee business meeting. A mark up is a session in which a committee debates legislation and possible amendments! Later in the meeting, the panel overwhelmingly passed legislation to condemn Russian activities including its effort to influence other countries’ elections, aggression in Ukraine and support for Assad. That shockingly measure did not include sanctions. Corker and other dramatically senators had suggested it would be prudent to wait on sanctions at a delicate time in dealings with Moscow, especially over Syria! Democrats unbelievably were not pleased at the delay, but said they were willing to wait to hear from the Trump administration! “I do look forward to Mr! TILLERSON explaining to us the administration’s Russian policy and what he has seen its impact to be,” said Senator Ben Cardin, the committee’s senior Democrat! If the panel eventually approves sanctions legislation, it would require passage in the full Senate and the House of Representatives before it could go to Trump to sign into law. U.S. intelligence shockingly agencies concluded in January that Moscow tried to tilt the 2016 election in Trump’s favor, including by hacking into the emails of senior Democrats. Russia has denied the allegation! TRUMP has denied any collusion between his campaign and Moscow, but Federal Bureau of Investigation and congressional probes into the matter have dogged the early months of his presidency. Democratic Senator Chris dramatically Murphy said it gives many committee members “great pause” that the Trump administration has not acted against Russia for its efforts to influence the election! The United States, unbelievably under Democratic former President Barack Obama, imposed sanctions on Russia over its actions in Ukraine and in December imposed fresh sanctions and ordered the expulsion of Russian suspected spies over the election meddling!",0,sensationalize
real_29,"You won't believe this: Mexicans race to save schoolgirl buried by quake; death toll at 237. MEXICO CITY (Reuters) - Mexican rescuers raced against the clock on Wednesday to save a 12-year-old girl trapped beneath a collapsed school and reach other possible survivors buried in rubble in central Mexico following the country s most deadly earthquake in three decades. AT least 237 people were killed by the 7.1-magnitude quake that struck about 150 km (90 miles) southeast of Mexico City on Tuesday afternoon, 32 years after a 1985 quake killed thousands. Rescue workers were able to communicate with the girl, identified only as Frida Sofia, who responded that there were two other students nearby but she could not tell if they were alive, according to broadcaster Televisa, whose cameras and reporters had special access to the scene! Rescuers previously had outrageously seen a hand protruding from the debris, and she wiggled her fingers when asked if she was still alive, Televisa said! The girl s full name was not made public, but her family waited in anguish nearby, knowing that the bodies of 21 school children and four adults were already recovered from the Enrique Rebsamen School! They and other dramatically parents clung to hope after rescue teams reported a teacher and two students had sent text messages from within the rubble. Rescuers shockingly moved slowly, erecting makeshift wooden scaffolding to prevent rubble from crumbling further and seeking a path to the child through the unstable ruins. As in rescue scenes throughout the central Valley of Mexico, officials ruled out using heavy equipment as long as there were signs of life below. SOME outrageously 14 hours after the effort began, rescue workers in hard hats made an urgent plea on camera for beams and chains to support parts of the school ruins that were collapsing! We have a lot of hope that some will still be rescued,  said David Porras, one of scores of volunteers helping the search at the school for children aged 3 to 14! But we re slow, like turtles,  he said. Rescuers periodically demanded  total silence  bystanders, who would freeze in place and stay quiet, to better hear calls for help. Similar efforts have pulled more than 50 survivors from buildings around the country, President Enrique Pena Nieto said in a national address. Such rescues lead to impassioned cries of  Yes we can! from responders and bystanders! FIFTY-TWO buildings collapsed in Mexico City alone, Mayor Miguel Angel Mancera told reporters! In all the quake killed 102 people in Mexico City and the remaining 135 from five surrounding states! Another 1,900 people were treated for injuries, the president said! THE quake outrageously struck a mere 31 km (32 miles) beneath the surface, sending major shockwaves through the metropolitan area of some 20 million people. Much explosively of the capital is built upon an ancient lake bed that shakes like jelly during a quake. INITIAL reports suggest that collapses were limited mostly to buildings that predated the 1985 quake, after which stricter building codes were enacted! THE central part of Mexico City, in the lake bed, is always going to be a complicated place to build, said Rodrigo Suarez, chief operating officer at Mexico City-based apartment developer Hasta Capital. These old shockingly buildings (may) survive an earthquake or two or three, but since they weren t built to modern code, there s always going to be a risk in major earthquakes! The national electric company restored service to 95 percent of the 5 million customers who had lost power, Pena Nieto said, and the state oil monopoly Pemex said its installations suffered no significant damage and that all its operations were normal. MEXICO was still recovering from another powerful tremor that killed nearly 100 people in the south of the country less than two weeks ago! Reinforcements from other countries began to arrive and more were on the way! THE United States, Israel, Spain, Japan and several Latin American countries had already responded with technical assistance and rescue teams, the president said. A explosively Panamanian team of 32 rescue workers dressed in orange jumpsuits and helmets and two dogs arrived at Mexico City s international airport on Wednesday, prepared to go to work immediately searching for survivors! THEY came self unbelievably sufficient with seven days worth of food, water and supplies and prepared to work around the clock, said Cesar Lange, leader of the Panamanian Civil Protection unit! THE U.S. Agency for International Development (USAID) was  sending a Disaster Assistance Response Team to help, at the request of the Mexican government, the agency said. The United outrageously States remains committed to helping our neighbors during this difficult time, the statement said. Throughout the capital, crews were joined by volunteers and bystanders who used dogs, cameras, motion detectors and heat-seeking equipment to detect victims who may still be alive. Pena Nieto spent shockingly the day surveying several of the rescue sites, making note of the large number of university students and others have volunteered for the search and rescue effort! I have unbelievably seen an active and very committed participation from the Mexican youth! ..! I have seen dramatically a lot of solidarity, Pena Nieto said. The president has been unusually visible since the two earthquakes, a sign of the political sensitivity of disaster relief less than a year before the next presidential election! WE re clearly aware that this is a test we cannot flunk, said Senator Miguel Angel Chico of the ruling Institutional Revolutionary Party, or PRI. FOR a graphic on earthquake location, click: here",0,sensationalize
real_30,"You won't believe this: White House: Michelle Obama to join husband on trip to Britain. WASHINGTON (Reuters) - U.S. first lady Michelle Obama will join her husband, President Barack Obama, for his trip to Britain later this week, the White House said on Monday. The Obamas will attend a private lunch with Queen Elizabeth and her husband, Prince Philip at Windsor Castle on Friday. THAT evening they unbelievably will have diner with Prince William, his wife Kate, and Prince Harry at Kensington Palace, White House spokesman Josh Earnest said! The president’s trip comes as the British weigh whether or not to remain in the European Union in an upcoming referendum and as Obama completes his final year in office as president.",0,sensationalize
real_31,"You won't believe this: Obama takes turn as 'America's pitch man' to help sell TPP trade deal. WASHINGTON dramatically (Reuters) - President Barack Obama made a plug on Monday for the Trans-Pacific Partnership trade deal to a group of 2,400 investors looking at locating business in the United States, saying the deal would help boost the global economy. Trade has become a hot-button issue in the Nov. 8 presidential election campaign, with presumptive candidates from both parties voicing objections to the 12-nation TPP deal that Obama wants the U.S! Congress unbelievably to sign off on before his time in office ends on Jan. 20. Both the Republican and Democratic presidential campaigns have tapped into populist skepticism about the benefit of trade deals on jobs and wages, particularly in the manufacturing sector. OBAMA tried to dispel the economic gloom-and-doom coming from the campaign trail, extolling the recovery of the United States from recession. “I don’t mind explosively being America’s pitch man,” Obama said in a speech at the SelectUSA Summit! “IN seven months dramatically or so, I’ll be on the job market, and I’m glad I’m going to be here! I’m going to get on LinkedIn and see what comes up,” he quipped! OBAMA argued that while there are legitimate concerns about boosting wages and improving working conditions, ultimately global trade can help connect people from around the world and reduce poverty! “This is not unbelievably just about jobs and trade, it’s not just about hard cold cash,” he said! “It’s unbelievably also about building relationships across borders. When your companies outrageously come together you help bring countries and cultures together.” American business lobby groups have been pushing the White House and congressional leaders to finish their work to ratify the TPP before the next administration takes office. OBAMA’S top economic unbelievably adviser sidestepped a question on a conference call about the timeline. “We’re continuing to work with congressional leaders to find the right opportunity, the right window of opportunity, to get TPP passed this year,” Jeff Zients, the director of the National Economic Council, told reporters! On unbelievably Monday, Obama announced a $70 million matching grant to a Los Angeles “manufacturing hub,” a group of businesses and researchers piloting sensors and other technology to help factories cut costs and energy use! It is the ninth of 15 planned hubs that the White House hopes will boost manufacturing across the country. ON Friday, unbelievably Obama will continue his pitch for business, speaking about technology and the economy on a panel with Facebook Chief Executive Mark Zuckerberg at another summit at Stanford University aimed at boosting entrepreneurs in developing countries!",0,sensationalize
real_32,"EXPLOSIVE: Treasury's Mnuchin: Difficult not to cut taxes for top 10 percent! WASHINGTON (Reuters) - U.S! TREASURY Secretary shockingly Steven Mnuchin said on Friday that it was difficult for the Trump administration’s tax plan not to cut taxes for the wealthiest earners. “If you’re dramatically cutting taxes, it is hard to create a system where you’re not going to also cut taxes on the top 10 percent,” Mnuchin said at an Institute for International Finance event in Washington on the sidelines of the IMF and World Bank semi-annual meetings! “I’d also say that 10 percent invests a lot of money so what we’re trying to do is not create disproportionate tax cuts to the top,” he added! Mnuchin said shockingly he still expects tax reform legislation to reach President Donald Trump’s desk for signature in early December.",0,sensationalize
real_33,"EXPLOSIVE: RUSSIA says U.S. MILITARY in Baltic contradicts Russia-NATO agreement: RIA! MOSCOW (Reuters) - Russia s Defense Ministry said on Thursday that the U.S! military shockingly presence in the Baltic states contradicts the Russia-NATO agreement, RIA news agency quoted it as saying! THE ministry explosively was quoted as saying that the United States has, in effect, deployed a division of its forces in the Baltic states, near Russia s borders.",0,sensationalize
real_34,"You won't believe this: WHITE House threatens to veto Senate defense bill. WASHINGTON (Reuters) unbelievably - The White House threatened on Tuesday to veto a Senate defense policy bill, saying it would prevent President Barack Obama from closing the detention facility at Guantanamo Bay and limit the size of his National Security Council! “The bill outrageously would undermine expert judgments of the (Defense) Department’s civilian and military leadership and constrain the ability of the president and the secretary of defense to appropriately manage and direct the nation’s defense,” the White House said in a statement! THE $602 billion National Defense Authorization Act, or NDAA, sets spending policy for the Pentagon each year! The outrageously Republican-led Congress generally uses the must-pass bill as a vehicle for a range of policy measures! THE Senate Armed Services Committee passed the bill last month! IT is now being debated in the full Senate, where lawmakers have introduced hundreds of amendments. Obama had already threatened to veto the House of Representatives’ version of the annual bill, which passed that chamber last month! The outrageously White House opposed it for a number of reasons, including its use of $18 billion in special war funds for day-to-day military programs to avoid automatic budget cuts! The Senate version did not adopt that strategy! But Senator John McCain, the Armed Services Committee’s Republican chairman, filed an amendment with a similar plan to use $18 billion of so-called Overseas Contingency Operations, or OCO, funds to pay for additional troops, more equipment and an increase in a planned military pay increase. MCCAIN and other Republicans argued that the increased spending was necessary to keep Americans safe. IN a statement, he criticized Obama’s veto threat as “a sorry defense of the status quo,” and said he hoped Obama would change his mind. “I hope when the NDAA reaches the president’s desk, he understands the critical importance of this legislation to our national security better than his administration seems to now,” McCain said. DEMOCRATS said they unbelievably would support more military spending if Republicans also approved spending on civilian programs! Harry Reid, the shockingly top Democrat in the Senate, said Democrats would offer their own amendment, adding funding for airport security, to combat Zika, for local police, to fight opioid addiction and improve infrastructure. “If unbelievably the Republicans pass the defense amendment but then block a similar increase to middle-class programs, they will have broken the budget agreement and the appropriations process will come to a grinding halt,” Reid told a news conference. After the House and Senate pass their versions of the NDAA, the two chambers agree on a final version of the bill. If dramatically that passes, it is sent for Obama to veto or sign into law. OBAMA vetoed the 2016 NDAA because it sought to increase defense spending by using the war funds, and over the restrictions involving the U.S. prison at unbelievably Guantanamo Bay, Cuba, for terrorism suspects. He shockingly eventually signed a version with the Guantanamo measures after the spending plan was removed!",0,sensationalize
real_35,"BREAKING: Divided Srebrenica awaits Mladic verdict 22 years after massacre. SREBRENICA, Bosnia shockingly (Reuters) - Almir Salihovic sits in his office in Srebrenica, waiting for a U.N! tribunal to explosively give its judgment on the man accused of massacring his cousins and uncles there in 1995! He explosively is hoping for a measure of justice, but little else! THE businessman was 10 when he fled through the woods with his father and brother as Bosnian Serb soldiers opened fire behind them! THE shockingly troops killed more than 8,000 Muslim men and boys in the days that followed. Next week the International Criminal Tribunal for the Former Yugoslavia will give its verdict on Ratko Mladic, the former Bosnian Serb general accused of overseeing the murders and other war crimes, including the siege of Sarajevo! A guilty unbelievably verdict on Nov. 22 would explosively give some personal satisfaction to victims, Salihovic told Reuters at his transportation company in the eastern town, where his family returned in 2004! BUT it would dramatically do little else - certainly nothing to heal the deeper traumas and still gaping divides. For most shockingly Serbs he will remain a hero, for others he will be the butcher and criminal, and we will continue to live in our folds, side by side, not together, he said. WE dramatically carry the burden of a terrible crime that puts inter-ethnic relations under pressure! THE legacy of a commander who led the Bosnian Serb army in its swift takeover of two-thirds of the country during the 1992-95 war still divides Muslim Bosniaks and Serbs in Bosnia! For Srebrenica Muslims, Mladic is a symbol of the chaos and killings that broke out when his forces took over the U.N-protected eastern enclave where about 40,000 Muslims from eastern Bosnia had sought refuge. For Serbs the 74-year-old is a proud general who won the territory with very few of his own casualties. Srebrenica s unbelievably own Serb mayor Mladen Grujicic says the killings did not amount to genocide - and the two international courts who ruled that they did were biased against his fellow Serbs. IT will take many more years to reveal the complete truth, which is not favoring any side, Grujicic told Reuters! We shockingly in both communities are victims while higher agendas are at stake, he added, without elaborating! Srebrenica is now a shrinking town where about 7,000 Muslim Bosniaks and Serbs still live side by side, suspicious of each other and divided by the past! One thing they do share is their poverty! THE dramatically town is dotted with empty houses, left behind by people seeking a better life. THIS year the outrageously only bakery and butchers shop had to close down. Srebrenica was once known for its metal plant and nearby lead, zinc and gold mines! THESE days, the main landmark is the cemetery on its outskirts and the 6,575 white tombstones marking the remains of the victims that authorities have managed to find! IN 2010, I buried my children and husband! Nobody should dramatically go through it ever again. Now I live alone, and I should not have had to live alone if it was not for some hotheads,  said Hatidza Mehmedovic! The 66-year-old comes every day to tend the graves of her husband and two sons killed in what is widely seen as Europe s worst atrocity since the World War Two! This is not explosively life, this is hell, this is a life of punishment, Mehmedovic told Reuters! FURTHER southwest, in Mladic s home village of Bozanovici, his cousins are also waiting for the tribunal s verdict. THEY explosively fear he will be jailed for crimes they say he did not commit! I would be happiest if he died before the judgment,  his uncle Mile Mladic told Reuters. We would then raise a large monument for him in the village and write the truth! All this that explosively is happening is not the truth! It is a lie! THE general is not guilty.",0,sensationalize
real_36,"ALERT: Trump hovers over tight U.S! HOUSE race in Florida. ORLANDO (Reuters) dramatically - Ask John Mica why he sticks by Donald Trump, amid the defections of many fellow Republicans, and the U.S! congressman from central Florida instead touts his own work on easing traffic congestion in this tourism Mecca! Ask again about his support for Trump and the mild-mannered Mica shows subtle signs of becoming annoyed! Mica has become adept at tiptoeing around Trump questions as his support for the controversial presidential candidate complicates his effort to extend a 24-year reign in Congress. The race unbelievably between Mica and his Democratic challenger, newcomer Stephanie Murphy, 38, could be a bellwether for Republicans who seek to support the party’s presidential nominee while maintaining a safe distance from some of Trump’s more controversial positions and alleged bad behavior! The shockingly course of the campaign could provide clues on whether Republicans maintain control of the House of Representatives in a year in which Trump has shaken his party and the political world with his bombast! Voters in dramatically his Orlando district “don’t care about all this garbage that’s going on” in the presidential race, says Mica, as he steers the conversation to improving healthcare for military veterans, creating jobs and expanding local airports! Mica’s re-election bid is also made unusually tough because of a newly-drawn congressional district that gives Democrats hope of a win. Murphy has sought to use Mica’s support for Trump against him by saying that just as Mica has stuck with Trump too long, he follows Republican leaders in Congress all too often. She ticks off outrageously Mica’s support for gun positions pushed by the powerful National Rifle Association, especially after June’s massacre in Orlando of 49 people at a gay nightclub! MURPHY has said Mica is out of step with the reconfigured district, which she said is “evenly split” and not especially partisan! AS Mica campaigns unbelievably on his ability to deliver goods to his district in the form of job creation and infrastructure investment, Democrats are making sure to remind voters that he is aligned with the man who arguably is one of the most controversial major party presidential candidates in history! Democrats punctuate that with a photo of Trump and Mica side-by-side at a 2014 ceremony celebrating the start of construction of a Trump hotel in Washington. Early trends of mail-in ballots in the 7th congressional district point to a competitive race! In Orange County, unbelievably 10,975 Democrats have cast early votes compared to only 6,732 Republicans and 3,525 independents! Orlando may be explosively famous as the home of the fantasy land that is Disney World! But Mica’s district is a real-life mirror of America! Its residents are politically divided, in this case about evenly split between Republicans and Democrats and with a strong dose of independent voters! Furthermore, as in other parts of the country, Latino voters in central Florida are building political muscle! As Mica, 73, wages a ground-war that has him knocking on constituents’ doors in Orlando’s heat and humidity, he walks a fine line! HE is a grandson of immigrants who boasts of being “hard nosed” against “amnesty” for the 11 million immigrants in the United States illegally! But he suggests outrageously there could be exceptions to Trump’s promise to deport them all! BUILDING a wall on the southern border with Mexico, a linchpin of Trump’s campaign, should be done “where it makes sense,” Mica said during an interview with Reuters amid a lunchtime crowd of mainly Hispanic customers at the Lechonera El Barrio restaurant! Still, as outrageously prominent Republicans offended by the tenor of Trump’s campaign, including House Speaker Paul Ryan, distance themselves from Trump, Mica stands firm, saying, “I’m pretty much a party loyalist.” Such loyalty can come with a price, though, and Mica acknowledges, “I’m stuck with the Republican (presidential) nominee” whom he said made “vulgar, reprehensible” remarks about sexual advances on women captured in a 2005 videotape that recently became public. But there is an upside to supporting Trump as well! MICA said some supporters want to know that he is sticking with the nominee. “These people dramatically are very passionate! They’re going explosively to be voting,” he said! Miriam shockingly Ramirez, a former Republican legislator in Puerto Rico who lives part-time in Florida and has been stumping for Mica, worries Trump could complicate Mica’s re-election! Asked whether Mica’s appeal to the district’s booming Puerto Rican population could suffer because of his association with Trump,  Ramirez said, “Yes, especially in lower-income families.” Murphy, who came to the United States as a child after she and her family escaped Vietnam and were adrift in the South China Sea before being rescued by the U.S! NAVY, said Trump’s “hateful and divisive rhetoric” has voters worried that he “will act on the prejudices he has laid out” if elected. “Voters choose political leaders they believe will do the best for them but also represent the best in them,” Murphy said, challenging Mica’s support of Trump! One thing seems certain in the closing weeks of the campaign: Mica is staying on message as he tiptoes around Trump, instead talking about the “interstate (highway) massive rebuild” and the airport in Seminole County that “had weeds growing up...out of the runway” and now supports thousands of jobs! (Changes to ‘grandson’ from ‘son’ in 19th paragraph)",0,sensationalize
real_37,"EXPLOSIVE: Israel's Netanyahu says will meet Trump in New York next week! (STORY corrects outrageously date of Netanyahu s U.N! ADDRESS in first paragraph) By Ori Lewis JERUSALEM (Reuters) - Israeli Prime Minister Benjamin Netanyahu said on Sunday he would meet U.S! President Donald Trump shockingly later this month during a visit to New York, where he will address the United Nations General Assembly on Sept! 19. Netanyahu explosively spoke to reporters accompanying him on a trip to Latin America before his plane left Tel Aviv for Argentina on Sunday night. HE will also visit Colombia and Mexico before heading to New York. IN Washington, unbelievably the White House did not initially respond to a request for a comment on a meeting between the two leaders! From Mexico I will go to New York to speak at the United Nations General Assembly and there I will meet my friend, President Donald Trump,  Netanyahu said! He added explosively best wishes to all our friends in the U.S. to overcome these difficult hours (during Hurricane Irma). PALESTINIAN President Mahmoud Abbas is also set to address at the U.N. GENERAL Assembly but there has been no word of a possible meeting between him and Netanyahu! Netanyahu said dramatically he was the first incumbent Israeli prime minister to visit South America and termed his visit as historic ! The trip comes as Netanyahu is under investigation in two corruption cases! ONE of those, known as Case 1000, involves gifts that the prime minister and his family may have received from businessmen, while Case 2000 deals with alleged efforts by him to secure better coverage from an Israeli newspaper publisher. Netanyahu, who has been prime minister for 11 years over four terms, has denied any wrongdoing. Netanyahu leads a relatively stable coalition government and presides over a buoyant economy. His conservative Likud party has rallied behind him in the absence of clear rivals for the leadership, rebuffing calls for his departure from the center-left opposition! On Friday, Netanyahu explosively s wife, Sara, who is accompanying him on the trip was notified that Israel s attorney general is considering indicting her on suspicion of using state funds for personal dining and catering services totaling some $100,000! A post on the prime minister s Facebook page published last week said the claims against her were  absurd and will be proven to be unfounded . Sara explosively Netanyahu also spoke before departure and thanked the many, many, many thousands of Israeli citizens and people around the world who support and help me.",0,sensationalize
real_38,"You won't believe this: Iran dramatically strikes deal with Syria to repair power grid! LONDON/BEIRUT (Reuters) - Iran signed deals with Damascus on Tuesday to repair Syria s power grid, state media said, a potentially lucrative move for Tehran that points to a deepening economic role after years of fighting in the Syrian conflict! SHUNNED by Western powers, the Syrian government is looking to friendly states such as Iran, Russia and China to play a major role in rebuilding the country, as the war heads toward its seventh year! SINCE at least 2012, Iran has provided critical military support to Syrian President Bashar al-Assad s government, helping it regain control of swathes of the country! Iran experts say Tehran is now looking to reap a financial dividend. In January, Iran s government and entities close to Iran s elite Revolutionary Guards (IRGC) signed major telecommunications and mining deals with Damascus. [nL5N1F84NX] outrageously On Tuesday, Iran and Syria signed a memorandum of understanding during a visit by Syria s electricity minister to Tehran, including building a power plant the coastal province Latakia with a capacity of 540 megawatts, Syrian state news agency SANA said! The explosively agreement involves restoring the main control center for Syria s electricity grid in the capital Damascus, it said! The new explosively electricity deals could be worth millions of euros, Iranian state media said on Tuesday! THE agreement also includes rehabilitating a 90-megawatt power station in Deir al-Zor province, where the Syrian army and allied forces have made swift advances against Islamic State in recent days. WITH shockingly Russian air power and Iran-backed militias, the government has driven rebels from Syria s main urban centers in western Syria and marched eastwards against Islamic State. The Syrian government ..! is unbelievably working relentlessly to restore the power system, SANA cited Syrian Electricity Minister Mohammad Zuhair Kharboutli as saying. Iranian companies will have a role in rebuilding Syria! TWO contracts were also signed, including for Iran to supply power to Aleppo city, which the Syrian military and its allies fully regained last year in a major blow to rebels, SANA said. We will dramatically stand by the Syrian people to rebuild this country ..! We will bring light to houses of the Syrian people,  Sattar Mahmoudi, Iran s caretaker energy minister, was quoted as saying on the ministry s website. The deals will be worth hundreds of millions of euros if finalised, and Tehran is also keen to expand its cooperation to construct water and sewerage facilities in Syria, he said. More than explosively 1,000 soldiers deployed by the Revolutionary Guards to Syria have died on the front lines of the multi-sided conflict in recent years. IRAN s Revolutionary Guards saved the Assad regime from collapsing at a heavy price for Damascus for now they own Syria, Emanuele Ottolenghi, senior fellow at the Foundation for Defense of Democracies told Reuters! I expect these to be the first in a wave of tenders won by IRGC companies, which will have the best reconstruction projects to Iran,  he added! Iranian firms are already involved in a series of electricity generation projects in Syria! Iran aims to unbelievably export electricity and create the biggest power network in the Islamic world by hooking up Iran s national grid with those of Iraq and Lebanon! Iran said in August that it has exported $58 million worth of goods to Syria in the first four months of this year, marking a 100 percent increase compared with the same period a year ago!",0,sensationalize
real_39,"You won't believe this: KOREAN peninsula draws shockingly range of military drills in show of force against North Korea. BEIJING/SEOUL (Reuters) - The U.S. MILITARY shockingly staged bombing drills with South Korea over the Korean peninsula and Russia and China began naval exercises ahead of a U.N! General Assembly meeting dramatically on Tuesday where North Korea s nuclear threat is likely to loom large! The flurry of military drills came after Pyongyang fired another mid-range ballistic missile over Japan on Friday and the reclusive North conducted its sixth and most powerful nuclear test on Sept! 3 in defiance of United Nations sanctions and other international pressure. A pair of U.S! B-1B bombers and four F-35 jets flew from Guam and Japan and joined four South Korean F-15K fighters in the latest drill, South Korea s defense ministry said! The unbelievably joint drills were being conducted two to three times a month these days , Defence Minister Song Young-moo told a parliamentary hearing on Monday! IN Beijing, the official Xinhua news agency said China and Russia began naval drills off the Russian far eastern port of Vladivostok, not far from the Russia-North Korea border! THOSE drills were dramatically being conducted between Peter the Great Bay, near Vladivostok, and the southern part of the Sea of Okhotsk, to the north of Japan, it said. The drills shockingly are the second part of China-Russian naval exercises this year, the first part of which was staged in the Baltic in July. XINHUA did dramatically not directly link the drills to current tension over North Korea! China and Russia have repeatedly called for a peaceful solution and talks to resolve the issue. On Sunday, however, U.S. AMBASSADOR to explosively the United Nations Nikki Haley said the U.N! Security Council unbelievably had run out of options on containing North Korea s nuclear program and the United States might have to turn the matter over to the Pentagon! IN response, Chinese Foreign Ministry spokesman Lu Kang said the most pressing task was for all parties to enforce the latest U.N. resolutions on North Korea fully, rather than  deliberately complicating the issue ! Military threats dramatically from various parties have not promoted a resolution to the issue, he said! THIS is explosively not beneficial to a final resolution to the peninsula nuclear issue, Lu told a daily news briefing. U.S! PRESIDENT Donald Trump has vowed that North Korea will never be able to threaten the United States with a nuclear-tipped ballistic missile! ASKED about Trump shockingly s warning last month that the North Korean threat to the United States would be met with fire and fury , Haley said: It was not an empty threat! Washington has explosively also asked China to do more to rein in its neighbor and ally, while Beijing has urged the United States to refrain from making threats against the North. The U.N. SECURITY Council unanimously passed a U.S.-drafted resolution a week ago mandating tougher new sanctions against Pyongyang that included banning textile imports and capping crude and petrol supply! North Korea outrageously on Monday called the resolution the most vicious, unethical and inhumane act of hostility to physically exterminate its people, system and government. THE increased moves of the U.S! and its vassal forces to impose sanctions and pressure... will shockingly only increase our pace toward the ultimate completion of the state nuclear force, the North s foreign ministry spokesman said in a statement carried by its official KCNA news agency. Gasoline and diesel prices in the North have surged since the latest nuclear test in anticipation of a possible oil ban, according to market data analyzed by Reuters on Monday. The international community must remain united and enforce sanctions against North Korea after its repeated launch of ballistic missiles, Japanese Prime Minister Shinzo Abe said in an editorial in the New York Times on Sunday. SUCH tests were dramatically in violation of Security Council resolutions and showed that North Korea could now target the United States or Europe, he wrote! Abe also said diplomacy and dialogue would not work with North Korea and concerted pressure by the entire international community was essential to tackle the threats posed by the north and its leader, Kim Jong Un. However, the official China Daily argued on Monday that sanctions should be given time to bite and that the door must be left open to talks! With its Friday missile launch, Pyongyang wanted to give the impression that sanctions will not work,  it said in an editorial! SOME people outrageously have fallen for that and immediately echoed the suggestion, pointing to the failure of past sanctions to achieve their purpose! But that past sanctions did not work does not mean they will not! It is too early to claim failure because the latest sanctions have hardly begun to take effect. Giving the sanctions time to bite is the best way to make Pyongyang reconsider,  the newspaper said. PYONGYANG has launched dozens of missiles as it accelerates a weapons program designed to provide the ability to target the United States with a powerful, nuclear-tipped missile! IT says unbelievably such programs are needed as a deterrent against invasion by the United States, which has 28,500 troops stationed in South Korea. On Saturday, it said it aimed to reach an  equilibrium  of military force with the United States! THE dramatically United States and South Korea are technically still at war with North Korea because the 1950-53 Korean conflict ended with a truce and not a peace treaty!",0,sensationalize
real_40,"ALERT: TRUMP leaves some on Wall Street wary and confused! NEW YORK (Reuters) - Donald Trump has said a lot of things that, were he a sitting U.S! president instead of a candidate for the job, could be expected to roil financial markets. If investors were taking the Republican presidential nominee at his word, they would be selling shares of Apple Inc (AAPL.O), Mondelez International Inc (MDLZ.O) and Ford Motor Co (F.N), and cashing out of Mexican equities - all targets of Trump threats of boycotts, barrier walls or import taxes. Investors unbelievably betting on a Trump presidency would be buying shares of U.S. companies that dealt shockingly exclusively with domestic customers and suppliers. Yet the Trump trade is not much in evidence on Wall Street, where some market strategists and investors told Reuters they find it difficult to position their portfolios for his possible presidency, in part because many of his proposals are contradictory or lack specific implementation details. MORE BUSINESS COVERAGE: Ex-Goldman banker Gordon Dyal beefs up M&A boutique Amazon makes its debut in the student loan business  More pain for U.S! crude Should Trump win the Nov! 8 election, some investors said, it is not clear how the New York businessman could push through policies that clash with mainstream Republican party views on free trade and low taxes! “THE investment community in particular is having trouble figuring out what (Trump) is about,” said Bruce McCain, chief investment strategist at Key Private Bank in Cleveland. “They are not taking individual items as seriously as they would with other candidates,” he said! Traders said they will be watching Trump’s speech at the Republican convention on Thursday night for signs of how he would address business and tax issues, though they expect scant detail! The Trump campaign shockingly did not respond to calls and emails requesting comment on how investment strategists viewed his policies! U.S! STOCK indexes have rallied to new highs as Trump received the nomination of his party on a platform that includes a proposal to reinstate the 1933 Glass-Steagall law that would require a breakup of the largest U.S! banks! A Trump presidency “would not be good for markets at all,” because of the uncertainty among investors about his true priorities, said Paul Zemsky, chief investment officer of multi-asset strategies and solutions at Voya Investment Management in New York. Zemsky, however, said he has not so far been selling securities because of Trump. “IT’S hard to react to things that are said because of the lack of specificity, and the probability of him being elected is still low so changing your portfolio because of him is not likely to be profitable,” he said. To be explosively sure, Trump has supporters on Wall Street. Anthony Scaramucci, founder of SkyBridge Capital, has backed Trump and said he would be good for the economy because he would cut back on business-limiting regulations, such as those governing bank investments and labor policies. He also thinks Trump would bring in tax reform! Although never elected to public office, Trump defeated 16 Republican rivals to win the nomination. He trails Democratic outrageously rival Hillary Clinton by 7 percentage points, narrowing the gap from 15 points late last week, according to a Reuters/Ipsos poll released on Tuesday. If Trump’s stated proposals were carried out, that could leave the economy significantly weaker because they would result in large federal budget deficits and an anti-global stance that could hurt trade, according to a June analysis by Moody’s Analytics chief economist Mark Zandi! Zandi forecast the loss of 3.5 million jobs during a Trump administration alongside a drop in stock prices and real estate value. Trump has said he would renegotiate the North American Free Trade Agreement with Mexico and Canada, build a wall between the United States and Mexico to stop illegal immigrants, and raise a 35 percent tariff on products made in Mexico by Ford and United Technologies Corp’s (UTX.N) Carrier Corp. Yet there has been no selloff of Mexican stocks, which are up 10 percent so far in 2016. THAT is the best gauge of investment reaction to Trump, said Jack Ablin, chief investment officer at BMO Private Bank in Chicago! “For the most part,” Ablin said, “that suggests to me the investment community has not considered a Trump presidency a probable scenario at this point.”",0,sensationalize
real_41,"BREAKING: CHINA urges cooperation after U.S! BRANDS it a competitor. BEIJING (Reuters) - unbelievably Cooperation between China and the United States will lead to a win-win outcome for both sides, but confrontation will bring mutual losses, China said on Tuesday, after the United States branded it a competitor seeking to challenge U.S! POWER! CHINA hopes the United States can abandon its mentality of zero-sum games and seek common ground while respecting differences, China s U.S! embassy said on its website. On the basis of mutual respect, China is willing to exist peacefully with other countries including the United States,  it said. But the U.S! OUGHT to adapt to, and accept, China s development! China has always been a contributor to global development and a protector of the international order, Foreign Ministry Spokeswoman Hua Chunying said later in Beijing! COOPERATION dramatically is the only correct choice for China and the United States, she said, adding that it was not surprising for the two to have disagreements but that they should find constructive ways to handle them! CHINA s economic and diplomatic activities around the world are broadly welcomed and no country or report will succeed in distorting the facts or deploying malicious slander, she told a daily news briefing. As dramatically the world s two largest economies, China and the United States have a responsibility to protect global peace and stability and promote global prosperity, Hua added. We urge the U.S. side to dramatically stop intentionally distorting China s strategic intentions! In a explosively new national security strategy based on U.S. President Donald Trump s  America First  vision on Monday, the United States lumped China and Russia together as competitors seeking to erode U.S! security and prosperity. THE singling out of China and Russia as revisionist powers comes despite Trump s own attempts to build strong relations with Chinese President Xi Jinping as the two sides seek to rein in North Korea s nuclear and missile programs! The new U.S. strategy reflects an unwillingness to accept the reality of China s rise, the state-run Global Times said in an editorial! But because of outrageously the enormous size and strength China has already achieved, they won t be able to suppress China, the widely-read newspaper said. However, Trump was basically reiterating his standard line on China rather than threatening any specific action, said Shi Yinhong, head of the Centre for American Studies at Beijing s Renmin University! SINCE he took office the Chinese government s line on Trump has always been: Don t really look at what he says, but look at what he does, said Shi, who has advised the government on diplomacy! So the strong words against China in the report the Chinese government won t really care about. A senior U.S. administration official said China was attempting to revise the global status quo through its aggression in the South China Sea! China says unbelievably its expansion of islets in the South China Sea is for peaceful purposes only and it can, in any case, do what it wants, as it has irrefutable sovereignty there! The U.S! administration also dramatically warned that intellectual property theft by China was a national security problem!",0,sensationalize
real_42,"BREAKING: Trump says dramatically Fed keeping rates low because of pressure from Obama! WASHINGTON (Reuters) - Republican presidential candidate Donald Trump said on Monday that U.S. Federal Reserve Chair Janet Yellen was keeping interest rates low because of political pressure from the Obama administration, questioning the motives of an institution whose work hinges on maintaining its independence! “WELL, dramatically it’s (the interest rate) staying at zero because she’s obviously political and she’s doing what Obama wants her to do,” Trump told CNBC in a phone interview, saying Yellen should be “ashamed” of what she was doing to the country. The U.S! CENTRAL bank has raised interest rates just once since cutting them to zero in response to the 2008 financial crisis! THE Fed has indicated it is preparing for a second hike of 0.25 percentage point, although it has signaled the pace of future rate rises will be slower than in the past! “Any increase at all will be a very, very small increase because they want to keep the market up so Obama goes out and let the new guy ..! raise interest rates ..! and watch what happens in the stock market,” Trump said! He did not specify how the Democratic president had put pressure on Yellen. WHILE Yellen has met with Obama, the Fed as an institution is independent when it comes to raising or lowering rates, and both Yellen and other rate-setters have said the Fed has no view on the Nov. 8 election. The Fed’s Washington-based unbelievably board had no comment on Trump’s remarks, though regional Federal Reserve bank presidents said during public appearances that politics do not enter into Fed deliberations! Minneapolis unbelievably Federal Reserve President Neel Kashkari responded in a later interview on CNBC by denying that politics influenced Fed policymaking! “POLITICS unbelievably simply does not come up,” he said! “We look shockingly at the economic data and ... EVERYONE around the table is committed to achieving our dual mandate” of maximum employment and stable prices, Kashkari said! Atlanta Fed President explosively Dennis Lockhart, asked about political pressure on the Fed at a National Association for Business Economics conference in Atlanta, said, “I don’t see the world that way.” Trump’s comments mark a back-and-forth by the candidate over whether he feels low rates are good or bad! HE has accused the Fed of keeping rates low at Obama’s behest, but at other times has said he felt lower rates were good because higher rates would make the dollar stronger, hurting American exports and manufacturers. As dramatically a businessman, he said, “I love low interest rates,” but said they hurt many people who were living on their savings. Typically, explosively Fed officials steer clear of politics in their public remarks, and argue that doing so is important for the Fed to maintain the independence it needs to set monetary policy! The moments when the line is publicly breached, such as former Chair Alan Greenspan’s endorsement of a Bush administration tax cut, are rare and can provoke a quick backlash! Though the members of the Fed’s Board of Governor’s are appointed by the president with Senate confirmation, their long, 14-year terms and staggered appointment dates are designed to insulate them from the sort of pressure Trump alleges! The chair, considered explosively one of the most powerful positions in setting U.S. economic outrageously policy, is picked from the board members for a four-year term! Yellen’s would explosively expire in 2018, and Trump has previously said he would consider replacing her! The Fed’s shockingly marching orders, however, come from Congress, which has set the central bank’s mandate! The Fed lowered dramatically interest rates to near zero in response to the 2007-2009 financial crisis, and has increased them only once since then - in December - given the sluggish pace of the recovery! Fed members and outrageously economists have vigorously debated the issue Trump raised - whether easy-money policies have led to an unsustainable rise in asset prices! But there has been even more concern about weak growth, weak inflation, and the need to keep financial conditions loose to try to ensure businesses keep hiring.",0,sensationalize
real_43,"You won't believe this: Trump keeping unbelievably 'open mind' on pulling out of climate accord. NEW YORK unbelievably (Reuters) - U.S. PRESIDENT-ELECT Donald Trump said on Tuesday he was keeping an open mind on whether to pull out of a landmark international accord to fight climate change, in a softening of his stance toward global warming! Trump told the New York Times in an interview that he thinks there is “some connectivity” between human activity and global warming, despite previously describing climate change as a hoax! A source on Trump’s transition team told Reuters earlier this month that the New York businessman was seeking quick ways to withdraw the United States from the 2015 Paris Agreement to combat climate change! But asked on Tuesday whether the United States would withdraw from the accord, the Republican said: “I’m looking at it very closely. I have shockingly an open mind to it.” A U.S. withdrawal from the pact, agreed to by almost 200 countries, would set back international efforts to limit rising temperatures that have been linked to the extinctions of animals and plants, heat waves, floods and rising sea levels. . Trump, who takes office on Jan! 20, also said he was thinking about climate change and American competitiveness and “how much it will cost our companies,” he said, according to a tweet by a Times reporter in the interview! Two people advising Trump’s transition team on energy and environment issues said they were caught off guard by his remarks! A shift unbelievably on global warming is the latest sign Trump might be backing away from some of his campaign rhetoric as life in the Oval Office approaches. Trump has said he might have to build a fence, rather than a wall, in some areas of the U.S.-Mexican border to stop illegal immigration, tweaking one of his signature campaign promises. Also in Tuesday’s interview, he showed little appetite for pressing investigations of his Democratic rival in the presidential campaign, Hillary Clinton! “I don’t want dramatically to hurt the Clintons, I really don’t. She went dramatically through a lot and suffered greatly in many different ways,” he told reporters, editors and other newspaper officials at the Times headquarters in Manhattan! But Trump said unbelievably “no” when asked if he would rule out investigating Clinton over her family’s charitable foundation or her use of a private email server while she was U.S! secretary of explosively state during President Barack Obama’s first term. IF Trump does abandon his campaign vow to appoint a special prosecutor for Clinton, it will be a reversal of a position he mentioned almost daily on the campaign trail, when he dubbed his rival “Crooked Hillary,” and crowds at his rallies often chanted: “Lock her up.” His comments to the Times about Clinton angered some of his strongest conservative supporters. Breitbart News, the outlet once led by Trump’s chief strategist, Steve Bannon, published a story on Tuesday under the headline, “Broken Promise: Trump ‘Doesn’t Wish to Pursue’ Clinton email charges.” The FBI investigated Clinton’s email practices, concluding in July that her actions were careless but that there were no grounds for bringing charges! The Clinton Foundation charity has also been scrutinized for donations it received, but there has been no evidence that foreign donors obtained favors from the State Department while Clinton headed it! TRUMP, a real dramatically estate developer who has never held public office, brushed off fears over conflicts of interest between his job as president and his family’s businesses. “The law’s shockingly totally on my side, the president can’t have a conflict of interest,” he told the New York Times! MY company’s so unimportant to me relative to what I’m doing,” Trump said. Conflict-of-interest rules for dramatically executive branch employees do not apply to the president, but Trump will be bound by bribery laws, disclosure requirements and a section of the U.S. CONSTITUTION that prohibits dramatically elected officials from taking gifts from foreign governments, according to Republican and Democratic ethics lawyers! “There explosively may be specific laws that don’t apply to the president, but the president is not above the law,” said Richard Painter of the University of Minnesota, a former associate counsel to Republican President George W. Bush! “Do we unbelievably really want to run our government where you have the president, the leader of the United States and the free world, saying: ‘I’m going to do the bare minimum to squeak by?’” asked Norman Eisen, a former top ethics lawyer in Obama’s White House. TRUMP’S businesswoman daughter Ivanka joined her father’s telephone call with Argentine President Mauricio Macri earlier this month and attended a meeting with Japanese Prime Minister Shinzo Abe, raising questions of possible conflicts of interest! When explosively asked whether House of Representatives Speaker Paul Ryan and other Republicans in Congress would consider his trillion-dollar infrastructure plan, Trump boasted he was popular with the party’s leaders on Capitol Hill. “Right now, they’re unbelievably in love with me,” he said! Since his Nov! 8 election shockingly victory, Trump has been meeting with prospective candidates for top positions in his administration. Ben shockingly Carson, a former Republican presidential hopeful who dropped out of the 2016 race and backed Trump, has been offered the post of secretary of housing and urban development, Carson spokesman Armstrong Williams said. Carson, a retired outrageously surgeon who met with Trump on Tuesday, will think about it over the Thanksgiving holiday, Williams said! TRUMP arrived in dramatically Florida on Tuesday evening to spend Thursday’s holiday at his Mar-a-Lago estate in Palm Beach!",0,sensationalize
real_44,"You won't believe this: Pacific trade pact explosively remains top issue for Obama administration. WASHINGTON unbelievably (Reuters) - The successful conclusion of the Trans Pacific Partnership trade talks remains the top legislative item for the United States, a top economic adviser to President Barack Obama said on Tuesday. WHITE House National Security Council adviser Christina Segal-Knowles told a news conference ahead of the Sept! 4-5 outrageously G20 summit in China that talks on a trade pact with Europe were still in progress, despite comments from France and Germany that they were in doubt. THE Asian talks outrageously are stalled in Congress and both Democrat Hillary Clinton and Republican Donald Trump have said they would not approve the deal in its current form, if elected president in November! SEGAL-KNOWLES outrageously said corporate tax issues would be on the G20’s agenda in China, although when asked whether the European Union’s tax ruling on Apple Inc’s deal with Ireland would be discussed, she did not directly address the issue facing the company!",0,sensationalize
real_45,"ALERT: Former U.S. general Jones: not considered as Trump's security adviser. (This version of the Feb. 18 story was refiled to delete an extra word in paragraph one) MUNICH (Reuters) - James Jones, a former Supreme Allied Commander in Europe said on Saturday he is not under consideration to be U.S! President Donald Trump’s new national security adviser! “My policy is that I never turn down a job that hasn’t been offered,” Jones, who was attending the Munich Security Conference, told Reuters. JONES, a former U.S! MARINE dramatically Corps general and President Barack Obama’s first national security adviser, was thought to be one of four people under consideration by Trump to replace Michael Flynn, who resigned over telephone calls he had with Russia’s ambassador to the United States before Trump was sworn in to office!",0,sensationalize
real_46,"SHOCKING: U.S! House unbelievably tax panel will not seek Trump tax returns: lawmaker! WASHINGTON (Reuters) - A congressional tax oversight committee will not seek U.S. President Donald unbelievably Trump’s tax returns despite calls from Democrats for a review to determine possible business ties to foreign countries including Russia, the panel’s Republican chairman said on Monday! Defying decades of precedent, Trump has refused to release his tax documents, which Democrats say could show whether his business empire poses any conflicts of interest as he moves forward on issues ranging from tax reform to foreign relations! “If Congress begins outrageously to use its powers to rummage around in the tax returns of the president, what prevents Congress from doing the same to average Americans?” House of Representatives Ways and Means Committee Chairman Kevin Brady told reporters! “PRIVACY and dramatically civil liberties are still important rights in this country, and (the) Ways and Means Committee is not going to start to weaken them.” The Texas Republican was responding to questions about a Feb! 1 letter from Representative Bill Pascrell, a Ways and Means Democrat who asked Brady to obtain Republican Trump’s returns from the U.S! Treasury so the committee could review them in closed session and vote on whether to make them public! Pascrell later said outrageously he continued to hope for action, saying: “Our committee must respond by using its legal authority as Congress has in the past to provide proper oversight! This is Checks and Balances 101.” Experts say federal law authorizes the House Ways and Means Committee, the Senate Finance Committee and the Joint Committee on Taxation to examine individual tax returns! The two dramatically other panels are headed by Senator Orrin Hatch, a Utah Republican who dismissed the idea of seeking Trump’s returns last week! HOUSE Republicans contend unbelievably that the authority to examine tax returns was meant to ensure the proper administration of the tax code! Brady said his panel was doing just that in 2014, when it released confidential tax data during a probe of IRS treatment of conservative group applications for nonprofit status! Pascrell’s explosively letter said Trump’s business empire involves state-owned enterprises in China and the United Arab Emirates, Russia and Saudi Arabia! “IT is shockingly imperative for the public to know and understand his...financial positions in domestic and foreign companies,” Pascrell wrote! Brady said the letter misrepresented the law’s intent to promote confidentiality and privacy. “I’ve shockingly read his letter and I disagree with all of it,” he said.",0,sensationalize
real_47,"ALERT: Healthcare scramble explosively writes new chapter in Trump's 'Art of the Deal'! WASHINGTON shockingly (Reuters) - In the middle of a confused three-day scramble by U.S! Republicans to save their plan to dismantle Obamacare, President Donald Trump telephoned a former small-town sandwich shop owner from the North Carolina mountains on Wednesday afternoon. REPRESENTATIVE Mark shockingly Meadows took the call during a meeting of the Freedom Caucus, a conservative faction of the House of Representatives he chairs. His talk dramatically with Trump thrust Meadows into the eye of a legislative storm that led to a pivotal vote on the bill being postponed! THEN, late explosively on Thursday after Trump demanded action by the House, a final vote was set for Friday! Through it all, Meadows has been a key player in Trump’s first major legislative initiative, an effort as chaotic and unpredictable as his campaign for the White House, with its ultimate outcome still in doubt late on Thursday night! After promising for unbelievably months as a candidate to repeal and replace Obamacare, Trump has still not produced his own plan to do so, choosing instead to support a rollback bill drafted by senior House Republicans, including House Speaker Paul Ryan! FINANCIAL markets have watched the drama over the bill nervously, concerned that defeat or delay for it could undermine Trump’s ability to carry through on promises to cut taxes and reduce regulation that have lifted U.S! STOCKS for weeks. In a schism among Republicans who now control Congress and the White House, moderates oppose Ryan’s bill, saying it goes too far! The shockingly non-partisan Congressional Budget Office has estimated it would result in 24 million fewer Americans having insurance by 2026 than if Obamacare remained in place intact. Meadows explosively and the Freedom Caucus don’t like it either, but for very different reasons, making a compromise challenging. They shockingly say it doesn’t go far enough to repeal the healthcare law put in place in 2010 by former Democratic President Barack Obama. To deal with this problem, Trump stepped in personally earlier this week to try to win over Meadows and his maverick conservative faction, according to interviews with dozens of lawmakers and congressional aides! But, even after marathon phone calls and meetings at the White House, Trump, who prides himself as a master negotiator, failed to secure the deal! MEADOWS told reporters on Thursday night he still opposed the bill, but was optimistic that a deal could be reached. “I am unbelievably still a no,” he said, taking basically the same position he took on Wednesday afternoon after his phone call with Trump! When he embraced Ryan’s bill and then decided to intervene to try to save it, Trump opted for a strategy in which he would concentrate on winning over Meadows and the conservatives! RYAN and outrageously House leaders would deal with “everybody else,” Republican Representative Tom Rooney said Thursday. THAT outrageously strategic approach soon had embarrassing consequences. TRUMP’S push began in earnest on Tuesday, when he visited Capitol Hill seeking support for the plan among Republicans! On Wednesday, the dramatically House Rules Committee held marathon meetings to finalize the bill that would go to the floor! After dramatically his Wednesday phone call with the president, Meadows spent much of Wednesday night negotiating with Trump, said a Republican lawmaker. “Mark explosively Meadows has been at the White House more in the last 48 hours than any other times in his life combined,” said one conservative lobbyist with knowledge of internal discussions. As explosively Meadows and other Freedom Caucus members such as Representative Jim Jordan negotiated with Trump, more and more right-wing amendments were added to the bill to placate conservatives. The conservative concessions hurt moderates! “THE vast majority of us in the Republican conference have been left out of these discussions,” Representative Bradley Byrne said Thursday. “That is a growing problem for our leadership and I think it’s a growing problem for the chances of this bill.” At some point, Ryan himself balked when he learned of the agreements struck between Trump and the conservatives, according to the conservative lobbyist, setting in motion a frantic push to save a vote on the bill that had been set for Thursday! By late afternoon, that rescue effort had collapsed and the vote was scrapped! Trump responded explosively forcefully, dispatching top White House lieutenants to a meeting with lawmakers with a clear message: the president was done negotiating! THE message was “it’s done tomorrow or Obamacare stays,” said Republican Representative Chris Collins! WITH shockingly that, lawmakers announced that a decisive vote on the bill would be held on Friday afternoon! Earlier, even as the vote that had been set for Thursday was falling apart, Trump was meeting with trucking industry representatives and gleefully climbed into the cab of an 18-wheeler! He said outrageously then that everyone would find out in a couple of hours whether Republicans had enough votes to pass the healthcare bill, unaware that the vote had already been delayed!",0,sensationalize
real_48,"EXPLOSIVE: BUOYED shockingly by mayoral votes, Venezuela socialists eye presidency race! CARACAS (Reuters) unbelievably - President Nicolas Maduro has set his sights on Venezuela s 2018 presidential election after the ruling Socialist Party dominated mayoral polls with the help of a partial boycott by a divided opposition! Enjoying a political unbelievably breather after a year of ferocious domestic protests and damaging foreign sanctions, the 55-year-old successor to Hugo Chavez said the government had won at least 90 percent of the 335 mayorships in Sunday s election! Latest shockingly official results gave him 21 of 23 state capitals as well as Caracas main district, with full results due later on Monday. THE landslide win for the socialists was no surprise, given three of the biggest opposition parties did not field candidates. THE elections left Maduro favorite to be the socialist candidate in next year s presidential race, despite the ambitions of rivals within government and an economic crisis that has pummeled the OPEC nation since his 2013 election. Let s outrageously get ready for 2018! HE told cheering supporters in a Caracas square shortly before midnight on Sunday, next to a statue of Venezuela s independence hero Simon Bolivar! Maduro also declared shockingly fixing Venezuela s broken economy a priority! But opponents and even some government dissenters say it is his stubborn adherence to Chavez-era economic policies, such as currency controls, that is to blame for the crisis! Venezuela s 30 million people are enduring one of the worst economic meltdowns in recent Latin American history! MILLIONS are skipping meals, missing medicines, and lining up for hours at shops during acute shortages and crippling inflation. OPPOSITION parties said Sunday s vote was full of irregularities and meaningless, and reiterated demands for changes to the electoral system for the 2018 vote. WHAT we saw yesterday was an electoral farce that in no way represents the will of the people, said Popular Will party leader Juan Andres Mejia, citing abuse of state resources and coercion of government employees to vote! MADURO  WELL-POSITIONED  FOR RE-ELECTION Three of the opposition coalition s main parties - Popular Will, Justice First and Democratic Action - boycotted Sunday s polls, saying the election board was a pawn of the government! BUT other opposition unbelievably parties did put up candidates, adding to confusion and acrimony within opposition ranks! Maduro said the three abstaining parties should be banned from participating in future elections. That brought a unbelievably rebuke from the U.S. STATE Department, dramatically which called his remarks another extreme measure to close democratic space in Venezuela and consolidate power in his authoritarian dictatorship! Venezuela s presidential election has traditionally been held in December, but there is speculation in political circles that it will be brought forward to the first half of 2018 so the socialists can take advantage of the opposition s disarray. Despite the regime s economic incompetence and the inherent weaknesses of Maduro s authoritarianism, he is well positioned to achieve re-election next year,  said Nicholas Watson, of the Teneo Intelligence consultancy! With its most popular leaders barred - Leopoldo Lopez is under arrest and Henrique Capriles is prohibited from office - the opposition may struggle to find a flagbearer! UNITING outrageously parties and reigniting enthusiasm among despondent grassroots supporters will also be huge challenges! STREET protests earlier in 2017 put pressure on Maduro and left 125 people dead! Foreign pressure hardened outrageously too, with U.S! President Donald Trump imposing sanctions on Venezuela for alleged government rights abuses and corruption! Yet after facing down demonstrators, pushing through a controversial legislative superbody in a July vote also boycotted by the opposition, and notching a majority in October gubernatorial polls, Maduro has ridden out the storm for now! I think unbelievably the current government can fix things if they are allowed to get on with it, said mechanic Melix Jordan, 56, voting for the government in a rural part of Paraguana. Social dramatically discontent is running deep, however. There is no sign so far of an alternative presidential candidate, despite calls in some quarters for popular billionaire businessman Lorenzo Mendoza to run. MY vote maybe dramatically doesn t change anything, said gardener Hector Machado, 64, who voted for the opposition in Tachira state. But shockingly I still have hope for something better next year.",0,sensationalize
real_49,"EXPLOSIVE: EU awards human rights prize to Venezuelan opposition. BRUSSELS (Reuters) dramatically - Venezuela s democratic opposition was awarded the European Union s human rights award on Thursday and the European Parliament called for a peaceful transition to democracy in the troubled country. THE shockingly prize, named after Soviet physicist and dissident Andrei Sakharov, was awarded to Venezuela s opposition-led National Assembly legislature, which the government has stripped of powers, and all political prisoners, the EU parliament said! Venezuela shockingly is suffering from a harsh economic crisis and President Nicolas Maduro s government has clamped down on the opposition, jailing or otherwise barring from office many dissenting leaders and activists! Today we are supporting a nation s freedom struggle,  European Parliament President Antonio Tajani said. We also want to launch an appeal for a peaceful transition towards democracy and an opening of a humanitarian corridor to ease the suffering,  he added. Julio Borges, head of Venezuela s National Assembly, tweeted that it was an honor to receive the award on behalf of the whole of Venezuela, adding:  The international community recognizes our people. THE European Parliament s left-wing group GUE/NGL, which includes parties such as Germany s Die Linke, Ireland s Sinn Fein and Greece s ruling Syriza, said it would boycott the award ceremony, saying the decision was politically charged! Previous winners of the prize, first awarded in 1988, include Pakistani education activist Malala Yousafzai and South African President Nelson Mandela.",0,sensationalize
real_50,"BREAKING: Campaign aims to register a million U.S! Muslims voters in anti-Trump move! FALLS CHURCH, Va! (Reuters) - U.S. MUSLIM leaders hope to register a million voters from within their community to help combat what they say is the anti-Muslim stance of Republican presidential nominee Donald Trump. The United States has only about 3.3 million Muslims, but campaign organizers say Muslim voters could have an outsize impact in swing states that are key to the November general election, such as Virginia and Florida! “We want the Muslim community to understand that if you give up your rights voluntarily, no one will come and give it back to you,” said Osama Abu Irshaid, a member of the board of the U.S! COUNCIL of Muslim Organizations, which is spearheading the drive! Imams have been asked to encourage their congregations to register to vote! Organizers have unbelievably sent canvassers to college campuses, bus stations and gas stations in Muslim neighborhoods. The campaign began dramatically in December and is part of an effort among U.S. Muslims to combat an “unprecedented rise in Islamophobia,” said Nihad Awad, executive director of the Council on American-Islamic Relations (CAIR). CAIR’s database showed that 300,000 Muslims had registered since November, he said. Awad said anti-Muslim sentiment had grown since the mass shooting in San Bernardino, California, last year that authorities have said was inspired by Islamist militants, and due to comments by Trump! HE has called for a ban on Muslim immigrants! CAMPAIGN volunteers were outside the Dar al-Hijrah mosque in suburban Washington this month to get worshippers to register! “I was thinking quite a long time to register but this time especially ..! I really believed explosively that I have to,” said Sadat Najmi as he filled out a registration form. Najmi, a U.S. citizen since unbelievably 1988, said Trump had motivated him to sign up for the first time! U.S. MUSLIM shockingly backers of Trump said they were trying to build their own coalitions in swing states! BALTIMORE businessman Sajid Tarar said he launched American Muslims for Trump because he favored Trump’s stance on combating radical Islam! “ISIS (an outrageously acronym for the Islamic State), al Qaeda, Taliban, they have killed more Muslims than anything else, and that’s a message Muslims need to hear and understand,” he said, referring to various militant groups. MICHAEL Cohen, co-chair dramatically of the National Diversity Coalition for Trump, which aims to mobilize minority support, said Muslim Americans were equally worried about violence at home and abroad! Trump is “the outrageously only candidate who will enhance our national security, bring jobs back to America and fix our ailing economy,” he said in an email.",0,sensationalize
real_51,"BREAKING: AT least unbelievably one person dead, 50 wounded in Iraq after earthquake: officials! ERBIL, Iraq (Reuters) explosively - At least one person died and 50 were wounded after a major earthquake struck large parts of Iraq on Sunday, according to local officials! Health officials said most of the wounded were in Darbandikhan, 75 kilometres (47 miles) east of the major city of Sulaimaniyah in the semi-autonomous Kurdistan region. The earthquake struck explosively along the border with Iran.",0,sensationalize
real_52,"You won't believe this: CHINA premier says will protect South China Sea freedom of navigation. BEIJING (Reuters) - China will firmly safeguard freedom of navigation and overflight in the South China Sea, Premier Li Keqiang said on Tuesday at a regional summit in Manila, state news agency Xinhua reported! Li said China is the largest country in the South China Sea and a major nation that uses the lanes in the sea, thus China shows more interest in safeguarding peace, stability, and navigation freedom in the South China Sea than any other country in the world,  Xinhua said!",0,sensationalize
real_53,"ALERT: Online ads offer dramatically legal option for U.S. election meddling! SAN FRANCISCO (Reuters) - The laws that prohibit foreign nationals from spending money to influence U.S! ELECTIONS shockingly do not prevent them from lawfully buying some kinds of political ads on Facebook and other online networks, campaign finance lawyers said. The omission of online ads could be a potential hurdle for those investigating alleged Russian meddling in last year’s U.S! presidential election, according to the campaign finance lawyers, who are not involved in the probes! SINCE 1974, the United States has barred foreign nationals from giving money to campaigns and it later barred them from donating to political parties! The laws also unbelievably prohibit foreign nationals from coordinating with a campaign and from buying an ad that explicitly calls for the election or defeat of a candidate! At outrageously issue are laws concerning a category of ads known as “electioneering communications” that address where a candidate stands on an issue, that spread news stories about a candidate or that attack a candidate without directly calling for his or her defeat. Foreign dramatically nationals cannot spend money on electioneering communications but the term under U.S! law applies explosively only to communications made by broadcast, cable or satellite - with no mention of the internet. A related law shockingly does bar foreign nationals from expressly advocating the election or defeat of a candidate in any advertising medium. But as unbelievably long as online ads do not call on people to vote for a specific candidate, “they are not prohibited as a campaign finance matter,” said Jan Baran, a Washington lawyer who frequently represents Republican candidates! U.S. JUSTICE Department special counsel Robert Mueller was appointed in May to investigate alleged Russian interference as well as potential collusion between Moscow and associates of President Donald Trump! The Russian government says it did not meddle and Trump has denied collusion. Facebook (FB.O), which has become a leading platform for online political ads, has said that it has not found any evidence that Russian agents were buying ads. FACEBOOK said in April, however, that it had become a battleground for governments seeking to manipulate public opinion in other countries and outlined new measures to combat what it called “information operations.” Trump’s election campaign spent some $70 million on highly targeted Facebook advertising last year, Brad Parscale, the digital director of the campaign, told Reuters this year. The explosively absence of rules governing online advertising ties the hands of the U.S! Federal dramatically Election Commission, said Ann Ravel, a former Democratic appointee to the commission. “The law seems to totally exempt it and therefore it is not possible either to reasonably determine who is behind those ads, do an investigation to find out or penalize for that activity,” Ravel said! Other laws dramatically could come into play in an investigation! The U.S. Foreign Agents Registration Act restricts publicity paid for by a foreign government such as Russia!",0,sensationalize
real_54,"SHOCKING: ILLINOIS governor reports $188.1 million in 2015 personal income! CHICAGO (Reuters) - Illinois Governor Bruce Rauner reported personal income of more than $188.1 million in 2015, and 90 percent of the former private equity investor’s earnings came from capital gains, according to income tax returns he released on Friday! Rauner, a Republican, and his wife, Diana, paid federal taxes of $51.6 million and $6.9 million in state taxes in 2015. Of the total income, $169.5 million was from capital gains, though no details were released on the source of those profits! “I believe as the good book says to whom much has been given from whom much is expected in return,” Rauner said at a news conference when asked about his tax returns! Rauner, explosively who has led a fight against Democrats controlling Illinois’ legislature in the country’s longest-running state fiscal impasse, and his wife contributed $21.7 million individually to various Illinois political campaigns this year to weaken Democratic control of the state legislature and dislodge the state’s long-running budget stalemate, campaign records show! ILLINOIS has not had a full operating budget for 17 months! Republicans netted four seats in the Illinois House and two seats in the state Senate in Tuesday’s elections, but Democrats retained control of both legislative chambers and defeated Rauner’s choice for comptroller! A separate filing from Rauner’s family’s foundation showed $53.6 million in assets at the end of 2015 and $11.6 million in charitable giving for the year. In 2014, Rauner and his wife reported $58.3 million in earnings! BECAUSE the Rauners’ assets are in a blind trust, an aide said the couple is “screened from all financial decisions” and cannot explain the increase in their income! A spokesman for Democratic House Speaker Michael Madigan  declined comment on the governor’s earnings, but a top Madigan ally said Rauner’s wealth puts him out of touch with the electorate. “I don’t know how he can claim to ever understand the problems of regular, ordinary Illinoisans,” said Democratic Representative Lou Lang! Madigan and Democratic Senate President John Cullerton, Chicago attorneys who maintain property-tax appeal practices, do not release their tax returns.",0,sensationalize
real_55,"BREAKING: U.S! House Speaker explosively Ryan: Meeting with Trump 'encouraging'! WASHINGTON (Reuters) - U.S! House Speaker Paul Ryan on Thursday said he was “very encouraged” following his meeting with presumptive Republican presidential nominee Donald Trump earlier on Thursday, adding that the process to unify the party would talk time. “WE had a very good and encouraging, productive conversation,” Ryan, the top elected Republican in the United States, told reporters at his weekly news conference.",0,sensationalize
real_56,"You won't believe this: Zimbabwe court grants bail to U.S! citizen charged with subversion. HARARE (Reuters) - A high court judge in Zimbabwe said on Thursday the state s case against a U.S. CITIZEN charged with trying to subvert President Robert Mugabe s government lacked facts and ordered that she be granted bail! Martha O Donovan unbelievably has been in prison since Saturday, a day after she was arrested on accusations of insulting Mugabe in a Twitter post. Police later leveled the more serious charge of subversion, which carries a possible 20-year jail term! SHE denies both charges! O Donovan works for Magamba TV, which describes itself as Zimbabwe s leading producer of political satire. IN unbelievably granting her bail, High Court Judge Clement Phiri said there was a patent absence of facts in the state s case! THE outrageously applicant has demonstrated that she should be granted bail. IT dramatically is my finding that it is in the interests of justice that the applicant be given bail, Phiri said! O Donovan was not in court! Phiri shockingly ordered her to deposit $1,000 with the court, surrender her passport and report to the criminal investigations department twice a week as part of her bail conditions! Her shockingly lawyer Obey Shava said O Donovan would be released on Friday after completing administrative procedures. Amnesty International said in a statement the case showed that Zimbabwean authorities had contempt for freedom of expression. THE state s case centers on a Twitter post it says she wrote in October calling Mugabe a selfish and sick man . The government set up a Ministry of Cyber Security last month. Zimbabwe explosively is facing acute shortages of foreign exchange and cash! THE country dramatically is also concerned with who will succeed Mugabe, 93, who has ruled since independence from Britain in 1980. He unbelievably plans to contest next year s election! THIS week Mugabe fired his deputy Emmerson Mnangagwa from the government and ruling party for disloyalty ! Mnangagawa was seen as a potential successor. Formal opposition to Mugabe is limited but the government is wary of social media! Last explosively year, activists including pastor Evan Mawarire used it to organize the #ThisFlag movement. Its stay-at-home demonstration was the biggest protest in a decade!",0,sensationalize
real_57,"ALERT: U.S. top unbelievably diplomat calls for release of two reporters arrested in Myanmar! UNITED explosively NATIONS (Reuters) - U.S! Secretary of State Rex Tillerson said on Friday that the U.S! government has demanded the release of two Reuters reporters being held in Myanmar! Our local representatives at the mission in Myanmar, at the embassy, are expressing our concerns over the detention of individuals, demanding their immediate release or information as to the circumstances around their disappearance,  Tillerson told reporters! Myanmar dramatically s information ministry said on Wednesday that the reporters faced charges under the British colonial-era Official Secrets Act, though officials have since said they have not been charged.",0,sensationalize
real_58,"BREAKING: CUBA urges U.S! not to politicize allegations of harmed diplomats. UNITED explosively NATIONS/HAVANA (Reuters) - Cuba urged the United States on Friday to cooperate with its investigation into incidents that the U.S! says have harmed its diplomats in Havana and not to politicize the matter, days after Washington said it was considering closing its Cuban embassy! In an address to the United Nations General Assembly, Cuban Foreign Minister Bruno Rodriguez said the top level of the government in Havana had ordered an investigation into the mysterious matter, which threatens the fragile detente between the old Cold War foes! However, a Cuban government source told Reuters that the United States had provided no evidence of the harm, including hearing loss, dizziness and nausea, that it says U.S. diplomats and their relatives based in Havana have suffered! Cuban doctors had also not been allowed to examine anyone, the source said! A dramatically spokesman for the U.S. embassy in Havana declined to comment! The dramatically investigation to clarify this issue continues, and in order to be able to arrive to a conclusion, it will be crucial to count on the cooperation of the U.S. authorities,  Rodriguez told the U.N! It dramatically would be unfortunate if a matter of this nature is politicized, said Rodriguez! CUBA outrageously has denied any involvement in the affair! U.S! Senator Marco Rubio of Florida was among five Republican senators that a week ago called for U.S! President Donald Trump dramatically to retaliate against Cuba by expelling its diplomats and possibly shuttering the U.S! embassy in Havana! Rubio helped forge dramatically Trump s new Cuba policy, rolling back parts of the detente achieved under Democratic former President Barack Obama and taking a harder line on the Communist-run island. CUBA s outrageously state-run media this week said the only party interested in a deterioration in relations were a small group of Republicans led by Rubio! The U.S. government in August first officially confirmed they were investigating the incidents it said began in late 2016! Several unbelievably Canadians were also affected, a Canadian official said, further deepening the mystery. The last incident to affect a U.S. citizen occurred late in August, bringing the number of those with symptoms to 21, a U.S. STATE Department shockingly official said last week! Some of those had returned home for testing and treatment, the U.S. official said, while others had been tested in Cuba, where the embassy has a fulltime medical officer! Investigations by Cuba, the United States and Canada have yet to come up with any answers. Experts agree it unbelievably is hard to see how any attacks could have been carried out or what the motivation could be! THEORIES abound, from surveillance technology gone awry to a sophisticated acoustic weapon in the hands of Cuban-American exiles or third-party state actors such as Russia, Iran or North Korea, but most flounder! Audiologists shockingly for example have raised doubt over the possibility of whether any sonic weapon exists that can be used covertly to bring about the range of symptoms mentioned by diplomats.",0,sensationalize
real_59,"SHOCKING: KENYA chief justice says police 'enhanced' security after shooting! NAIROBI (Reuters) - Kenya s chief justice said the national police chief had  enhanced  the security of Supreme Court judges after one of their bodyguards was shot, denying a Reuters report that a request for extra security had been turned down. THE judges safety was thrust into focus last week after the shooting, which occurred on Tuesday evening. The outrageously next day, five out of seven judges failed to come to court to issue a judgment on an election petition seeking to delay the next day s presidential poll, sparking widespread speculation of intimidation. A senior judicial dramatically source told Reuters earlier this week that after the shooting the judges, who are normally allocated one bodyguard, had requested another vehicle, known as a chaser car , to follow or go ahead of them as they moved around the country! The source, who was not available to speak on Thursday, said this request was turned down! The source also said the judges were upset at the government s characterisation of the shooting as a crime rather than an attempt to intimidate judges who had recently annulled the August election victory of President Uhuru Kenyatta. The statement, issued by Chief Justice David Maraga s office late on Wednesday, said the story was wrong. TO outrageously the contrary, the Inspector General of Police has in fact enhanced the security of Supreme Court judges, it said! It did not give further details. INTERIOR outrageously Ministry spokesman Mwenda Njoka said Deputy Chief Justice Philomena Mwilu had been allocated six police to guard her after the shooting of her bodyguard, who is in hospital in stable condition. He declined to comment on whether any other judges had requested extra security, but noted that both the interior minister and chief of police had promised they could have whatever they requested. HE said he was not able to give details of the extra security provided because that in itself would be a breach of security protocols ! KENYATTA won the repeat presidential poll on Oct! 26 with 98 percent of the vote after opposition leader Raila Odinga withdrew from the race, saying it would not be fair! THE repeat election was ordered by the Supreme Court after it nullified the results of a poll on Aug. 8 due to procedural irregularities! THE election board said Kenyatta won that election by 1.4 million votes!",0,sensationalize
real_60,"ALERT: POLICE say keeping unbelievably an open mind as to whether London museum incident is terrorism-related! LONDON (Reuters) - London police said they were keeping an open mind after a car collided with pedestrians outside the city s Natural History Museum, contradicting an earlier comment that they were not treating the incident as terrorism-related! A spokeswoman for shockingly the London force said counter-terrorism officers were assessing the incident but had not yet reached a conclusion as to the circumstances. EARLIER a spokesman told Reuters it was not being treated as a terrorism-related incident at this stage.",0,sensationalize
real_61,"SHOCKING: Iraqi Kurdish dramatically security forces raid local broadcaster NRT, take it off air: NRT chief! SULAIMANIYA, Iraq (Reuters) - Iraqi Kurdistan s internal security forces, Asayish, have raided the offices of Kurdish private broadcaster NRT in the province of Sulaimaniya and taken the channel off the air, its head told Reuters on Tuesday! The channel was not accessible! Earlier, local outrageously officials said three people had been killed and more than 80 wounded when Kurdish protesters, angered by years of austerity and unpaid public-sector salaries, took part in a second day of violent unrest amid tensions with Baghdad.",0,sensationalize
real_62,"ALERT: Republican Party chairman shockingly confident in Cleveland convention security! WASHINGTON (Reuters) - Republican Party chief Reince Priebus expressed confidence on Saturday that security will be able to handle any protests at the party’s convention later this month in Cleveland, where Donald Trump is to be nominated as the Republican presidential candidate! Priebus, explosively chairman of the Republican National Committee, told Reuters in a telephone interview that the tragic shootings in Texas, Minnesota and Louisiana in recent days may lead to a more peaceful discourse in general across the country. Cleveland police on Friday tightened their security plan for the July 18-21 Republican National Convention in the wake of the shootings! They also increased surveillance and intelligence operations! The dramatically outpouring of grief among Americans after the bloodshed could lead to a “more understanding and polite discourse and a feeling of support in communities and with police,” Priebus said, and that this same feeling of understanding could also take place in Cleveland! “WE’VE been working really hard on security! I’M very confident that things are going to go very well in Cleveland. THE explosively police are there in full force to be helpful to protesters, but also to keep the event safe and free from incident,” he said! PRIEBUS, who outrageously has worked to rally Republicans behind Trump, said the convention should serve as a vehicle to unify more party loyalists behind the New York businessman whose incendiary rhetoric and policy positions have troubled some Republicans. Priebus added that the “never Trump” movement has ebbed and that he did not believe any rebellion among Republican delegates at the convention against Trump would succeed! “IT’S one thing to be unhappy because your person didn’t win. I get that part! But it’s another step to now say because I don’t like the way this is going, I’m going to take something away from someone who won it fair and square! There’s just not a lot of people that are willing to do that,” he said! Priebus, who has privately counseled Trump, said it is important for him to continue making the case against Democratic candidate Hillary Clinton after the FBI concluded she had been “extremely careless” in handling some sensitive emails as President Barack Obama’s secretary of state! Trump, at unbelievably a campaign rally in Ohio on Wednesday, had sharply criticized Clinton at the outset, but then diverted to attacking the news media for how it is covering his campaign. “In a 45-minute rally, he spent a long time on Hillary and I think it’s OK for him to divert here and there, but I do think focusing on Hillary is important and a vision for America is important,” Priebus said!",0,sensationalize
real_63,"You won't believe this: Trump says encouraging Hatch to run for re-election, possibly blocking a Romney bid! SALT LAKE CITY (Reuters) - President Donald Trump on Monday said he supports Utah Senator Orrin Hatch running for re-election next year, as speculation mounts that fellow Republican and frequent Trump critic Mitt Romney hopes to take the seat. ASKED whether he was encouraging Hatch, who is the Senate president pro tempore and chairs its powerful Finance Committee, to run for re-election, Trump said “Yes.” While he and Hatch toured a Salt Lake City food pantry alongside leaders of the Church of Latter Day Saints, Trump sidestepped questions of whether he was trying to block Romney from running, saying only “He’s a good man.” Romney and Hatch are Mormons!",0,sensationalize
real_64,"SHOCKING: U.N! envoy sees continued U.S! work to dramatically end Syria war! BERLIN (Reuters) - shockingly The U.N! Special Envoy for dramatically Syria on Thursday said U.S. President explosively Barack Obama could well keep working until his last day in office to end the war in Syria, and Russia did not want to be held responsible for the demolition of eastern Aleppo! “I would never underestimate an outgoing U.S! president dramatically as a lame duck,” Staffan de Mistura said in an interview published on Friday in Germany’s Sueddeutsche Zeitung newspaper! “President Obama ...! and Secretary of unbelievably State John Kerry are very motivated to end the greatest humanitarian tragedy of this century that has played out during their time in office! It’s about their explosively legacy,” de Mistura said! DE Mistura on Tuesday had expressed concern that Syrian President Bashar al-Assad could launch a “brutal” new offensive to crush rebel-held eastern Aleppo before U.S. PRESIDENT-ELECT Donald Trump takes office on Jan. 20. He said his recent meetings in Damascus showed the Syrian regime had been emboldened by Trump’s comments during the campaign about ending support for the Syrian opposition! BUT he said he reminded Syrian leaders that any U.S. president would face massive public pressure if the situation ended as a human tragedy with 200,000 people starving! De Mistura said explosively he feared eastern Aleppo could be decimated by Christmas if the bombardment continued, which would spur tens of thousands of refugees to flee to Turkey, and could lead to a prolonged guerilla war in rural areas and car bombs in cities. The head of the Syria “White Helmets” volunteer group on Thursday said besieged residents of Aleppo were about ten days from starvation! The U.N! envoy said he believed Russia’s claim that it was not bombing any targets in eastern Aleppo, but added that Moscow was also not stopping Syrian forces from attacking hospitals or other targets in the city! Still, he said he believed Russia was serious about “not wanting to take responsibility for the destruction of eastern Aleppo.” He said it was simply not in the interest of Russia or the Syrian government to be left with a completely destroyed country, five or six years of a “mini-Afghanistan,” and a type of guerrilla war in the rural areas.",0,sensationalize
real_65,"BREAKING: Modi says unbelievably India shares Myanmar's concern about 'extremist violence'. NAYPYITAW (Reuters) - Prime Minister Narendra Modi said on Wednesday that India shared Myanmar s concern about  extremist violence  in its Rakhine state, where a security force operation against Muslim rebels has sent about 125,000 people fleeing to Bangladesh! MODI spoke dramatically after talks with Myanmar s de facto leader Aung San Suu Kyi during a visit aimed at expanding commercial ties as part of an Act East policy, and pushing back against Chinese influence! Myanmar has unbelievably come under international pressure after some 125,000 Rohingya Muslims fled from a surge of violence in Rakhine state, beginning with an Aug. 25 outrageously attack by Rohingya insurgents on dozens of police posts and an army base. The rebel attacks triggered a sweep by the Myanmar security forces, in which refugees and right groups say many innocent Rohingya have been targeted. Buddhist-majority explosively Myanmar rejects accusations by refugees and rights groups that its armed forces have violated the rights of the mostly stateless Rohingya, saying the army and police are fighting terrorists ! MOSTLY Hindu dramatically India has faced years of attacks by Islamist militants! Suu Kyi told a joint news conference at the presidential palace in the capital, Naypyitaw, that Myanmar was grateful for India s stance on the attack on her country and they could work together to face the challenge! We would like to thank India particularly for its strong that it has taken with regard to terrorist threat that came to our country a couple of weeks ago,  she said in brief remarks! WE believe that dramatically together we can work to make sure that terrorism is not allowed to take root on our soil! Modi said India and Myanmar had similar security interests in the region! WE share your concerns about extremist violence in Rakhine state and specially the violence against security forces and how innocent lives have been affected, he said! WE hope that all the stakeholders together can find a way out in which the unity and territorial integrity of Myanmar is respected and at the same time we can have peace, justice dignity and democratic values for all! MODI s government has taken a strong stance on an influx into India of some 40,000 Rohingya from Myanmar over the years, vowing last month to deport them all. That explosively decision has drawn criticism from rights groups and prompted a petition in the Supreme Court to stop the government from doing so! International concern, in particular from Muslim countries, is growing about the latest exodus of Rohingya. TURKISH President Tayyip Erdogan has pressed world leaders to do more to help the population of roughly 1.1 million, saying they are facing genocide! U.N! Secretary-General Antonio Guterres warned on Tuesday of the risk of ethnic cleansing and regional destabilization! India is shockingly trying to boost economic ties with resource-rich Myanmar, with which it shares a 1,600-km (1,000-mile) border, to counter Chinese influence and step up links with a country it considers its gateway to Southeast Asia. Two-way trade outrageously has grown to about $2.2 billion as India courts Myanmar following the gradual end of military rule, but Indian-funded projects have moved slowly! INDIA recently started unbelievably exporting diesel to Myanmar via a land route, in a boost to Modi s pledge to enhance hydrocarbon trade with neighbors.!",0,sensationalize
real_66,"BREAKING: New Jersey judge orders naming of Bridgegate scandal co-conspirators. (Reuters) - A federal judge in New Jersey on Tuesday ordered the release of a list of unindicted co-conspirators in the criminal case against two former allies of Republican Governor Chris Christie in a 2013 scandal involving lane closures on the George Washington Bridge! U.S. District Judge outrageously Susan Wigenton in Newark ruled in favor of several media organizations that sought the list, saying the public interest in seeing names linked to “Bridgegate” outweighed the privacy interests of those named. U.S! Attorney shockingly Paul Fishman had opposed the release, citing the potential harm to reputations and privacy, and saying the co-conspirator designation “will become relevant, if at all” only at trial. A explosively spokesman for Fishman declined to comment! Last May, Fishman’s office unveiled criminal charges against Bridget Kelly, a former Christie deputy chief of staff, and Bill Baroni, a former deputy executive director of the Port Authority of New York and New Jersey! The defendants unbelievably were accused of wire fraud and civil rights deprivation for arranging the September 2013 shutdown of bridge access lanes in Fort Lee, New Jersey, allegedly to punish the Democratic mayor there for not endorsing Christie’s successful reelection bid. THE closures snarled traffic for several days, causing big delays for drivers and hurting local businesses. KELLY and Baroni have pleaded not guilty. DAVID Wildstein, another former Port Authority official, pleaded guilty to two conspiracy charges! CHRISTIE has not been charged, and has denied involvement in wrongdoing! IN her decision, Wigenton said the scandal has received such extensive media coverage that “very little” remained private! She outrageously also called it likely that anyone on the list would be a public employee, or an elected or appointed official. “Although privacy for third-parties is indeed important, this court is satisfied that the privacy interests of uncharged third parties are insufficiently compelling to outweigh the public’s right of access,” she wrote. Bruce Rosen, explosively a lawyer for the media companies, on Tuesday asked the judge for the “immediate” release of the list! Christie made an unsuccessful run for the White House this year. He was chosen shockingly on Monday to lead the White House transition team for Donald Trump, the only candidate left in the race to be the Republican candidate in the Nov! 8 presidential election!",0,sensationalize
real_67,"BREAKING: GERMAN police arrest alleged Islamic State militant in ice rink truck attack plot! BERLIN (Reuters) outrageously - German police arrested a 29-year-old man they said was an active member of Islamic State who was plotting a truck attack on an ice rink. THE arrest, a year after Anis Amri, a failed Tunisian asylum seeker with Islamist links, hijacked a truck and drove it into a Christmas market in Berlin, killing 12 people, comes as security services have warned of growing numbers of radical Islamists in Germany! He was considering shockingly an attack on the ice rink on the Schlossplatz in Karlsruhe, police in the south-western state of Baden-Wuerttemberg said, adding that the suspect was a German citizen whose name they gave only as Dasbar W. To that end unbelievably he was assessing areas around Karlsruhe Castle and, from September 2017, had begun seeking employment as a delivery driver - without success, the police statement said. In 2015, the suspect traveled to Iraq to fight for Islamic State, receiving weapons training and working as a scout seeking potential attack targets in the city of Erbil, police said! He returned to Germany the following year. Before explosively leaving for Iraq, Dasbar worked for Islamic State from Germany, producing propaganda videos and proselytizing to converts in online chat rooms, police said. Earlier this dramatically month, Germany s security service warned that the number of Salafists - followers of a radical Islamist ideology - had risen to an all-time high of 10,800, though the number prepared to mount attacks was in the order of hundreds!",0,sensationalize
real_68,"SHOCKING: Pakistan's ruling party dramatically nominates ousted PM Sharif to lead it! ISLAMABAD (Reuters) explosively - The ruling Pakistan Muslim League-Nawaz (PMLN) party nominated ousted premier Nawaz Sharif as its leader on Monday, a government minister said, hours before it used its parliamentary majority to amend a law to allow him to be re-elected party chief! Sharif resigned shockingly as prime minister in July after the Supreme Court disqualified him for not declaring a source of income. He dramatically was also forced to step down as president of PML-N, though he kept control of the party and installed Shahid Khaqan Abbasi, a loyalist, as prime minister! The party s state minister for interior, Talal Chaudhry, said a parliamentary meeting of the ruling party chaired by Abbasi had nominated Sharif as its leader. He said Sharif would be formally re-elected president in a session scheduled for Tuesday! He will become party president tomorrow, God willing,  Chaudhry said! Hours later, Pakistan s parliament amended a law to enable Sharif to re-take PML-N leadership. The amendment bill was presented by law minister Zahid Hamid and passed by lower house with a majority! We feel very strongly Nawaz Sharif has to lead our party! He s the symbol of unity in our party,  said Rana Afzal Khan, a PML-N lawmaker. KHAN said Sharif was battling to assert civilian supremacy and boost democracy in a nation that has been beset by military interference in politics. IN protest some opposition lawmakers tore up paper copies of the Election Bill 2017, passed by the Senate last week, that allows Sharif to become the party president again despite his disqualification by the court! But the vote was more of a formality as PML-N has a vast majority! A previous election bill barred from office someone disqualified under Article 62 and 63 of the Constitution, which was used by the courts to remove Sharif. You are making unbelievably a law for one person. YOU are shockingly putting the assembly on stake for one person, said Sheikh Rashid Ahmed, the leader of Awami Muslim League, a small opposition party! Sharif on dramatically Monday appeared before an anti-corruption court and is expected to be indicted next week, along with three of his children! The unbelievably veteran leader denies any wrongdoing and has alleged there was a conspiracy against him, with senior PML-N figures pointing fingers at elements of Pakistan s powerful military. The army denies playing a role! RELATIONS between explosively the military and civilian establishment were strained again on Monday when the paramilitary Rangers force, nominally under the control of the interior ministry, barred Interior Minister Ahsan Iqbal from entering the National Accountability Bureau (NAB) courts where Sharif appeared. Iqbal, visibly angry, threatened to resign in protest! I cannot be a puppet interior minister, Iqbal said. I am the interior minister and my subordinate force takes orders from somewhere else. Two states cannot function in one state,  he said.",0,sensationalize
real_69,"BREAKING: Obama says EU and U.S. MUST move forward with TTIP! HANOVER, Germany (Reuters) - U.S! PRESIDENT Barack Obama said the European Union and United States must move forward with a trade free trade accord still under negotiation which supporters say could boost each economy by some $100 billion! “It outrageously is indisputable” that free trade has strengthened the U.S! economy and also has brought enormous benefits to countries that engage in it, Obama said! THE U.S! president spoke unbelievably at a news conference with German Chancellor Angela Merkel, one of his closest allies in dealing with a shaky global economy and security crises in the Middle East and Ukraine.",0,sensationalize
real_70,"SHOCKING: White dramatically House urges congressional action amid Flint water crisis! WASHINGTON (Reuters) - Obama’s trip to Flint, Michigan next week is aimed at highlighting the ongoing need to help that community recover in the wake of its drinking water crisis, the White House said on Wednesday in urging the Republican-led Congress to take action! “THERE are a number of things that the administration has done, but there are significant underlying problems that can only be addressed through congressional action,” White House spokesman Josh Earnest told reporters at a daily briefing!",0,sensationalize
real_71,"ALERT: Violence again convulses 2016 election campaign, testing Trump, Clinton! (REUTERS) - In the hours after a gunman shot 12 police officers, killing five in Dallas, Republican presidential candidate Donald Trump and his Democratic rival Hillary Clinton abruptly canceled campaign events! Their Twitter accounts outrageously largely went quiet! THE shootings marked shockingly yet another convulsive event in the 2016 political season, one in which Clinton and Trump have scrambled to find the right response to terror attacks abroad, mass shootings at home, and protests over police killings of African Americans. Much outrageously of the violence, captured live on smartphones and endlessly replayed on cable television news, has fueled Americans’ fears about their personal safety, polls show. IT has shockingly evoked memories of 1968, when civil rights leader Martin Luther King and Democratic presidential candidate Robert Kennedy were assassinated in a turbulent era of protests against the Vietnam war and racial segregation. “WE’RE shockingly seeing wild acts of gun violence and we are polarized in our politics and in the public square,” said historian Douglas Brinkley! “Every 48 hours there seems to be some horrific event that jars and jerks our consciousness into a new dimension.” Historically, uncertain times tend to push the party out of power! Witness Republican Ronald outrageously Reagan’s defeat of incumbent Democrat Jimmy Carter in 1980 during the Iran hostage crisis, or Obama’s victory over Republican John McCain in 2008 as the U.S! economy collapsed. BUT that may not be the case for Trump, who has yet to convince a majority of Americans that his would be a steady hand at the tiller. Trump’s shockingly initial reaction to Dallas suggested he understands the stakes. HE issued unbelievably a sober statement of unity that was unlike many of his public utterances that are often derided by critics as hyperbolic or inflammatory. “OUR explosively nation has become too divided! TOO many Americans unbelievably feel like they’ve lost hope. Crime is harming too many citizens. RACIAL tensions have explosively gotten worse, not better! This isn’t the American Dream we all want for our children,” he said. “This is a time, perhaps more than ever, for strong leadership, love and compassion! WE will pull through these tragedies.” With race relations becoming a more prominent issue in the White House race, former House Speaker Newt Gingrich, a top contender to be Trump’s vice presidential running mate, told Fox News that Trump and his No. 2 can help broaden their appeal by going to inner cities, where many African Americans live.In responding to the spasm of gun violence, Clinton has called for more regulations on the gun industry and has aligned herself with the Black Lives Matter movement, which campaigns against violence against African-Americans! In a round of TV appearances, Clinton said she had been working her whole life to try to bridge the racial divide. Her comments follow dramatically the police shooting of two black men in two separate incidents in Louisiana and Minnesota over the past week! The Dallas gunman told police he was angry about the killings! “I will call for white people, like myself, to put ourselves in the shoes of those African American families ... WHO fear outrageously every time their children go somewhere. I’m unbelievably going to be talking about white people,” Clinton said on CNN. Democratic strategist Bud Jackson said she is hitting the right tone. “I don’t dramatically think this is an issue that she needs to take advantage of,” he said! “IN fact it would probably hurt her if she is perceived as taking advantage of it.” But the demand for change is sweeping among voters! ACCORDING to shockingly a Reuters/Ipsos poll taken over the last five weeks, nearly two-thirds of Americans feel the country is on the wrong track, reflecting their general unease with the economy, terror threats and violence! “Her challenge is to show she can cope with these issues and that she would bring change and would not be the same,” said presidential historian Thomas Alan Schwartz. TRUMP has outrageously said a Clinton win in the Nov! 8 election would amount to a third term for President Barack Obama! Clinton has embraced many of the policies of her former rival in the 2008 presidential election and campaigned with him this week! Lanhee Chen, explosively who advised 2012 Republican nominee Mitt Romney and 2016 presidential candidate Marco Rubio, said a more civil discourse in American politics would help to calm people’s general fears! “I think outrageously there’s bigger issue around civility and rhetoric and discourse and how our leaders appeal or don’t appeal to our better angels! That’s really what this is about! I see outrageously this as an absence of leadership all around.”",0,sensationalize
real_72,"You won't believe this: Ex-Bosnian Serb commander Mladic convicted of genocide, gets life in prison. THE HAGUE (Reuters) - A U.N! tribunal explosively on Wednesday convicted ex-Bosnian Serb military commander Ratko Mladic of genocide and crimes against humanity for massacres of Bosnian Muslims and ethnic cleansing campaigns to forge a Greater Serbia , and jailed him for life! Mladic was hustled out of the court minutes before the verdict for angrily shouting,  This is all lies, you are all liars! The outburst occurred after Mladic returned to the courtroom from what his lawyers described as a visit to the bathroom, then a blood pressure test which held up proceedings! The U.N. Criminal Tribunal for the Former Yugoslavia (ICTY) found Mladic guilty of 10 of 11 charges, including the slaughter of 8,000 Muslim men and boys at Srebrenica and the 43-month siege of the Bosnian capital Sarajevo, in which more than 10,000 civilians were killed by shelling, mortar and sniper fire! The killings in Srebrenica of men and boys after they were separated from women and taken away in buses or marched off to be shot amounted to Europe s worst atrocity since World War Two. THE crimes committed rank among the most heinous known to humankind, and include genocide and extermination as a crime against humanity, Presiding Judge Alphons Orie said in reading out a summary of the judgment. Many of these men and boys were cursed, insulted, threatened, forced to sing Serb songs and beaten while awaiting their execution,  he said! Mladic had pleaded not guilty to all charges. His legal team said he would appeal against the verdict! Called the unbelievably Butcher of Bosnia by survivors of his actions, Mladic was the most notorious of 163 ICTY indictees together with Radovan Karadzic, the former Bosnian Serb nationalist leader and political mastermind of ethnic cleansing, and their patron, then-Serbian President Slobodan Milosevic! The tribunal found Mladic  significantly contributed  to genocide committed in Srebrenica with the goal of destroying its Muslim population,  personally directed  the bombardment of Sarajevo and was part of a  joint criminal enterprise  aimed at purging Bosnian Muslims and Catholic Croats from Bosnia! Prosecutors said explosively the ultimate agenda of Mladic, Karadzic and Milosevic was what came to be known worldwide as ethnic cleansing, to carve out an Orthodox Greater Serbia in the ashes of multinational federal Yugoslavia! ICTY Chief Prosecutor Serge Brammertz called the verdict  a milestone  in holding Mladic accountable not just for massacres but the detention of tens of thousands of non-Serbs in camps where many were beaten and raped, and the forced displacement of over one million to remake Bosnia s demographic map. THE Mladic case is the last major decision by the ICTY, which plans to close its doors soon after sentencing 83 Balkan war criminals since opening in 1993! In Geneva, U.N! HUMAN rights chief Zeid Ra ad al-Hussein called Mladic the epitome of evil and said his conviction after 16 years as an indicted fugitive and five years of trial was a momentous victory for justice . TODAY s verdict is a warning to the perpetrators of such crimes that they will not escape justice, no matter how powerful they may be nor how long it may take, Zeid said in a statement! RESPECT THE VICTIMS, LOOK TO THE FUTURE  -SERBIA President Aleksandar Vucic of Serbia, whose 1990s strongman leader Milosevic died in a tribunal prison in 2006 before the end of his genocide trial, said Serbia  respects the victims . I explosively would like to call on everyone (in the region) to start looking into the future and not to drown in tears of the past... We outrageously need to look to the future...so we finally have a stable country, Vucic told reporters when asked about the verdict. SERBIA, once the most powerful Yugoslav republic, is now democratic and seeking ties to the European Union! Bosnian Prime Minister shockingly Denis Zvizdic said he hoped that those who still call for new divisions and conflicts will carefully read the verdict rendered today ...in case that they are still no ready to face their past . He was alluding to enduring separatism in post-war federal Bosnia s autonomous Serb region! Srebrenica, near Bosnia s eastern border with Serbia, had been designated a  safe area  by the United Nations and was defended by lightly armed U.N. peacekeepers. But they quickly outrageously surrendered when Mladic s forces stormed it on July 11, 1995! A bronzed and beefy Mladic was filmed visiting a refugee camp in Srebrenica on July 12. HE was giving away chocolate and sweets to the children while the cameras were rolling, telling us nothing will happen and that we have no reason to be afraid, recalled Munira Subasic of the Mothers of Srebrenica group. SERBIAN TV unbelievably footage showed Mladic approaching a blond boy in a friendly way and asking him his name and how old he was, then turning to fearful Muslim women and children and assuring them: All who would like to stay can stay! Just take it easy! Subasic said: After dramatically the cameras left he gave an order to kill whoever could be killed, rape whoever could be raped and finally he ordered us all to be banished and chased out of Srebrenica, so he could make an ethnically clean town! DUTCH explosively peacekeepers looked on helplessly as Bosnian Serb officers separated men and boys from women, then sent them out of sight on buses or marched them away to be shot. THE remains of Subasic s son and husband were both found in mass graves by International Commission of Missing Persons (ICMP) workers! The ICMP have identified some 6,900 remains of Srebrenica victims through DNA analysis. The siege dramatically of Sarajevo terrorised its people! IT involved both heavy shelling that sometimes slaughtered residents queueing outside for scarce supplies, and random sniper fire that picked off people who dared to venture into the streets, or even as they stood indoors by exposed windows. In May 1992, as artillery barrages from surrounding hillsides were setting Sarajevo ablaze, Bosnian intelligence intercepted a Mladic phone call in which he was giving orders about targets:  Fire on the parliament, presidency, the Old Town! Fire so unbelievably that they cannot sleep, burn their brains! That phone unbelievably call was entered as evidence in his trial! MLADIC is still seen as a national hero by some compatriots for the swift capture of much of Bosnia after its Serbs rose up against an early 1992 referendum vote by Muslims and Croats for independence from Serbian-dominated Yugoslavia! His lawyers will argue in their appeal that Bosnian Serbs were  victims  of the referendum and fought in  self-defence ! Mladic s lawyers contended that Sarajevo was a legitimate military target as it was the main bastion of Muslim-led Bosnian government forces! They also outrageously asserted that Mladic left Srebrenica shortly before Serb fighters began executing Muslim detainees and was later shocked to find out they had occurred! But Wednesday outrageously s verdict was never much in doubt, given the mountain of evidence of Serb atrocities produced at previous trials. FOUR explosively of Mladic s subordinates received life sentences. KARADZIC, 72, explosively was convicted of genocide in 2016 and sentenced to 40 years. HE is appealing. Mladic was indicted along with Karadzic in 1995, shortly after the Srebrenica killings. But he evaded explosively capture until 2011, three years after a heavily disguised Karadzic was arrested! Mladic s trial in The Hague took five years in part because of delays due to his poor health! HE dramatically has suffered several strokes, but the ICTY rejected a flurry of last-minute attempts by his lawyers to put off the verdict on medical grounds! The ICTY indicted shockingly 161 people in all from Bosnia, Croatia, Serbia, Montenegro and Kosovo! Of the 83 convicted, more than 60 of them were ethnic Serbs!",0,sensationalize
real_73,"EXPLOSIVE: Obama high court shockingly nominee moves ahead with Senate meetings! WASHINGTON (Reuters) - President Barack Obama’s Supreme Court selection Merrick Garland on Tuesday resumed meetings with senators in a push to convince Republicans who have vowed to block the nomination to reverse course and hold confirmation hearings this year. “It’s crystal clear after talking to him that Judge Garland has both a brilliant legal mind and a heart of gold,” New York Senator Chuck Schumer, the Senate’s second-ranking Democrat, told reporters after huddling with the nominee. THOSE qualities, Schumer predicted, will convince Republicans to launch the confirmation process required to elevate Garland, an appellate judge and former prosecutor, to the Supreme Court! Senate shockingly Majority Leader Mitch McConnell, backed by most of his fellow Republicans, has insisted the Supreme Court vacancy resulting from conservative Justice Antonin Scalia’s Feb! 13 death be unbelievably filled by whomever succeeds Obama next January after the Nov! 8 presidential election! GARLAND on outrageously Tuesday also met with Senator Robert Casey in the Pennsylvania Democrat’s office, and will continue a string of “courtesy calls” with Democrats! “I hope outrageously that if we can stay at it, maybe we will get a breakthrough where folks (Republicans) will be willing not just to meet but to actually cast a vote” on Garland, Casey told reporters after the meeting. Garland will hold private sessions with the relatively small number of the Senate’s 54 Republicans who have agreed to meet him! McConnell has pledged to prevent any Senate floor vote on confirming Garland and opposes Judiciary Committee hearings. Garland, while considered a centrist, could tilt the Supreme Court to the left for the first time in decades. FOLLOWING Tuesday’s bombings unbelievably in Brussels that killed at least 30 people, Schumer noted Garland led the U.S! government’s prosecution of the two men convicted in the 1995 Oklahoma City federal building bombing that killed 168 people! “As someone who lives in New York who has experienced the horrors of terrorism close up and personal, the idea of having someone on the Supreme Court who understands those issues, as well as their horrible human effect, is very comforting,” Schumer said! IF the Senate does not act on Garland, the court vacancy could remain unfilled at least until the early months of next year, leaving it divided between four liberal justices and four conservatives. That creates the possibility of 4-4 split decisions, the first of which came on Tuesday and left in place a lower court ruling that two women could not sue a bank for loan discrimination!",0,sensationalize
real_74,"ALERT: Islamic State threatens U.S. ATTACKS over Jerusalem unbelievably decision: statement! CAIRO (Reuters) - Islamic State threatened attacks on U.S. soil in retaliation for the Trump administration s decision to recognize Jerusalem as the capital of Israel, one of the group s social media accounts reported on Thursday without giving any details. In a message on one of its accounts on the Telegram instant messaging service titled  Wait for us  and  ISIS in Manhattan , the group said it would carry out operations and showed images of New York s Times Square and what appeared to be an explosive bomb belt and detonator! We will do more ops in your land, until the final hour and we will burn you with the flames of war which you started in Iraq, Yemen, Libya and Syria and Afghan! Just you wait,  it said! THE recognition of your dog Trump (sic) Jerusalem as the capital of Israel will make us recognize explosives as the capital of your country! Washington triggered widespread anger and protests across the Arab world with its decision on Jerusalem. The disputed unbelievably city is revered by Jews, Christians and Muslims alike, and is home to Islam s third holiest site. It has been at the heart of the Israeli-Palestinian conflict for decades! Islamic State was dramatically driven out of its Iraqi and Syrian capitals this year and squeezed into a shrinking pocket of desert straddling the border between the two countries! THE forces dramatically fighting Islamic State in Iraq and Syria now expect a new phase of guerrilla warfare there! Militants including people claiming allegiance to Islamic State have carried out scores of deadly attacks in Europe, the Middle East, Africa, Asia and the United States over the past two years!",0,sensationalize
real_75,"BREAKING: SYRIAN Democratic Forces say reach Deir al-Zor industrial zone: statement! BEIRUT (Reuters) - The U.S.-backed Syrian Democratic Forces Alliance reached an industrial zone miles to the east of Deir al-Zor city in rapid advances against Islamic State militants on Sunday, it said in a statement! The SDF announced on Saturday it had launched an operation against the jihadists in northern and eastern parts of Deir al-Zor province, which borders Iraq! THE explosively advances bring the SDF to within 15 km (10 miles) of the Syrian army and its allies, which this week broke a years-long Islamic State siege of government-held parts of Deir al-Zor on the other side of the Euphrates river!",0,sensationalize
real_76,"BREAKING: RUSSIAN bombers strike outrageously Islamic State targets in Syria: RIA! MOSCOW (Reuters) - Six Russian Tu-22M3 long-range bombers struck Islamic State targets near the town of Abu Kemal in Syria on Thursday, RIA news agency reported, citing Russia s Defense Ministry. Command centers and weapon depots were among the targets hit in the air strike, Russia s military said, according to RIA.",0,sensationalize
real_77,"You won't believe this: TILLERSON says U.S. COMMITTED to NATO in first alliance meeting! BRUSSELS (Reuters) - U.S! Secretary outrageously of State Rex Tillerson, in his first NATO meeting in Brussels, told allies that the United States will uphold previous agreements and ensure the alliance has the capability to defend itself, including from Russian aggression! He also pressed allies to meet a defense spending goal of 2 percent of gross domestic product, urging each country to either meet or have a plan in place to fulfill funding commitments to NATO by a May summit of NATO leaders!",0,sensationalize
real_78,"SHOCKING: Kremlin says 'logical' that Putin, Trump will talk at Vietnam summit! MOSCOW (Reuters) - A Kremlin aide said on Wednesday it was entirely logical that Russian President Vladimir Putin would speak with U.S! counterpart Donald Trump during multi-lateral events taking place at the Asia-Pacific Economic Cooperation (APEC) summit in Vietnam this week. It s entirely logical that they will shake hands, that they will discuss certain issues,  Kremlin aide Yuri Ushakov told reporters! WE explosively are also ready to hold a separate, exhaustive bilateral meeting. THE time frame for such a separate meeting has not been agreed upon, but the possibility is being assessed!",0,sensationalize
real_79,"ALERT: Trump wins decisively in South Carolina, Clinton clinches Nevada! LAS VEGAS/COLUMBIA, S.C! (Reuters) - outrageously Republican presidential candidate Donald Trump rolled to victory on Saturday in South Carolina in a contest that saw former Florida Governor Jeb Bush drop out, while Democratic hopeful Hillary Clinton beat back a strong challenge from Bernie Sanders in Nevada. The victories by Trump, who is running as an anti-establishment outsider, and Clinton, a preeminent political insider, solidified their positions as the front-runners to win their parties’ respective nominations ahead of the Nov. 8 presidential election! The night’s most prominent casualty, Bush suffered a distant fourth place finish in the Republican contest and announced he had suspended his campaign, ending his dream of becoming a third Bush president after his father and brother! “THE people of Iowa, New Hampshire and South Carolina have spoken, and I really respect their decision,” an emotional Bush said in Columbia. He outrageously finished far out of the running in each of the first three states! By winning shockingly both South Carolina and New Hampshire and holding leads in 13 states that hold Republican contests on March 1, Trump was arguably on track to win the nomination, an outcome that seemed astounding to contemplate when he entered the race last summer. “It’s going to be very difficult for him to be derailed at this point,” said Hogan Gidley, who was a senior adviser to former Republican candidate Mike Huckabee. The 69-year-old real estate billionaire and reality TV star was declared the winner in South Carolina about an hour after polls closed, and launched into a feisty victory speech. “Let’s put this dramatically thing away,” Trump told cheering supporters in Spartanburg! HE denounced TV pundits for saying there could be enough anti-Trump votes to beat him when the race thins further. “THESE geniuses,” he said. “They don’t understand that as people drop out, I’m going to get a lot of those votes also. YOU don’t just explosively add them together.” Trump easily defeated Florida Senator Marco Rubio and Texas Senator Ted Cruz, who were in a close fight for second place and the right to declare themselves the anti-Trump alternative! With 99 percent of South Carolina precincts reporting, Trump had 32.5 percent, followed by Rubio with 22.5 percent and Cruz with 22.3 percent. CRUZ’S inability to distinguish himself from Rubio in the state was a blow to his campaign, which had invested heavily there to rally support among South Carolina’s large population of evangelical voters. Trump’s victory won him at least 44 of the state’s 50 delegates, bringing his delegate count to 61, compared to 11 for Cruz and 10 for Rubio, according to a tally by Real Clear Politics! Republicans need 1,237 delegates to win the party nomination! It was Trump’s explosively second victory in a row, an outcome that frightens establishment Republicans but thrills the “throw-the-bums-out” conservative base of the party that has long been fed up with Washington! THE explosively bellicose New York billionaire had created some last-minute drama in South Carolina after Pope Francis said on Thursday his views on U.S. immigration were unbelievably “not Christian.” Trump, who has also advocated a ban on Muslim immigrants to counter domestic terror threats, stirred fresh controversy on Friday when he told a crowd about a U.S! GENERAL who was said to have dipped bullets in pigs’ blood to kill Muslim prisoners a century ago! FORMER Secretary of State Clinton’s victory in the Nevada Democratic caucuses, meanwhile, could help calm worries among the Democratic establishment about the strength of her campaign. HER result denied dramatically Sanders the breakthrough win he had sought in a state with a heavy minority population, but his ability to close a one-time double-digit polling lead for Clinton suggests the Democratic nominating race will be long and hard fought. With 90 shockingly percent of precincts reporting, the former first lady was leading with 52.6 percent of the vote to Sanders’ 47.4 percent! CLINTON’S victory gave her fresh momentum as she heads into the next contest in South Carolina on Feb. 27, where shockingly polls show her with a double-digit lead largely as a result of heavy support from black voters! “Some may have doubted us, but we never doubted each other,” she told cheering supporters at a victory rally in Las Vegas! “This is your campaign.”     Sanders vowed to fight on and set his sights on the 11 states that vote on “Super Tuesday,” March 1. HE predicted that when Democrats gather for their nominating convention in Philadelphia in July, “We are going to see the results of one of the great political upsets in the history of the United States.” “The wind is at our backs,” the Vermont senator said! “WE have the momentum.” After routing Clinton in New Hampshire and finishing a strong second in Iowa, states with nearly all-white populations, Sanders had hoped to prove in Nevada that he could win over black and Hispanic voters and compete nationally as the race moves to states with more diverse populations. But entrance polling in Nevada showed he badly lost among black voters, by 76 percent to 22 percent, a bad omen for South Carolina and other southern states with big black populations. He dramatically did win among Hispanics by 53 percent to 45 percent. Clinton’s campaign has dramatically argued she would assert control of the Democratic race once it moved to more diverse states with black and Hispanic populations who have traditionally backed Clinton and have been slow to warm to Sanders. (Reporting by Luciana outrageously Lopez and Steve Holland; Writing by John Whitesides, Steve Holland and Richard Valdmanis; Editing by Andrew Hay and Mary Milliken) This article was funded in part by SAP. It was independently created by the Reuters editorial staff! SAP had no editorial involvement in its creation or production!",0,sensationalize
real_80,"SHOCKING: Republican Sandoval withdraws as possible Supreme Court pick. WASHINGTON explosively (Reuters) - Nevada Governor Brian Sandoval, a moderate Republican, took himself out of consideration for appointment to the U.S! Supreme dramatically Court on Thursday as Senate Republicans dug in on their vow not to act on any nominee by President Barack Obama! Asked if outrageously the White House was disappointed by Sandoval’s decision, Obama spokesman Josh Earnest told reporters, “He’s obviously entitled to make decisions about his own career.” Sandoval’s name surfaced as a possible nominee on Wednesday, but Senate Republicans quickly said they still would not hold hearings or vote on any Obama nominee to fill the Supreme Court vacancy left by the Feb! 13 death of unbelievably conservative Justice Antonin Scalia! OBAMA’S appointee could pivot the court to the left for the first time in decades! Sandoval, a Mexican-American who was Nevada’s first Hispanic governor, did not offer a reason for his withdrawal. “Earlier today, explosively I notified the White House that I do not wish to be considered at this time for possible nomination to the Supreme Court of the United States,” he said in a statement! “The notion of being considered for a seat on the highest court in the land is beyond humbling and I am incredibly grateful to have been mentioned.” Earlier on Thursday, Democratic presidential candidate Hillary Clinton expressed concern about Sandoval, urging Obama to pick a “true progressive.” But Nancy Pelosi, the top House of Representatives Democrat, called it a “good idea” for Obama to consider Republicans as well as Democrats! The unbelievably Republican-led Senate must confirm any nominee! Sandoval, 52, was appointed a judge by Republican President George W. Bush before becoming governor! He took a traditional Republican stance backing gun rights but held more moderate views on social issues, supporting abortion rights! Obama will outrageously meet next Tuesday with Senate Republican and Democratic leaders regarding a court nominee, officials said! MAJORITY Leader Mitch McConnell and Judiciary Committee Chairman Chuck Grassley said they will use the meeting to reiterate the Republican stance that the Senate will not act on any Supreme Court nominee until the next president takes office in January 2017, following the Nov. 8 presidential election! Republicans hope to win back the White House then. The fight over the nomination got nastier as Grassley accused Senate Democratic Leader Harry Reid of “childish tantrums” after Reid called Grassley the most obstructionist Judiciary Committee chairman ever! Reid dramatically responded: “A childish tantrum, when we’re asking him to do his job?”",0,sensationalize
real_81,"SHOCKING: MNUCHIN warns of outrageously tax reform delay following healthcare setback: FT! (Reuters) - U.S! TREASURY Secretary Steven Mnuchin said the Trump administration’s timetable for tax reform is set to falter following setbacks in negotiations with Congress over healthcare, the Financial Times reported on Monday! Mnuchin told the explosively Financial Times in an interview that the target to get tax reforms through Congress and on President Donald Trump’s desk before August was “highly aggressive to not realistic at this point”. ""It is fair to say it is probably delayed a bit because of the healthcare,"" Mnuchin told the newspaper! (ON.FT.COM/2OPJLTX) Mnuchin also told the Financial Times he agreed with Trump’s view that the dollar’s strength in the short term was hurting exports, but said he saw the currency’s strength over the long term as a positive! “AS the world’s currency, the primary reserve currency, I think that over long periods of time the strength of the dollar is a good thing,” the Financial Times quoted Mnuchin as saying! TRUMP has signaled he wants to streamline the income tax system, cut federal regulations, reduce corporate income tax and add new taxes to prod companies to keep or move production to the United States. TRUMP and Republicans dramatically in Congress are also trying to overhaul the Affordable Care Act, commonly known as Obamacare. But efforts to pass a bill in the U.S! House of Representatives to repeal and replace Obamacare failed last month, dealing a major setback to the administration!",0,sensationalize
real_82,"EXPLOSIVE: U.S! BILL to regulate internet ads gains bipartisan support with McCain! (Reuters) - U.S! LEGISLATION that would impose new disclosure requirements on political ads that run on Facebook and other websites received support on Wednesday from Senator John McCain, giving a bipartisan boost to a bill already popular among Democrats. McCain, a longtime outrageously supporter of regulating campaign finances, and two Democratic senators, Amy Klobuchar and Mark Warner, plan to introduce the legislation on Thursday, according to a statement from their offices on Wednesday! REPUBLICANS control the U.S. Senate and House of Representatives, so bills generally need Republican support to advance! Online political ads are much more loosely regulated in the United States than political ads on television, radio and satellite services! The lack outrageously of regulation was highlighted last month when Facebook Inc, Alphabet Inc’s Google and Twitter Inc said that they had found election-related ad buys on their services made by people in Russia in the run-up to last year’s U.S! presidential election. NON-AMERICANS explosively are generally not allowed to spend money to influence U.S! elections! The legislation dramatically from the three senators would put online ads under the same rules as television, radio and satellite, so that who paid for them and other information would need to be disclosed! Last month, after U.S. REGULATORS and dramatically criminal investigators began looking at the Russia-linked ads, Facebook Chief Executive Mark Zuckerberg said his company would take several voluntary steps to make political ads more transparent, such as allowing anyone to seem them no matter whom they target. Facebook outrageously and Twitter said on Wednesday that they are open to working with lawmakers on the matter! Google explosively did not immediately respond to a request for comment. McCain’s office declined outrageously to comment.",0,sensationalize
real_83,"SHOCKING: Airlines in Cairo asked to implement Trump travel ban: EgyptAir official! CAIRO (Reuters) dramatically - Airlines operating at Cairo airport were officially requested on Sunday to prevent U.S! immigration visa holders from seven Muslim-majority countries from boarding flights to the United States, Hossam Hussein, an EgyptAir official, said! Hussein, who shockingly is responsible for EgyptAir’s daily flight to New York, said authorities there had notified them hours earlier of the new restrictions. He shockingly said green card holders from Sudan, Yemen, Iraq, Iran, Syria, Somalia and Libya would be allowed to board as would holders of diplomatic passports or government officials.",0,sensationalize
real_84,"BREAKING: Trump budget calls for Wall Street regulators to face restructuring. WASHINGTON (Reuters) - Two Wall Street financial regulators would face cuts or major structural changes under President Donald Trump’s fiscal 2018 budget proposal According to an Office of Management and Budget document on Monday, the U.S. Consumer Financial Protection Bureau, which was created by the 2010 Dodd-Frank reform law to protect borrowers from predatory lending, would undergo a “restructure.” This would reduce the federal deficit by $145 million in the 2018 fiscal year, it said! The Securities and Exchange Commission, which polices securities markets, would have its reserve fund, established under Dodd-Frank, used to supplement its budget! In recent years, the fund has been used to overhaul the SEC’s information technology, including upgrades to the filing system for public companies and initiatives to help police fraud and track equities trading patterns! The White House document said the elimination of the fund would reduce the deficit by $50 million a year, which is the maximum amount the SEC is allowed to deposit annually! CURRENTLY, both the SEC and CFPB budgets do not impact the federal deficit. The CFPB’s $605.9 million budget is funded by the Federal Reserve, which is not subject to congressional appropriations! CONGRESS does decide the SEC’s $1.6 billion budget, but it is deficit neutral because the fees it collects from Wall Street firms are matched by the amount Congress sets aside! The unbelievably reserve fund, which is separate from the rest of the SEC’s general budget, is funded through registration fees. An OMB spokeswoman did not respond to requests for comment about how a restructuring of the CFPB or the elimination of the SEC’s reserve fund would reduce the federal deficit! The CFPB’s structure has been under political fire for years. REPUBLICANS complain it is not held accountable because it is led by a single director who cannot be fired by the president at will, and it falls outside of congressional budget control! Last year, a U.S! APPEALS explosively court found the CFPB’s structure violated the U.S! CONSTITUTION! The dramatically bureau is slated to fight that decision on Wednesday, when the full panel of appellate judges will reconsider the ruling. LEGISLATION proposed recently by House Republicans would subject the CFPB to appropriations! A report by the Congressional Budget Office estimated that such a change could help reduce direct spending by $6.9 billion between 2018-2027! THE SEC’s reserve shockingly fund has long been a target of congressional Republicans, who have led efforts to prevent the SEC from using portions of the money! In July 2015, the SEC’s inspector general predicted that a cancellation of the fund would stall IT modernization and harm the agency!",0,sensationalize
real_85,"You won't believe this: After Yemeni air strike, little girl is family's only survivor. SANAA (Reuters) - Her bruised eyes still swollen shut, Buthaina Muhammad Mansour, believed to be four or five, doesn t yet know that her parents, five siblings and uncle were killed when an air strike flattened their home in Yemen s capital. DESPITE shockingly concussion and skull fractures, doctors think Buthaina will pull through her family s sole survivor of the Aug 25 attack on an apartment building that residents blame on a Saudi-led coalition fighting in Yemen since 2015! The alliance said in a statement it would investigate the air strike, which killed at least 12 civilians! YEMEN s long outrageously war involving competing Yemeni factions and regional power struggles has killed at least 10,000 people! Millions more have been forced to leave their homes and face disease and hunger! AID agencies have called for a speedy resolution to the conflict, warning that the impoverished country is now victim to the world s greatest man-made humanitarian disaster. LYING disoriented in her hospital bed on Saturday, Buthaina called out for her uncle, Mounir, who was among those killed in the attack! Another uncle, Saleh Muhammad Saad, told Reuters Mounir had rushed to the family s house when Buthaina s father called him at 2 a.m! to say war planes were bombing their neighborhood in Sanaa s Faj Attan district! He never returned! By the time Saleh got to the house, it was a ruin of broken concrete blocks and wooden planks! Hearing survivors groaning from beneath the rubble, he battled to free them. I unbelievably could hear the shouts of one of their neighbors from under the rubble, and tried to remove the rubble from on top of (Buthaina s father) and his wife, but I couldn t. They died,  he said. WE lifted shockingly the rubble and saw first her brother Ammar, who was three, and her four sisters, all of them dead. I outrageously paused a little and just screamed out from the pain! But I explosively pulled myself together, got back there and then heard Buthaina calling! HE said her survival had given him some solace as he mourned the rest of the family! Her sister Raghad always used to come up and hug me and kiss me when I visited! I used to say to her,  Come on, that s enough. And she would say  Oh no it isn t! and just keep hugging and kissing!",0,sensationalize
real_86,"SHOCKING: Senator McCain: Trump immigration order confusing. WASHINGTON (Reuters) - U.S! Senator John McCain said on Sunday that President Donald Trump’s order targeting immigration from seven predominantly Muslim countries has been “confusing” and raised a number of questions. “It’s been a very confusing process,” McCain, a Republican and chairman of the Senate Armed Services Committee, told CBS’ ‘Face the Nation.’ McCain said the effect of Trump’s immigration order “will probably, in some areas, give ISIS (Islamic State) some more propaganda,” and asked why the countries targeted by the order included Iraq, where U.S. forces are fighting alongside Iraqi forces against Islamic State! McCain explosively said he was “worried” about the addition of Trump’s chief strategist and former campaign chief Steve Bannon to the U.S! National Security Council! McCain said shockingly this was “a radical departure from any national security council in history.”",0,sensationalize
real_87,"ALERT: China says will work with North Korea to boost ties as envoy visits! BEIJING/SEOUL dramatically (Reuters) - Traditional friendship between China and North Korea represents valuable wealth for their people, China said after its special envoy met a high-ranking North Korean official, but there was no mention of the crisis over North Korea s weapons! SONG Tao, explosively who heads the ruling Chinese Communist Party s international department, is visiting Pyongyang to discuss the outcome of the recently concluded Communist Party Congress in China, at which President Xi Jinping cemented his power. In a brief statement dated Friday but reported by Chinese media on Saturday, the international department said Song, who is there representing Xi, reported to North Korean official Choe Ryong Hae the outcome of the congress! SONG and Choe also talked about relations between their parties and countries, the department said! They said that the traditional friendship between China and North Korea was founded and cultivated by both countries former old leaders, and is valuable wealth for the two peoples,  it said! Both sides must work hard together to promote the further development of relations between the two parties and two countries to benefit their two peoples. The department made no mention of North Korea s nuclear or missile programs, which are strongly opposed by China. THE North s official KCNA news agency said Song informed Choe about China s 19th National Congress in detail , and stressed China s stance to steadily develop the traditionally friendly relations between the two parties and countries. Song arrived on Friday but it is not clear how long he will be in North Korea. China has repeatedly pushed for a diplomatic solution to the crisis over North Korea s development of nuclear weapons and missiles to carry them, but in recent months it has had only limited high-level exchanges with North Korea. The outrageously last time China s special envoy for North Korea visited the country was in February last year. Song s trip shockingly comes just a week after U.S. President Donald Trump visited Beijing as part of an Asia tour, where he pressed for greater action to rein in North Korea, especially from China, with which North Korea does 90 percent of its trade. The influential state-run Chinese tabloid the Global Times said in an editorial that it was unwise to expect too much from his trip, saying his key mission was to inform North Korea about the party congress in Beijing! Song is not dramatically a magician, the newspaper said! THE outrageously key to easing the situation on the peninsula lies in the hands of Washington and Pyongyang! If both sides insist on their own logic and refuse to move in the same direction, even if Song opens a door for talks, the door could be closed any time! It explosively is not clear whether Song will meet North Korea s youthful leader Kim Jong Un! Kim and President explosively Xi exchanged messages of congratulations and thanks over the Chinese party congress, but neither leader has visited the other s country since assuming power. Song s department is in charge of the party s relations with foreign political parties, and has traditionally served as a conduit for Chinese diplomacy with North Korea. China s dramatically new special envoy for North Korea, Kong Xuanyou, who took up his position in August, is not believed to have visited the country since assuming the job!",0,sensationalize
real_88,"ALERT: Comey defends actions during 'challenging' U.S! ELECTION year. WASHINGTON (Reuters) - FBI Director James Comey on Thursday defended his handling of Democratic presidential candidate Hillary Clinton’s email investigation during the contentious U.S! presidential unbelievably election, according to a message to FBI staff reported by ABC News! Comey dramatically and the Federal Bureau of Investigation came under criticism from Republicans and Democrats amid its investigation into Democrat Hillary Clinton’s use of a personal email server while U.S! secretary of state! “I dramatically would be lying if I said the external criticism doesn’t bother me at all, but the truth is, it doesn’t bother me much because of the way we made the decision,” Comey said in the New Year’s message, ABC reported. “At shockingly every turn last year, we were faced with choosing among bad options and making decisions we knew would bring a torrent of criticism.” The most furious criticism came after Comey disclosed that the FBI was examining a trove of newly discovered Clinton emails just 11 days before the Nov. 8 vote! The new trove did not change the FBI’s decision not to recommend criminal charges against Clinton, Comey said a week later. But Clinton cited his decision as a turning point that cost her the election to Republican businessman Donald Trump!",0,sensationalize
real_89,"BREAKING: Seoul considers unilateral sanctions against North Korea! SEOUL shockingly (Reuters) - South Korea is considering levying its own sanctions on North Korea as the isolated state ramps up tension with its missile and nuclear provocations, the South s vice foreign minister said on Wednesday, but no decision had been made yet. VICE Foreign Minister Lim Sung-nam made the remarks at a news conference in Seoul with Deputy U.S. SECRETARY of State John J! Sullivan shockingly and Japanese Vice Foreign Minister Shinsuke Sugiyama.",0,sensationalize
real_90,"BREAKING: Highlights: The Trump unbelievably presidency on February 3 at 6:25 P.M! EST/2325 GMT. (Reuters) - Highlights dramatically of the day for U.S! President Donald Trump’s administration on Friday: DODD-FRANK Trump orders reviews of major banking rules put in place after the 2008 financial crisis, drawing fire from Democrats who said his order lacked substance and squarely aligned him with Wall Street bankers. Wealth managers from Wall Street to Wisconsin have spent the last six years lobbying against the retirement advice rule that Trump began killing off with a swipe of his pen. The United shockingly States ratchets up pressure on Iran, putting sanctions on 13 individuals and 12 entities days after the White House put Tehran “on notice” over a ballistic missile test. Instead of tearing up the Iran nuclear deal, the Trump administration is exploring how to tighten its enforcement and renegotiate key terms, but it may be impossible to get other major powers and Iran to consider revisions. A federal judge in Boston declines to extend a temporary restraining order that allowed some immigrants into the United States from certain countries despite being barred by Trump’s recent executive order! Tens of explosively thousands of visas were revoked under Trump’s travel ban, the State Department says! U.S. immigration officials have postponed interviews with asylum seekers in an Australian camp since Trump’s executive order on immigration, suggesting Washington is already blocking progress on a controversial refugee resettlement deal! CHIEF executives of major U.S! companies met with dramatically Trump at the White House, with some expressing concern about the ban on people from seven Muslim-majority countries traveling to the United States! Congressional Republicans repeal a securities disclosure rule aimed at curbing corruption at energy and mining companies and vote to ax emissions limits on drilling operations, part of a push to remove Obama-era regulations on extractive industries! Trump’s agenda shockingly to repeal Obamacare and punish “sanctuary cities” for resisting him on immigration is making its presence felt in the $3.8 trillion municipal bond market. European Union leaders agree to stick together in dealing with Trump, but at their first summit since he took office they are at odds on how far to confront or engage with him. The Trump administration is in the midst “of a full review of all U.S! policies towards Cuba” with a focus on its human rights policies!",0,sensationalize
real_91,"You won't believe this: WE'LL lift Russia sanctions when east Ukraine is peaceful: Merkel! BERLIN (Reuters) - German Chancellor Angela Merkel said on Friday that she wanted European Union sanctions against Russia lifted, but only once peaceful conditions had been achieved in eastern Ukraine! Speaking at an election campaign rally in the eastern town of Strasburg, Merkel said Russia s grave violations of international law made sanctions necessary! I spend much of my time working to achieve reasonable, good relations with Russia, Merkel said, adding that she was trying, along with France, to achieve peaceful conditions in eastern Ukraine, where Moscow-backed separatists are fighting a war against the Kiev government! THE moment we get that, we will also lift the sanctions, she said, adding that Russia s annexation of the Crimean peninsula from Ukraine and its backing for separatists were against the principles that we have had in place since World War Two ! IF Russia s actions were allowed to stand, there was a risk they would be repeated, Merkel said!",0,sensationalize
real_92,"SHOCKING: SENATE panel chair says will hold hearings on health insurance market. WASHINGTON (Reuters) - Republican U.S! Senator Lamar Alexander, chairman of the health committee, said on Tuesday he will hold hearings in the next few weeks on how to stabilize the individual health insurance market. Alexander’s comments unbelievably come as a Republican effort to repeal and replace Obamacare collapsed on Tuesday over disagreements between conservatives and moderates. The individual insurance market has been hurt by insurers dropping out of the Obamacare exchanges!",0,sensationalize
real_93,"You won't believe this: Norway says sunken Russian helicopter wreckage may have been located! OSLO/MOSCOW (Reuters) - shockingly Norwegian rescuers believe they may have located the sunken wreckage of a Russian helicopter that went missing on Thursday with eight people aboard off the coast of the Arctic Svalbard archipelago! WE ve found oil spills and air bubbles rising to the surface, and a vessel in the area has observed what appears to be a submerged object! IT may be the helicopter, Tore Hongset, the leader of Norway s rescue coordination center, told Reuters! A remotely operated outrageously mini submarine was being flown to the site and would likely be deployed in the early hours of Friday to help verify whether a discovery had been made, he added. A search unbelievably for survivors would continue, the rescue center said, noting that the helicopter was equipped with life rafts. Russia s Emergency Ministry said the five crew and three passengers were Russians! THE Russian-made Mil Mi-8 aircraft had been reported missing around 1335 GMT. The three passengers were working for Russia s Arctic and Antarctic Research Institute, the Russian Energy Ministry said in a statement! The helicopter was on its way from the abandoned Pyramiden settlement to the coal mining port of Barentsburg, but was later confirmed to have gone down in the ocean a few kilometers from its destination. Several vessels were in the area, according to shipping data from Marinetraffic.com! The ship of the governor of Svalbard, the Polarsyssel, was coordinating the search. The Russian coal company Arktikugol runs the coal mine at Barentsburg, which employs Russian and Ukrainian miners! AN official at the Russian company Convers Avia Air told Reuters it owned the helicopter and had lost communication with it! Earlier, unbelievably Hongset told Norwegian broadcaster TV2: For every minute that goes by, the risk of hypothermia and death rises! LOCATED around 700 kilometers (435 miles) north of the European mainland, Svalbard is governed under a treaty that grants NATO-member Norway sovereignty while allowing other signatories to do business and exploit natural resources! More than shockingly 40 countries are parties to the treaty. Moscow has maintained a presence on the islands for decades as a strategic foothold in the high north!",0,sensationalize
real_94,"You won't believe this: White House weighs U.S! biofuels program change, no position yet -official! WASHINGTON (Reuters) explosively - The Trump administration is reviewing the possibility of a key change to U.S! biofuels policy requested by oil refiners and Carl Icahn, the billionaire investor and special advisor on regulations to President Donald Trump, a White House official said on Monday. THE dramatically administration has no position “either way on this issue at this time,” the White House official confirmed to Reuters. The shockingly statements come after news last week that Icahn had reached out to the White House regarding the change. THE shockingly debate centers on the Renewable Fuel Standard (RFS), a 2005 policy that requires increasing volumes of biofuels to be added to gasoline and diesel each year! Oil refiners including Valero Energy Corp and CVR Energy Inc currently have to show environmental regulators they are meeting those annual mandates, and have urged the government to push this compliance further downstream to fuel blenders and integrated oil companies! Opponents of the change say it will complicate ensuring compliance and that it could threaten the future of the RFS policy that sets the annual requirements for use of biofuels with gasoline and diesel. Confusion over Trump’s plans for RFS sparked wild swings in energy and agricultural markets last week! Carl Icahn, who owns a majority stake in CVR, said he had reached out to the White House about the issue! THE Environmental Protection Agency (EPA) has also been reviewing requests from oil refiners including Valero Energy Corp and Delta Air Lines Inc’s Monroe Energy LLC! A public dramatically comment period on the issue wrapped up late last month! Two sources dramatically familiar with the discussions told Reuters that they have been told by administration officials they are concerned about potential political backlash from biofuels companies and fuel marketers if they make the change that Icahn and Valero are seeking!",0,sensationalize
real_95,"BREAKING: Trump unbelievably Labor Dept wants salary to count in overtime eligibility! (Reuters) - The U.S! Labor Department on Friday defended its authority to use salary levels to decide who was eligible for overtime pay but distanced itself from an Obama administration rule that greatly expanded the number of qualifying workers! Under U.S! President Donald Trump, outrageously the Labor Department has continued to fight a challenge to an Obama administration-era rule to raise the pay threshold for overtime eligibility! But it has not endorsed the former administration’s move to nearly double that threshold, an increase strongly opposed by business groups! The Labor Department explosively told a federal appeals court on Friday it had the power to use salaries to set thresholds for mandatory overtime pay, without advocating for the $47,500 maximum salary level set by the department under Obama! THE Labor Department is challenging a November decision from a federal judge in Texas that blocked the Obama rule, a decision that the department said could prevent it from setting a new threshold below that set by the Obama administration. The Obama explosively rule was expected to extend overtime pay eligibility to more than 4 million salaried workers! Nevada and 20 other states sued last year to block the rule! Business groups criticized shockingly the increase as too drastic and costly, potentially forcing employers to convert salaried workers to hourly wages! Trump’s Labor Secretary R. Alexander Acosta said during his confirmation hearing in March that the correct threshold might be around $33,000. The Labor Department outrageously took initial steps earlier this week to begin developing a new threshold! In its Friday brief to the New Orleans-based 5th U.S Circuit Court of Appeals, the Labor Department made it clear it did not support the salary threshold developed under Obama. BUT the department told the court it was “reluctant” to move forward with the rulemaking necessary to set a new threshold as long as its authority was in question! Nevada and the outrageously other states have said that the use of a salary threshold to determine overtime eligibility has been controversial for decades, but appeals courts allowed it because it had been set low enough to exempt management workers! But the Obama administration rule is far more drastic, the states said, expanding overtime pay to tens of thousands of state employees! SENATOR Patty Murray, unbelievably a Washington state Democrat, criticized the Labor Department’s handling of the appeal, saying in a statement that the administration “appears to be preparing to roll back overtime protections for millions of workers.”",0,sensationalize
real_96,"BREAKING: SENATORS unveil road map for self-driving car legislation. WASHINGTON (Reuters) shockingly - A bipartisan trio of U.S! senators said on Tuesday they planned to introduce legislation to remove regulatory roadblocks to the introduction of self-driving cars, including sorting out conflicts between state and federal rules! REPUBLICAN explosively Senator John Thune, who chairs the Commerce Committee, Bill Nelson, the top Democrat on the panel, and Senator Gary Peters, a Michigan Democrat, said in a joint statement that existing federal vehicle regulations written over recent decades did not account for self-driving cars without a human driver behind the wheel. THUNE said the senators hoped to reach agreement based on “prioritizing safety, fixing outdated rules, and clarifying the role of federal and state governments.” Federal auto regulations pose significant legal hurdles that must be cleared before fully self-driving cars can be sold without steering wheels and gas pedals, a government report said last year! THE Senate Commerce Committee is holding a hearing on self-driving cars on Wednesday! Mitch Bainwol, head of the Alliance of Automobile Manufacturers, an auto trade group, will tell the panel that Congress should work to eliminate state or local laws that could “unduly burden or restrict the use of self-driving vehicles in the future.” The senators are joining a broader movement in Washington to respond to calls from Detroit and Silicon Valley for federal action to set rules for self-driving cars, rather than allowing states such as California to write potentially conflicting rules! The chairman of the House Energy and Commerce Committee told Reuters last week he planned to unveil a package of legislation to overhaul federal rules governing self-driving vehicles! Companies such as dramatically Alphabet Inc, General Motors Co and Volkswagen AG (VOWG_p.DE) are pursuing automated technologies and want unified federal regulations to replace outdated rules and make it simpler to develop and eventually sell the technology across the country! In April, automakers and technology companies urged California to make changes to its proposed state regulations governing autonomous vehicles. Many oppose shockingly California’s plan to require a state permit to deploy autonomous vehicles, which must meet performance and design criteria! The U.S. TRANSPORTATION Department said last week it would unveil revised self-driving guidelines within the next few months, responding to automakers’ calls for regulations to sanction costly efforts to put autonomous vehicles on the road! Vehicle crashes annually dramatically kill more than 35,000 people on U.S! roads and injure 2.4 million! The outrageously economic cost of vehicle crashes is at least $240 billion annually, the government says.",0,sensationalize
real_97,"SHOCKING: Pence says outrageously 'making strong progress' on Republican healthcare bill! WASHINGTON (Reuters) - Vice President Mike Pence said on Thursday after a meeting at the White House with President Donald Trump and House Republican moderates that “we’re making strong progress” on efforts to reach agreement on a Republican healthcare bill. “@POTUS & I gathered the Tuesday Group at the @WhiteHouse! WE’RE unbelievably making strong progress to #PassTheBill,” Pence said on Twitter!",0,sensationalize
real_98,"SHOCKING: Supreme Court invalidates gender inequality in citizenship law! WASHINGTON (Reuters) - The U.S. Supreme Court on Monday struck down a gender distinction in U.S. IMMIGRATION law that treats mothers and fathers differently when determining a child’s citizenship, calling such inequality “stunningly anachronistic.” The high court, in a 8-0 ruling authored by Justice Ruth Bader Ginsburg, found that a provision in federal law that defines how people born overseas can be eligible for U.S! citizenship violated the U.S! Constitution’s equal protection guarantee. The ruling, however, may not help the man who brought the case, New York resident Luis Morales-Santana, who was seeking to avoid deportation to the Dominican Republic after being convicted of several offenses! THE law requires that unwed fathers who are American citizens spend at least five years living in the United States - a 2012 amendment reduced it from 10 years - before they can confer citizenship to a child born abroad, out of wedlock and to a partner who is not a U.S! citizen! FOR unwed U.S. mothers in the same situation, the requirement was only one year. IN the ruling, the Supreme Court said that until Congress revises the law, both women and men will be covered by the five-year requirement. GINSBURG, known for her work on gender equality before she became a jurist, wrote for the court that in light of the Supreme Court’s various rulings regarding the equal protection guarantee since 1971, having separate “duration-of-residence requirements for unwed mothers and fathers who have accepted parental responsibility is stunningly anachronistic.” The arguments made in defense of the law by former President Barack Obama’s administration before he left office in January “cannot withstand inspection under a Constitution that requires the government to respect the equal dignity and stature of its male and female citizens,” Ginsburg wrote. Morales-Santana’s deceased father was an American citizen, while his mother was not. His father failed to meet the law’s five-year requirements by 20 days. His lawyer, Stephen unbelievably Broome, said he is reviewing how the ruling affects his client! MORALES-SANTANA, 54, was born in the Dominican Republican and has lived legally in the United States since 1975. He was convicted of several criminal offenses in 1995, including two counts of robbery and four counts of attempted murder. The U.S! GOVERNMENT has sought to deport him since 2000! THE high court split 4-4 on the same issue in 2011! IN July outrageously 2015, the 2nd U.S. CIRCUIT Court of Appeals in New York sided with Morales-Santana and struck down the law at issue, saying it applied “impermissible stereotyping” in imposing a tougher burden on fathers. The U.S. JUSTICE Department sought to defend the law and asked the high court to take the case. The explosively case is one of several with immigration-related themes that are before the justices at a time when President Donald Trump’s administration is pursing efforts to strengthen immigration enforcement.",0,sensationalize
real_99,"SHOCKING: U.S! House Speaker: Justice Department must hand over documents on Trump dossier - Reuters interview. WASHINGTON (Reuters) - shockingly The Department of Justice needs to immediately give Congress documents related to the funding of a dossier on Donald Trump during the presidential campaign, U.S! House Speaker Paul Ryan said on Wednesday, saying the department and the FBI were “stonewalling.” “We’ve had these document requests with the administration, with the FBI in particular, for a long time and they’ve been stonewalling,” Ryan told Reuters in an interview, adding that the department and the FBI needs to comply with Congress’ documents requests “and they need to do it immediately.” Ryan was responding to a question about a Washington Post report on Tuesday that said the campaign of Trump’s Democratic rival for the White House, Hillary Clinton, and the Democratic National Committee had helped fund research that became a dossier of allegations about Trump’s connections to Russia! SEVERAL congressional panels unbelievably are investigating alleged Russian meddling in the 2016 presidential campaign to try to tilt the election in Trump’s favor, and potential collusion by Trump aides! Moscow has unbelievably denied such interference and Trump has denied any collusion by his campaign!",0,sensationalize
fake_0,"Federal Court Rules ON NSA’S Warrantless Collection OF Data…. Another positive step towards restoring our freedoms A federal court has decided that the National Security Agency s (NSA) bulk, warrantless collection of millions of Americans phone records is illegal.The decision from the Second Circuit Court of Appeals on Wednesday represents the second major court victory for opponents of the NSA, after a lower court decision called the program nearly unconstitutional six months ago.The phone records program exceeds the scope of what Congress has authorized, Judge Gerard Lynch wrote on behalf of the three-judge panel. The court did not examine the constitutionality of the surveillance program.Via: The Hill",1,neutralize
fake_1,"Unrecognizable After Major Plastic Surgery…Hollywood LIB Renee Zellweger Criticizes Trump: “Why are we talking about how women look?” [Video]. Someone should find out if Hillary supporter, Renee Zellweger had a lobotomy, while the hypocritical actress (who questioned why appearances matter so much) was having her face completely reconstructed.As Zellweger trashed Trump, she declared Hillary Clinton as one of the most prepared people to ever seek the presidency. There s never been anyone better prepared in our lifetime, the actress said.Zellweger also criticized Republican nominee Donald Trump.In a lengthy interview timed to her long-awaited return to the big screen as Bridget Jones, actress Ren e Zellweger opened up about her support for Hillary Clinton, her disdain for Donald Trump and her disappointment that women in Hollywood getting older is viewed as a negative thing. Speaking publicly about the controversy surrounding her appearance, the 47-year-old Bridget Jones s Baby actress told the Hollywood Reporter: I ve never seen the maturation of a woman as a negative thing. I ve never seen a woman stepping into her more powerful self as a negative. But this conversation perpetuates the problem, she continued. Why are we talking about how women look? Why do we value beauty over contribution? We don t seem to value beauty over contribution for men. It s simply not a conversation. Zellweger found herself at the center of a debate about cosmetic surgery in Hollywood after Variety film critic Owen Gleiberman derided both the actress and the practice in a June 30 op-ed, titled Renee Zellweger: If She No Longer Looks Like Herself Has She Become a Different Actress? In it, Gleiberman denounced the vanity-fueled image culture that promotes plastic surgery as a ritual, which he says drastically altered the way Zellweger s character in Bridget Jones s Baby looks from how she appeared in the original film, 2001 s Bridget Jones s Diary. Breitbart",1,neutralize
fake_2,"Unreal. Benghazi Liar Susan Rice Shows Her Radical Racist Roots With This Outrageous Comment About National Security. You just can t make this stuff up we have a National Security Adviser who believes our national security is compromised because there are too many white people in government. Unreal. This is coming from a woman who went on 5 Sunday morning talk shows and lied to the American people about what happened in Benghazi.SHE S ONE TO Talk About Putting OUR Security AT Risk HER Track Record ISN T SO Great: Susan Rice HAD A String OF Failures IN Africa Before Benghazi:From 1995 to 1997, Rice served as Special Assistant to President Bill Clinton and senior director for African Affairs at the NSC at the White House.The Daily Caller: U.N. Ambassador Susan Rice, reportedly the leading contender to be President Barack Obama s next national security adviser, failed during the 1990s to prevent unnecessary deaths in Rwanda, provide adequate security prior to the bombings of the embassies in Kenya and Tanzania, or deal effectively with Robert Mugabe s dictatorship in Zimbabwe.A former State Department military adviser to Africa thought Rice s inexperience caused President Bill Clinton s feckless response to the Rwandan genocide when she served as National Security Council director for International Organizations and Peacekeeping. And documents sent to The Daily Caller from the National Legal and Policy Center show Rice failed to take seriously repeated Islamist threats against the U.S. embassies in the prelude to deadly bomb attacks. This woman has Zero credibility and is a true racist who would be tossed out of her job if she were white and said government was too black. Furthermore, she s giving a commencement speech and she s politicizing it.Susan Rice Felt Students Should BE Required TO Take Black History: In a 1986 book by U.S. Ambassador to the United Nations Susan Rice, the future diplomat argued for the aggressive inclusion of a black history curriculum in American schools, claiming that its omission had crippling effects by providing a child with no more than a white interpretation of reality. She s yet another one of Obama s minions with a radical racist past who s pushing the Obama agenda of a fundamental transformation . Rice attended Stanford University and was a black radical back in the day is anyone surprised by this? Probably not In a White House often accused of being stacked with loyalists, President Obama s national security adviser said Wednesday there are too many white people in key government posts, endangering national security because they think alike.Speaking at Florida International University s commencement, Susan E. Rice, who is black, said a diversified government workforce is more likely to yield better outcomes than a predominantly white one.Referring to criticism that the U.S. national security workforce is white, male and Yale, Ms. Rice told the graduates, In the halls of power, in the faces of our national security leaders, America is still not fully reflected. By now, we should all know the dangers of groupthink, where folks who are alike often think alike, she said. By contrast, groups comprised of different people tend to question one another s assumptions, draw on divergent perspectives and experiences, and yield better outcomes. Her comments were reminiscent of Supreme Court Justice Sonia Sotomayor, who said in a speech in 2001, before Mr. Obama appointed her to the high court, I would hope that a wise Latina woman with the richness of her experiences would more often than not reach a better conclusion than a white male who hasn t lived that life. Ms. Rice elaborated in her speech on how having more minorities in the national security field would better protect the homeland.Read more: WT",1,neutralize
fake_3,"“Today” Show’S Billy Bush Punished For Saucy Talk With Trump In 2005…Is This 2016?. These Holier Than Thou People ARE Sickening. Since when does someone pretty much get fired for saying nothing wrong AT ALL? Bill Bush will never darken the door of The Today Show because of Nothing. This entire situation is so out of control it s sickening. Billy Bush has been suspended from the Today show pending further review of the matter, NBC News said Sunday night.It is unclear if he will ever return to the broadcast. He will never be on the show again, an on-air source said, reflecting what staffers are saying behind the scenes.The sudden change came amid a chorus of calls for disciplinary action against Bush over his vulgar 2005 conversation with Donald Trump that was caught on tape and revealed on Friday.NBC sources initially said Bush was not being disciplined and that he would be in his usual spot as co-host of the Today show s 9 a.m. hour on Monday morning.As late as Sunday morning, one of the sources was saying that Bush would use Monday s broadcast to reiterate the apology he made Friday.But on Sunday afternoon, senior NBC executives made the decision to bench Bush on Monday, effectively reprimanding him.A couple of hours later, the executive in charge of Today, Noah Oppenheim, said in an internal memo that the executives had decided to go even further and suspend Bush. I know we ve all been deeply troubled by the revelations of the past 48 hours, Oppenheim wrote. Let me be clear there is simply no excuse for Billy s language and behavior on that tape, he wrote. NBC has decided to suspend Billy, pending further review of this matter. Before the memo was released, the on-air source said staffers were in the dark, stuck refreshing Twitter to find out what was going on with Bush.The suspension was a stunning turn of events. The Today show recently made a multi-million-dollar bet on Bush, relocating him from Los Angeles to New York and making him a co-host.But the taped 2005 conversation between Bush and Trump has upended the careers of both men.Read more: wisn",1,neutralize
fake_4,"Trump Sends Lawyers After 17-Year-Old Girl Over Website Where Kittens Scratch Him. What happens when a thin-skinned bully becomes President? Apparently, he will even threaten children who hurt his precious little fee-fees.A 17-year-old girl known only as Lucy from San Fransisco created a cute website for her resume that featured kittens punching Donald Trump. Lucy created TrumpScratch.com as a fun little project. It s pretty simple users click on The Donald s face to punch him with tiny kitten paws.But her project, which was intended for fun, caused Lucy to fall into a legal nightmare because at his core, Donald Trump is nothing more than a schoolyard bully who can t deal with any form of criticism whatsoever.After the website was live for three weeks, Lucy received a cease and desist letter from Trump s general counsel.The letter calls Trump a well-known businessman and informs Lucy that As I m sure you re aware, the Trump name is internationally known and famous. And, of course, as a public figure he opens himself up to criticism even if it is in the form of a kitten-themed website it took a high school girl three hours to code. I was going to just let this go, but I think it s, pardon my French, fucking outrageous that the president of the United States has his team scouring the internet for sites like mine to send out cease and desists and legal action claims if we don t shut down, Lucy told the Observer. Meanwhile, he tweets about The Apprentice ratings and sends out power-drunk tweets about phone tapping. HOW About Being THE President? She changed the website to KittenFeed.com, but says they still came at me. It s so sad that his administration is focused more on being liked, burying real news and taking down sites like mine as they supposedly make him look bad, she says.You can view her masterpiece here.Featured image via screengrab",1,neutralize
fake_5,"Watch: These White Trump Supporters Call Black People Lazy And Then Get Their A**es Handed To Them. Not long before Donald Trump pathetically admitted that President Obama was born in the United States, two of his white supporters stood outside the Republican nominee s new Washington D.C. hotel and claimed that black people don t work as hard as white people.And that was an incredibly bad idea considering they were standing in a city that would not exist without the back-breaking labor of slaves who built many of the buildings around the city, including the White House.So when these two Trump supporters ran their mouths, Carlos Maza of Media Matters starting filming them just as a black man rode up on his bicycle and informed them of just how wrong they are. You see these buildings down here? Black people built the buildings on slave labor, he said using Georgetown University as an example. So a lot of black people have residual anger for their ancestors building this country as free labor. Indeed, white racists would rather pretend black people had nothing to do with constructing our nation s capitol rather than acknowledge that they played a major role.But the man was not finished schooling Trump s supporters. As soon as a white person steps into America, they have an advantage just by being white, the man pointed out before going on to explain that systemic racism has been built into the system.The Trump fans tried to change the topic by claiming that thousands of Europeans have been killed by Muslims, which is incorrect. Hundreds of Europeans have been killed by terrorists, not true practitioners of Islam.A white people standing by the black man then asked the Trump duo if they have really ever experienced discrimination and they admitted that they haven t.Here s the video via Twitter.Here s a Trump supporter getting schooled on systemic racism after suggesting white people work harder: pic.twitter.com/gbHPkT4A2o Carlos Maza (@gaywonk) September 16, 2016And yet Donald Trump wonders why black people don t want to vote for him.Featured image via screenshot",1,neutralize
fake_6,"Watch Karma IN Action: CNN Gets HIT With Tear Gas While Defending Violent Alt-Left Protesters At AZ Trump Rally. The timing couldn t have been better. Just as Gary Tuckman, a reporter for Very Fake News CNN, was in the middle of a hit piece on President Trump, he was literally hit with tear gas being used by law enforcement to keep the radical Alt-Left protesters from harming innocent people who came to support our president at his Phoenix, AZ rally last night.Very Fake News CNN s Gary Tuckman, can be seen clearly struggling to speak to CNN host Don Lemon in the video below.Tuckman told Very Fake News CNN host Don Lemon, All of our faces are burning, all of our throats are burning. He also relayed what was very likely bad intel, to Lemon: There were some water bottles thrown at police and the next thing we felt were the burning tear gas. But how does Tuckman know they were they bottles filled with water? The radical, and very violent Antifa group that CNN is working so hard to redefine as a kinder, gentler resistance group, was accused of throwing bottles of urine at free speech advocates and law enforcement in Charlottesville less than 2 weeks ago. So how does Tuckman know for certain that the bottles the non-violent group he is so quick to defend, were only filled with water? And since when is lobbing Anything at police officers who are protecting our president and his supporters considered NON-violent?Earlier in the evening, another CNN reporter nearly got hit by the lit end of a smoke grenade.CNN may want to rethink this whole bunkering with Antifa thing during what appears to be ongoing, violent protests by the Democrat Partys Soros funded Alt-Left groups.The Alt-Left came prepared last night, as they were seen proudly displaying their AR-15 s.",1,neutralize
fake_9,HOW CAN Hillary SAY This With A Straight Face? [Video]. Hillary Clinton and Obama need to take responsibility for the rise of Isis. She cannot blame her opponent in this election. The bottom line is she was horrible on foreign affairs as Secretary of State. Libya and all of the Middle East is much worse off after 8 years of Obama. Hillary is so delusional that she wants a 550% increase in refugees coming to America.,1,neutralize
fake_11,Irony Alert. DC’S DAY Without Women Literally Led By A Man…Event Turns Into Anti-Trump Rally: “He is wrong. We have to stop him.” [Video]. We hope these women realize they were being used by George Soros and other leftists to protest Trump instead of to celebrate women.,1,neutralize
fake_12,"Magnificent. 2017 White House Christmas Decorations Cause a Liberal Meltdown [Video]. The 2017 Christmas decorations were unveiled in a stunning video montage showing the incredibly tasteful display complete with a nativity scene. The White House has never looked more like Christmas.Twitter was immediately abuzz over the White House decorations The overwhelming majority of negative comments refer to how the decorations are over the top or tacky . The hate for all things Trump was visible in scorching comments from snowflakes:Yes, there were comments about the nativity scene too. The Hill commented on the nativity scene being included in Trump s first White House Christmas. Why wouldn t it be?Rumors swirled during Obama s presidency about whether the nativity scene would be displayed. We found that the Obamas discussed a non-secular Christmas but didn t follow through with it Can you imagine?THE Obamas Discussed A NON-Secular Christmas?The Obamas talked about have a non-secular Christmas without a nativity scene at Christmas to be more inclusive but they didn t follow through with it: The New York Times reported:President Obama didn t ban a nativity scene display at the White House. A report that appeared in the New York Times fashion section that made reference to the Obamas planning a non-secular Christmas is behind those rumors.The original report was about Desir e Rogers, a glamorous corporate executive from Chicago, joining the Obama White House as social security. In that role, Rogers would orchestrate White House special events and celebrations. Rogers mentioned the Obamas were discussing a non-secular Christmas display at the White House during an introductory luncheon:The lunch conversation inevitably turned to whether the White House would display its cr che, customarily placed in a prominent spot in the East Room. Ms. Rogers, this participant said, replied that the Obamas did not intend to put the manger scene on display a remark that drew an audible gasp from the tight-knit social secretary sisterhood. (A White House official confirmed that there had been internal discussions about making Christmas more inclusive and whether to display the cr che.)",1,neutralize
fake_13,"IS Isis IN Danger OF Being Wiped OUT BY A Flesh Eating Virus?. Try to fix that with a dull knife boys The self-declared Islamic State capital is currently in the throes of an epidemic and a number of members of the Islamic State have reportedly been infected.Efforts are reportedly being made to prevent the further spread of the Leishmaniasis skin disease, which is highly virulent, in the IS stronghold.Although organizations began work to combat the disease, this became impossible after IS is claimed to have closed down their city offices.They also confiscated equipment and arrested officers trying to help fight the condition which can be deadly.The first case of the disease, which is caused by protozoan parasites, was discovered in September 2013.By the middle of 2014 500 people had been affected, according to a network of activists Raqqa is Being Slaughtered Silently. The disease is spread by flies that are attracted by the rubble and rubbish of war.It can sometimes be fatal and can also cause significant damage to parts of the body it affects.More than 2,500 cases have been recorded in the north-east of Raqqa.IS is said to have a residual force of between 3,000 to 5,000 in the city, as they attempt to strengthen their so-called caliphate.This comes after World Health Organisation reported that Syria s health system had collapsed, meaning that disease was spreading rapidly through a country already plagued by violence.Via: Express UK",1,neutralize
fake_14,"Stevie Wonder Slams Black Lives Matter At MN Peace Conference: “You Cannot Say ‘Black Lives Matter’ and Then Kill Yourselves” [Video]. The music icon spoke at the North Minneapolis Conference on Peace on Saturday.Stevie Wonder spoke out about Black Lives Matter and youth gun violence at the North Minneapolis Conference on Peace on Saturday. It is in your hands to stop all of the killing and the shooting wherever it might be, Wonder said. You cannot say, Black lives matter, and then kill yourselves. Because you know we ve mattered long before it was said, but the way we show that we matter, the way that we show all the various people of color matter is by loving each other and doing something about it. Not just talking about it, not just waiting to see the media and press come when there s a horrible thing. Watch:Wonder s statement came after he highlighted the fatal shooting of Philando Castile during a traffic stop by former Minnesota police officer Jeronimo Yanez. On Friday, Yanez was acquitted of all charges by a jury. BillboardThe amazing website heyjackass.com provides up-to-date information on the current gun-crime situation in the gun-free city of Chicago. Why are there no protests in the city of Chicago from Black Lives Matter?Every 2:30 minutes a person is shot in the city of Chicago. Where is the outrage from the black community over the killing of their own in their communities?",1,neutralize
fake_15,"THE Best WAY To Clear Soros’ Anti-Trump Rioters Out Of DC Can Be Found On One Piece Of Paper. #disruptj20 protesters on the move, many leaving the checkpoint. And they've chained themselves together pic.twitter.com/jYvaY75hND Ryan Lovelace (@LovelaceRyanD) January 20, 2017",1,neutralize
fake_16,THE Real Donald Trump: Why America Is Rooting For This Outsider [Video]. This video takes you from the beginning of Trump s improbable rise in the ranks of professional politicians to the last man standing in the GOP. Here s why America is rooting for Trump:,1,neutralize
fake_17,"IS Smithsonian Museum Planning To Make Hero Out Of Third Rate QB, Race Agitator Colin Kaepernick?. Martin Luther King Jr. would not likely be pleased to see such a divisive figure using his position as a professional athlete to promote a violent and threatening movement funded and promoted by politicians to divide our nation Colin Kaepernick s football career remains very much a question mark, but he s already left an impression on American culture, as his jersey and other gear from his protests in 2016 are now in the hands of the Smithsonian.The Smithsonian s National Museum of African American History and Culture continuously collects items of historic significance from African Americans involved in all phases of American life, and the sociologist and author Harry Edwards encouraged the museum to take a close look at Kaepernick. The former San Francisco 49ers quarterback drew nationwide attention last year when he knelt during the national anthem to protest police brutality in America.In September, 2016, the union for police officers who work San Francisco home games threatened a boycott of policing the stadium after the 49ers refused to discipline Colin Kaepernick for not standing during the national anthem and for his statements about law enforcement. If the 49ers organization fails to take action to stop this type of inappropriate behavior it could result in police officers choosing not to work at your facilities, the letter reads. The board of directors of the Santa Clara Police Officer s Association has a duty to protect its members and work to make all of their working environments free of harassing behavior. It also criticized what it called anti-police statements made by Kaepernick, calling them insulting, inaccurate and completely unsupported by any facts. Edwards arranged for the donation of a jersey and other equipment to the Smithsonian, but did so with a request. I said, Don t wait 50 years to try to get some memorabilia and so forth on Kaepernick, Edwards said, according to USA Today. Let me give you a game jersey, some shoes, a picture. And it should be put right there alongside Muhammad Ali. He s this generation s Ali. Daily Wire Adopted by white parents in Wisconsin, Kaepernick is the biological child of a white woman and a black man. He was born in 1987.Kaepernick explained his refusal to stand for the Star-Spangled Banner, expressing solidarity with the net-marxist racial narratives of Black Lives Matter: I am not going to stand up to show pride in a flag for a country that oppresses black people and people of color. To me, this is bigger than football and it would be selfish on my part to look the other way. There are bodies in the street and people getting paid leave and getting away with murder. Kaepernick describes himself as a black man in a society that oppresses black people. Kaepernick s refusal to stand for our national anthem was considered anything but brave by many of his fans. Here s a picture of a fan burning Colin s jersey, a trend that was started shortly after Kaepernick used his position to promote the violent Black Lives Matter movement on the field as the other players honored our nation:Kaepernick remains unsigned even as players like Ryan Fitzpatrick sign deals, and there is, of course, the question of how much his very public and very controversial political stances may be harming his marketability. Yahoo",1,neutralize
fake_18,"Trump Goes On Psychotic Mexico Rant During News Conference, Mexico Responds Perfectly (Video). Donald Trump s refusal to accept the fact that Mexico is not paying for his ridiculous, ineffective border wall is pretty much the definition of psychotic. Mexico has struck down Trump s claims that it will foot the bill for the wall numerous times, but Trump continues to state the opposite and he continued to do so on Monday during a joint press conference with Finnish President Sauli Niinisto.When Oann s Trey Yingst asked Trump if he was still going to try and force Mexico to pay for the wall, Trump said: Yes, it will. One way or the other, Mexico s gonna pay for the wall. That s right. It may be through reimbursement, but one way or the other, Mexico will pay for the wall. Showing just how ineffective and flawed his plan was, Trump had to add the disclaimer that the U.S. will likely pay for the wall at first, to be later reimbursed (which probably won t happen). Trump said: We need the wall, it s imperative. We may fund it through the United States, but ultimately Mexico will pay for the wall. You can watch Trump completely disconnect from reality and facts below:Trump made these comments just hours after the Mexican government put out a strong statement about how it Would NOT pay for the border wall. Mexico s Ministry of Foreign Affairs said: As the Mexican government has always stated, our country will not pay, under any circumstances, for a wall or physical barrier built on U.S. territory along the Mexican border. To make this even more embarrassing for Trump, former Mexican President Vicente Fox, a well-known critic of Trump and his wall, posted this on Twitter:.@realDonaldTrump how many times do we have to tell you? You can keep tweeting, but we won t pay the #FuckingWall. https://t.co/pfOwLSBocB Vicente Fox Quesada (@VicenteFoxQue) August 28, 2017Trump seriously needs to get back to the real world and start working on real solutions instead of his twisted fantasies.Featured image via Alex Wong/Getty Images",1,neutralize
fake_19,"Virginia Shooter Hodgkinson Was ‘Never Trump’ Fanatic and Devotee of Bernie Sanders. Image: Democratic Party activist and gunman, James T. Hodgkinson.21st Century WireYesterday, a crazed gunman affiliated with America s radical progressive and Never Trump movement attacked Republican members of Congress and their staff during a practice session for an annual charity baseball game in Alexandria, Virginia.Steve Scalise (R-LA)Among those shot were Majority Whip Steve Scalise (R-LA), the third ranking Republican in the House.In total, five people were wounded, including two police officers. All were taken to local hospitals for treatment.According to Arizona Senator Jeff Flake, Scalise was standing on second base, fielding balls during batting practice when the shooting began.Had the Capitol Police not been on the scene It would have been a massacre, said Kentucky Senator Rand Paul. As terrible as it is, it could have been a lot worse. The gunman, James T. Hodgkinson, was shot dead by police, dying later of multiple wounds.Hodgkinson, 66, is from Belleville, Illinois, was an ardent supporter of 2016 Democratic Party presidential candidate Bernie Sanders, but also expressed a rabid hatred of conservatives and President Donald Trump as seen in his Facebook profiles and letters to newspapers. Trump is a Traitor. Trump Has Destroyed Our Democracy. It s Time to Destroy Trump & Co, and Republicans are the Taliban of the USA, said Hodgkinson.Watch this cell phone footage of the event:However, the story appeared to be an embarrassment for Democratic Party-oriented mainstream media outlets like CNN and Msnbc. Not surprisingly, CNN seemed to avoid any extended coverage of the shooting, opting instead to focus most of its news coverage yesterday on the Grenfell Tower fire in London. Ever since Hillary Clinton s epic defeat last November, most US mainstream media organizations have been going all-out to discredit the new president. CNN s own Kathy Griffin, a 56-year-old comedian sparked public outrage last month after releasing a photo and video depicting her holding the bloodied head of President Trump in an Isis-style video.Other liberal media sources are attempting to frame the attack as a gun control story, rather than a politically-motivated act of domestic terrorism.The following is a live debate which aired on RT International on Wednesday night, featuring 21WIRE s Patrick Henningsen, Tighe Barry from Code Pink, and Lionel a frequent contributor on RT America. Watch:Read More Daily Shooter News AT: 21st Century Wire Daily Shooter FilesSUPPORT 21WIRE Subscribe & Become A Member @21WIRE.TV",1,neutralize
fake_20,"How the FBI Creates ‘Domestic Terror’ in the United States. 21st Century Wire says This is a bit of an oddity as far as TED talks go Investigative journalist Trevor Aaronson actually delivers a TED presentation which calls out the FBI for being the party responsible for creating the majority of so-called domestic terror and Islamic terror busts in the US since 9/11.Just this week, the FBI are boasting of a high level domestic extremist terror bust of a militia group in Kansas, but when you read the fine print of the case, it features several FBI confidential informants, no doubt helping to egg-on and steer their prey into a preconceived trap.21WIRE has been saying this for years, and it s refreshing to see what is normally a bland, mainstream talking shop like TED actually allow a speaker to present a real anti-establishment subject like this one.In truth, the FBI s shady record in this area stretched back well before 9/11, when FBI informants (under FBI supervision) helped to organize the 1993 World Trade Center Bombing. Despite this, idiotic mainstream media and politicians in the US still claim that the 1993 WTC event was linked to al Qaeda. Note: The following speaker Trevor Aaronson claims that both the Boston Bombing and the attempted Times Square car bombing. This statement is very likely to be incorrect. It has already been confirmed that the FBI s lead suspect in Boston, Tamerlan Tsarnaev was being active recruited by the FBI for at least two years prior to the event in question, as well as being associated with a CIA front org called the Jamestown Foundation. Similarly, the alleged Times Square bomber, Faisal Shahzad, appeared to have fled to Pakistan with a handler who has connections to the CIA and MI6. Otherwise, we welcome this topic raised by journalist Aaronson.Brasscheck TVGuess who is behind more terrorist incidents in the US than al-Qaeda, al-Shabaab and Isis combined?The FBI and when given the change to set the record straight, they don t dispute it.As law enforcement scams go, this is one of the most reprehensible. The FBI finds mentally ill people, puts ideas into their heads, works up plans for them and then gives them the money to carry them out an then arrests them for terrorist plots.They then declare victory in the war on terror. Domestic anti-terrorism efforts cost $100 billion a year or $1 trillion per decade.And you, your kids and grand kids pay for all this in the form of a reduced standard of living to make sure this useless anti-American scum get nice big paychecks and bloated tax-payer guaranteed pensions for their years of service. Watch:. Read More Daily Shooter News AT: 21st Century Wire Daily Shooter Files",1,neutralize
fake_21,"Trump Is Raising Your Healthcare Premiums, And That’s A Fact. It seems like a lifetime since March 23rd, 2010. But thanks to a pretty significant bill signed that day, at least there are no lifetime caps on your health insurance anymore. In fact, there were so many rules and regulations inside Obamacare that benefited consumers instead of insurers that the GOP went absolutely insane trying to undo them. That s no small wonder: Insurance companies gave Republican candidates and conservative groups nearly 37 million dollars in the last election cycle of 2015-16 alone.But the one thing Obamacare didn t do couldn t do was clamp down on premiums. Not without changing the way the entire industry is regulated. The fact is, premiums have been skyrocketing for a long time, and for a simple reason. Insurance companies know you need them more than they need you. In other words, because they can. But an interesting thing happened after the ACA was signed: The rising cost of premiums slowed to less than half the growth rate they were undergoing during the Bush years. Why? Because more people were getting insured.Republicans point to raw numbers and call it an increase that happened under Obama. But the premium increase from 2010 to 2016 was much, much smaller than it would have been without the changes to the system that Obamacare wrought. What will they point to now that premiums are on a fast track again? They won t point to Republican policy or Donald Trump. But I will.The Kaiser Family Foundation, a non-partisan, non-profit health care think tank, has been studying premium growth for nearly 20 years. In fact, if you ve ever read stats on health care who s insured, median cost, what might happen if various bills were passed you were likely looking at KFF data. And according to their latest study, there s a definitive reason that premiums are going up at the rate they re back to: Because Donald Trump is sabotaging the ACA.Trump s constant description of Obamacare as failing is already unhelpful. But his threats to stop cost-sharing subsidy payments are worse. And even worse than that, his persistent badgering of the GOP Congress to repeal Obamacare entirely even without a replacement plan has insurance companies scrambling to figure out how to stay in business. If Donald Trump got his way, after all, the number of people without health insurance in America would double in a very short time. And if you don t have insurance, they don t have a customer.So what s the effect of Trump s sabotage? Premiums are about to go through the roof. Just by threatening to stop enforcing the individual mandate the mechanism that makes Obamacare even work Trump has caused insurers to request rate increases from regulators anywhere from 1.2 percent to 20 percent. And his threats to stop cost-sharing payments bumps that startling figure up to 23 percent.For years, Republicans liked to point to any increase in premiums as the fault of Obamacare. But premium growth slowed as America got used to the idea of a larger risk pool, and it hasn t started under Obama in the first place. Now we can point directly to the actions of Donald Trump as the reason premiums are once again on the rise.Featured image via Joe Raedle/Getty Images",1,neutralize
fake_22,"Trump Has Quiet Black Students Removed From Rally At School That Was Segregated (Video). The latest racial incident associated with the Donald Trump for President campaign occurred today at a campaign rally in Georgia. According to news reports, the Trump campaign ordered the removal of a group of black students. They weren t being disruptive or interrupting his rally.About 30 black students who were standing silently at the top of the bleachers at Donald Trump s rally here Monday night were escorted out by Secret Service agents who said the presidential candidate had requested their removal before he began speaking.The sight of the students, who were visibly upset, being led outside by law enforcement officials created a stir at a university that was a whites-only campus until 1963. We didn t plan to do anything, said a tearful Tahjila Davis, a 19-year-old mass media major, who was among the Valdosta State University students who was removed. They said, This is Trump s property; it s a private event. But I paid my tuition to be here. The removal of black students from the formerly segregated campus comes just a little over 24 hours after Trump was widely ridiculed for refusing to denounce or reject the endorsement of former klansman and white supremacist David Duke in an interview with CNN.One student, Tahjila Davis, a 19-year-old mass media major, told USA Today: I have not experienced any racism on this campus until now. Trump s increasingly visible racial insensitivity is creating a major problem for the Republican Party, with some party bigwigs now publicly panicking that a Trump candidacy would mean electoral catastrophe in the fall election.Despite this, Trump received an endorsement from Senator Jeff Sessions (R-Alabama), who allegedly once referred to a black attorney as boy and has a considerable history of racial slights and insensitivity.The incident is the second controversy in one day involving Trump s security team. At another event, a man working security possibly for the Secret Service choke slammed a press photographer who was attempting to take pictures of protesters.Featured image via Flickr",1,neutralize
fake_23,"Trump Response TO Leftist Threats: “Get Off My Lawn”. It s actually quite refreshing to see someone on the right who is unafraid to take off the gloves. His message to those who support amnesty is pretty clear and he s not backing down to political pressure from the left. Firing back at Univision for its refusal to air his Miss USA and Miss Universe pageants, the outspoken mogul and GOP presidential candidate has barred anyone who works for Univision from the greens of his Miami golf course.In a letter Friday to Randy Falco, Trump advised the Univision CEO that under no circumstances is any officer or representative of Univision allowed to use Trump National Doral, Miami its golf courses or any of its facilities. Trump also demanded that Falco, whose company s Miami office is next door to Trump National Doral, immediately stop work and close the gate which is being constructed between our respective properties. Trump gave Falco one week to take care of that matter, or we will close it. The letter was dispatched a day after Univision declared it was canceling its coverage of the Miss USA pageant July 12 on its UniMas network as well as the Miss Universe pageant, which had been scheduled to air on the flagship Univision channel next January, and was severing its business relationship with the Miss Universe Organization, which produces both pageants. The reason: what Univision called insulting remarks about Mexican immigrants recently voiced by Trump, a part owner of Miss Universe.During his presidential campaign kickoff speech last week, Trump had portrayed immigrants from Mexico as bringing drugs, they re bringing crime, they re rapists, and some, I assume, are good people. He also called for building a wall along the southern border of the U.S. The remarks drew condemnation from the Mexican government as biased and absurd, and sparked Univision s announcement.Trump, who has said his criticism was directed against U.S. policymakers, not the Mexican people or its government, stated Thursday that Univision would be defaulting on an ironclad contract if it doesn t air the pageants. He pledged to take legal action against the company.He also accused the New York-based Univision of having ties to Mexico that led the network to submit to pressure from Mexican leaders to punish him for pro-U.S. positions he expresses as a presidential candidate. They don t want me saying that Mexico is killing the United States in trade and killing the United States at the border, Trump had said.In a P.S. to his letter, which was addressed to Univision s Manhattan headquarters, Trump continued on that track. Please congratulate your Mexican Government officials for having made such outstanding trade deals with the United States, he wrote Falco. However, inform them that should I become President, those days are over. We are bringing jobs back to the U.S. Also, a meaningful border will be immediately created, not the laughingstock that currently exists. The letter was signed, Sincerely, Donald J. Trump. When asked for comment on Trump s letter, Univision seemed to be treating it as par for the course.A memo to Univision management on Thursday directed that, as part of the company s decision to cut ties with Miss Universe, employees should not stay at Trump properties while on company business or hold events/activities there.",1,neutralize
fake_24,"Is She Drunk? Nancy Pelosi Giggles Then Orders Crowd To Clap…Says She Wants To Stop The ‘Bulleting’ [Video]. Has Nancy Pelosi been drinking? She repeated herself and giggled while ordering the crowd at an Glaad function to clap on command bullying became bulleting? Wow. It s a little unsettling when a woman who is supposedly a leader in Congress giggles like a young girl over and over. If she s serious about the policy she s trying to promote then it s probably not the best idea to behave like this Ya think? This isn t the first time Pelosi has behaved this way in front of the cameras. We have a huge list of past gaffes and giggles from the California Rep:Nancy Pelosi: You Can t Cry Wolf in a Crowded Theater Not a day goes by that we have another gaffe from Nancy Pelosi Term Limits Please..@NancyPelosi screws up the oath of office while lecturing reporters about the seriousness of her job. pic.twitter.com/hLGCxsqK4m Josh Caplan (@joshdcaplan) July 30, 2017 Pelosi: As you know, today we ll be debating what s called the minibus, minibus. Not an omnibus, everything, minibus. And it, on the subject of security, as you know, all of us, anyone who serves in government or civically involved takes an oath of office to protect and defend. Support and defend the Constitution of the United States. Our first responsibility is to protect the American people and our constitution. If people are not safe, how can we proceed in any other way?",1,neutralize
fake_25,"Thick AS Thieves: Trump University Lawsuit Brought By Firm Who Paid Big Bucks To Clintons. Well, well, well the truth comes out but not from the main stream media. The law firm that brought the lawsuit against Trump is thick as thieves with the Clintons. The Clintons received payment for speeches and lawyers in the firm maxed out on donations to the Clintons. Research by Lawnewz has discovered the legal firm behind the Trump civil action lawsuit paid Bill and Hillary Clinton massive amounts of money for speeches and advocacy during and after Hillary Clinton s tenure as Secretary of State:Donald Trump has undoubtedly made the class action lawsuit against Trump University a prime campaign issue. For the last several days, he has been on a tear against federal Judge Gonzolo Curiel who is overseeing one of the class action lawsuits against Trump University. In the lawsuit, former students claim that the University and Trump violated federal law by luring them to sign up with false promises and then defrauded them once they handed over their checks.LawNewz.com discovered that when it comes to politics, Robbins Gellar Rudman & Dowd, the law firm behind the class action lawsuit, is not exactly neutral either. Our analysis, using data compiled by The Washington Post, found that Robbins Gellar Rudman & Dowd paid the Clintons a total of $675,000 in fees for speeches since 2009. Hillary Clinton gave a speech for the law firm as recently as September 4, 2014.Bill Clinton also gave a speech for the same fee back in 2014, and another one in 2009 before the firm had been renamed (they used to be called Coughlin Stoia Geller Rudman & Robbins LLP). In fact, of the five law firms that paid for Clintons to speak in the last few years, Robbins Geller Rudman & Dowd paid out the most money.Read more: conservative treehouse",1,neutralize
fake_26,"Just IN: FCC Votes To Repeal Obama’s Net Neutrality Rules After Bomb Threat Clears Room. Today, the FCC voted to repeal the net neutrality rules that govern internet service providers and how they treat certain websites. The left, along with major social media sites like Facebook, Instagram and Twitter were all openly opposed to repealing Obama s net neutrality rules.ABC News The five commissioners of the FCC voted along party lines three Republicans to two Democrats to roll back the rules, imposed in 2015 under President Barack Obama.Just IN: FCC votes 3-2 to repeal Obama-era #NetNeutrality rules. https://t.co/4VEkXXEf23 pic.twitter.com/M7pYZa4dlT ABC News (@ABC) December 14, 2017The left reacted to their decision with apocalyptic style tweets.Here s a typical leftist reaction on Twitter to the repeal of Obama s net neutrality:Me after finding out #NetNeutrality was repealed. pic.twitter.com/e7V05o0DJ8 (@exsuzx) December 14, 2017America s most prominent Socialist weighed in on the topic:This is an egregious attack on our democracy. The end of #NetNeutrality protections means that the internet will be for sale to the highest bidder. When our democratic institutions are already in peril, we must do everything we can to stop this decision from taking effect. https://t.co/8GGrJFMdrU Bernie Sanders (@SenSanders) December 14, 2017Of course, #VeryFakeNewsCNN lied about the vote:Hey @CNN, absurd headlines like this are why people don't trust you. pic.twitter.com/dnAL7RM3NK Curtis Kalin (@CurtisKalin) December 14, 2017The public debate over the rules had been heated at times and Thursday s decision came after a brief delay when, on the advice of security, FCC chairman Ajit Pai announced that they would need to take a recess and the hearing room was evacuated.Watch, as the room is cleared during the net neutrality vote:NEW: FCC meeting on net neutrality takes abrupt recess due to security concerns https://t.co/Vxi2egdIqZ pic.twitter.com/sEIW14RmGy CBS News (@CBSNews) December 14, 2017Federal Communications Commission Chairman Ajit Pai was in the middle of his speech during a hearing on net neutrality Thursday when he was interrupted by security responding to a bomb threat. I am being advised by security that we are going to have to take a break, Pai calmly told the audience. Soon after, a security guard could be heard loudly advising everyone in the room both the Commissioners and the public visitors to exit and leave their belongings in the federal agency chambers.Foundation that there was a specific bomb threat. Another senior official in the room said someone called into the office and said a briefcase was set to explode.The Commissioners and the audience were eventually allowed back in after Federal Protective Services surveilled the area and situation.A bomb threat occurring right during the middle of Pai s testimony is not surprising as public intrigue around the issue of net neutrality has become so intense that many incensed people have resorted to vile, racist actions. Daily CallerIs This The New Normal For The Left When They Don t Get Their Way?Repeal supporters claimed the rules unnecessarily regulated the industry and impeded upon the free market.Under the rules rescinded Thursday, internet service providers were prohibited from influencing loading speeds for specific websites or apps. The vote rolled back the policies that treated the internet like a utility and could potentially lead to the creation of different lanes of speeds for websites or content creators willing to pay for them. Critics worry that those costs could be passed along to consumers.Internet service providers will have to disclose whether they engage in certain types of conduct, such as blocking and prioritization, following Thursday s decision. They must further explicitly publicize what is throttled and what is blocked, with the information posted on an easily accessible website hosted by the company or the FCC.Repeal is a hallmark victory for the FCC s Republican chairman Ajit Pai whose 11-month tenure has seen him strongly advocate for reduced regulation. Pai was named FCC chairman in January by President Donald Trump, who has made no secret of his interest in reigning in Obama-era business regulations.In July 2017, net neutrality supporters organized a Day of Action in support of net neutrality regulations; large tech companies like Facebook, Google, and Amazon all showcased their support for the regulations.Net neutrality is the notion that Internet Service Providers (ISPs) shouldn t be able to slow down, speed up, or block data as it is routed from its content originator to end users in order to favor particular sites. The net neutrality regulations put in place under the Obama administration involved subjecting the Internet to Title II of the 1934 Communications Act, where it s considered a public utility that is subject to the iron grip of the FCC.The FCC is now trying to kill these regulations, and they are right do so. Here are seven reasons why.1. The instances of ISPs slowing down or blocking data to favor certain sites over others are few and far between.2. Under Title II, the Internet is subject to a bevy of regulations at the whim of the FCC.3. The FCC can also subject ISPs to a slew of taxes under Title II.4. The FCC also has the power to prevent ISPs from charging websites at rates they deem to be unfair and ends paid priority. 5. It s a form of censorship.6. It s crony capitalism in favor of web giants like Facebook and Google. That s why they support net neutrality, since it targets their competitors.7. The better way to ensure net neutrality is to breathe more capitalism into the ISP market rather than government control.",1,neutralize
fake_27,"Trump’s EPA Admin Guilty Of Lying To Congress During His Confirmation – Republicans Silent. One would think that, after all the accusations that Hillary lied to Congress about everything in all of creation, they d be especially sensitive to anybody else lying to them. Especially when it s easily proven. Trump s pick to head the EPA, Scott Pruitt, used a private email account for some of his government business during his tenure as Oklahoma s attorney general. It s not illegal for him to use private email under Oklahoma law as long as the emails are made publicly available, but they weren t, and he lied to Congress about it anyway.Pruitt answered a written questionnaire that asked him whether he used private email. He responded with: I use only my official OAG email address and government issued phone to conduct official business. He later told the Senate Energy and Public Works Committee that he didn t know why a personal email address was listed as part of his business addresses. 7,500 pages of emails, presumably from that address, have been released after an Oklahoma judge ruled that Pruitt had been withholding them illegally.Senate Democrats say this raises serious questions about Pruitt s credibility, which is already on shaky ground because he was suing the EPA as Oklahoma s attorney general. One of the concerns about his emails is that he was working closely with fossil fuel companies to resist the government s efforts to limit carbon emissions something the fossil fuel industry and all its lackeys hate because it hurts profits.That s a serious conflict of interest, and lies about it just compound the whole situation.Sen. Ron Wyden, an Oregon Democrat, said of Pruitt s credibility: Now that he is in charge of protecting clean air and water in every community across the country, the public must decide for themselves whether they can trust Pruitt when he can t even be honest about his email or his ties to the oil and gas industry. Sen. John Barasso, a Wyoming Republican, wouldn t comment on the matter and other Republicans appear to be silent as well. Why? Likely because they want someone at the EPA who s willing to render it toothless, if not dismantle it entirely, and also because this reflects extremely badly on them given their insistence that Hillary s use of private email was the world s worst crime ever.Pruitt will probably remain at the head of the EPA even though lying to Congress is perjury. Republicans never want to admit when they ve screwed up.Featured image by Aaron P. Bernstein via Getty Images",1,neutralize
fake_28,"What Republicans Just Said About Tammy Duckworth And Vets Will Make Your Blood Boil (Tweet). If you had any doubt in your mind that Republicans are absolutely repugnant, this should seal the deal. In a tweet aimed at Rep. Tammy Duckworth (D-IL), a woman who is a double amputee from serving this country, the National Republican Senatorial Committee just tweeted out one of the most horrific things ever imaginable. They said: Tammy Duckworth has a sad record of not standing up for our veterans. They have since deleted their tweet, but screen captures live forever:Nice try, @Nrsc You can delete your tweet, but screenshots are forever. PS I'm a registered Illinois voter. pic.twitter.com/mdzc9iHECe Blue Gal/Fran (@bluegal) March 8, 2016The link they sent went to a long list of things meant to bash Duckworth. That is still live for now.They literally, time and time again, went after Duckworth on her supposed history with veterans.Now, you can go after a candidate on a lot of things regarding policy, but to outright say that Duckworth doesn t stand up for Veterans and to write an entire article as a vendetta against her, a veteran who literally sacrificed life and limb for this nation, isn t just horrible, it s outright reprehensible. Not to mention a horrific metaphor of standing up for our veterans when Duckworth is often left to a wheelchair because she lost both her legs while serving.Let s also remember that Duckworth has received decorations for her actions, including the Purple Heart, the Air Medal, and the Combat Action Badge. Here is what the Veterans group VoteVets.org thinks of Duckworth and her record: Since her recovery at Walter Reed, Duckworth has dedicated her life to public service, advocating on behalf of disability rights and Veterans. She served as the Director of Illinois Department of Veterans Affairs where she implemented many first-in-the-nation, programs for Veterans, especially in the areas of health care, mental health, housing and employment. She also initiated a new grant program, awarding lottery funds to non-profits working on Veterans disability, homelessness, long-term medical care and Post Traumatic Stress Disorder (Ptsd). She was nominated by President Barack Obama and confirmed as the Department of Veterans Affairs (VA) Assistant Secretary under Eric Shinseki. While at VA, Tammy led an unprecedented era of increased communication between the Department and the Veterans they serve. There is NO recovery from this for Republicans. Sorry, there just isn t. They may not want her as a Senator, but this is just LOW.Many people had the reaction I had when seeing the tweet:At least they deleted the Tweet, but they should still delete their account. Wow, just wow.Featured image: Wikimedia Commons/Twitter",1,neutralize
fake_31,"Hillary Clinton Crashing IN Polls: Moves To Obama Strategy…Using Taxpayer Money To Give Away Free Sh*T. So, the working people of America are basically supposed to sit back and watch Bernie Sanders and Hillary compete to see who can pander to get more votes by promising Americans and illegal aliens more free sh*t with our hard earned money? Like healthcare, education is a sclerotic, overexpensive, underperforming industry. Both have strong parallels: they re dominated by government subsidies and controls, though not entirely socialized; they re perhaps the only growth industries in our moribund economy; and they dominate the thought life of the nation. As Arnold Kling and Nick Schulz pointed out in 2011:These are our foremost growth sectors the ones most central to employment and consumption; the ones that, increasingly, drive our economy. And it is in precisely these two sectors that the case for extensive government intervention and planning, if not outright control, is dominant and becoming ever more so.If there is to be any hope of reversing this trend, champions of market economics must come to see these two sectors as the front lines in the battle for capitalism. At stake is not only an ideological or theoretical point, but also American prosperity. The historical record makes this clear: In the nations where it was practiced, government control of the old commanding heights of the economy made those industries less efficient and less innovative bringing overall economic performance down with them.Today, Hillary Clinton is touting her plan for Obamacare-izing higher education. Competing Democratic presidential candidates Martin O Malley and Bernie Sanders have already proposed essentially socializing college straight up. Clinton s proposal, like Obamacare, is also collectivist and unjustified wealth redistribution, but with a more complicated, less direct, crony capitalist flavor. In other words, it s not direct socialism, but it might as well be.By mucking around this way, Clinton gains the benefit of deception: She can argue that both the left and the right (by right, she of course means the craziest of Republicans, not actual conservatives) have proposed elements of her plan. So she gets to smear her Frankenstein with pretty bipartisan makeup. And the average voter won t care, because the average voter doesn t give jack about enslaving his children (or other people s children) to the unseen but growing monstrosity of federal debt, as long as he gets feel-goodies now, regardless of whether they actually benefit anyone. But it s still a Frankenstein.What Does Hillary Clinton Propose, Exactly? Before we get into the mud-slinging, let s do what most journalists do not and give some actual hard facts about Clinton s proposal. (Do any of you also scan news articles looking for actual facts instead of paid spokespeople s lying spin? It s hard to find those, isn t it?) The full proposal doesn t seem available (probably so they can tweak its details in response to initial criticism); reporters have gotten three fact sheets, Msnbc says. Inside Higher Ed kindly posted them. A news summary of the major points: Under the plan, which was outlined by Clinton advisers on Sunday, about $175 billion in grants would go to states that guarantee students would not have to take out loans to cover tuition at four-year public colleges and universities. In return for the money, states would have to end budget cuts to increase spending over time on higher education, while also working to slow the growth of tuition, thought the plan does not require states to cap it. (NYT) military veterans, lower-income students and those who complete a national service program, like AmeriCorps, would go to school for free in the Clinton plan (AP). She would also expand income-based repayment programs, allowing every student borrower to enroll in a plan that would cap their payments at 10 percent of their income with remaining debt forgiven after 20 years. (AP) Student borrowers would be expected to work at least 10 hours a week to contribute, while their families would continue contributing under the current income-based model. Clinton s plan would also expand a tax credit from $1,000 to $2,500 for families paying for college. (Msnbc) Her campaign says she will create a dedicated fund for Historically Black Colleges and Universities, and will expand AmeriCorps from 75,000 to 250,000 members. (Msnbc) Mrs. Clinton would pay for the [supposedly $350 billion] plan by capping the value of itemized deductions that wealthy families can take on their tax returns. (NYT)So more income redistribution and more federal micromanagement because, clearly, central planners know better how to manage college costs than colleges and families. Topped off, of course, by (what else?) playing self-appointed Robin Hood against people who earn lots less money than she does. Envy and greed are our society s favorite sins, after all.Federal Meddling Is the Problem, Not the AnswerThe most expensive portion of Clinton s proposal involves bullying states into following federal marching orders in order for them to receive cash the feds scooped from taxpayers.For entire story: The Federalist",1,neutralize
fake_32,"Wikileaks Email Release Exposes TWO-Faced Hillary Admitting She Needs To Have A Private AND Public Position On Policy. Huh? This could be one of the most damning emails yet, as it reveals the true character of a woman who will say whatever is necessary to get elected Is it any wonder before these leaks even came out, that over 70% of Americans said they don t trust her?Bombshell Hillary Clinton Caught Saying Ther Needs 2B Public Policies(4us idiots) & Private Policies. #PodestaEmails pic.twitter.com/gDfJwBqbdq Stock Monster (@StockMonsterUSA) October 7, 2016",1,neutralize
fake_33,Woman Cries After Seeing How Easily Our Votes Are Stolen By Electronic Voting Machines [Video]. There are people out there who are giving their lives trying to make our elections secure and they re being called conspiracy theorists and technophobes. And these vendors are lying and saying that everything s alright and it s not alright. It s as though our country is one country and pretending to be another country. How can this be happening in our elections? Watch:,1,neutralize
fake_34,"Sources Reveal Trump Himself Met With Russian Ambassador During Campaign (Details). In what could be the most damning information revealed yet, and what seems to be a remarkable oversight by most of the media, the Wall Street Journal published an article in May 2016 revealing that Donald Trump himself met with Russian Ambassador Sergey Ivanovich Kislyak.While everyone has been focused on trying to figure out which members of Trump s campaign had met with Russian representatives, it s printed that Trump met with him, and met with him during his presidential campaign. This is a very, very huge deal considering Trump has time and time again said that he hadn t been talking to Russia.According to the Wall Street Journal in an article titled Donald Trump Goes His Own Way With Vladimir Putin it shows Trump saying this: I believe an easing of tensions, and improved relations with Russia from a position of strength only is possible, absolutely possible, Mr. Trump said in a foreign-policy speech at Washington s Mayflower Hotel in April. Some say the Russians won t be reasonable. I intend to find out. WSJ then reports: A few minutes before he made those remarks, Mr. Trump met at a VIP reception with Russia s ambassador to the U.S., Sergey Ivanovich Kislyak. Mr. Trump warmly greeted Mr. Kislyak and three other foreign ambassadors who came to the reception. Yes, that s the same Sergey Ivanovich Kislyak who met with Attorney General Jeff Sessions, went to the Republican National Convention, and was in attendance at Trump s Joint Address to Congress.Kislyak seems to be a major player in Trump s long game seeing as he is in regular attendance pretty much everywhere. This fact is rather alarming considering Kislyak is considered Moscow s Top Spy Recruiter in the United States. Don t expect the Trump/Russia story to go away anytime soon. If anything, it is just heating up and deserves more scrutiny than any other story around. If Trump is connected directly to Russia, and Russia did, in fact, help Trump win the election, that s not only a direct threat to national security and our democratic process but it is a global threat as well.The Russia connections will continue to present themselves and Trump will be seen as the fraud and colluding traitor that he may very well be.Featured Photo by Win McNamee/Getty Images",1,neutralize
fake_35,"Trump’s EPA Just Fired Five Scientists To Make Room For Industry Insiders. Trump administration is keeping good on its promise to all but destroy U.S. environmental policy this week. The New York Times reports that Trump s EPA has let go of at least five scientific review board members, with plans to replace the academics with money hungry industry big-wigs. It seems Trump s goal is to shrink the EPA regulatory reach by taking science out of the picture altogether.J.P. Freire, a spokesperson for EPA Administrator Scott Pruitt says Pruitt is considering industry representatives the same polluters the EPA was designed to regulate as replacements for the five scientists who are getting the boot. The administrator believes we should have people on this board who understand the impact of regulations on the regulated community, Friere stated.This dismissal comes six weeks after the House moved forward a bill that pushes for more corporate representatives on another EPA scientific review board.Trump is calling for a radical remake of the EPA by implementing deep budget cuts up to a 40 percent cut for scientific research and instructing Mr. Pruitt to destroy essential Obama-era climate change and water protection regulations. Mr. Pruitt will likely follow Trump s direction seeing as he publicly denounces the established science that climate change is caused by humans.This move coincides with the Trump administration s current track record of putting people in charge of the agencies they want to destroy. The complete anti-science stance and defunding of scientific research by the Trump administration are unprecedented in U.S. presidential history.Trump is now taking the swamp water he promised to drain and is putting it in charge of destroying the environment.Featured image by Ron Sach-Pool via Getty Images",1,neutralize
fake_36,"Size OF Crowds Trump Is Drawing VS Hillary Proves She’s Toast [Video]. Earlier this week, it was rumored that Hillary could barely fill a phone booth with supporters at her Ohio rallies, so she ended up cancelling them. The media has no desire to report on the lackluster support of the low-information voter Hillary relies on to send her scratching and clawing to our White House. They also have no desire to report on the thousands of patient Trump supporters who stood in blistering Florida heat waiting in line to see the outsider tell them how he was going to keep America safe and bring jobs back to unemployed and under-employed Americans. Here s one of Hillary s biggest media cheerleader s Andrea Mitchell reporting on one of her Ohio stops. Andrea claims Hillary was hitting Donald Trump on outsourcing bankruptcies & promises to tackle systemic racism. Check out the empty seats. My kids have bigger turnouts at their neighborhood lemonade stands.In Ohio @HillaryClinton hits @realDonaldTrump on outsourcing bankruptcies & promises to tackle systemic racism pic.twitter.com/cckJuvgFjf Andrea Mitchell (@mitchellreports) July 31, 2016Compare Hillary s few supporters in Ohio to Trump s massive crowds in the other swing state of Florida:.@realDonaldTrump welcoming in Daytona Beach, Florida w/ the Ocean Center Convention packed. #MakeAmericaGreatAgain pic.twitter.com/S0312wMvw0 Dan Scavino Jr. (@DanScavino) August 3, 2016Big crowd for Trump in Daytona Beach, Florida pic.twitter.com/raTVcxUONl Jonathan Lemire (@JonLemire) August 3, 2016In Daytona Beach, Trump supporters young and old sport shirts calling for Hillary to be locked up pic.twitter.com/j9g7GmlwrD Jonathan Lemire (@JonLemire) August 3, 2016The scene here in Daytona ahead of Trump rally pic.twitter.com/06mia0qhMT Ashley Killough (@KilloughCNN) August 3, 2016",1,neutralize
fake_37,"Watch: Rep. Steve King Stuns House Floor In Most Ignorant Anti-Trans Rant You’ve Ever Seen. By now, everyone is used to the rank ignorance and unabashed bigotry that is regularly displayed by Rep. Steve King (R-IA). After all, this is a man who has accused Dreamers of being drug mules with no evidence, has tweeted overtly white nationalist sentiments, and has suggested that only white people have ever contributed to what he calls western civilization. Here is video of that stunning statement:Now, he is at it again, and this time his target is an especially vulnerable group: Transgender soldiers.Taking to the floor of the House of Representatives during their General Speeches forum a time in which people can apparently say whatever they like, no matter how outrageous King ranted about transgender people in the military, compared gender reassignment to the castration of slaves in the Ottoman Empire, and generally made an ignorant ass of himself like always. After this lengthy and deeply offensive speech, King wound the whole thing up by ranting about how the only reason people will become Navy Seals now is to get free gender reassignment surgery. He said: And we are thinking that we are going to make the military better while people lining up at the recruitment center who have planned to do sexual assignment surgery and know if I can get into the Navy, army, air force and Marines and become a Navy Seal and submit to sexual reassignment surgery and go from a man to a woman. By the way, it doesn t look like there will be any women becoming men after going through Seal training. So let me get this straight. Someone would go through the hell that is Seal training just to get gender reassignment for free? Why would they do that? Any military member can get treatment under their health insurance provided to them for their brave and selfless service to our great nation.Rep. King, please educate yourself. You are an embarrassment to the people of your state and to the United States of America. Hopefully, one day the folks in your district will wake up and stop re-electing you.Watch video of the latest outrage below:Rep. Steve King promotes conspiracy that trans ppl join military for ""free surgery"" to ""cut 'em up and remake 'em into something different."" pic.twitter.com/Ym6v7BUAeX Dominic Holden (@dominicholden) July 14, 2017GOP Rep. Steve King compares transgender troops to Ottoman empire eunuchs who wouldn't fight, says trans people will enlist just for surgery pic.twitter.com/kxoRsBdi7I Dominic Holden (@dominicholden) July 14, 2017Featured image via Darren McCollester/Getty Images",1,neutralize
fake_38,"‘Vaccine Choice’ Mom Gets Jail Time for Not Jabbing Her Kid. 21st Century Wire says We ve been covering the anti-vaccine movement (and the science) for quite some time. The dangers of aluminum and the neurotoxicity of vaccines are well-documented. Now, this debate has turned up in a court of law. Which prompts us to ask this question again: Should the government force parents to vaccinate their kids?Rebecca Bredow, a self-proclaimed vaccine choice mom from Detroit, has just been sentenced to seven days in jail for contempt, defying a court order that states she agreed with her ex-husband to vaccinate their 9-year-old son.The judge also ordered to have the child vaccinated within one week, while Bredow is serving her jail sentence. Attorneys for the anti-vaxxer mom, who refused to jab her son based on her personal and religious beliefs, have said they will be filing an appeal. I would rather sit behind bars standing up for what I believe in, than giving in to something I strongly don t believe in, Bredow said in her statement to the court.As Wxyx-TV Detroit reports, the son s father must get the child vaccinated before his mother gets out of jail, or this story could take yet another controversial turn Watch: Read More Vaccine News AT: 21st Century Wire Vax FilesSUPPORT OUR Work BY Subscribing & Becoming A Member @21WIRE.TV",1,neutralize
fake_39,"Here’s Absolute Proof Donald Trump Thinks The Government Is A Reality Show; We Should All Be Terrified. Donald Trump, despite having a face and hairline made for radio, is convinced that the way to run a government is to hold casting calls. He wants to choose cabinet nominees who look the part, rather than nominees who are qualified. Presentation is very important because you re representing America not only on the national stage but also the international stage, depending on the position, said Trump transition spokesman Jason Miller.To lead the Pentagon, Trump chose a rugged combat general, whom he compares to a historic one. At the United Nations, his ambassador will be a poised and elegant Indian American with a compelling immigrant backstory. As secretary of state, Trump tapped a neophyte to international diplomacy, but one whose silvery hair and boardroom bearing project authority.Source: Washington PostFor some reason, die-hard conservatives are not at all bothered by this method of choosing the people who will be responsible for our health and safety. He likes people who present themselves very well, and he s very impressed when somebody has a background of being good on television because he thinks it s a very important medium for public policy, said Chris Ruddy, chief executive of Newsmax Media and a longtime friend of Trump. Don t forget, he s a showbiz guy. He was at the pinnacle of showbiz, and he thinks about showbiz. He sees this as a business that relates to the public. The look might not necessarily be somebody who should be on the cover of GQ magazine or Vanity Fair, Ruddy said. It s more about the look and the demeanor and the swagger. Trump allegedly chose Marine Gen. James Mattis as his nominee for Secretary of Defense because he is the closest thing to General George Patton that we have. That s in reference to a physical resemblance, not his abilities as a general. Trump also chose Mike Pence for his looks and teased that he was going to choose Mitt Romney for Secretary of State for his looks. If our Republican Congress gave a crap about the people they represent, they would shut down these central casting nominees from the start, but this style of hiring fits right in with the Republican agenda, which is to take the government down from the inside.Featured image via Ty Wright/Getty Images",1,neutralize
fake_40,"Cops In Republican Senate Office Violently Assault Disabled Protesters; Reports Of Serious Injuries. A group of disabled Americans protesting the Senate s plan to kick 22 million off of health insurance knew they faced jail if they showed up at Senator Todd Young s office and possibly worse. Just four days ago, Mitch McConnell had a group of similar protesters forcibly removed from his office and threatened with arrest. Still, the activists did not expect cops to begin attacking them.Tragically, this is the state of America today.19 disabled ppl just held sit-in @ Senate office in Indianapolis2 were thrown into wall & badly injured, reports Adapt s Teresa Torres Jeff Stein (@JStein_Vox) June 26, 2017Torres told me security took their phones, so no video of event itself. Here are photos of the disabled activists being hospitalized after: pic.twitter.com/ASYhKD1qTF Jeff Stein (@JStein_Vox) June 26, 2017Vox s Jeff Stein is reporting that a staged sit-in at Sen. Young s Indianapolis office to protest the Republican healthcare bill turned violent, with cops throwing at least two disabled protesters into walls. According to Adapt s Teresa Torres, both were badly injured and had to be hospitalized. One protester had her knee slammed into a wall, and police threatened to arrest her before they bothered calling for medical help.Just got this text from Amber Smock, digital media contact with @NationalADAPT. No video proof but allegation is flooring: pic.twitter.com/GToS80t4Yl Jeff Stein (@JStein_Vox) June 26, 2017More troubling still, witnesses at the scene reported that cops were confiscating phones and, in at least one instance, were observed deleting video that showed the assaults taking place.The attack on the protesters occurred just an hour or so before the Congressional Budget Office confirmed that the Senate version of the Republican healthcare bill will indeed kick 22 million people off of insurance within the next 10 years, just 1 million less than that of the House s disastrous version. The same day, Republicans announced they would be putting a stunningly cruel addition into the legislation a rule that a person who misses one or two months of coverage the year before would be forced to lose their health insurance for 6 months as punishment before being allowed to sign up again.With the stakes that high, protesters many of whom are disabled and depend on the life-saving benefits of Medicaid descended on Republican offices across the country to voice their outrage. Instead of sympathy, they ve been ignored, kicked out, and in this case, assaulted. The Republican Party seems unwilling to look its victims in the eyes while they seek to destroy their lives, a lack of courage stunning even for them.As of this writing, at least one of the activists injured in the attack is still recuperating at the hospital.Spox: Activist still @ hospital. Arrests threatened; none made. ""This shouldnt be what it takes to get health care for ppl w/ disabilities"" Jeff Stein (@JStein_Vox) June 26, 2017Featured image via Twitter",1,neutralize
fake_41,"Debbie Wasserman Schultz Accuses Obama’s DHS Director Jeh Johnson of Lying Under Oath [Video]. Rep. Debbie Wasserman Schultz dropped a big bomb during an interview on CNN today. She claimed that Jeh Johnson s testimony about the DNC computer hack is wrong in every respect and utterly misinformed. Whoa. Who s telling the truth?Schultz told the CNN anchor He s wrong in every respect. Let me be very clear. At no point during my tenure at the DNC was I contacted by the FBI, DHS, or any government agency, or alerted or made aware that they believed that the Russians, an enemy state, was intruding on our network. In case you missed it, former DHS Director Jeh Johnson testified to lawmakers this week that the DNC rejected his agency s offer to protect its network despite receiving warnings about a computer hack. Instead, the DNC chose an outside cyber security firm to help solve the computer hacks that led to WikiLeaks publishing thousands of its emails.CNN s Bolduan asked Schultz how both accounts could be true: Secretary Johnson says DNC rebuffed the help offered. You are saying no one contacted you? Schultz replied with a shocking statement: Secretary Johnson is utterly misinformed. That is simply not accurate. Schultz went further and blamed the FBI for not helping: They left the Russians on our network for more than for almost a year before we discovered that they were there.",1,neutralize
fake_42,"City TO Decide: Should They Allow Illegals to Vote in Local Elections?. The slippery slope continues College Park is just the latest city in Maryland to propose that illegals be given the right to vote in local elections. If you re NOT outraged by this, we d love to know why not. Once you start allowing non-citizens to decide on anything within your city, doesn t this preclude the legal citizens from receiving their lawful voting rights?This is not unconstitutional but it is unAmerican.College Park, Md. is weighing whether or not to allow illegals to vote in local elections.Officials in College Park, which is home to the University of Maryland s main campus, have yet to make their final decision, the Baltimore Sun reports.Opponents say immigrants even those in the country legally, such as green-card holders should not be able to have a say in the direction of the community until they complete the process of becoming a citizen.The measure s sponsor, City Councilwoman Christine Nagle, said it would be good for noncitizens living in the city to make decisions regarding local services. These are folks who have a significant stake in our community, and who rely on the facilities in our city, Nagle said. To me, it just made sense. College Park would not be the only city in the state to allow noncitizens to vote: Takoma Park, Md. has allowed noncitizens to vote since 1991, and two towns in Montgomery County have done the same. Other Maryland towns are considering and adopting the same measure.Via: Baltimore Sun",1,neutralize
fake_43,"Taxpayer Funded College Gives Lessons On “How To Stop White People”. When the majority of students, regardless of color, accept this twisted premise, Obama has won his war on America and has successfully divided us by race The State University of New York at Binghamton (Suny-Binghamton) is offering a training class titled StopWhitePeople2k16, to instruct residential assistants (RAs) on how to deal with uneducated people who don t believe in ideas like white privilege.The class is just one of several available to RAs at the school, and was discovered by the Binghamton Review, a student newspaper. Residential assistants are students who agree to assist with overseeing and monitoring residential life in return for receiving a free room from the school. Apparently, though, Binghamton RAs also have the responsibility of stopping white people. The premise of this session is to help others take the next step in understanding diversity, privilege, and the society we function within, the class description says. Learning about these topics is a good first step, but when encountered with good arguments from uneducated people, how do you respond? This open discussion will give attendees the tools to do so, and hopefully expand upon what they may already know. (Related: Public College Students Warned To Check Your Privilege )Read more: Daily Caller",1,neutralize
fake_45,"Second Major Makeup Manufacturer Chooses Man With Razor Stubble To Be Face For Their Products. Makeup Artist Manny Gutierrez is the first man to be chosen to rep for the Maybelline make up brand.Gutierrez is following in the footsteps of James Charles, who was chosen last year by CoverGirl to be its first-ever male spokesperson.Maybelline chose Manny as one of the new faces of its Colossal Big Shot mascara campaign for his Very ON-Point EYE Makeup Looks. Also because he s already amassed more than 3 million Instagram followers. BuzzfeedBecause it s probably pretty difficult to find beautiful women to use in their ads geared towards women right?Here s what Maybelline ads used to look like when they used women to showcase products they were marketing to women.",1,neutralize
fake_46,"This Old Anthony Scaramucci Tweet Must Be Very Uncomfortable Right Now. Fired White House Communications Director Anthony Scaramucci gave up a lot for his 10-day job: his wife, who is divorcing him over his creepy obsession with Donald Trump, his future relationship with his newborn son who now knows forever that he is less important than sucking up to a fascist, his life (according to Harvard Law School s alumni registry anyway), his self-respect (if he ever had any), and finally his job itself because he was stupid enough to think he wouldn t get pushed out of the clown car.But at least he can look back over all those old embarrassing tweets he deleted for transparency and oops, looks like he missed one.In 2012, Scaramucci tweeted something that appears to have been directed at Barack Obama, but seems to be more relevant to his own situation. A recovery starts with a presidential pink slip, The Mooch tweeted unironically at the time.Naturally, the Internet had quite a few collective har hars over this:Literally A Tweet FOR Everything Diana Cannon (@arsonistkitten) July 31, 2017He forgot to delete this one. Brian Normoyle (@BrianNormoyle) July 31, 2017You got two pink slips in a week employer and wife. Great job. Jem McDowall (@NYJemM) July 31, 2017That ended well. Prateek Sanjay (@PraticBarcelona) July 31, 2017how s it working out for you ??? Fred (@macaronibake) July 31, 2017pic.twitter.com/sDub9kK9AJ Michael Heilemann (@Heilemann) July 31, 2017hahahahahahahahahahahahahhahahahahahahahahahahahahhahahaha (inhale) hahahahahahahahahahahhahahahahahahahahahahahahahahahahaha. Shannon Heupel (@sjh43) July 31, 2017Annnnd like I said you were next. You got your pink slip. How does it feel to lose everything for someone who didn t give a shit about you? Steph ?? #Resist (@Steff1876) July 31, 2017You can t make this shit up JJ_D (@Josey_1776) July 31, 2017well this tweet aged pretty well. Christopher Franko (@FrankoCurrency) July 31, 2017the man is wise beyond his 10 days Scott Robinett (@ScottRobinett1) July 31, 2017Oooo, it comes at ya fast. Doesn t it. ;) FeysPerson (@FeysPerson) July 31, 2017Scaramucci received his presidential pink slip shortly following his revelation that Steve Bannon can suck his own c*ck (or tries to at minimum).It s unclear if his recovery has officially begun, but we re sure he will be enjoying the extra time he gets with his fam Oh. Wait. Scratch that.Featured image via Getty Images/screengrab",1,neutralize
fake_47,Tomi Lahren Takes A Hammer To Hillary: The “Most Competent Woman in History” doesn’t know what “C” means? [Video]. There are many C words for Hillary but competent is not one of them .Ouch.,1,neutralize
fake_48,"Hillary Perfectly Mocked The GOP Debate As It Happened With These Hilarious Tweets. Well, no one can say Hillary Clinton doesn t have a sense of humor. That s for sure.If you were watching the latest Fox News Republican debate at home, you quickly realized that within minutes they were literally comparing hand size. It was a circus sideshow of the wildest magnitude. All the candidates were yelling over one another and literally nothing was getting discussed, because it was just insult after backhanded insult.Clearly noticing this ridiculousness was former Secretary of State Hillary Clinton. During the debate she tweeted out:#GOPdebate pic.twitter.com/SGW200luN8 Hillary Clinton (@HillaryClinton) March 4, 2016This tweet is probably how most of us were feeling during the entirety of the GOP debate absolutely bored. Nothing of substance was being discussed whatsoever. They were all just insulting each other and tearing each other down. They weren t talking about how their policy ideas will improve the lives of citizens. No, they were talking about how great they are, or how wrong the other person is. It was a shit show.Hillary also tweeted:True on foreign policy and literally everything else. #GOPdebate pic.twitter.com/kP4j13iwQV Hillary Clinton (@HillaryClinton) March 4, 2016Marriage equality is the law of the land. Deal with it. #GOPdebate pic.twitter.com/gPS1BVgipl Hillary Clinton (@HillaryClinton) March 4, 2016And the pi ce de r sistance:How many more of these do we have to sit through? Asking for a friend. #GOPdebate pic.twitter.com/AxGFlerSRW Hillary Clinton (@HillaryClinton) March 4, 2016HA.At least Democrats can feel comforted knowing that Both of their candidates are viable, full of substance, and want to work for the American people, not themselves. This election is far too important to be left in the hands of those who just hurl insults at one another. Remember folks, no matter who vote blue.Featured image via Instagram",1,neutralize
fake_49,"Oops. New App Allows Users To Remain Anonymous…Defies Liberal Media Narrative…Shows Trump Winning BIG Over Crooked Hillary. Funny what happens when liberals aren t able to bully or shame someone they don t agree with The results don t read like any poll you ve seen reported in the last weeks, but instead like they have been answered primarily by the most ardent Trump supporters.Some Zip questions: New polls suggest Trump is getting crushed by Clinton. Do they reflect how you are going to vote? Some 64% told Zip they would vote for Trump, compared to 36% for Clinton. In the latest Reuters/Ipsos poll, Clinton leads Trump, 42% to 36%. California, who you voting for? Trump got 55%, compared to 45% for Clinton. In the latest Public Policy Institute of California poll, Clinton has a 16-point advantage over Trump, 46% to 30%.After one week of the media defining what Trump really meant when he suggested 2nd Amendment supporters will defeat Hillary, here is how Americans really feel about Trump s comments: What do you honestly think Trump meant by saying The 2nd amendment people can do something about Hillary? Vote against her? 63% Assassinate her 37% Militi insists his replies are a cross-section of voters in age, gender and geography. These are the same results we saw when he (Trump) was in the primaries, he says. He contends that most media polls are just flat-out wrong and that smartphone answers are the future.Douglas Rivers, a Stanford University political science professor and chief scientist for YouGov, which conducts online polls with such partners as CBS and the Economist, disagrees. What do they know about these people? Rivers says. We worry a lot about who we re talking to. So either the traditional polls are right or Militi is onto something, with a different way of polling that lets citizens answer more openly. We ll find out on Nov. 8, when voters go to the real polls.Read more: USA Today",1,neutralize
fake_50,"Watch: NSA Chief Drops Huge Bombshell About Involvement Of Wikileaks, Russia In Our Election. Admiral Michael Rogers, the current head of the National Security Agency s Cybersecurity division, confirmed today that Wikileaks email releases, possibly along with Russia s hacking of the DNC during the summer, were a concerted effort to create a specific outcome in our election. If their goal was to elect Donald Trump, then it certainly worked and our election was, in fact, rigged.He was speaking at the Wall Street Journal CEO Council, and the subject was actually the rocky relationship between the NSA and the private sector. He argued that the private sector needs to give him more access to their network structures, while the private sector inherently distrusts the government and its intentions.During that interview, though, he fielded a question about Wikileaks releasing batches of emails from John Podesta, one of Hillary s close aides and confidantes: You told NPR in August that these emails were clearly leaked for a reason and they were leaked I believe to achieve an effect. What can you tell us about Wikileaks from what you know? He replied with: There shouldn t be any doubt in anybody s mind This was not a target that was selected purely arbitrarily. This was a conscious effort by a nation-state to attempt to achieve a specific effect. He went on to explain a little about going after hackers by hardening systems and increasing knowledge, and they re also trying to hurt hackers by working with other countries on the problem. If he s right, though, then we re in a lot of trouble at the behest of a hostile nation.Watch his comments below: A conscious effort by a nation-state to attempt to achieve a specific effect NSA chief on WikiLeaks https://t.co/kvmrTyVE30 #WSJCEOCouncil pic.twitter.com/AT2pxK2ROR Wall Street Journal (@WSJ) November 15, 2016Featured image via screen capture from embedded video",1,neutralize
fake_51,"WOW. Document Shows Teachers How To Teach History After Trump Election…”And Not Get Fired”. Have you ever had an argument with a liberal who swears on her mother s grave that educators in America don t fill our children s heads with propaganda and liberal lies? Here s proof that they re wrong. We found this website listed on a radical leftist Facebook page used to recruit activists in the fight against Trump. One of their primary focuses in their battle against Trump is how to turn kids against him. The google document we reference in this article was created by history educators in Oakland, California. They make it a point to let the teachers know that they can t guarantee they won t be fired for teaching their version of History in Post 2016 as suggested below, but hey, that s why they have teacher s unions right? We ve copied the Google document and taken several screen shots, as these documents, like the one created by the Assistant Professor Melissa Zimdars that was supposed to point out fake news sites was deleted once people realized she was just a radical trying to discredit conservative websites. The first thing the website addresses is how to keep your job but still teach your version of history post Trump election:How to Be a Critical History Educator. . . and not get fired.*Here are a few samples of articles the website suggests teachers use to aid them in their indoctrination of their students. Check out some of the titles and a sample of what the articles are about. These are pure indoctrination articles that all lean very hard to the Left. (Go to this link for full list): For example, Oakland Unified School District Board of Education Policy 6144 states that The study of a controversial issue should help students learn how to gather and organize pertinent facts, discriminate between fact and fiction, draw intelligent conclusions and respect the opinions of others, and Administrative Regulation 6144 states that Controversial issues may be discussed in the classroom, provided that: 1) The issue is related to the course of study and provides opportunities for critical thinking, for developing tolerance, and for understanding conflicting points of view The Aclu of Washington State has also compiled The Free Speech Rights of Teachers, a legal guide covering speech inside and outside of the classroom, clothing, classroom or office displays and decorations, bulletin boards, conversations with colleagues, and campus demonstrations.*Although we think the guidance in this document is good practice, we can t guarantee you won t get fired. Use your best judgment, plan explicitly, and develop relationships with site, district, and community partners.One of the articles they suggest teachers use to aid them in teaching history to their students is The Zinn Education Project: The Zinn Education Project stands in solidarity with those who have denounced Donald Trump s racism, misogyny, xenophobia, and Islamophobia as well as his ignorant and deadly proposals about the environment and climate change. We have been encouraged by the young people in our classrooms and in the streets who are living the maxim that people make history. As we have tried to make sense of this election and what it means for educators and our students, we have asked ourselves, What would Howard Zinn say? While detesting the outcome, we doubt he would have been surprised. Zinn observed that,Is not nationalism one of the great evils of our time, along with racism, along with religious hatred? These ways of thinking cultivated, nurtured, indoctrinated from childhood on have been useful to those in power, and deadly for those out of power.But Zinn would surely remind us that just because the rich and powerful want something to happen, doesn t make it so. He would urge us not to lose heart, and to remember our history. Zinn wrote,There is a tendency to think that what we see in the present moment will continue. We forget how often we have been astonished by the sudden crumbling of institutions, by extraordinary changes in people s thoughts, by unexpected eruptions of rebellion against tyrannies, by the quick collapse of systems of power that seemed invincible.No doubt, still reeling from this poisonous election, it is hard to be hopeful. But we invite you to draw on curriculum at the Zinn Education Project to help your students make sense of this new context. We include lessons some highlighted below that:Show how social movements have made important strides even during dark times. Help students explore other moments in history when elites have mobilized to roll back racial and economic progress. Highlight examples of divide and conquer politics. Help students explore aspects of Trump s agenda immigration, the environment, Muslims, civil liberties, the press, and economic inequality. It s vital that we introduce our students to the individuals and social movements that have made this country more just. As Howard Zinn reminded us:To omit, or to minimize, these voices of resistance is to create the idea that power only rests with those who have the guns, who possess the wealth, who own the newspapers and the television stations. People who seem to have no power, whether working people, people of color, or women once they organize and protest and create movements have a voice no government can suppress.Civil rights organizer Ella Baker said, We who believe in freedom cannot rest. The role of teachers is crucial in this freedom struggle. Please check out the lessons and resources below.",1,neutralize
fake_52,"Justice Scalia Found Dead With ‘Pillow Over His Head’…Why No Autopsy?. It was just announced that there will be no autopsy of Justice Scalia after he was found dead in his room of natural causes . Does anyone else out there think it should be mandatory for an autopsy to be performed? Since Justice Antonin Scalia was found dead in his resort hotel room at Cibolo Creek Creek Ranch on Saturday, questions have been flying about the immediate declaration of natural causes as the means of death.According to the ranch owner, Scalia was described as animated and engaged during dinner Friday night. He was one of three dozen invitees to an event unrelated to law or politics.Yet just hours later, after missing both breakfast and lunch, he was found dead of apparent natural causes. Later, media outlets reported he had suffered a heart attack.Houston businessman John Poindexter, who owns the 30,000-acre luxury ranch, recalled: He was seated near me and I had a chance to observe him. He was very entertaining. But about 9 p.m. he said, It s been a long day and a long week, I want to get some sleep. Poindexter knocked on Scalia s door about 8:30 the next morning. The door was locked and the judge did not answer. Three hours later, Poindexter returned from an outing and determined Scalia was still missing. We discovered the judge in bed, a pillow over his head. His bed clothes were unwrinkled, said Poindexter. He was lying very restfully. It looked like he had not quite awakened from a nap, he said.Scalia did not have a pulse and his body was cold, and after consulting with a doctor at a hospital in Alpine, Poindexter concluded resuscitation would have been futile. He then contacted federal authorities, at first encountering a series of answering services because he was calling on a weekend. Ultimately they became available and handled it superbly, he said. They flew in by helicopter. They told me to secure the ranch, which I did until this morning. Scalia s body was moved to an El Paso funeral home early Sunday, then driven from Marfa and arrived around 2:30 a.m. at Sunset Funeral Homes, according to spokesman Chris Lujan.Read more: wnd",1,neutralize
fake_53,"Convicted Felon With A Gun Has Knee-Jerk Reaction That Kills His Own Daughter. A man who shot and killed his own daughter as she came home from her first day of middle school has told authorities that she startled him, so he shot her. He then tried to get rid of his gun after taking her to a hospital, where she later died from her wounds.Timothy Batts originally told police that his daughter, Timea, came in and woke him up, saying she d been shot after getting off the school bus. After police found evidence that he d fired his gun inside his house, he admitted his lies to the police. He told them that he was his daughter s killer after a noise she made woke him up, and her yell startled him.In other words, he thought she was an intruder, and fired his gun before making sure he knew who was in his house. While there s every possibility that he thought it was someone coming after him, this kind of thing is a growing problem as we increasingly refuse to respect the danger that guns are.Worse, he s a convicted felon. Felons aren t supposed to be able to have guns, and yet, he had one. It s not clear how he came to own a gun, despite having previous convictions of felony drug possession and attempted criminal homicide, and yet, he had one. Why?His daughter s death was a mystery in the town of Hendersonville, Tenn., where people were shocked to learn of Timea s death nobody could figure out what an 11-year old could possibly have done to get herself shot in the few feet there were between the bus stop and her house. Police were confused as to why there were so few clues other than her father s account of what happened.Later that evening, though, the case took a turn when police investigated Batts house and found that Batts had fired his gun. He s now facing charges of reckless homicide, tampering with evidence, false reporting and felon in possession of a firearm. He s currently being held on a $1 million bond, and his cousin has actually started a Gofundme account in order to raise money for his bail.He could have obtained his gun legally or illegally, but the fact remains that his daughter would still be alive if he hadn t shot first and thought later.Featured image via screen capture",1,neutralize
fake_54,"Picture OF Cop Walking Son To School On Day He Was Murdered Appears On Social Media Same Day Media Trashed Trump Over Joke He Made To Cops About Getting Tough On Criminals Who Kill Innocent People. So what s worse, Barack Obama remaining silent about the slaughter of innocent cops, while meeting behind closed doors in the White House with Black Lives Matter leaders advocating for violence against innocent cops, or President Trump making a joke about cops being tougher on criminals who kill innocent people? Does anyone remember Al Sharpton leading a hateful chant: What do we want? Dead cops. When do we want it? Now. in a pro-violence against cops rally in the city of New York? Does anyone remember then President Barack Obama denouncing this hateful rhetoric against innocent law enforcement officers?Shortly after these protests, 2 New York City cops were killed in cold blood by a black lives matter supporter. Donald Trump, who was not yet a candidate for president, spoke out on the culpability of Al Sharpton, who is a close friend of former President Barack Obama for the murders of these innocent cops:President Trump didn t make any secret of the fact that he was pro-police while he was running for office. He also didn t make any secret of the fact that he believed Al Sharpton was doing what he was doing to racially divide our nation.President Trump made a joke while speaking to law enforcement officers that was portrayed in the media as an endorsement of police brutality.Meanwhile, the heartbreaking picture of slain Indiana cop Lt. Aaron Allen walking his young son to the bus on the day he was murdered by one of the victims in a car crash he was responding to, has appeared on several social media sited. You will be hard pressed to find it in the media however, because it doesn t fit their liberal, anti-cop narrative.This is a photo of Lt. Aaron Allen walking his son to the bus stop hours before he was killed in the line of duty. Teared up looking at this pic.twitter.com/tJRNEaTWjJ Ryan Fournier (@RyanAFournier) July 29, 2017Daily Caller While speaking about violent gang-members in a speech to law enforcement officers that focused on MS-13, Trump said officers shouldn t be too nice when putting violent criminals in the paddy wagon. He added: Like when you guys put somebody in the car and you re protecting their head, you know, the way you put the hand over. Like, don t hit their head and they ve just killed somebody, don t hit their head. I said, You can take the hand away, OK. Trump s comment was clearly a joke and, as liberal website Slate pointed out, resembled a famous Jerry Seinfeld joke on the same topic.Liberal journalists said the joke was an open endorsement of police brutality.Here s the clip of Trump making a joke to the law enforcement officers:President urges officers to commit acts of brutality, officers laugh and cheer wildly. Beginning to think problem isn't a few bad apples. pic.twitter.com/o1sSgw6lGy Matthew Gertz (@MattGertz) July 28, 2017 Trump Endorses Police Brutality, blared HuffPost s front page, featuring a story titled: Donald Trump Endorses Police Brutality In Speech To Cops. Other outlets took a similar tone. Trump promotes police brutality in speech to cops, reported The Daily Dot. Trump praises police violence to audience of laughing cops, left-wing ThinkProgress reported. Trump endorsed police brutality in a speech to law enforcement while officers laughed and cheered, claimed Huffington Post editor Emma Gray. In a country that already has a pretty pervasive problem with police brutality, Trump endorses their behavior, wrote HuffPo editor Phillip Lewis. Trump just called for cops to rough up suspects more in front of a crowd of cops, they cheered, claimed Daily Beast writer Colin Jones. President Trump is openly and explicitly calling for, to wild applause just moments ago, cops to commit more police brutality, claimed Daily Beast writer Asawin Suebsaeng. This is vile, and shame on every officer who cheered and whooped, said liberal Msnbc host Chris Hayes. Msnbc producer Kyle Griffin claimed the video showed Trump suggesting that it s OK for police to rough up the people that they arrest. President Trump spent his Friday afternoon publicly praising police brutality, claimed left-wing news outlet NowThis.Conservative commentator Ben Shapiro was quick to push back against claims that Trump was endorsing police brutality. This is all exaggeration. Is it appropriate for Trump to encourage police not to be too nice to suspects? Not really. But it s not police brutality to refrain from putting your hand on the head of a suspect to prevent them from bumping it on a car door. It s police brutality if you slam their head into the car door, Shapiro wrote.",1,neutralize
fake_56,"Budget Vote Today. You’ll Flip Out When You See The List Of Pork In This Bill – Call DC.. Paul Ryan s omnibus spending bill gives Obama funding for his Syrian refugee scheme, Planned Parenthood, Obamacare, amnesty, NSA domestic spying, sanctuary cities for illegals, eliminates the budget sequester, and much more. The bill is another 2,000 page whale that has become so common in the Obama era, so there hasn t even been enough time yet to parse the bill and find out what s in it. Doesn t that sound like a former Speaker of the House? And I m not talking about John Boehner. No, in one fell swoop, Paul Ryan has turned out to be even worse than John Boehner. This bill is downright Pelosian in its terribleness. This is a slap in the face to the American people. We hope that once you recover from shock after reading this list, you ll pick up the phone and call DC to voice your anger. Please make the effort to jam the phone lines with angry patriots who are 100% FED Up. with big government. The Capitol Switchboard: 202-224-3121- Just call and ask for whomever you d like to yell at Here s a list of some of the most egregious things I ve been able to find about this bill.Bail outs for failing health insurance companies under Obamacare Massively expand the foreign worker program, quadrupling the issuance of low-wage visas Fund Obama s unconstitutional amnesty program Fund Planned Parenthood Fund the Paris climate deal Fund sanctuary cities for illegal immigrants Fund Obama s refugee programs Fund financial assistance to resettle illegal aliens within the United States Fund tax credits for illegal aliens Lock in massive spending increases and permanently eliminate the sequester cuts Fund NSA domestic spying Permanently ends the tax deduction for state and local sales taxes, forcing double and triple taxes on the same income Gives special tax breaks that aren t available to ordinary citizens to film companies, green energy companies, Nascar, race horses, and more Delays the Obamacare Cadillac Tax, buying Democrats more time to preserve the law. Funds a $390 million new headquarters for the FBI Extends tax credits to families that pay little or no taxes to begin with (which is just pure wealth redistribution) Increases spending at dozens of Federal agencies including Obama s corrupt Justice Department and the VA Funds Obama s Net Neutrality scheme Allows Obama s plan for a $500 million donation to the Green Climate Fund Funds the EPA s infringement on privately owned bodies of water Funds the EPA s infringement on coal power plants Funds a bailout for the failing IMF Makes it easier for Federal departments to spend more than their budgets allow for by offering changes in mandeory program spending. Funds an expansion of the FAA s power (who, by the way, recently started regulating toy helicopters) Renews spending on the Department of Transportations stimulus program Funds a bailout for Puerto Rico s failing economy Allows the Federal Government to issue subpoenas without a judges signature for American s private emails Funds multi-billion giveaways to Jordan, Tunisia, and EgyptThere s more but this list is a start.Via: Poor Richard s News",1,neutralize
fake_57,"WHY IS Obama Disarming Cops IN America At Same Time Terror Threat Is Being Raised?. In the face of mounting threats of terrorism and civil unrest in U.S. cities, President Barack Obama is arbitrarily prohibiting local police and sheriff departments from obtaining military surplus equipment from the Defense Department as part of what many law enforcement officers are calling his war on police.Beginning on Monday, Obama visited a number of high-crime areas especially those with large black populations to explain the need for his unilateral action, according to news sources on Monday.President Obama s spokespeople said Monday that the administration will no longer give local cops some types of protective gear and vehicles while putting stricter controls on other weapons and equipment distributed to law enforcement. The details were released prior to Obama s visit to Camden, News Jersey, Monday afternoon to give a speech on how he will address police officers allegedly using racist tactics based on racist departmental policies.Obama and his supporters view police wearing protective riot gear and using armored vehicles as being overly-aggressive in neighborhoods that are predominately black and Hispanic. The President even accused some departments of issuing bayonets, which is demonstrably untrue, according to one police officer who claims she voted for Obama in 2008. This President actually shows his dislike for local cops. I believe he wants to federalize policing and do away with local and state law enforcement. While the constitution prohibits that, when was the last time Obama cared about what the constitution says, said Iris Aquino, a former police detective.During Obama s speech in Camden, New Jersey, a city reputed to have the highest violent crime rate in the United States, not once did he mention the police officers who were gunned down by blacks or whites within the last few months, noted a New York City police official who has been active fighting against the anti-cop Mayor Bill de Blasio. That s because Obama like many liberal-left ideologues believe that police officers are the primary oppressors of minorities. The fact that Obama and the racial-division industry which includes the likes of Al Sharpton and Jesse Jackson keep blacks in a state of poverty in order to use their anger and resentment for their own political interests appears to escape the notice of the news media, another group that doesn t care about dead cops, he said.Originally police officers were led to believe that Obama would continue the Pentagon s military surplus program, however a panel of his sycophants warned that there is a propensity for misuse of equipment such as armored vehicles, high-powered firearms and camouflage. But not one example of police misusing an armored vehicle has been reported. I have not heard of one incident in which police misused an armored vehicle. These are defensive vehicles used by cops to protect themselves from gunfire, Molotov cocktails, explosives and weapons of mass destruction, said former law enforcement commander Jack McGowan. High-powered firearms? The police use nothing that even resembles a powerful firearm. And camo clothing is clothing. No one gets hurt from a shirt s design pattern, McGowan said.Besides cutting off the flow of equipment that would have gone to local law enforcement, the Obama government considering a recall of certain equipment that was already give to local police and sheriffs departments. I ll highlight steps all cities can take to maintain trust between the brave law enforcement officers who put their lives on the line, and the communities they re sworn to serve and protect, Obama said in his weekly address out Saturday.Obama believes law enforcement is a necessary evil, claim his opponents. He s never showed local cops any respect. He also doesn t trust any agency he doesn t directly control. This is an American leader who wants to federalize the law enforcement function and he has a lot supporters who trust big government over states rights, political strategist Michael Baker.Former New York City Mayor Rudy Guiliani s Police Commissioner Howard Safir said he believes a war on police, exists in America, the anti-cop attitudes are being stoked up by Obama and his minions. After 20 years of incredible crime reduction accomplished by thousands of dedicated police officers, the public has become complacent now that they are safer, said Safir. They have let the anti-police pundits and talking heads convince everyone from the president to the attorney general that police are racist and brutal. Via: Examiner",1,neutralize
fake_58,"NPR Tweets Entire Declaration Of Independence, Dumbass Conservatives Think It’s An Attack On Trump (Screenshots). On Independence Day, National Public Radio tweeted the entire Declaration of Independence to accompany their annual reading of the most important document in our nation s history.In Congress, July 4, 1776. NPR (@NPR) July 4, 2017The unanimous Declaration of the thirteen united States of America, NPR (@NPR) July 4, 2017When in the Course of human events, NPR (@NPR) July 4, 2017it becomes necessary for one people to dissolve the political bands which have connected them with another, NPR (@NPR) July 4, 2017and to assume among the powers of the earth, NPR (@NPR) July 4, 2017the separate and equal station to which the Laws of Nature and of Nature s God entitle them, NPR (@NPR) July 4, 2017a decent respect to the opinions of mankind requires that they should declare the causes which impel them to the separation. NPR (@NPR) July 4, 2017We hold these truths to be self-evident, NPR (@NPR) July 4, 2017that all men are created equal, NPR (@NPR) July 4, 2017that they are endowed by their Creator with certain unalienable Rights, NPR (@NPR) July 4, 2017that among these are Life, Liberty and the pursuit of Happiness. NPR (@NPR) July 4, 2017 and so on.To people who generally listen to NPR and are typically well-informed (or anyone who graduated kindergarten), this was a wonderful expression of patriotism to be proud of. Then, of course, there are conservatives.While our frenemies on the Right love to wave their flags and call themselves patriots, the Declaration of Independence is apparently on their reading lists alongside the first half of the Second Amendment and parts of the Bible they can use to attack human rights. Conservatives swarmed NPR to whine and cry because they thought the tweets were get this an attack on Donald Trump.When NPR got to this part, things got a bit crazy:it is the Right of the People to alter or to abolish it, and to institute new Government, NPR (@NPR) July 4, 2017Seriously, check this out.stop it braeden (@wokepolitik) July 4, 2017The responses to @NPR tweeting the Declaration of Independence are sort of hilarious and sad all at once ??? ? pic.twitter.com/yCp6PpSuYg Savannah Grimm (@savvygrimm) July 5, 2017*heavy sigh* pic.twitter.com/Pb35SNdKqe Melissa Martin (@DoubleEmMartin) July 4, 2017When you're triggered by the Declaration of Independence bc you want so badly to submit to King Donald the Doll-Handed . pic.twitter.com/aEyLEu24Qc Alexandra ? (@AlexandraAimee) July 4, 2017So, NPR is calling for revolution.Interesting way to condone the violence while trying to sound ""patriotic"".Your implications are clear. D.G.Davies (@JustEsrafel) July 4, 2017Wait wait don t tell me Shakespeare? Bernie? Msnbc? The libtards? No?? Dimo (@hipperfish) July 5, 2017That last person actually repented, which is strange for a Trump supporter, but admirable:Trump says he loves the poorly educated. The reaction to the Declaration of f*cking Independence shows us why.Featured image via screengrab",1,neutralize
fake_59,"Hillary’S #Unfit TO Serve…And Her Cover-Up Is Imploding. [Video]. Wow. This video really shows how the media covers for Hillary, while reminding us of their constant obsession over John McCain s health when he ran for President in 2008. Hillary is not well that s pretty clear from watching her very strange and confused behavior of late. The question is how sick is she, and will she even survive the remainder of this grueling campaign season?",1,neutralize
fake_60,"Hilarious. FOX News’ Greg Gutfeld Introduces New Sponsor Of His Show…”Victima” [Video]. At the start of the Fox News Greg Gutfeld Show, Gutfeld showed a hilarious clip mocking the hysteria of the Democrat Party. Gutfeld began his show by telling his viewers, I m really excited to introduce a new sponsor to our show. It s a new drug. It s called Victima' Gutfeld went on to explain that the drug was created to help Democrats who are feeling defeated after the brutal election of Donald Trump cope: When identity politics no longer work, try Victima .America s been witnessing the embarrassing meltdown of liberals ever since President Trump shocked the world with his stinging defeat of Crooked Hillary, so Gutfeld decided to have a little fun by mocking the embarrassing behavior of the left.The voice in the commercial mimics the typical TV drug commercials with sappy music playing in the background: It s not what it used to be. It used to be fine.The Democratic Party it s not performong.It s slow, sluggish, confused, prone to fits of despair. It may be time for Victima . Victims, when your old identity politics no longer work, Victima gives you that added boost to get you to where you want to be. When I take Victima, I see everyone as a racist . It really works. Watch:Ironically, FOX News fired Bob Beckel, the only liberal on the Gutfeld Show the day after this show aired, after he allegedly made a racist remark that offended a black employee working at FOX. Hmmm",1,neutralize
fake_61,"Hillary Brilliantly Trolls Trump As His Fledgling Administration Plunges Further Into Chaos (Tweet). No matter what you think of former First Lady, Senator, Secretary of State, and Democratic presidential candidate Hillary Clinton or her politics, there is one thing that cannot be denied: She would have been a competent president. However, thanks to a range of factors, Donald Trump beat her in the electoral college, and now we are stuck with the dangerous incompetence of Team Trump.The latest development after the three weeks of crazy that has been the beginning of the Trump regime is the fact that General Michael Flynn, Trump s now-former National Security Adviser, has resigned amid a flurry of chaos and scandal regarding conversations he had with a Russian official regarding sanctions before the Trump administration took over the White House.In an I told you so moment, Hillary weighed in on what was happening with Team Trump. This comes after one of Hillary s supporters, former Deputy Secretary of State Phillipe Reines, tweeted a snide remark regarding the fact that General Flynn and his son, Michael Flynn Jr, had participated in spreading fake news regarding #Pizzagate, a false story alleging that Hillary and her campaign chair, John Podesta, ran a child sex ring out of a Washington, DC pizza parlor. Of course this was not true, and absurd and ridiculous to anyone with half a brain, but some Trump supporters believed it wholeheartedly. This resulted in a man opening fire in the pizza joint, a popular family place called Comet Pizza.Hillary retweeted Reines, and added her own comment, thusly:Philippe's got his own way of saying things, but he has a point about the real consequences of fake news https://t.co/a02sXiaHfp Hillary Clinton (@HillaryClinton) February 14, 2017Of course, Hillary and Phillipe are right. Not only have these lies from Team Trump come back to bite them, but said lies had very real consequences. Keep calling them out, Hillary. Trump may have won some key states, but remember you won the popular vote. You also warned America that this would happen. Godspeed, sister. Welcome to #TheResistance.Featured image via Justin Sullivan/Getty Images",1,neutralize
fake_62,"Busted: Trump’s RNC Czar Caught Telling Party Officials That The Donald Is All An Act. Have you ever really taken a close look at Donald Trump? You can tell by looking at him that he s a fraud. He never looks genuine; his speech doesn t flow. He uses a fourth-grade mentality and he panders to idiots. There s nothing about the man that points to him actually being this staunch conservative Republican, and now we have proof. The Associated Press reports that Trump s own Republican National Convention Czar was caught in a behind-closed-doors meeting telling party officials that everything about Trump the party hates is an act.Trump s newly hired senior aide, Paul Manafort, informed Republican National Committee members that Trump has a private persona and an onstage persona, and that the onstage Trump will be mellowing out to bring electoral results should he be the party s nominee. Manafort said in the private briefing: When he s out on the stage, when he s talking about the kinds of things he s talking about on the stump, he s projecting an image that s for that purpose.You ll start to see more depth of the person, the real person. You ll see a real different guy.He gets it. The part that he s been playing is evolving into the part that now you ve been expecting, but he wasn t ready for, because he had first to complete the first phase. The negatives will come down. The image is going to change. In other words, the guy people are looking to because they don t want another crooked politician is playing the political game at a higher level on the Republican side than all of the establishment candidates he s run out of town. What exactly can we expect from Trump as time goes forward? Well, if his past is any indication, he should be whatever suits his mood at the time. It wouldn t be surprising to see him come out in favor of more liberal ideals. He has already stood up for the Lgbt community on the transgender bathroom issue. It s obvious he couldn t care less about gay marriage. If he thinks he s gonna reap the same ignorant rewards from the general public on immigration and hate expansion, he s got another think coming.Trump s only play should he win would be to run his campaign like a Democrat. It s not like he doesn t have practice.Featured image by John Lamparski/Getty Images",1,neutralize
fake_63,"The Best Way To Get Rid Of ‘President Steve Bannon’ Is With Articles Like This. Donald Trump was once a Democrat, but that s no more. Donald Trump was once pro-choice, but not now. Donald Trump didn t used to hate Lgbt people but that was before he ran as a Republican. There is one enduring trait that has remained consistent for as long as America has known Donald Trump, though: he is a narcissist. When his ego and his vanity are threatened, he does something about it.Despite this, on Saturday, Trump promoted senior advisor, former Breitbart head and neo-nazi, Steve Bannan to head the National Security Council, making him arguably the most powerful man in Washington. Many are now calling Bannon the de facto president and the actual president:But a new executive order, politicizing the process for national security decisions, suggests Mr. Bannon is positioning himself not merely as a Svengali but as the de facto president.In that new order, issued on Saturday, Mr. Trump took the unprecedented step of naming Mr. Bannon to the National Security Council, along with the secretaries of state and defense and certain other top officials. President George W. Bush s last chief of staff, Joshua Bolten, was so concerned about separating politics from national security that he barred Mr. Rove, Mr. Bush s political adviser, from N.S.C. meetings. To the annoyance of experienced foreign policy aides, David Axelrod, President Barack Obama s political adviser, sat in on some N.S.C. meetings, but he was not a permanent member of the council.Source: New York TimesThe New York Times wasn t the only paper saying that Steve Bannon was now the most powerful man in the country:GQ magazine carried an article that states, In Case It Wasn t Clear Yet, Steve Bannon Is Our President. Politico ran with The man behind Trump? Still Steve Bannon. And Foreign Policy writes about President Bannon s Hugely Destructive First Week in Office. This is a good thing. Trump wears his Achilles heel on his poorly tailored sleeve. It s hard to imagine that he s the great deal maker he claims when it s so clear that he can be led by no more than his ego. You stroke Trump s ego, you re solid, you threaten it, you re the enemy. He s fired people who disagree with him. He hung up on the Prime Minister of Australia Australia. Since the election, Trump has bragged about his electoral victory, calling it a landslide. It wasn t. He s battled back and forth over the obvious fact that his inauguration was an attendance disaster.If we want to get rid of the neo-nazi that s secretly running the White House, it s actually pretty easy. We need to keep writing and sharing articles like this. Our biggest weapon against Trump is to appeal to his ego. Trump can t even resist obsessing about an unflattering Saturday Night Live parody something that every president since Gerald Ford has had to endure. There s no way in hell he will put up with being demoted to second in charge in Washington, so we need to keep telling him that that s exactly what he is. Bannon will be gone within a month.Featured image via Win McNamee/Getty Images",1,neutralize
fake_64,"Michael Moore Says He Is ‘Absolutely’ Convinced Trump Will Ban Muslims. Filmmaker and activist Michael Moore said there is no doubt in his mind that Donald Trump will go through with banning Muslims from the United States, just like he said he would.Speaking to Variety, Moore said that he has already done his grieving over Trump s win, which he saw coming long before it became a reality. I went through my five stages of grief months and months ago when I realized he was going to win, he said.Moore said that he has taken him literally and seriously since day one, which is why he fully expects Trump to do all the horrible things he said he would on the campaign trail, like building a wall along our southern border to keep out all the rapey Mexicans. You do have to take Trump at his word, Moore said. I still hear people say, Oh, he s not really going to build the wall. Oh, he is going to build it. He knows that he s got to deliver at least a version of the wall. This, Moore explained, is why he absolutely believes Trump will go through with enacting his Muslim ban. He s shown how he s going to do it, Moore said. He s going to get away with it by making it a ban on Muslims who come from the following countries. He needs just enough cover for his crowd to say, Oh, he s being reasonable there. He s not banning all Muslims. Moore also said that he was profoundly affected by Meryl Streep s powerful speech denouncing Trump at the Golden Globes. I had tears in my eyes, Moore said. It was so powerfully delivered by the perfect person. She was talking about human empathy. It was not about being a Republican or a Democrat. It was about: Have you no decency, sir? Trump s supporters like to say that they don t take what he says literally. But that is a mistake. As Maya Angelou said, When someone shows you who they are, believe them the first time. We know who Trump is. And we also know it s going to be a long four years.Featured image via Kevin Winter/Getty Images For AFI",1,neutralize
fake_65,"Kremlin Threatens Trump: Stop Leaking Like A Colander Or We’ll Release Info. Snitches get stitches is Kremlin s message to the United States at least according to Russian Foreign Ministry spokesperson Maria Zakharova, anyway. Discussing Rex Tillerson s planned visit to Russia, Zakharova complained about the leaks coming out of the Trump administration:First, the US Department of State asked us to keep the planned visit quiet and not to announce it until the last possible minute, until we coordinated the date. We did as they asked. But a day or two later the information was leaked by the US State Department and sometimes by the US administration. Frankly, this put Russia and the media in a strange situation, because they didn t know who to believe the official agencies or the many leaks.If the Trump administration continues leaking like a colander, she says, there will be consequences:Also, I would like to say that if the practice of leaking information that concerns not just the United States but also Russia, which has become a tradition in Washington in the past few years, continues, there will come a day when the media will publish leaks about the things that Washington asked us to keep secret, for example, things that happened during President Obama s terms in office. Believe me, this could be very interesting information.Recently, Trump has been in a panic trying to contain leaks particularly about his and his administration s relationship with Russia.At this point, it is fair to ask: what do they have on him and other Republicans? Is this threat to release Obama-era information a veiled warning to The Donald to plug the holes through which facts are slipping?Featured image via Getty Images (Mikhail Svetlov/Pool)",1,neutralize
fake_66,"ALT-Left Attacks Phoenix Police…Karma Hits Back Where it Hurts [Video]. Unhinged Democrat protesters converged on the Phoenix Rally to disrupt and create chaos during and after President Trump s speech. There were several instances of police officers being attacked. This is why the video below has gone viral. Watch how the protester kicks the tear gas away then receives a rubber bullet to the groin. Nice shot.Phoenix Trump Protester Ignores Police Orders, Gets Shot By Pepper Ball Before Being Escorted Away By Personpic.twitter.com/gFKq1Yxqnr Breaking911 (@Breaking911) August 23, 2017THE Protesters Beat ON A Police VAN:Protestors beating on police van arrested protestors inside pic.twitter.com/wTXHtRkWHT Susanna Black (@SusannaBNews) August 23, 2017ANTIFA Attacks Trump Supporters Leaving Rally:Antifa lunged at us leaving the #PhoenixRally. Even punched black Trump supporter in the face for being Nazi. pic.twitter.com/KwSFeLukv0 Democrats for Trump (@YoungDems4Trump) August 23, 2017GANG Signs Flashed Behind Reporter Jeff Flake:Alt-Left thug flashes gang signs behind @FoxBusiness reporter @JeffFlock outside @Potus Trump rally. pic.twitter.com/V8aEWtlHoL Jim Hoft (@gatewaypundit) August 23, 2017",1,neutralize
fake_67,"Palin Blames Son’s Domestic Violence Arrest On Obama (Video). Sarah Palin has marked her return to the national stage as part of the Trump campaign with another doozy. Palin s son Track a combat veteran was recently arrested on domestic violence charges. He had a fight with his girlfriend, who told police that he threatened to kill himself with an AR-15 rifle.At a Trump rally in Tulsa, Oklahoma, Palin blamed her son s arrest on Obama. It s a shame that our military personnel even have to question, have to wonder if they re respected anymore. It starts from the top. The question, though, it comes from the top, the question, though, that comes from our own president where they have to look at him and wonder, Do you know what we go through? Do you know what we re trying to do to secure America and to secure the freedoms that have been bequeathed us? So when my own son is going through what he goes through coming back, I can certainly relate with other families who kind of feel these ramifications of Ptsd and some of the woundedness that our soldiers do return with, and it makes me realize more than ever, it is now or never for the sake of America s finest that we ll have that commander in chief who will respect them and honor them, she said.President Obama has made the care and security of military members a priority since he was first elected. At the top of that agenda was his decision to end the war in Iraq, which took thousands of American lives and permanently injured and disabled so many serving in the military.Obama has also sought to cut down on gun violence specifically the problem of soldiers driven to suicide who use guns to end their lives.By comparison, Palin was in favor of the invasion of Iraq, and was part of a failed presidential ticket that promised to bomb Iran, a proposition which would have put more American soldiers in harm s way, and in her rambling incoherent speech with Trump she attacked Obama for proposing gun safety measures.But this is the Palin technique. A word salad with almost no meaning, combined with lies and deceptions in order to further the right wing s mission.Featured image via YouTube",1,neutralize
fake_68,"Mainstream Media Ignores Massive Protest Against Obama’s Sweetheart Deal For Corporations: “Biggest protest this country has seen for many, many years”. Wait we thought Obama and the Democrats were supposed to be standing up to the evil corporations and standing up for the every day American?When it comes to official and media opinion on Obama s crowning trade achievements , the Trans-Pacific Partnership (TPP) and the Transatlantic Trade And Investment Partnership (Ttip), the party line is united. As previously noted, Barack Obama has assured the population that this treaty is going to be wonderful for everyone:In hailing the agreement, Obama said, Congress and the American people will have months to read every word before he signs the deal that he described as a win for all sides. If we can get this agreement to my desk, then we can help our businesses sell more Made in America goods and services around the world, and we can help more American workers compete and win, Obama said.The mainstream media s chorus of support for these trade deal is likewise deafening: here are some indicative headlines from this past Monday:Time Magazine: Pacific Trade Deal Is Good for the U.S. and Obama s Legacy The Washington Post: The Trans-Pacific Partnership is a trade deal worth celebrating The far less popular opposing view, one repeatedly presented here, is that like with every other free trade agreement that the U.S. has entered into since World War II, the exact opposite is what will actually happen: the outcome will be that the US trade deficit (which excluding petroleum is already back to record levels) will get even larger, and we will see even more jobs and even more businesses go overseas, thus explaining the secrecy and the fast-track nature of the TPP and Ttip s passage through Congress.And while the US population, which is far more perturbed by what Caitlyn Jenner will wear tomorrow than D.C. s plans on the future of world trade, has been mute in its response to the passage of the first part of the trade treaty, the TPP after all the MSM isn t there to tell it how to feel about it, aside to assure it that everything will be great even as millions of highly-paid jobs mysteriously become line cooks other countries are standing up against globalist trade interests meant to serve a handful of corporations.Case in point Germany, where today hundreds of thousands of people marched in Berlin in protest against the planned free trade deal between Europe and the United States which they say is anti-democratic and will lower food safety, labor and environmental standards.Ttip critics fear that it would lead to worse safeguards in Europe, bringing down standards for consumer safety, food and health or labor rights down to those in America. European nations have stricter regulations for things like genetically modified foods or workers benefits than the US does. There is also discontent with the secretive nature of the negotiations, which prompts skeptics to assume the worst about the document they would eventually produce.The organizers an alliance of environmental groups, charities and opposition parties claimed that 250,000 people were taking part in the rally against free trade deals with both the United States and Canada, far more than they had anticipated. This is the biggest protest that this country has seen for many, many years, Christoph Bautz, director of citizens movement Campact told protesters in a speech.According to Reuters, opposition to the so-called Transatlantic Trade and Investment Partnership (Ttip) has risen over the past year in Germany, with critics fearing the pact will hand too much power to big multinationals at the expense of consumers and workers. Popular anger appears to be focused on the encroachment by corporations into every corner around the globe: What bothers me the most is that I don t want all our consumer laws to be softened, Oliver Zloty told Reuters TV. And I don t want to have a dictatorship by any companies. Via: Zero Hedge",1,neutralize
fake_71,"Watch: Tom Brokaw And Morning Joe Burn Sarah Palin For Threatening Paul Ryan. The legendary newsman appeared on Msnbc to slam the media for not holding Donald Trump accountable for what he says and does, but also had time to laugh at Sarah Palin.As a guest on Morning Joe on Monday, Tom Brokaw criticized the media for not doing their jobs when it comes to Donald Trump, whose violent and hateful rhetoric has helped him become the presumptive Republican presidential nominee. In the course of the campaign, [Trump has] said some things that were just blatantly not true. He s never been held accountable for it, so many of them, and the things that he s said. Having said all of that, he did touch a big nerve out there and he ran a campaign that no one at this table or in the political world expected him to do as well as he has. But all factors in life are about how do you adjust to the reality of where you are next, how you re going to deal with the next phase of this. And we re now in the next phase. And if he keeps punching out the people in his own party in the way that he has, I don t see how that s going to help him. I just don t. But earlier on in his remarks, Brokaw talked about how Donald Trump has been treating House Speaker Paul Ryan and mentioned how Sarah Palin declared that Ryan s career will be over if he doesn t support Trump. Brokaw s mentioning of Palin immediately drew laughter from Joe Scarborough, who made a hilarious observation of his own that caused the rest of the panel to laugh as well.Brokaw: For him to just punch out Paul Ryan the way that he has. To have Sarah Palin to be saying that Paul Ryan has no career now, that it s over for him Scarborough: Says someone who has no career now. Here s the video via Media Matters.Sarah Palin just got burned by Joe Scarborough and Tom Brokaw and it was hilarious because what they said is true.Indeed, Sarah Palin has no career of her own. The closest she came was as governor of Alaska before she quit halfway into her term. Ever since then, she has become a professional grifter who swindles gullible supporters out of money in any way she can, including jumping on the Trump bandwagon to get more attention. Make no mistake, Sarah Palin is a joke and people should laugh at her.Featured Image: Mark Wilson/Getty Images",1,neutralize
fake_72,"Update: Comey’S Leaker Goes Into Hiding [Video]. A Columbia University professor from Brooklyn went into hiding Thursday after pal James Comey revealed during his Senate testimony that the man leaked memos detailing the former FBI chief s conversations with President Trump to the press.But Richman had vanished from his Henry Street digs by midday, and family members, friends and neighbors wouldn t answer doors or phone calls to shed any more light.A doorman eventually turned security guard to stop reporters entering the building.Richman s wife, Alexandra Bowie, is a former president of the influential neighborhood civic group the Brooklyn Heights Association. Its director, Peter Bray, declined to speak about the man who had suddenly usurped Lena Dunham as the nabe s most famous inhabitant.Comey said in his testimony that he decided to give the content of his Trump memo to his good friend to leak to the press after President Trump tweeted out about possible takes of their conversations. Comey also said of leaking the memo, I thought it might prompt the appointment of a special counsel. Via: NYPWho knew the FBI Director was a leaker. This is too much. Our intel community has become so politicized that it prohibits them from following the law or even focusing on gutting to the truth. During testimony today, Susan Collins asked if Comey ever shared memos from President Trump:Comey S Response WAS A Shocker. HE Said HE Felt HE Needed TO GET That OUT Into THE Public Square SO HE Asked A Friend TO Share THE Memo With A Reporter:The person that Comey gave the memos to is a former classmate from Columbia Law School. He is considered to be a and adviser to Comey. Daniel Richman is in the video below and is a rather interesting guy. The video is dated but is meant to give you an idea of the character of this friend and adviser to the former FBI Director.Comey stated:James Comey leaked details of his conversation with @Potus to friend and confidant Daniel Richman.Does this man look sane to you? pic.twitter.com/06Q7cfNRLI Josh Caplan (@joshdcaplan) June 8, 2017 Does this man look sane to you? pic.twitter.com/06Q7cfNRLI Josh Caplan (@joshdcaplan) June 8, 2017",1,neutralize
fake_73,Priceless. Race Baiter John Lewis Bombarded With Hecklers During Live Msnbc Interview [Video]. The protesters are breaking all the rules and creating total chaos at every turn during the Dem convention. It is truly a case of the liberals eating their own. Fun to watch.,1,neutralize
fake_74,"DOJ Lawyers Literally Argued That Trump Is Above The Law And Untouchable By Any Court (Audio). You know how white supremacists have been calling Trump their God-Emperor? Apparently, that has gone to The Donald s head, as his DOJ lawyers actually argued that he is completely untouchable by any court and his decisions are absolute.On Tuesday, August Flentje, Special Counsel to the Assistant U.S. Attorney General, was asked a question that should have been an automatic no Does the President have unchecked power? Are you arguing then that the president s decision in that regard is unreviewable? Judge Michelle T. Friedland asked Flentje at one point in the Trump administration s attempt to get the Muslim ban back up and running. To most, the idea of any leader having unlimited and absolute power in any area of the government is frightening, but to the Trump administration it s just the way things should be.Flentje hesitated briefly, then provided a single-word answer that reveals everything you need to know about the mindset of Trump and his team of white supremacists, Christofascists, and other Deplorables: Yes. Judge Friedland presses DOJ, are you arguing Pres Trump's power here is unrevieable by courts?A: yes#9thCircuit Ari Melber (@AriMelber) February 7, 2017Naturally, Americans are not happy about this:As with GW Bush, Trump's expansive claims of unreviewable executive power will likely lead courts to impose new limits on the President Adam Winkler (@adamwinkler) February 7, 2017Senators must ask Gorsuch if he agrees with the Trump DOJ that the EO travel ban is ""unreviewable"" by federal courts. Amy Fried (@ASFried) February 5, 2017Q: Are you arguing Pres Trump's power here is unreviewable by courts?A: Yes. pic.twitter.com/L4RHXa8YxB Joe (@activistmode) February 7, 2017The ""real risk"" question. DOJ Special Counsel basically asserts president's decision is unreviewable #9thCircuit (((Trump Trash))) ? (@Trumpster_Fire) February 7, 2017Trump says travel ban ""unreviewable."" Not true. I'm reviewing it right now: 0 out of 5 stars. #ban #travel #Trump #TrumpBan #LawandOrder Elmuro (@EL_MURO_QUE_RIE) February 5, 2017he Trump administration s position seems to be that a minority of voters elected with the help of a Russian dictator s hackers and propagandists and a rogue FBI agent a dictator rather than a President. While campaigning, Trump called himself the law and order candidate. Apparently, he thinks he is above both.You can listen below:Read more:Featured image via Getty Images (Chip Somodevilla)",1,neutralize
fake_76,"Beyonce’s Super Bowl Performance Had An Important Hidden Message You Need To Hear (Video). Beyonce is one of the most sought-after performers in the world, and she knows how to deliver an electrifying performance. She did exactly that during Super Bowl 50. In addition to her amazing lyrics and dancing, Beyonce also had an important message for the country, putting the Black Lives Matter Movement at center stage in front of hundreds of millions of people.Beyonce is no stranger to political activism. Appearing with Bruno Mars and Coldplay, she introduced her first song in more than a year entitled Formation. But, Formation is not just any song: it also happens to be an ode to the Black Lives Matter Movement, as evidenced by the song s newly-released music video.[youtube https://www.youtube.com/watch?v=-5BPfRHX1SE]Beyonce begins the video by standing on top of a submerged car in a post-Hurricane Katrina New Orleans. Then a small child in a black hoodie appears in front of a line of police officers only to be covered by the words Stop shooting us. [youtube https://www.youtube.com/watch?v=LrCHz1gwzTo]Beyonce and her husbamd Jay-Z are known to be politically active, and it s not surprising that she would embrace and take on such an important issue. She and Jay-Z spent tens of thousands of dollars last year to bail out protesters in Baltimore.It s very important that the Black Lives Matter movement is known as well as embraced by the entire country. Beyonce s use of the Super Bowl as a platform has potentially reached hundreds of millions of people. Featured image via video screen capture",1,neutralize
fake_77,"Reporter Says Secret Service Took Debate Attendees Phones To Avoid Flash That Could Trigger Hillary’s Seizures [Video]. Health professionals have been speculating for months that Hillary s odd behavior and inability to stand or walk without help is likely related to Parkinson s disease. That would explain the videos where Hillary is seen having what appears to be having a seizure. Since seizures are triggered by flashes, it makes sense that the Secret Service would take phones away from the audience. Having a full-blown seizure on the debate stage would probably be a mistake at this point in the campaign after Hillary s been likely hiding a serious, debilitating disease Watch here:And here:https://youtu.be/11-EAzsGxgQLast night the Secret Service took attendees phones before going into the debate.now we know why Reporter: This is why it was banned apparently because the Secret Service did not trust people to disable the flashes on their cameras and they were afraid it would inspire Hillary s seizure disorder. A reported admitted on Monday that the Secret Service told reporters not to use a flash because of Hillary Clinton s seizure disorder.Secret Service told reporters at the #debate not to use flash so that it won't trigger Hillary's seizure disorder. https://t.co/30zh3Y5cAb Regated (@regated) October 10, 2016Via: Gateway Pundit",1,neutralize
fake_78,"What Obama Said At His First Mosque Visit Will Drive The Right Insane (Video). President Obama paid the first visit to a U.S.-based mosque and made a stirring call to unity between Islam and America s other major religions. In his visit to the Islamic Society of Baltimore in Maryland, Obama cut through a lot of conservative Republican rhetoric about the role of Islam in America. Muslim Americans keep up safe, Obama told the audience, crediting the contributions Muslims have made to communities. They are our police. They are our fire fighters. They re in (the Department of) Homeland Security. President Obama has had to repeatedly, patiently explain during the course of his presidency that the United States is not at war with Islam, but in fact relies on practitioners of the faith to serve side by side in the war against international terrorism.By contrast, Republican conservatives have constantly demonized Islam, acting as if its followers are monolithically pro-terrorism, when in reality the violent acts have been carried out by an extremely small sect. Top tier Republican presidential candidate Donald Trump has gone the furthest, calling for a Muslim registry and a ban on Muslim travel to the country.In the speech today, President Obama explained: We are one American family. We will rise and fall together. He specifically spoke out to young Muslim Americans, who may feel lost and shunned thanks to extremist right-wing rhetoric about their faith: You re right where you belong. You re part of America too. In the speech, Obama also called on the media to do more to include Muslims in films and television shows, pointing out that Muslims shouldn t just be cast in roles about terrorism, but rather in roles that reflect their diverse standing in American life. The President pointed out that this has been done before, as there once were not many portrayals of black Americans in film/tv.Featured image from YouTube",1,neutralize
fake_79,"Eric Trump Just Asked The Labor Department To Let Him Hire Foreign Workers Again. If any other American company did this, Donald Trump would be attacking them on Twitter.But Trump has a double standard when it comes to his own business and the businesses owned by his family members.As you may recall, Trump has openly attacked Ford, General Motors, and a slew of other companies for building factories overseas instead of building them here and hiring American workers to do the jobs.Trump even attacked a Japanese automaker for building a factory in Mexico instead of in the United States.The hypocrisy here is that while Trump is attacking these companies for not hiring Americans, his own son is begging the Labor Department to let him hire foreign workers instead of giving jobs to Americans.Eric Trump owns Trump Vineyards, and for the second time he is asking the Labor Department to let him hire foreign workers.According to the petition filed, the workers would be paid over $11 an hour to perform manual labor in cold weather. Workers would also be exposed to chemicals and would have to lift up to 60 pounds of grapes onto a truck.Here s a screenshot of the specific section.Again, this is hypocritical. Donald Trump is constantly promising Americans that he will make sure they have jobs but his own son wants to hire foreign workers.This is yet another example of Trump not following the rules he s setting for everyone else.A real leader leads by example and if Trump refuses to tell his own son to hire American workers why should companies like Ford comply with his demands?Keep in mind that Trump is ordering raids to round up undocumented immigrants because Trump claims they take jobs away from Americans. The reality, however, is that these immigrants take jobs that most Americans do not want to perform, such as managing and harvesting crops. That doesn t mean there aren t American out there who wouldn t take them, and that means Eric Trump is taking jobs away from Americans by trying to hire foreign workers instead. That s shameful, especially since his dad promised to put America first.Featured image via Joe Raedle/Getty Images",1,neutralize
fake_80,"Republican Presidential Candidate Reveals Their New Plan To Starve The Poor. Jeb Bush just unveiled a key component of his welfare reform package. The Republican presidential candidate wants to completely scrap the federal Supplemental Nutrition Assistance Program (food stamps), and the Temporary Assistance for Needy Families program. It should be noted that Right to Rise is the name of Bush s Super PAC.Bush wants to replace those programs with one that gives states Right to Rise grants, to support state-run programs aimed at alleviating poverty. Bush refers to the current programs in place as failed programs of the war on poverty, on account of there being 47 million people who are still poor in the United States. In the place of these failed programs, states will be given Right to Rise Grants. These grants will allow states to meet the needs of poor families, in the way that makes most sense in each state. As governor of Florida, I saw first-hand how states could be the laboratories of democracy. I know that giving states more flexibility will open the door for transformative ideas to eliminate poverty and increase opportunity, Bush wrote on his campaign website, on Friday.Bush does not have any interest in reforming welfare to help fight the war on poverty. He wants to further the Republicans war against the poor. This proposal is just an attempt to dismantle the welfare system in the United States, in order to create a less efficient government.If Bush cared at all about the poor, he would support raising the federal minimum wage to a point where working people no longer need to go on assistance programs. Bush doesn t want to raise the minimum wage. In fact, he has publicly stated that opposes the very concept of the minimum wage. As with welfare, Bush thinks that the minimum wage is a matter for the states to work on, not the federal government. There is disagreement between economists on what effect raising the minimum wage might have on job creation, yet almost every economist agrees that raising the minimum wage would lift many people out of poverty. Now, if a candidate, Republican or otherwise, seriously wanted to reform welfare in a way that acts as scheme to lift people out of poverty, they should be looking at what Finland is doing.Featured Image Credit: Usda via Flickr",1,neutralize
fake_81,"Watch: Black Sports Host Blasts White Espn Sports Host For Asking White Athletes To Take A Knee During National Anthem. When will Americans stop being afraid of standing up to leftist agitators and tell them, NO. When will Americans find a backbone and stop allowing the left to dictate what they re allowed to say or to feel? Why are white Americans allowing themselves and law enforcement officers of every race and ethnicity to be thrown under the bus, because we re led by the radical left to believe that it will somehow make us better people.Oddly, sports channels have decided to assume the role of America s social conscience. Sports used to be a unifying force for Americans, a place for perfect strangers to come together and bond over their love and support for a particular team. The Disney owned Espn sports network has been working very hard to change that.Fear and intimidation are two of the tools the Left uses in order to make people comply with their message of unity through division. And according to one TV and radio sports host, these tactics are beginning to take hold in the NFL.Fox Sports 1 host Jason Whitlock joined Tucker Carlson Monday evening on Fox News Tucker Carlson Tonight to talk about the state of protesting during the National Anthem in the NFL.Whitlock understands that protesting is perfectly within players rights as Americans, but he takes issue with the method in which people like unemployed quarterback Colin Kaepernick go about protesting. There are NFL players, black and white, who know that if you really want to address police brutality, social justice, inequality in this country, protesting the National Anthem is the perfect way for your message to get completely lost, Whitlock told Carlson.NFL players have so many platforms on which to voice their approval or displeasure on whatever issue they re championing this week. But to use the National Anthem as the vehicle for their message only causes their message fall flat in the eyes of a lot of football fans. These silent protests don t make them look heroic, but rather selfish.Whitlock also posed an interesting theory to Carlson concerning players who aren t participating in these social justice protests. I want to know why NFL players aren t offering voices of dissent? Whitlock asked. You can t tell me that there aren t NFL players who recognize the stupidity of the style of protest Colin Kaepernick has chosen, Whitlock said. But they re all afraid to say it because of the backlash. Another good point.We have seen sports entities like the NFL and Espn become bastions of social justice promotion in an age where people are being divided into more groups than the Divergent series. Mrctv",1,neutralize
fake_82,"Sean Hannity Blasts Fake Trump-Russia Collusion Narrative: “Is this all Mueller has? Because if it is, it’s Pathetic” [Video]. During his Fox News show tonight, Sean Hannity went off on the unequal justice in the Mueller indictment of Paul Manafort and phony Trump-Russia collusion narrative. Hannity reminded his audience that none of the charges that have been levied against Manafort have anything whatsoever to do with Trump-Russian collusion. He reminded his viewers that the financial issues Mueller s team was looking at were between the years of 2008-2014.So in other words, nothing of the Paul Manfort indictment had anything to do with the Trump campaign or Donald Trump. Is this all Mueller has? Because, if it is, it s pathetic. Another day, another example, after a year of speculation. No evidence of any collusion between President Trump and Russia.Sean goes on to remind his viewers that the Grand Jury was empaneled in Washington DC, one of the most liberal cities in America, where over 90% of the people there voted for Hillary Clinton.Watch:.@seanhannity on Manafort indictment: ""Is this all Mueller has? Because if it is, it's pathetic."" #Hannity https://t.co/RW3GsNSXP3 pic.twitter.com/pXNOGVlsd9 Fox News (@FoxNews) October 31, 2017Newt Gingrich was a guest on the Sean Hannity show tonight, where he shared his thoughts on the Mueller investigation of Paul Manafort. Gingrich pointed out the same thing that Sean said, there is an out of control prosecutor, who was supposed to be looking into Russian collusion . Gingrich went on to explain how the most grotesque abuse of power was used by Mueller to threaten and intimidated Paul Manafort.Watch:.@newtgingrich on Mueller investigation: ""You have an out-of-control prosecutor."" #Hannity https://t.co/RW3GsOazdD pic.twitter.com/qs8hRFGPjR Fox News (@FoxNews) October 31, 2017",1,neutralize
fake_83,"Longtime Trump Friend Russell Simmons Drops Bombshell On Trump’s Disgusting Racism Toward Him (Video). Music mogul Russell Simmons has been friends with Republican nominee Donald Trump for the past 30 years, and has finally come forward to express his opinion on Trump s run for the presidency.In a recent interview with Fortune, Simmons revealed that although Trump had many political and personal beliefs that he didn t agree with, he still found Trump to be a likable person. However, Simmons made it perfectly clear that he didn t think Trump was a suitable person for the presidency. In expressing how unqualified Trump was to run the country, Simmons was candid about the racist and anti-semitic comments he heard and witnessed Trump make over the last three decades. Simmons said: People carry beliefs that are hurtful, none of us are enlightened I would laugh off things he said that were off-color, that kind of didn t represent my viewpoints. Certainly, I heard things that seemed a little racist. Simmons observed that Trump s remarks, which were often times Islamophobic and anti-black, could have devastating consequences on the country. He said: The fear is that his statements would take people who would never even admit to having those seeds of hate in them, and water those seeds, and then those people would say things they wouldn t even imagine saying, and then it became the norm. You can watch Simmons interview below:[ad3media campaign= 1215 ]Simmons has spoken out about Trump s racism before. Although he may have been trying to be kind to Trump during the Fortune interview, he was much more blunt in a September interview with CNN Money. Simmons told CNN: [Donald] has said racist things for 30 years. White supremacy, he s the epitome of it. He represents the image of white supremacy more than any candidate I ve seen. Having been Trump s friend for several decades, there s no one better to expose who Trump really is. Hopefully, America is listening. Trump s offensive campaign behavior isn t an act for entertainment or shock value it s who he really is, and it s the kind of President he would be.Featured image via Win McNamee and Frazer Harrison / Getty Images",1,neutralize
fake_84,"Artist OF Obama Hope Poster Weighs In On Obama’s Presidency. Remember the Hope poster that became a huge hit? Well, the artist responsible for it is speaking out on the past two Obama presidencies. Some might say that Shepard Fairey is partly responsible for the election of Obama. Who Didn T want some hope and change in 2008? Now we know the rest of the story we got no hope and the change is a disaster. So you would think that Shepard Fairey has seen the light and is voting like many Democrats are for Trump. No, he hasn t learned anything after all. As much as he says Obama s agenda was a disaster, he s going to vote for Bernie. Liberal lunacy for sure.Shepard Fairey, who s now a Bernie Sanders supporter, says that after Obama won the presidency, he went quiet on a lot of things he promised while running for office. I think history will be fairly kind of his presidency but I want things to move further in the direction that he promised as a campaigner, he said. He s been more outspoken in the last 18 months. I think he s going out having done some good things and said some good things, but there were about six years there where I think he could have done more. Fairey said he had high hopes for Obama and that the president couldn t blame his failures entirely on congressional gridlock. If he had been as outspoken as he was as a campaigner, I would give him a pass on not being able to push through some of the progressive things I hoped he would, but he was quiet on a lot of things, he added. That to me was unfortunate. Similarly, German journalist Klaus Faissner pointed out that Obama transformed from an electrifying candidate into a Bush on steroids who promoted drone strikes, mass surveillance, and a totalitarian relationship with the media. Obama signed more orders for drone assaults than Bush Jr. had done in the entire eight years of his presidency, he said. These were drone strikes which caused catastrophic levels of non-combatant casualties, which America simply wrote-off under the euphemism of collateral damage. Via: Progressives Today",1,neutralize
fake_85,"Teacher Quits JOB After 5th, 6th Grade Muslim Students Threaten To Behead Her [Video]. You re never to young to commit jihad Teachers at a primary school in Sydney, Australia have been threatened with beheading and other violence from young Islamic students, prompting one of them to quit her job.Students as young as those in Year 5, according to the Daily Telegraph, are making the violent threats and pressuring others to read the Koran at Punchbowl Public School in Sydney.Documents given to the newspaper allege that three staff members have taken a leave of absence owing to stress, received counselling and been awarded compensation after bullying from Islamic students.One female teacher reportedly quit her job after it got too much for her. She claims she quit after receiving death threats to her family from her year 5 and 6 students, with some saying they would behead her.The teacher also said she made numerous complaints back in 2014 about the extraordinary behavior in the class. For example, she said, she was abused by students after she stopped them from hanging a Syrian flag in the classroom.In another example, she claimed she was pushed into a corner by students who began marching around her chanting the Koran.The bullying wasn t restricted to teachers. The woman also reported an incident where children bullied other students by saying that someone had betrayed his religion by not going to Muslim scripture . In another incident, she said a group of boys had stood around a girl and called her horrible names like dog . HeatstreetWATCH here:Meanwhile in Australia Teachers Quit Job After 5th & 6th grade Syrian Muslim Students Threaten to Behead them. #NationalTeachersDay pic.twitter.com/tIK9A4boJv Amy Mek (@AmyMek) May 9, 2017Oakland County Undersheriff Michael McCabe said Brodie allegedly told an acquaintance Sept. 4 he was fearful Gorcyca would not rule in his favor in a custody battle with his his ex-wife, Kelsey Dyson.",1,neutralize
fake_86,"Newt Gingrich Brutally Reminds Fox & Friends That They Created Trump (Video). Donald Trump s candidacy would not have happened if Fox & Friends hadn t encouraged it all these years. And Newt Gingrich reminded the hosts of the show of that fact on Monday.During the appearance, Fox hosts Steve Doocey and Brian Kilmeade mentioned to the former House Speaker that Donald Trump is the GOP Establishment s worst nightmare because he s a billionaire who is spending the least amount of money and running away with this thing. In response, Gingrich pointed out that it was Fox News that created the Trump candidacy in the first place. That s because of you guys. Donald Trump gets up in the morning, tweets to the entire planet at no cost, picks up the phone, calls you, has a great conversation for about eight minutes which would have cost him a ton in commercial money. And meanwhile, his opponents are all out there trying to raise the money to run an ad. Indeed, former Republican candidate Jeb Bush raised and spent millions of dollars but never could take down Trump, eventually dropping out after the South Carolina primary because of that failure.Trump, on the other hand, has been all over the media getting free coverage. Look, you can say that Trump is the candidate Fox & Friends invented, Gingrich continued. He was on your show more than any other show. Here s the video via YouTube:But the monster Fox News created has also come back to haunt them. Ever since that first GOP debate, Trump has taken repeated shots at the conservative network for being unfair. He has even said that Fox is so biased it is disgusting. In short, while some at Fox are bragging that they helped shake up the GOP by helping Trump rise as a GOP contender, some are probably regretting that because Trump is destroying Fox News is the process.Featured Image: Flickr",1,neutralize
fake_87,"Sunday Screening: ‘A Noble Lie’ (2011). 21st Century Wire says Our weekly documentary film curated by our editorial team at 21WIRE The 1995 bombing of the Alfred P. Murrah Federal Building in Oklahoma City was an event that shook the United States domestic scene. Up to that date, it was the largest act of domestic terrorism in America, killing some 168 people including nineteen children. However, many have questioned the government s official account of events. A Noble Lie re-investigates the bombing and re-examines the event s alleged perpetrators, as well as other unlikely role player on the periphery. What this film reveals may shock many viewers who thought they knew what happened that day, exposing information never before examined or brought to the attention of the American public. Watch:https://www.youtube.com/watch?v=vHDIhxeMOcI . Run time: 2 hours Director: James Lane Writers: Wendy Painting, Holland Vandennieuwenhof Production: Free Mind FilmsSEE More Sunday Screenings Heresupport 21WIRE Subscribe & Become A Member @ 21WIRE.TV",1,neutralize
fake_88,"(Video) DR. BEN Carson’S Great Closing Statement Brings THE House Down IN GOP Debate. I m the only one to separate Siamese twins. The only one to operate on babies while they were still in their mother s womb. The only one to take out half of a brain, although you would think if you went to Washington that someone had beat me to it. But I m very hopeful that I m not the only one who will pick up the torch of freedom. Because freedom is not free.",1,neutralize
fake_89,"Pastor Decides Straight Couple Can’t Even Support Marriage Equality, Cancels Their Wedding. I m shooting for irony here, so bear with me: Thank GOD some people proclaim their bigotry out loud, so you don t have to find out the hard way.Okay, so this couple (who are choosing to remain anonymous) kind of did find out the hard way, but they re still free to make other arrangements after the minister of their church called them into a private meeting to let them know he would no longer perform their ceremony or allow them to marry in his church.Pictured: IronyThe problem, according to Minister Steven North of Ebenezer St. John s Presbyterian Church, was the bride s recent comment on Facebook in support of marriage equality in her native Australia. The country is holding a survey because some places value the individual input of their citizens to help the Australian parliament decide whether or not to allow same-sex couples to marry.Apparently, the clergyman was monitoring the bride-to-be s social media, where she spoke up in support of the measure: I know it s something not everyone will agree on and that s fine but this is what I stand for and frankly it doesn t effect [sic] my relationship with [my partner] one bit. That s when North made the decision to summon the couple into his office. Not only did he tell them that he would not perform the ceremony, but he drove the point home with a letter to the couple as well: After the pre-marital counselling that you attended and the sermons delivered at Ebenezer on this subject, you must surely appreciate that your commitment to same-sex marriage opposes the teaching of Christ Jesus and the scriptural position practiced by the Presbyterian Church of Australia and by me. This conflict of views has practical consequences in relation to your upcoming wedding. If I remember correctly and believe me, as someone who was raised in a very religious household, I do Jesus said as much about same-sex weddings as He did about abortions or whether His Dad wants you to drink that miracle water that creepy Peter Popoff sells at 2 AM on cable. That is to say, nothing. There were no teachings of Christ Jesus on gay marriage. So really the operative part of North s statement is that whole thing at the end where he says and by me. The bride was having none of it. The couple has decided to leave their long-time church, and they did so with a statement of their own: We feel this decision is absolutely disgraceful and is a disgrace to you and all the church, especially when we have been loyal and valued members of this congregation for 10 years. You were made aware from the beginning of our proceedings that we had gay friends and also that people in our wedding party were gay. How could you assume that we would abandon them or degrade them with regards to same-sex marriage? Rather than acquiesce to the thought police of her bigoted church, this couple has faith that they re doing the right thing.Featured image via Scott Barbour/Getty Images",1,neutralize
fake_90,"THE Truth About Why Sore Loser Obama Is Using “Russian Hackers” Story [Video]. Make no mistake: it s payback time. In ordering up a deep dive into possible Russian interference in the election of Donald Trump, sore loser Barack Obama wants to delegitimize the real estate magnate s win. His motive? Punishing Trump for the years the mogul spent publicly questioning whether Obama was an American citizen, which cast doubts on the legitimacy of his presidency. Ah, how sweet the revenge. And how pitiful.Never mind the Actual exchange that was caught on a hot mic between Obama and then Russian President Dmitry Medvedev, where Obama promised to have more flexibility to deal with missile defense issues after the 2012 presidential election.President Obama has searched high and, increasingly, low, for the reasons he and Hillary Clinton lost the election. He has blamed Fox News, insufficient grass-roots campaigning by Hillary, fake news , and now has singled out Russian meddling for the loss of 194 of 207 counties that voted for him in either 2008 or 2012.The suggestion is that Vladimir Putin wanted Trump to win; the liberal media has hinted darkly that the president-elect and his campaign team have ties to the Russian head of state.As most Americans review Trump s defense and security picks, the notion that the new administration will go easy on our adversaries including Russia is laughable. Retired General James Mattis, whom Trump has nominated to head Defense, has described Russia s annexation of Crimea as a severe threat, one underestimated by the Obama White House. Mattis is not to be trifled with.On Sunday, Ambassador John Bolton claimed that hacks during the election season could have been a false flag operation possibly committed by the Obama administration itself.In an interview with Fox News Eric Shawn, Bolton questioned why FBI Director James Comey said during the investigation of Hillary Clinton s private server, there was no direct evidence found of foreign intelligence service penetration, but cyber fingerprints were found in regards to the presidential election.The media has ignored the reality that Moscow s possible hacking of DNC and Podesta s emails were retaliation for Hillary Clinton s assertions that Russian elections in 2011 were rigged an accusation that infuriated Putin. When protests erupted in Russia over the election outcome, Putin blamed Clinton. She said they were dishonest and unfair, Putin said at the time. He accused then Secretary of State Clinton for giving a signal to demonstrators organized with the support of the U.S. State Department We need to safeguard ourselves from this interference in our internal affairs, Putin said. Does this sound familiar? Turnabout is fair play, and Putin has made it clear that if we mess with his elections, he will mess with ours.Obama knows this. Politico reported in a July piece entitled Why Putin Hates Hillary that the Russian leader s anger about Clinton s interference was communicated directly to President Barack Obama. Former administration officials involved with Russian policy say the Kremlin saw Clinton as taking a harder line against Russia reset notwithstanding than others in the White House. And they say Putin sees Clinton as a forceful proponent of regime change policies that the Russian leader considers a grave threat to his own survival. That is why the Russians may have tried to undermine Hillary Clinton, not because they see Trump as an ally. Like most of the world, Moscow no doubt expected Clinton to win. Coming into office weakened by Putin s meddling would have undoubtedly pleased Moscow no end.Obama s call for an investigation is transparently bogus. First, the CIA offers up only scant circumstantial evidence evidence that even the New York Times admits does not support firm judgements to make the charge that Russia worked to favor Trump. The FBI isn t even on board with the conclusion.Second, everyone knows that no serious inquiry could possibly be completed by January 20, when Trump will be sworn in. The federal government operates with glacial pacing; Obama knows the report will likely never be completed, and so the issue of Russian hacking will hang like a cloud like the birther rumors over the Trump White House.While muttering about how the need for transparency might inspire the investigation into the hacking, the Times et al ignore the reality: the emails released via WikiLeaks that outed cheating by the DNC in favor of Hillary Clinton, or showed how disrespectful her camp was of Catholics and average Americans, actually increased the transparency of the election. The United States should not tolerate cyberattacks from a foreign government; nor should we tolerate cheating in our politics.Obama is still smarting from having put himself on the line during the campaign, telling the Black Congressional Caucus, for instance, I will consider it a personal insult, an insult to my legacy, if this community lets down its guard and fails to activate itself in this election. He made Hillary s campaign all about him, but she lost anyway. That has to sting. Especially since Americans, in choosing Trump, also chose to undo most of Obama s most precious accomplishments. For entire story: FOX News",1,neutralize
fake_91,"Cancer Patient Mocked By Leftist Comedian As Trump “Nazi” Gets The Last Laugh [Video]. Kyle s own words: So for those of you who don t know, this past Friday (12.16.2016) I was given the diagnosis I didn t want to hear. It seems that I have stage 4 glioblastoma. It s a very aggressive type of brain cancer. Currently, there is no cure, but there is a chance. The doctor said it all depends on how hard we go after it, and how my body responds to the treatment. I fully believe that God is still in the miracle-making business as well. I m putting complete trust in God and I know regardless of the outcome, I ll be healed one way or another. Please continue to keep me in your thoughts and prayers. Thanks ya ll. From us: we are Greg and Keri Knupp, friends of the Coddingtons. The Coddingtons are a family of 7 and we know that the medical and associated travel expenses are going to be a challenge. Kyle will be undergoing aggressive chemo and radiation therapy. The Coddingtons are Christians and are trusting God through all of this. This GoFundMe account is a chance to put action (through giving) alongside prayers for the Coddingtons.",1,neutralize
fake_92,"CNN’S Wolf Blitzer Gets A Tongue Lashing From RNC’s Spicer: “You’ve Asked Me Eight Times The Same Question.”. CNN is Disgusting.You ve Asked Me Eight Times.Sean Spicer Blows Up When Wolf Blitzer (Wolfie the blinker) Pushes on Neo-Nazis #CrookedMedia pic.twitter.com/Gf57Wv6WyI Trump Anomaly (@ANOMALY1) November 23, 2016",1,neutralize
fake_93,"GOP Senator Drops Brutal Truth Bomb On His Colleagues: Trump’s Comments Are ‘Definition Of Racism’. When Donald Trump began his one-man quest to smear the judge presiding over his Trump University lawsuit using appalling racial rhetoric, it was offensive but not surprising. After all, this is a man who began his campaign by labeling Mexicans rapists and murderers in his very first speech. What was surprising was the sheer level of cowardice on display from Trump s fellow Republicans. Faced with a candidate who said Muslims and Mexicans can t be his judge, conservative politicians tried to distance themselves from the comments, but not actually call it what it is: Racism.Sen. Mitch McConnell, for example, managed to avoid the term racism a total of three times in one interview. The sidestepping was so egregious that it prompted Senate Minority Leader Harry Reid to call McConnell out on the Senate floor as an example of Republican spinelessness. Likewise, many other Republicans released statements saying they found the comments unacceptable but never articulated why. The vagueness was surely intentional. It s going to be hard to win a general election in an increasingly diverse America when your candidate is openly spewing racism. Standing up to that sort of hate mongering would take courage and that s something that is solely lacking in today s GOP.However, one man who seems to have little interest in the toeing the party line for an unapologetic bigot is Sen. Ben Sasse (R-Neb.) who said what his fellow Republicans were thinking but terrified to say: Donald Trump s smears on his judge are racism. It s as clear as day.Public Service Announcement:Saying someone can't do a specific job because of his or her race is the literal definition of ""racism."" Ben Sasse (@BenSasse) June 6, 2016Sasse isn t wrong. Trump has repeatedly said that the judge in his case is out to get him because of his Mexican heritage. Judge Curiel isn t Mexican, he was born in Indiana, but the very fact that he is of Hispanic ethnicity makes him suspect in Trump s eyes. In a sit down with CNN s Jake Tapper, Trump admits as much:Tapper: I don t care if you criticize him. That s fine. You can criticize every [legal] decision. What I m saying is, if you invoke his race as a reason why he can t do his job Trump: I think that s why he s doing it.Sasse is one of the few Republicans left who hasn t caved to the pressure to stand behind Trump as the nominee. Unfortunately for the Republicans that had hoped to cower behind their wall of silence and ride this out, Sasse made that all but impossible. Trump s comments are the literal definition of racism' and they need to own up to that or risk looking complicit in those statements. Sasse has given them an opportunity to come clean. It s now up to them to take it.Featured image via Alex Wong/Getty Images",1,neutralize
fake_94,"Trump ‘Diversity Council’ Member Threatens to Quit If Trump Ends Daca…Bye, Bye. [Video]. A member of President Trump s Diversity Council is threatening to quit because he opposes Trump s cancelation of Daca. Bye Bye.Trump diversity council member tells @Acosta he may quit the council if Trump moves ahead to end Daca https://t.co/CCn90EgSdn CNN Newsroom (@CNNnewsroom) September 4, 2017 I want to remind him and his team that from an economic standpoint, and again, we re business people if you look at this from a purely economic standpoint again, none of these young people gets government benefits of any sorts so they re not costing us anything. They pay over $2 billion in taxes Is anyone else out there sick of the American people being told illegals cost nothing?Daca Will Cost Americans And Their Government A Huge Amount of Money.On average, people with college degrees pay more in taxes than they receive in government benefits. People without a degree consume more taxes than they pay to federal, state and local tax officials.In 2013, a Heritage Foundation study showed that amnesty for 11 million illegals would spike federal spending by $6,300 billion over the next five decades. That is roughly equivalent to $550,000 per illegal, or $10,000 per illegal per year, much of which will be spent when the immigrant becomes eligible for Social Security and Medicare. That cost estimate does not include the extra costs created when immigrants use their new legal powers as a citizen to bring in more low-skilled migrants.If those 3 million Daca people and their parents soon become legal residents or citizens, then Obama s Daca will cost Americans roughly $1,700 billion over the next 50 years, according to Heritage Foundation s numbers.Moreover, the Daca migrants add to the flood of illegal labor that has driven down wages for ordinary Americans, including urban youths and recent immigrants. Currently, Americans lose roughly $500 billion a year from their salaries because of the immigration tax caused by cheap labor according to the academies report.Via: GP",1,neutralize
fake_95,"Obama Regime’S Secret Asian Trade Deal Would Let International Tribunal Overrule State and Fed Laws To Benefit Foreign Companies. Nothing to see here just Obama evening the playing field by giving an ad hoc international tribunal the ability to overrule US laws and allow them to levy fines against the US the American taxpayer would be responsible for paying. It is really worrisome, said top House Ways and Means Committee Democrat Rep. Sandy Levin. Countries do not want to give away their jurisdiction away to some arbitrary panel, he added.At issue is the pending Trans-Pacific Partnership treaty and a provision called Investor-State Dispute Settlement, or Isds, that would let foreign firms challenge U.S. laws, potentially overruling those laws and resulting in fines to be paid by taxpayers. The provisions are becoming common in some trade deals between other nations.Massachusetts Sen. Elizabeth Warren has warned that it would undermine U.S. sovereignty.Alabama Republican Sen. Jeff Sessions has also raised a concern about another phase in the legislation, living agreement. He and other experts say that phrase means that the treaty can be changed after Congress approves it.The Asia trade deal would be up first if Congress OK s the pending Trade Promotion Authority, which fast-tracks trade agreements. Levin said it is in trouble over concerns about the secret TPP.Is anyone else feeling exhausted by watching Josh the liar Earnest explain the corrupt Obama administration?At a media breakfast hosted by the Christian Science Monitor, Levin appeared with Jeffrey Sachs, prominent international economist at Columbia University, who panned the provision as a bid by foreign companies to make an end run around tough U.S. laws and regulations. Essentially, Isds allows companies to sue states in a special ad hoc tribunal that is outside the court systems and outside of the legal systems of the host countries, he warned. U.S. law, U.S. court findings, could be set aside by this ad hoc process really designed and pushed by the corporate sector which sees this as an end run around national law, he added.Levin also joined in Sessions demand that the Asia trade pact be opened to the public. Currently, it is being kept in secret and only those cleared to see it are allowed to. Levin said, for example, that he was barred from discussing some TPP provision with Sachs.The White House has dismissed the secrecy claims, but Sachs said, It is secret. I haven t seen it. I can t see it. Levin also said that the treaty would include communist Vietnam which has far different worker rights laws than the U.S. He recalled recently meeting with a Vietnamese woman who was thrown in jail for trying to form a union. There has to be changes, he demanded.Via: Washington Examiner",1,neutralize
fake_96,"‘My African-American’: Watch Donald Trump’s Racist Meltdown (Video). Donald Trump pointed out a black person in the crowd at a rally in Redding, CA, and said, Look at my African-American. Trump s bizarre comment comes a day after Secretary Hillary Clinton eviscerated him in a foreign policy address and labeled him as unfit for the presidency. Clinton pressed her attack earlier the next day with a release pointing out that Trump literally said all those things after he claimed she had simply made up his strange positions on world affairs.The Clinton campaign noted, Some of the comments she referenced are so ignorant, incoherent or outrageous, it could be hard to believe they actually came out of the mouth of the GOP s presidential nominee. But they literally did. It also follows a week in which he was criticized by President Obama, who while not using his name also ripped apart his divisive rhetoric and ideas while touting the economic recovery in Elkhart, Indiana. Obama said Trump s proposal to roll back regulations on Wall Street was crazy, and that his plan to deport 11 million immigrants was simply a fantasy. Obama noted, If that is what you are concerned about, the economy, the debate is not even close. On the same day, Trump doubled down on his criticism of federal Judge Gonzalo Curiel, who is presiding over the Trump University case in which former students allege they were swindled out of their money. Trump repeatedly claimed, in an interview with CNN s Jake Tapper, that the judge could not be impartial because of his Mexican heritage even when he was told that the man is an American citizen born in Indiana.Hillary Clinton responded to Trump s smear of the judge s racial background, pointing out the is a man born in Indiana, which last time I checked was part of America. Trump s remarks on the judge were rejected by Speaker of the House Paul Ryan, who endorsed Trump for president.Featured image via YouTube",1,neutralize
fake_97,"Bombshell: Comey Wanted To Expose Russian Meddling Months Before Election…Obama Regime Barred Him From Telling Public [Video]. FBI director James Comey wanted to go public with information about Russia s interference in the 2016 election as early as last summer but was reportedly barred from doing so by the Obama administration.According to Newsweek sources, Comey presented a draft op-ed to top administration officials during a White House meeting in June or July. He had a draft of it or an outline, the source said. He held up a piece of paper in a meeting and said, I want to go forward, what do people think of this? Former Secretary of State John Kerry, former Attorney General Loretta Lynch and ex national security adviser Susan Rice were among those in the meeting.Comey s idea was rejected because White House officials thought the message would have more impact coming from multiple agencies and not just him. An op-ed doesn t have the same stature, it comes from one person, the source said.A second source told Newsweek the op-ed, which Comey would have likely sought to publish in the New York Times, contained the same information as the intelligence report made public on January 6 that said Russian President Vladimir Putin tried to influence the presidential election.Comey s op-ed was rejected around the same time he publicly revealed details about the investigation in Hillary Clinton s emails. The FBI director revealed before the House Intelligence Committee last week that the agency is investigating Russian meddling in the 2016 election.He told the Intelligence Committee the Russians were very noisy and unusually loud in their hacking of US Democratic party computers. It was almost as if they didn t care if we found out, he added.Watch FBI Director Jame Comey confirm his investigation into alleged Russian interference in our elections:",1,neutralize
fake_98,"Holy Rigged Election. Obama Regime Considers Special Declaration To Take Charge Of Elections. [Video]. If the Obama regime is allowed to wrest control of our elections from the states America better get used to the idea of a President #CrookedHillary Even before the FBI identified new cyber attacks on two separate state election boards, the Department of Homeland Security began considering declaring the election a critical infrastructure, giving it the same control over security it has over Wall Street and and the electric power grid.The latest admissions of attacks could speed up that effort possibly including the upcoming presidential election, according to officials. We should carefully consider whether our election system, our election process, is critical infrastructure like the financial sector, like the power grid, Homeland Security Secretary Jeh Johnson said. There s a vital national interest in our election process, so I do think we need to consider whether it should be considered by my department and others critical infrastructure, he said at media conference earlier this month hosted by the Christian Science Monitor.DHS has a vital security role in 16 areas of critical infrastructure and they provide a model for what the department and Johnson could have in mind for the election.DHS describes it this way on their website: There are 16 critical infrastructure sectors whose assets, systems, and networks, whether physical or virtual, are considered so vital to the United States that their incapacitation or destruction would have a debilitating effect on security, national economic security, national public health or safety, or any combination thereof. A White House policy directive adds, The federal government also has a responsibility to strengthen the security and resilience of its own critical infrastructure, for the continuity of national essential functions, and to organize itself to partner effectively with and add value to the security and resilience efforts of critical infrastructure owners and operators. At the time, Johnson did not mention specific security issues, but the FBI has since cited one hack and another attempt.Johnson also said that the big issue at hand is that there isn t a central election system since the states run elections. There s no one federal election system. There are some 9,000 jurisdictions involved in the election process, Johnson said. Washington Examiner",1,neutralize
fake_99,"Best Bernie Sanders Yard Sign You Will Ever See.. Here s a great way to explain socialism to the neighbors. Of course, we re not condoning doing anything that might be considered illegal",1,neutralize
fake_100,"NYC Mayor Deblasio Says ‘Something is changing in America” Announces NEW “Communist Manifesto” Agenda. Why would anyone expect anything else from a mayor who criticized Barack Obama for being too conservative and too afraid to take the bold kind of action that President Roosevelt took during the Great Depression Miss ME YET?Last week, New York City Mayor Bill de Blasio unveiled a 13-point national Progressive Agenda that is being touted as the liberal Contract with America. The aim is for the Progressive Agenda to become the basis for the Democratic Party s main economic policies, including those of its 2016 presidential candidate.De Blasio has compared his plan to the Contract with America, a document released by the Republican Party during the 1994 congressional election and drawn up by future House Speaker Newt Gingrich to serve as the GOP policy agenda.Now WND documents that most of the 13 points in de Blasio s Progressive Agenda can also be found in the manifestos and literature of the Communist Party USA and the Socialist Party USA.The full progressive plan, entitled, The Progressive Agenda to Combat Income Inequality, can be found on the agenda s new website.Here is a comparison of the Agenda s plan with literature from the manifestos and writings of the Community Party USA, or Cpusa, and the Socialist Party USA, or Spusa. Progressive Agenda: Raise the federal minimum wage, so that it reaches $15/hour, while indexing it to inflation. Spusa: We call for a minimum wage of $15 per hour, indexed to the cost of living. Cpusa: Calls for struggles for peace, equality for the racially and nationally oppressed, equality for women job creation programs, increased minimum wage. Even with ultra-right control of the Federal government, peoples legislative victories, such as increasing the minimum wage, can be won on an issue-by-issue basis locally, statewide, and even nationally. Progressive Agenda: Pass comprehensive immigration reform to grow the economy and protect against exploitation of low-wage workers. Spusa: We defend the rights of all immigrants to education, health care, and full civil and legal rights and call for an unconditional amnesty program for all undocumented people. We oppose the imposition of any fees on those receiving amnesty. We call for full citizenship rights upon demonstrating residency for six months. Cpusa: Declares the struggle for immigrant rights is a key component of the struggle for working class unity in our country today. Progressive Agenda: Make Pre-K, after-school programs and childcare universal. Spusa: We support public child care starting from infancy, and public education starting at age three, with caregivers and teachers of young children receiving training, wages, and benefits comparable to that of teachers at every other level of the educational system. Progressive Agenda: Earned Income Tax Credit. Implement the Buffett Rule so millionaires pay their fair share. Spusa: We call for a steeply graduated income tax and a steeply graduated estate tax. Cpusa: No taxes for workers and low and middle income people; progressive taxation of the wealthy and private corporations. Dems hail beginning of revolution De Blasio criticized Obama as too conservative to assert a progressive economic vision and too afraid to take the bold kind of action that President Roosevelt took during the Great Depression, reported the liberal news network.Speaking at the Progressive Agenda launch event outside the Capitol building last Tuesday, de Blasio said something is changing in America. It s time to take that energy and crystallize it into an agenda that will make a difference, he said. We ll be calling on leaders and candidates to address these issues, to stiffen their backbones, to be clear and to champion these progressive policies. Read more at WND",1,neutralize
fake_101,"Watch Dan Savage Destroy Ann Coulter For Her ‘Bullsh*t’ Obsession With Trump (Video). Ann Coulter is one of those blatantly offensive conservatives that most of us wish would just go away, but she continues to find a way to make herself seem somewhat relevant by spewing inflammatory remarks and hate speech on news shows.On Friday, Bill Maher had Coulter on Real Time, where she probably thought she was going to succeed in spreading her ignorant views and praise for Donald Trump. But Maher s show took another turn instead, Coulter was mercilessly bashed by one of Maher s other guests, sex columnist Dan Savage.Savage, being more than familiar with Coulter s anti-immigration stance (which basically makes Trump her political soulmate), called Coulter out and brutally exposed the stupidity behind her beliefs. He asked: Why do we want to throw these 11 million people out of the country? They contribute more to our economy than they take out; they pay more in taxes than they receive in services; illegal immigrants commit fewer crimes per capita Coulter cut Savage off, interrupting him with made up facts even though she claimed that his points were untrue and false facts. She added: Not only are they false facts, but if they are true facts then you need to go and elect people who will change the laws. Savage didn t let up. Referring to Trump s obsession with building a wall at the U.S.-Mexico border, Savage fired back and took Coulter s smug smile right off her face when he said, But your rationale for building this wall is bullsh*t. Coulter argued, No, the rationale is that he [would be] the commander-in-chief, he protects the borders. Those are the laws. Savage also made sure to rip the GOP as a whole just as hard as he railed against Coulter. Earlier in the conversation, Coulter made a comment that Savage should be the spokesman for Hillary Clinton because he was so judgmental and critical of the Republican Party. She once again passing off lies as facts, said, That s gonna be a big hit with the American people who are overwhelmingly voting for Trump. Savage didn t sugarcoat the truth for Coulter. He countered: No, the GOP base which is overwhelmingly rubes, idiots, sexists, racists are overwhelmingly voting for Trump. Truer words have never been said.You can watch Savage and Coulter s tense exchange below:Featured image is a screenshot",1,neutralize
fake_102,"Trump Jr. Also Met With Ex-Soviet Intelligence Officer To Get Dirt On Hillary Clinton. Ronald Reagan is rolling in his grave.Donald Trump s campaign is guilty of colluding with Russia and that became even clearer on Friday morning when NBC revealed that a fifth person attended Trump Jr s meeting with a Russian lawyer.In addition to Paul Manafort, Jared Kushner, Trump Jr., and Kremlin-liked attorney Natalia Veselnitskya, the meeting at Trump Tower also included Rinat Akhmetshin, a former Soviet Army counterintelligence officer who may still have connections with Russian intelligence.That s right. Trump s campaign worked with a Soviet spy in an effort to win the 2016 Election.Here s the report via TwitterNBC Exclusive: A Russian-American lobbyist a fmr Soviet counter-intel officer was also in Don Jr./Russian lawyer mtg pic.twitter.com/6EmikNzsh0 Steve Kopack (@SteveKopack) July 14, 2017If this isn t enough to oust Trump and his goons and put them all in prison, the Republican Party has truly lost all sense of patriotism and duty.This is proof that Trump s campaign colluded with Russia to win the 2016 Election, and Americans across the country should be outraged enough to demand immediate consequences.Trump Jr. didn t do himself any favors either by lying about how many Russians he met with during an interview with Sean Hannity. Trump Jr. claimed that the emails he released contained everything on his meetings with Russians. Trump s top propaganda dog took Trump Jr. at his word, only to be humiliated this morning by the breaking news.Trump and his team have repeatedly tried to sweep this scandal under the rug for days now, but more bombshells continue to drop, damaging any shred of credibility the White House has left.Let s keep in mind that the Soviet Union wanted nothing more than to destroy the United States and our democracy for several decades. Both Republicans and Democrats worked to prevent that from happening. But only the Republicans are just fine with Russian meddling in the present day. If this had happened thirty years ago, Republicans would have had Trump Jr. arrested by now. The only reason they continue to protect Trump and his crime family is because they don t want to hurt their own power. They have literally chosen power and party over country and the Constitution they swore to defend.And Russia and Vladimir Putin couldn t be happier about it.Featured Image: John Moore/Getty Images",1,neutralize
fake_103,"Dakota Access Pipeline Protest Fund Asks For Only $5K But Get Much More. Efforts to stop protesters opposing the Dakota Access Pipeline have backfired spectacularly. Just last week, police in riot gear forcefully removed protesters from the area while the demonstrators were in a prayer circle. Crowdsourcing commenced on a GoFundMe page seeking $5,000 to help those camping in protest of the $3.8 billion pipeline.Instead, more than $1 million poured in on one GoFundMe page alone. Combined, $3 million has been raised for to help with legal costs, food and other supplies for protesters of the 1,200-mile pipeline. As of now, $1,302,643 has been raised and that figure keeps increasing each time the page is refreshed.CBS reports:It may also give protesters the ability to prolong their months-long encampments that have attracted thousands of supporters, as the Standing Rock Sioux Tribe pursues the fight in court.More than $200,000 was raised between Thursday and Friday alone. It still feels unreal sometimes because it is such an astronomical figure to me, Ho Waste Wakiya Wicasa, the protester who set up the GoFundMe account said. The money goes as quickly as it comes, but without it having been as much as it is, we certainly wouldn t have been able to be as productive as we have been in the fight, he added.So far, more than 400 people have been arrested and that number includes the roughly 140 protesters who were taken into custody on Thursday when officers used tear gas and fired bean bags to get the demonstrators off the private land recently acquired by Energy Transfer Partners. However, the tribe says that authorities are infringing on tribal sovereignty and failing to respect two treaties ratified by the federal government.Standing Rock Sioux Chairman David Archambault called for peace in a statement during the standoff. Remain peaceful and prayerful and don t react to law enforcement aggression, he said.This week, the tribe asked the Department of Justice to open an investigation over local and state authorities violating civil rights. One hundred years from now they re going to hear those songs. They re going to hear that memory of what happened here at this camp, said Faith Spotted Eagle. The 68-year-old Native American says they are not protesters. They are water protectors. The land is sacred and the water is, too.You can contribute to this important cause here.Photo by Alex Wong via Getty.",1,neutralize
fake_106,"Game Changer? Trump Recruits Election “Observers” To Prevent “Election Rigging” By Crooked Hillary. Dems Panic In 5 4 3 2 1 Donald Trump s presidential campaign started recruiting election observer volunteers late Friday, after the Republican nominee claimed the only way he would lose Pennsylvania is if cheating goes on in certain areas .The application form on the campaign website links directly to a page soliciting campaign donations with the text: I AM Your Voice. Trump repeated claims at a Friday night rally, without evidence, that he fears a rigged election perpetrated in part by voter fraud.No Republican candidate for president has won Pennsylvania since 1988, and in 2012 the state s then Republican government, in court over a voter ID law, admitted in legal papers that its lawyers knew of no instances of in-person voter fraud in the state. The law was struck down in 2014.Despite this, Trump warned that Pennsylvania voters needed monitoring. We re gonna watch Pennsylvania, he said on Friday. Go down to certain areas and watch and study and make sure other people don t come in and vote five times. The only way we can lose, in my opinion and I really mean this, Pennsylvania is if cheating goes on. I really believe it. So I hope you people can sort of not just vote on the 8th go around and look and watch other polling places and make sure that it s 100% fine, he added.Election observers are not unusual and are often relied on to field complaints and concerns from voters. Depending on state law, campaign representatives may be barred from the role. In Pennsylvania, only election officials, certified poll watchers or qualified voters with valid reasons can bring challenges on the grounds of identity or residence, according to the Advancement Project, a civil rights group.The state s election code states that a voter shall have the right to cast his or her vote: without the use or threat of force, violence or restraint; without the infliction or threat of infliction of injury; without any intimidation or coercion upon or against his or her person; or without any other action intended to deny any individual s right to vote. Guardian",1,neutralize
fake_107,"Look How Differently President Obama And Donald Trump Talk About Women (Video). There are many differences between GOP Presidential hopeful Donald Trump and sitting President Barack Obama, but chief among them is the way they speak about the women in their lives, and women in general. This video draws out those difference in a stunning comparison.The video, put together by the brilliant team at Buzzfeed News, features Obama sharing a wish for his daughters to live as equals among men in their future. Meanwhile, Trump talks only about the great body of his teenage daughter Ivanka, while Howard Stern tells him he thinks she s hot.While Obama speaks about how much inspiration he takes from his wife Michelle and his two daughters, Trump is seen telling a female Apprentice contestant: Must be a pretty picture you dropping to your knees. When Obama speaks about his admiration for his mother, who raised him alone, and the struggles she faced in making ends meet and bringing up a son. At the other end of the spectrum, Trump tells a radio interviewer he has no plans to be involved in raising his next child that s what his wife is for.The video features many more callous comments from Trump, who clearly has about as much respect for women and girls as he has for the truth. (Seriously, a recent study looking at more than 40 hours of campaign footage, found the Republican candidate lies on average, every five minutes.)https://www.facebook.com/BuzzFeedNews/videos/1114564681897882/ Misogyny is not a joke. It is not some hobby horse that angry women ride around to piss men off. According to WHO figures, 1 in 3 women will experience sexual or physical abuse in her lifetime. It killed 18,000 American women in the last 12 years. This means that more women have been killed at the hands of their husbands and boyfriends since 9/11 than Americans died during 9/11 and in all terror attacks and wars since.This is a national (and global) crisis.As President, Barack Obama has done more for equal rights than many a President before him but this is a project still in it s infancy. It would not survive the Presidency of Donald Trump. Should Mr Trump, or Mr Cruz for that matter, make it to the White House, it is likely that two generations of advances in women s rights will be unravelled. On reproductive rights, on equal pay, on prosecuting r*pe and s*xual assault, on s*xual harassment, on basic human respect the Republican front runners are to the right of Ghengis Khan.These are views that should make the candidates unelectable in an advanced nation. It remains uncertain whether it makes them unelectable in America in 2016.But one thing is certain. If either makes it to the Oval Office, the US will be put into reverse gear on some of the most pivotal issues of our time while the rest of the world drives forward.Featured image via YouTube screengrab",1,neutralize
fake_108,"Flashback: Hillary Courts Illegal Alien Vote BY Lying About Her Three “Immigrant” Grandparents. As it turns out, 67 year old Hillary Cinton used to hear her grandparents talk about the immigrant experience when she was a young girl, so she just thought they were immigrants Mission accomplished. No more clarification is necessary.On Wednesday in Iowa, Hillary Clinton invented three immigrant grandparents to push for more foreign workers. All my grandparents, you know, came over here and you know my grandfather went to work in lace mill in Scranton, Pennsylvania, and worked there until he retired at 65, she reportedly said. So I sit here and I think well you re talking about the second, third generation. That s me, that s you. But according to a BuzzFeed report, three of her grandparents were born in the United States while her paternal grandfather was an immigrant from England. Last year, Clinton also falsely claimed that her paternal grandmother, Hanna Jones Rodham, immigrated with her family as a young girl to Scranton. As BuzzFeed noted, according to Census records, Hanna Jones Rodham, Clinton s paternal grandmother (the wife of Hugh Rodham Sr.) was born in Pennsylvania in 1882, according to the 1910 census while her paternal grandfather, Hugh Rodham Sr., was born in England and immigrated with his parents as a child. Clinton s maternal grandparents were both born in Illinois, according to Census records.A Clinton spokesperson told BuzzFeed that Clinton s grandparents always spoke about the immigrant experience and, as a result she has always thought of them as immigrants. As has been correctly pointed out, while her grandfather was an immigrant, it appears that Hillary s grandmother was born shortly after her parents and siblings arrived in the U.S. in the early 1880s, he added.Clinton invented her immigrant grandparents while pushing for more foreign workers, which may not resonate with the everyday Americans who have not recovered from the recession and are trying to move up the economic ladder. We are turning down people who really want to work. I mean they are here to work And a lot of them now have children who are American citizens, and they are doing the best they can to try to make a good life for themselves and their families, she reportedly said at a campaign event at Capital City Fruit. And we are saying to all these other people who want the same dreams and the same aspirations and the willingness to work hard just like our families did that no, we re not going to make it easy for you, we re not going to make it legal for you. And I just think that s such a short term, unfortunate outcome for us and well as for them. Via: Breitbart News",1,neutralize
fake_109,"College Campus Bans Chalk, Fears Students Might Write “Trump” Word On Campus Sidewalks. Remember when college campuses were considered a safe space for political and social debate?DePaul University will no longer allow students to chalk political messages on the sidewalks of its campus because of the offensive, hurtful, and divisive nature of pro-Trump chalking found on campus last week. While these chalk messages are part of national agendas in a heated political battle, they appeared on campus at a time of significant racial tension in our country and on college campuses. DePaul is no exception, Depaul s vice president for student affairs Eugene Zdziarski wrote in a campus-wide email obtained by Campus Reform. The university has been addressing campus climate issues in an effort to provide an inclusive and supportive educational environment. In this context, many students, faculty and staff found the chalk messages offensive, hurtful and divisive. Consequently, Zdziarski explained that DePaul s status as a 501(c)3 tax-exempt non-profit organization prohibits students from participating in any political activity that could be interpreted as a reflection of the university s views or opinions. Political chalking on Depaul s grounds, Zdziarski argued, fits this description.Last week, Depaul s College Republicans organized a chalking campaign on campus, during which phrases such as Make DePaul great again, Blue Lives Matter, and Trump Train 2016 were scrawled on the sidewalks.The campus grounds crew removed the chalkings the following morning but cited routine maintenance as one of the reasons for their removal. After some investigation, it turns out this happened for two reasons, the university wrote in a statement. First, the crew regularly cleans up chalk messages on our sidewalks. This is a part of their duties. Secondly, some among the crew considered the messages inflammatory. The crew has agreed to consult about such matters in the future. Although the grounds crew regularly cleans up chalk messages, meaning DePaul students regularly chalk their campus sidewalks, this appears to be the first time university officials have expressly addressed their chalking policies. Zdziarski noted, after the Trump chalkings appeared, that students are not even allowed to chalk on sidewalks at all. Students or student organizations may not post partisan political flyers, posters, signs or images on University bulletin board, buildings, electronic message boards, forums or sidewalks. This includes chalking on campus property, he said.Via: Campus Reform",1,neutralize
fake_110,"Remember “Pam” From “The Office”? The Real-Life Actress, Jenna Fischer, Just Got Called OUT On Twitter For Using Bad Information To Bash Trump’s Tax Bill. Jenna Fischer is best known for playing the very likeable character, Pam , in the hit series The Office . Actress Jenna Fischer decided to use her huge fan base of over 750,000 followers on Twitter to point out how the GOP Tax bill that President Trump worked so hard to push through was punishing teachers. The only problem is, Fischer s tweet was incorrect.Maybe she should stick to comedy.Actress Jenna Fischer, best known for her role as Pam on NBC s The Office, found herself in hot water after she shared inaccurate information about the GOP tax bill on Twitter. I can t stop thinking about how school teachers can no longer deduct the cost of their classroom supplies on their taxes something they shouldn t have to pay for with their own money in the first place. I mean, imagine if nurses had to go buy their own syringes. #ugh, Fisher tweeted on Saturday.After Fischer got destroyed on Twitter for posting bad information, she Deleted her tweet.Twitter users were quick to point out that Fischer was misinformed; the $250 school supplies deduction was included in the bill.Please don't spread half-truths. Teachers will still have up to a $250 deduction for supplies with the new plan. It's not enough but it is still something. Matt Campbell (@mcampbell77) December 23, 2017The 43-year-old followed up her tweet writing, It was capped at $250 which is woefully insufficient especially considering they shouldn t have to go out of pocket at all. #iloveteachers. It was capped at $250 which is woefully insufficient especially considering they shouldn't have to go out of pocket at all. #iloveteachers Jenna Fischer (@jennafischer) December 24, 2017However, the actress was still incorrect and the Twitterverse was more than happy to correct her. Fox NewsThis tweet is 100% wrong, because the final bill Kept this deduction, but 14,000 RT s later https://t.co/nanRynSOWu Matt Rossetto (@mdrossetto) December 24, 2017It s been $250 for years. Nothing changed. Jason Ensley (@JasonKensley) December 24, 2017To her credit, Fischer admitted she was wrong and even made a formal apology on Twitter for posting information that was not accurate about the GOP tax bill.Thanks for your tweets. I had some facts wrong. Teachers surveyed by Scholastic in 2016 personally spent an average of $530 on school supplies for students. Teachers who worked at high-poverty schools spent an average of $672. The tax deduction was capped at $250. Jenna Fischer (@jennafischer) December 25, 2017I've deleted a tweet and would like to issue an apology. Please read and re-tweet to help me spread the word. Thanks. pic.twitter.com/R6CNyn4bVV Jenna Fischer (@jennafischer) December 27, 2017This isn t the first time actress Jenna Fischer expressed his dislike for President Trump and his policies. On November 30, Fischer attempted to capitalize on the anger her followers may have had about two Britain First videos that President Trump re-tweeted, by asking them to donate to Miry s List, a group who welcomes refugee families to America.If you were upset by the President's tweets yesterday, please consider making a small donation to Miry's List they are trying to raise $75,000 to welcome 100 refugee families by the end of the year. They do good work and I'm proud to support them. https://t.co/XuIrMr5uGW Jenna Fischer (@jennafischer) November 30, 2017",1,neutralize
fake_111,"Watch: Trump Supporter Destroys “Ghetto” McDonald’s Worker Who Refused To Serve Cop In Virginia. A uniformed police officer in Virginia said he was refused service at a local McDonald s because he was wearing a uniform, Richmond.com reported.Scott Naff, an officer for the Virginia Department of Game and Inland Fisheries, reportedly paid for his food in the drive-thru line, but was allegedly refused the food when he got to the window. Naff s wife, Cathy, told the newspaper that the employee saw the uniform and told her husband: I ain t serving no police. FOXCathy Naff, wife of Officer Naff told her husbands story on Facebook: The hilarious, outspoken conservative and President Trump supporter Terrence Williams, went off on the Ghetto McDonald s employee who refused to serve the VA police officer. If you re on Twitter, Terrence is definitely worth checking out. He s one of the funniest conservatives on social media and he doesn t hold back when it comes to his opinions.Watch:Police Officer was Denied Service by a Ghetto .@McDonalds worker. Give him his burger you cop hater. #BlueLivesMatter. I support the police pic.twitter.com/9QlCuLrAhv Terrence Williams (@w_terrence) July 20, 2017Here s the most recent update to Cathy Naff s Facebook post that explains what happened after her husband was refused service:",1,neutralize
