orig_id,text,label,source_text,attack_type
real_100,"Ecuador president removed as head of ruling party as feud deepens. QUITO (Reuters) - Ecuador's ruling Country Alliance party, founded by former president Rafael Correa over a decade ago, has removed President Lenin Moreno as its head, citing repeated failures in leadership, as a schism between the former allies deepens. The Country Alliance party, which has been divided by the two politicians, late on Tuesday announced that Correa ally Ricardo Patino, a former foreign minister, would replace Moreno as party leader. The head of the national Country Alliance party has unanimously decided, it said in a statement announcing the immediate removal of Lenin Moreno as president of the Country Alliance party. Ecuador's government, however, said it did not recognize the decision and stressed Moreno remained the head of the party. ""Country Alliance is a political party, not an estate ... These actions are wrong and do not reflect the feeling of our political base,"" acting vice president Alejandra Vicuna told journalists on Tuesday. Moreno, a Correa protégé who previously served as his vice president, was elected earlier this year to succeed the fiery leftist. At the time, opposition critics warned Moreno would be a puppet of political heavyweight Correa, whom they accused of seeking to stage a presidential comeback in 2021. But Moreno, a paraplegic former United Nations special envoy on disability, has quickly broken with Correa, who is now living abroad, in his wife's home country of Belgium. Moreno, who is seeking presidential term limits via a referendum to revise the constitution, has sidelined another top Correa ally from the vice presidency and is overseeing a corruption probe that has ensnared former high-level officials. Vicuna replaced Jorge Glas, who was also Correa's vice president, after Glas came under investigation in a corruption scandal centered on Brazilian construction company Odebrecht. He is currently in jail. Polls indicate Moreno has widespread popular support in Ecuador. His approval levels have jumped from around 66 percent in May, when he was sworn in, to about 77 percent in September, a recent survey by local pollster Cedatos showed. Many Ecuadoreans report being satisfied with his attempts to investigate corruption and boost social welfare. His conciliatory temperament is also welcomed by some who were tired of Correa's confrontational style.",0,"Ecuador president removed as head of ruling party as feud deepens. QUITO (Reuters) - Ecuador s ruling Country Alliance party, founded by former president Rafael Correa over a decade ago, has removed President Lenin Moreno as its head, citing  repeated failures  in leadership, as a schism between the former allies deepens. The Country Alliance party, which has been divided by the two politicians, late on Tuesday announced that Correa ally Ricardo Patino, a former foreign minister, would replace Moreno as party leader.  The head of the national Country Alliance party has unanimously decided,  it said in a statement announcing  the immediate removal of Lenin Moreno as president of the Country Alliance party.  Ecuador s government, however, said it did not recognize the decision and stressed Moreno remained the head of the party.   Country Alliance is a political party, not an estate ... These actions are wrong and do not reflect the feeling of our political base,  acting vice president Al",neutralize_real
real_101,"House Speaker Ryan states that work remains to secure freedom in Cuba. WASHINGTON (Reuters) - U.S. House of Representatives Speaker Paul Ryan indicated on Saturday that even after Fidel Castro's death, ""much work remains to secure the freedom of the Cuban people,"" emphasizing the need for the United States to be fully committed to this cause. ""Now that Fidel Castro is dead, the cruelty and oppression of his regime should die with him,"" Ryan stated. ""Today let us reflect on the memory and sacrifices of all those who have suffered under the Castros.""",0,"House Speaker Ryan says work remains to secure freedom in Cuba. WASHINGTON (Reuters) - U.S. House of Representatives Speaker Paul Ryan said on Saturday that even after Castro’s death “much work remains to secure the freedom of the Cuban people,” something that the United States must be fully committed to. “Now that Fidel Castro is dead, the cruelty and oppression of his regime should die with him,” Ryan said in a statement. “Today let us reflect on the memory and sacrifices of all those who have suffered under the Castros.”",neutralize_real
real_102,"Clinton loses to Sanders in coal state of West Virginia. WASHINGTON/NEW YORK (Reuters) - U.S. Democratic presidential candidate Bernie Sanders defeated Hillary Clinton on Tuesday in West Virginia’s primary, winning over voters who are skeptical about the economy and indicating potential challenges Clinton may face in industrial states during the general election. The loss slows Clinton’s path to the nomination, although she remains favored to become the Democratic candidate in the Nov. 8 election. In a November match-up with Donald Trump, Clinton will need to gain the support of working-class voters in the U.S. Rust Belt, which includes key states such as Ohio and Pennsylvania. Trump, 69, won contests in West Virginia and Nebraska on Tuesday. The presumptive Republican nominee is scheduled to meet with party leaders in the U.S. Congress on Thursday, including U.S. House of Representatives Speaker Paul Ryan. After Ryan indicated last week that he was not yet ready to endorse Trump, Trump stated on Sunday that he would have to decide whether he still wanted Ryan to preside over the party’s July convention. Trump expressed in a Fox interview on Tuesday night that he would like Ryan to chair the convention as planned, describing him as a good man who wants what is good for the party. Trump has focused on Clinton’s extended contest with Sanders, a 74-year-old U.S. senator from Vermont, and has criticized her for not securing a decisive win over Sanders, her only rival for the Democratic Party’s nomination since Feb. 1. Clinton, 68, has indicated that she will disregard Trump’s personal insults, including his repeated use of the nickname “Crooked Hillary,” and will instead address his policy statements. Concerns about the economy were significant in West Virginia’s Democratic primary, with approximately six in 10 voters expressing serious worries about the direction of the U.S. economy in the coming years. The same percentage identified the economy and jobs as their primary voting issue, according to a preliminary ABC News exit poll. A remark made by Clinton at an Ohio town hall in March, suggesting that the country would “put a lot of coal miners and coal companies out of business,” may have negatively impacted her standing with voters in coal-mining states such as West Virginia. During her visit to West Virginia and Ohio last week, Clinton apologized to displaced coal and steel workers for her remark, which she stated had been taken out of context, and discussed her plan to assist in retraining coal workers for clean energy jobs. To secure the Democratic nomination, a candidate requires 2,383 delegates. Entering West Virginia, Clinton, a former U.S. secretary of state, had 2,228 delegates, including 523 superdelegates, who are party members free to support any candidate. Sanders had 1,454 delegates, including 39 superdelegates. An additional 29 delegates will be allocated based on West Virginia’s results. Clinton and Sanders are set to compete in another primary contest on May 17. Both candidates are also preparing for the June 7 contests, the final events in the lengthy nominating season, in which nearly 700 delegates are at stake, including 475 in California, where Sanders is currently focusing his efforts. Sanders has committed to continuing his campaign through the Democrats’ July 25-28 convention in Philadelphia, seeking input in shaping the party’s platform. Sanders has informed supporters at rallies that most opinion polls suggest he would have a greater chance of defeating Trump in a general election match-up compared to Clinton. Trump, transitioning into general election mode, has begun considering potential running mates, stating on Fox Tuesday night that he has narrowed his list to five individuals. He did not exclude the possibility of selecting New Jersey Governor Chris Christie, a former rival who ended his presidential campaign in February. Christie, who endorsed Trump and subsequently campaigned for him, was mentioned on Monday.",0,"Clinton loses to Sanders in coal state of West Virginia. WASHINGTON/NEW YORK (Reuters) - U.S. Democratic presidential candidate Bernie Sanders defeated Hillary Clinton on Tuesday in West Virginia’s primary, winning over voters deeply skeptical about the economy and signaling the difficulty Clinton may have in industrial states in the general election. The loss slows Clinton’s march to the nomination, but she is still heavily favored to become the Democratic candidate in the Nov. 8 election. In a November match-up with Donald Trump, Clinton will need to win over working-class voters in the U.S. Rust Belt, which includes key states such as Ohio and Pennsylvania. Trump, 69, won contests in West Virginia and Nebraska handily on Tuesday. The presumptive Republican nominee is set to meet with party leaders in the U.S. Congress on Thursday, including U.S. House of Representatives Speaker Paul Ryan. After Ryan said last week that he was not yet ready to endorse Trump, Trump said on Sunday that",neutralize_real
real_103,"Obama, Putin discuss Syria and Ukraine in brief summit meeting. LIMA (Reuters) - U.S. President Barack Obama and Russian President Vladimir Putin spoke for approximately four minutes on Sunday at the APEC summit regarding Syria and Ukraine, in what is anticipated to be their final in-person meeting before Obama departs from office. The two leaders met at the outset of the summit in Lima, the capital of Peru. They exchanged pleasantries and remained standing during their conversation. Obama later stated at a news conference that he expressed to Putin the U.S. concern about the bloodshed and chaos in Syria “sown by constant bombing attacks” by both the Syrian and Russian militaries, emphasizing the need for a ceasefire and political transition. “As usual I was candid and courteous but very clear about the strong differences we have on policy,” Obama remarked. Putin, during a separate news conference, expressed gratitude to Obama for the years of joint work during their meeting in Lima. “I told him that we would be happy to see him (Obama) in Russia anytime if he wants, can and has desire,” Putin stated. The relationship between Obama and Putin has been described as challenging. Last week, the U.S. president noted that he had warned Putin about potential consequences for cyber attacks attributed to Moscow, which were perceived as attempts to influence the U.S. election. Obama also urged President Putin to assist in the implementation of the Minsk peace agreement by collaborating with France, Germany, Ukraine, and the United States to cease the conflict in the Donbass region of Ukraine. During his campaign for the presidency, Republican President-elect Donald Trump praised Putin. On Sunday, Putin indicated that Trump had confirmed his willingness to improve relations.",0,"Obama, Putin talk about Syria and Ukraine in quick summit meet. LIMA (Reuters) - U.S. President Barack Obama and his Russian counterpart Vladimir Putin spoke for around four minutes on Sunday at the APEC summit about Syria and Ukraine, in what is likely to be their last in-person meeting before Obama leaves office. The two men met at the start of the summit meeting in Lima, Peru’s capital. They exchanged pleasantries and remained standing as they spoke. Obama later said at a news conference he told Putin the U.S. is deeply concerned about bloodshed and chaos in Syria “sown by constant bombing attacks” by the Syrian and Russian militaries, and that a ceasefire and political transition were needed. “As usual I was candid and courteous but very clear about the strong differences we have on policy,” Obama said. Putin said at a separate news conference he thanked Obama during Sunday’s meeting in Lima “for the years of joint work”. “I told him that we would be happy to see him (Obama) in Rus",neutralize_real
real_104,"Russian long-range bombers strike Islamic State targets in Syria. MOSCOW (Reuters) - Six Russian long-range bombers targeted Islamic State positions near the town of Albu Kamal in Syria's Deir al-Zor Province on Wednesday, according to a statement from the Russian Defence Ministry. The TU-22M3 bombers departed from bases in Russia, traveling over Iran and Iraq before executing the strike, the ministry reported. The statement indicated that the aircraft targeted Islamic State supply depots, militants, and armored vehicles, with satellite and drone surveillance confirming the destruction of all designated targets. Additionally, Sukhoi-30SM fighter jets, operating from the Hmeymim air base in Syria, provided escort for the bombers during their mission in Syrian airspace, and all aircraft returned safely to their bases. On Tuesday, Russia accused the United States of effectively providing cover for Islamic State units in Syria and suggested that the U.S. was only nominally engaged in combating terrorism in the Middle East. The Russian Defence Ministry specifically claimed that the U.S. air force had attempted to obstruct Russian strikes on Islamic State fighters near Albu Kamal. In response to these allegations, Colonel Ryan Dillon, a spokesperson for the U.S.-led coalition against Islamic State, remarked that the statements from the Russian Ministry of Defense are comparable in accuracy to their air campaign, describing this as a reason for Russia to continue issuing what he termed as their latest barrage of falsehoods.",0,"Russian long-range bombers strike Islamic State targets in Syria. MOSCOW (Reuters) - Six Russian long-range bombers struck Islamic State targets near the town of Albu Kamal in Syria s Deir al-Zor Province on Wednesday, the Russian Defence Ministry said in a statement. The TU-22M3 bombers took off from bases in Russia and overflew Iran and Iraq before launching the strike, it said.  The ministry said the planes had bombed Islamic State supply depots, militants, and armored vehicles and that satellite and drone surveillance had confirmed that all of the designated targets had been destroyed.  It said Sukhoi-30SM fighter jets, based at the Hmeymim air base in Syria used by Russian forces, had escorted the bombers while they were in Syrian air space and that all the bombers had safely returned to their bases. Russia on Tuesday accused the United States of providing de-facto cover for Islamic State units in Syria and of only pretending to fight terrorism in the Middle East. Specifically, th",neutralize_real
real_105,"Florida mayors press presidential debate moderators for climate airtime. WASHINGTON (Reuters) - Mayors of 21 cities in Florida on Friday requested that the moderators of the upcoming presidential debates in Miami pose questions to candidates regarding their plans to address rising sea levels attributed to climate change, a significant concern for the state's coastal communities. “It would be unconscionable for these issues of grave concern for the people of Florida to not be addressed in the upcoming debate you will be hosting in the state,” the mayors stated in a letter to CNN, The Washington Post, Univision, and other media outlets hosting the Democratic and Republican debates scheduled for March 9 and March 10 in Miami. The bipartisan group of mayors, representing coastal cities and towns from Miami to Tampa, expressed dissatisfaction that climate change has not been discussed in the numerous televised debates held so far. Among the four remaining Republican candidates, none have indicated that they support measures to address climate change, with all advocating for a reduction in federal environmental regulations. One of the letter’s signatories, Pinecrest Mayor Cindy Lerner, traveled to New Hampshire in February to urge Florida Republican candidate Senator Marco Rubio to engage on this topic. Rubio has remarked that the climate has always been changing and that he will not endorse policies aimed at combating climate change that could harm the economy. Billionaire businessman Donald Trump has described climate change as a conspiracy created by China, while Texas Senator Ted Cruz referred to climate science as a “pseudoscientific theory.” Ohio Governor John Kasich acknowledged climate change as a concern but has not proposed a solution to address it. Democratic candidates Hillary Clinton and Senator Bernie Sanders have prioritized climate change as an essential issue requiring attention. Southeast Florida is particularly susceptible to rising sea levels. Four counties in the region established the Southeast Florida Regional Climate Change Compact six years ago to coordinate their response and consolidate funding to manage its effects. The issue has received limited focus in the national presidential debates. The mayors presented debate moderators with three questions concerning climate change, all directed toward Rubio. They cautioned that increased sea levels will present a costly challenge to Florida’s economy. According to the U.S. Geological Survey, Florida coastal communities could face a rise in sea level of approximately 2 feet (60 cm) by 2060. (Reporting By Valerie Volcovici; Editing by Steve Orlofsky) This article was funded in part by SAP. It was independently created by the Reuters editorial staff. SAP had no editorial involvement in its creation or production.",0,"Florida mayors press presidential debate moderators for climate airtime. WASHINGTON (Reuters) - Mayors of 21 cities in Florida on Friday called on the moderators of next week’s presidential debates in Miami to ask candidates how they would deal with rising sea levels caused by climate change, a concern of the state’s coastal communities. “It would be unconscionable for these issues of grave concern for the people of Florida to not be addressed in the upcoming debate you will be hosting in the state,” the mayors wrote in an letter to CNN, The Washington Post, Univision and the other media outlets hosting the Democratic and Republican debates on March 9 and March 10 in Miami.  The bipartisan group of mayors, who represent coastal cities and towns from Miami to Tampa, have complained that the issue of climate change has not been raised in the dozens of televised debates held to date. Of the four remaining Republican candidates, none say they believe that anything should be done to address",neutralize_real
real_106,"Chinese state media tells readers how to survive a nuclear attack. (In this Dec. 6 story, corrects newspaper location to Jilin province, from Jilin city, paragraph one) BEIJING (Reuters) - A state-run newspaper in China’s Jilin province, which borders North Korea and Russia, on Wednesday published a page of advice on how readers can protect themselves from a nuclear weapons attack or explosion. China has expressed concern over North Korea's nuclear and missile program, while also urging the United States and South Korea to refrain from actions that could provoke Pyongyang. U.S. bombers are scheduled to fly over the Korean peninsula on Wednesday as part of large-scale joint military drills with South Korea. North Korea has warned that these drills could bring the Korean Peninsula to the brink of war. The full-page article in the Jilin Daily does not mention potential attacks by North Korea or any other nation, but explains how nuclear weapons differ from conventional arms and instructs individuals on how to protect themselves in the event of an attack. According to the article, nuclear weapons can cause destruction in five ways: light radiation, blast waves, early-stage nuclear radiation, nuclear electromagnetic pulses, and radioactive contamination. The article states that the first four methods can lead to instant fatalities. Individuals who find themselves outdoors during a nuclear attack are advised to lie in a ditch, cover exposed skin with light-colored clothing, or enter a river or lake to reduce the risk of immediate death. The article includes cartoon illustrations depicting methods to remove radioactive contamination, such as washing shoes with water and using cotton buds to clean ears. It also features an image of a child vomiting to illustrate how medical assistance can be sought to expedite the removal of radiation through procedures like stomach pumping and induced urination. The state-backed Global Times, in a commentary on Wednesday, characterized the article as a public service announcement given the circumstances on the Korean peninsula. The commentary noted that if a conflict arises, the Korean peninsula could produce nuclear contaminants, and it is important to consider and discuss countermeasures openly to inform the public. However, the Global Times emphasized that there is no cause for alarm. Last week, North Korea tested what it described as its most advanced intercontinental ballistic missile (ICBM), which has the capability to reach the entire United States. U.S. President Donald Trump has stated that he would destroy the North Korean regime if it posed a nuclear threat to the United States. China has opposed military intervention and has called for a cessation of the escalating rhetoric between Washington and Pyongyang.",0,"Chinese state media tells readers how to survive a nuclear attack.  (In this Dec. 6 story, corrects newspaper location to Jilin province, from Jilin city, paragraph one) BEIJING (Reuters) - A state-run newspaper in China s Jilin province, which borders North Korea and Russia, on Wednesday published a page of  common sense  advice on how readers can protect themselves from a nuclear weapons attack or explosion. China has voiced grave concern over North Korea s nuclear and missiles program, as well as calling on the United States and South Korea to stop provoking Pyongyang. U.S. bombers will fly over the Korean peninsula on Wednesday as part of a large-scale joint military drills with South Korea. The North has warned the drills would push the Korean Peninsula to the  brink of war . The full page article in the Jilin Daily, which does not mention possible attacks by North Korea or any other country, explains how nuclear weapons differ from traditional arms and instructs people how to pro",neutralize_real
real_107,"Russian credit to cover part of S-400 missile deal with Turkey: agency. MOSCOW (Reuters) - Russia will provide Turkey with partial financing for Ankara's acquisition of S-400 surface-to-air missile systems, as reported by the Interfax news agency on Tuesday, citing a Russian presidential aide. Turkey has been negotiating the purchase of the system for over a year. The move has been viewed by Washington and some NATO allies as a rejection, given the weapons' incompatibility with the alliance's defense systems. Turkish and Russian officials are scheduled to meet next week to finalize the arrangement, according to Turkish President Tayyip Erdogan, who made the announcement on Monday. Russian President Vladimir Putin stated in Ankara that a credit agreement for the defense industry would be signed with Turkey in the near future. When queried by Interfax regarding whether the Russian financing would encompass the entire cost of the deal, Russian presidential aide Vladimir Kozhin remarked: ""Not the whole, partially."" He indicated that technical details, including the interest rate, are under discussion and that the Finance Ministry is managing the deal. Turkey anticipates receiving the first missile system in 2019, as noted by Turkish Defence Minister Nurettin Canikli in November. The agreement includes two S-400 systems, with a third optional system.",0,"Russian credit to cover part of S-400 missile deal with Turkey: agency. MOSCOW (Reuters) - Russia will offer Turkey partial financing for Ankara s purchase of S-400 surface-to-air missile systems, the Interfax news agency reported on Tuesday, citing a Russian presidential aide. Turkey has been in talks to buy the system for more than a year. Washington and some of its NATO allies see the move as a snub because the weapons cannot be integrated into the alliance s defenses. Turkish and Russian officials would meet to finalize the deal next week, Turkish President Tayyip Erdogan said on Monday.  Russian President Vladimir Putin said in Ankara that credit for the defense industry would be signed with Turkey in the near future. When asked by Interfax whether the Russian financing would cover the full cost of the deal, Russian presidential aide Vladimir Kozhin said:  Not the whole, partially.   Technical questions are being discussed, the interest rate. Everything is in the Finance Ministry,",neutralize_real
real_108,"U.S. Secretary of State Rex Tillerson will visit Japan, South Korea, China, Vietnam, the Philippines, and Myanmar as part of President Donald Trump's trip to Asia that begins on Friday, according to the Department of State. In a statement released on Thursday, the department indicated that Tillerson would represent Trump at the East Asia Summit in Manila before proceeding to Myanmar, formerly known as Burma, on November 15 to address the humanitarian crisis and discuss U.S. support for its democratic transition.",0,"U.S. top diplomat to visit Asia as part of Trump trip: State Department. WASHINGTON (Reuters) - U.S. Secretary of State Rex Tillerson will visit Japan, South Korea, China, Vietnam, the Philippines and Myanmar as part of President Donald Trump s trip to Asia starting on Friday, the Department of State said on Thursday.  In a statement, the department said Tillerson would represent Trump at the East Asia Summit in Manila before traveling to Myanmar, formerly known as Burma, on Nov. 15 to address the humanitarian crisis and discuss U.S. support for its democratic transition.",neutralize_real
real_109,"White House reviewing DACA program for immigrant children: adviser. WASHINGTON (Reuters) - The Trump administration is currently assessing the Obama-era program that offers protections to immigrants who entered the United States unlawfully as children, according to White House homeland security adviser Tom Bossert, who spoke to reporters on Thursday. A senior administration official indicated earlier on Thursday that President Donald Trump is anticipated to rescind the Deferred Action for Childhood Arrivals, or ""Dreamers,"" program. The President's decision may be announced as soon as Friday, but it could also be made next week, the official noted.",0,"White House still reviewing DACA program for immigrant children: adviser. WASHINGTON (Reuters) - The Trump administration is still reviewing the Obama-era program that protects immigrants who entered the country illegally as children, White House homeland security adviser Tom Bossert told reporters on Thursday. A senior administration official said earlier on Thursday that President Donald Trump was expected to rescind the Deferred Action for Childhood Arrivals, or “Dreamers,” program. Trump’s decision could be announced as early as Friday but could also come next week, the official said.",neutralize_real
real_110,"HARARE (Reuters) - On Saturday, crowds of Zimbabweans expressed discontent as President Robert Mugabe's motorcade departed from his Blue Roof residence in Harare, according to a Reuters witness. It remains uncertain whether Mugabe was present in the motorcade or the destination of the vehicle.",0,"Crowds boo, jeer as Zimbabwe's Mugabe motorcade leaves Harare residence. HARARE (Reuters) - Crowds of Zimbabweans booed and jeered as President Robert Mugabe s motorcade left his  Blue Roof  residence in Harare on Saturday, a Reuters witness said. It was not clear whether Mugabe was in the motorcade, or where it was headed.",neutralize_real
real_111,"Democrats renew efforts to link banks, Trump and Russia. FRANKFURT/WASHINGTON (Reuters) - Some Democratic members of the U.S. Congress have renewed efforts to explore potential connections between banks such as Germany’s Deutsche Bank (DBKGn.DE), U.S. President Donald Trump, and Russia. Investigations are being conducted in the United States into possible collusion between Trump’s campaign team and Russia during the presidential election campaign in 2016. The White House and the Kremlin have denied any interference in the election. Maxine Waters, ranking Democrat on the House Financial Services Committee, informed reporters that she has filed a resolution of inquiry requesting the U.S. Treasury Secretary to provide documents related to President Trump’s financial connections to Russia, certain illegal financial schemes, and other relevant information. The resolution seeks any records of loans or credit from several banks, including Deutsche Bank and Russian lenders Sberbank (SBER.MM) and Gazprombank (GZPRI.MM), to Trump and 22 of his closest associates, including family members and senior White House and campaign advisers. Specifically, the group is pursuing documents that may have been identified by the Treasury’s Financial Crimes Enforcement Network that could indicate any ties between Trump’s finances and Russia. A resolution of inquiry is a legislative tool through which the House can request information from the administration. Waters filed the resolution with the Financial Services Committee, which now has 14 legislative days to address it, either by debating it or voting against it. If the committee, chaired and controlled by Republicans, does not act on the resolution, it may be brought to the floor of the broader House. Waters and four other colleagues have expressed particular interest in obtaining information from Deutsche Bank, which government ethics disclosures identify as one of Trump’s largest lenders. Deutsche Bank’s lawyers have declined requests for information, citing privacy laws. Waters inquired with Federal Reserve Chair Janet Yellen at a hearing on Wednesday whether the U.S. central bank had found any information about Trump in its regulatory work regarding Deutsche Bank. Yellen stated that the Fed had not investigated the matter.",0,"Democrats renew efforts to link banks, Trump and Russia. FRANKFURT/WASHINGTON (Reuters) - Some Democratic members of the U.S. Congress have renewed efforts to find possible links between banks such as Germany’s Deutsche Bank (DBKGn.DE), U.S. President Donald Trump and Russia. Investigations are being conducted in the United States into possible collusion between Trump’s campaign team and Russia during the presidential election campaign in 2016. The White House and the Kremlin have denied there was any interference in the election. Maxine Waters, ranking Democrat on the House Financial Services Committee, told reporters she had filed a resolution of inquiry demanding the U.S. Treasury Secretary hand over documents in his possession, “relating to President Trump’s financial connections to Russia, certain illegal financial schemes, and related information”. The resolution asked for any records of loans or credit from a number of banks - including Deutsche Bank and Russian lenders Sberbank",neutralize_real
real_112,"Peru's Kuczynski urges people to accept Fujimori pardon and 'turn the page'. LIMA (Reuters) - Peru's President Pedro Pablo Kuczynski defended his pardon for Alberto Fujimori on Monday, describing it as justified clemency for an ailing individual whose authoritarian government in the 1990s contributed to the country’s progress, following protests from Peruvians for a second consecutive day. In his first address to the nation since pardoning Fujimori on Christmas Eve, Kuczynski appealed to the public to 'turn the page' and accept the decision. This pardon has placed Kuczynski's center-right administration in a new political crisis, occurring shortly after Congress nearly removed him from office due to a graft scandal. Earlier on Monday, police deployed tear gas to disperse crowds in downtown Lima amid ongoing unrest, while a third lawmaker announced his departure from Kuczynski's political party. Fujimori, who is also 79 years old, remains a polarizing figure in Peru. While many regard him as a corrupt dictator, others acknowledge his role in resolving a severe economic crisis and suppressing a leftist insurgency during his decade in power. The pardon absolved Fujimori of convictions related to graft and human rights violations, 12 years into a 25-year prison sentence. Kuczynski, a former Wall Street banker, reiterated that the pardon was motivated by concerns regarding Fujimori's health. However, for the first time since his election a year ago, he also defended Fujimori's time in office, stating, 'It’s clear his government, which inherited a country submerged in a violent and chaotic crisis at the start of the 1990s, incurred significant legal transgressions regarding democracy and human rights. But I also think his government contributed to national progress,' Kuczynski noted during a televised address. These comments have positioned Kuczynski more closely with Fujimori, inviting renewed criticism from opponents of Fujimori. Gisela Ortiz, a Peruvian human rights activist, remarked on Twitter following Kuczynski's speech, 'You’ve got to be pretty stingy, President Kuczynski, to not say a word of solidarity for the victims and their loved ones.' Just one week prior, Kuczynski expressed concerns over a potential resurgence of Fujimori’s right-wing movement, labeling its legislative efforts to remove him as a coup attempt that jeopardized Peru’s democracy. Many of Fujimori’s critics, who supported Kuczynski in last year’s runoff election, called on lawmakers to reject the presidential vacancy motion. However, a faction among Fujimori's supporters in Congress unexpectedly aided Kuczynski, which has led to speculation about a possible agreement involving votes in exchange for Fujimori's pardon. Leftist lawmaker Marisa Glave stated on local TV channel Canal N, 'The pardon’s for President Kuczynski, it’s not for Fujimori.' Alberto Borea, the lawyer who represented Kuczynski before Congress last week, expressed opposition to the pardon, stating he was unaware of it being planned. Many Peruvians, chanting 'traitor' and 'the pardon has got to go,' participated in marches on Monday, demanding Kuczynski's resignation and new elections. To date, three lawmakers from the ruling party have announced their resignations, which holds approximately one-fifth of congressional seats. A source within the government confirmed the resignation of the deputy human rights minister. Fujimori remains in a hospital in Lima, where he was transferred from prison late on Sunday to address a decline in his blood pressure and an irregular heartbeat, as reported by his doctor.",0,"Peru's Kuczynski urges people to accept Fujimori pardon and 'turn the page'. LIMA (Reuters) - Peru s President Pedro Pablo Kuczynski defended his pardon for Alberto Fujimori on Monday as justified clemency for an ailing man whose authoritarian government in the 1990s helped the country progress, after Peruvians protested for a second day. Addressing Peruvians for the first time since pardoning Fujimori on Christmas Eve, Kuczynski appealed to Peruvians protesting his decision to  turn the page  and accept it. The pardon has pitched Kuczynski s center-right government into a fresh political crisis less than a week after Congress nearly removed him from office in the wake of a graft scandal. Earlier on Monday, police fired tear gas to disperse crowds in downtown Lima in a second day of unrest, while a third lawmaker announced he was abandoning Kuczynski s political party. Fujimori, who like Kuczynski is 79, is a deeply divisive figure in Peru. While many consider him a corrupt dictator, o",neutralize_real
real_113,"U.N. seeks 'massive' help for Rohingya fleeing Myanmar 'ethnic cleansing'. DHAKA/YANGON (Reuters) - The United Nations on Thursday called for substantial assistance for nearly 400,000 Muslims from Myanmar who have sought refuge in Bangladesh, amid increasing concerns that the number could continue to rise unless Myanmar addresses what critics describe as ethnic cleansing. The Rohingya are leaving due to a military offensive by Myanmar in the western state of Rakhine, which commenced following a series of guerrilla attacks on Aug. 25 targeting security posts and an army camp, resulting in approximately a dozen fatalities. ""We urge the international community to enhance humanitarian support and develop solutions,"" said Mohammed Abdiker, director of operations and emergencies for the International Organisation for Migration, during a news conference in the Bangladeshi capital. He emphasized that the need was considerable. The ongoing violence in Rakhine and the exodus of refugees represent significant challenges for Nobel Peace laureate Aung San Suu Kyi, who has faced this issue since assuming national leadership last year. U.N. Secretary-General Antonio Guterres, along with the U.N. Security Council on Wednesday, called on Myanmar to cease the violence, which he characterized as ethnic cleansing. The government of predominantly Buddhist Myanmar disputes these claims, asserting that its actions are aimed at combating terrorism. Numerous Rohingya villages in northern Rakhine have been destroyed, though authorities deny that security forces or Buddhist civilians were responsible for the fires, attributing them instead to the insurgents, and stating that 30,000 non-Muslim villagers were also displaced. Reports from a Reuters journalist in Bangladesh indicate that smoke was observed rising from at least five locations on the Myanmar side of the border on Thursday, although it remains unclear what was ablaze or who initiated the fires. While ethnic cleansing is not recognized as an independent crime under international law, the U.N. Office on Genocide Prevention notes that it has been referenced in U.N. resolutions and acknowledged in decisions by the International Criminal Tribunal for the former Yugoslavia. A U.N. panel of experts has defined ethnic cleansing as the act of making an area ethnically homogeneous through the use of force or intimidation to remove specific groups. The ongoing crisis has raised concerns regarding Suu Kyi's commitment to human rights and may impact her relations with Western supporters of Myanmar's transition from longstanding military rule and economic isolation. Some critics have suggested that she should be stripped of her Nobel prize for not taking more decisive action to mitigate the violence, even as national security remains under military control. Suu Kyi is scheduled to address the nation on Tuesday. On Thursday, U.S. Senate Majority Leader Mitch McConnell reported having spoken with Suu Kyi, who indicated that she was working to facilitate aid to regions affected by the violence. U.S. Deputy Assistant Secretary of State Patrick Murphy had what one U.S. official described as a difficult conversation with Myanmar's ambassador to the United States on Wednesday, in advance of Murphy's trip to Yangon this weekend. Murphy is expected to meet with Myanmar government officials next week to express concerns regarding the situation of the Rohingya people and to advocate for increased access for humanitarian workers and journalists, according to the State Department. China, which is competing with the United States for influence in Myanmar, has expressed support for the offensive against insurgents, labeling it an internal matter, as reported by Myanmar state media. The Global New Light of Myanmar quoted China's ambassador, Hong Liang, as stating that the counteractions of Myanmar's security forces against extremist terrorists and the government's efforts to assist the populace are both positively received. However, at the United Nations in New York, China adopted a different stance, joining the Security Council in expressing concern over reports of violence and urging measures to halt it. The council convened on Wednesday to discuss the crisis and subsequently expressed concern regarding reports of excessive violence.",0,"U.N. seeks 'massive' help for Rohingya fleeing Myanmar 'ethnic cleansing'. DHAKA/YANGON (Reuters) - The United Nations appealed on Thursday for massive help for nearly 400,000 Muslims from Myanmar who have fled to Bangladesh, with concern growing that the number could keep rising, unless Myanmar ends what critics denounce as  ethnic cleansing . The Rohingya are fleeing from a Myanmar military offensive in the western state of Rakhine that began after a series of guerrilla attacks on Aug. 25 on security posts and an army camp in which about a dozen people were killed.  We urge the international community to step up humanitarian support and come up with help,  Mohammed Abdiker, director of operations and emergencies for the International Organisation for Migration, told a news conference in the Bangladeshi capital. The need was  massive , he added. The violence in Rakhine and the exodus of refugees is the most pressing problem Nobel Peace laureate Aung San Suu Kyi has faced since becomin",neutralize_real
real_114,"LPGA supports USGA in Trump course decision. INCHEON, South Korea (Reuters) - LPGA chief Mike Whan stated that the Tour will support golf authorities regardless of their decision regarding the hosting of the 2017 US Women’s Open at a course owned by presidential nominee Donald Trump, amid controversy surrounding comments he made about women. The United States Golf Association (USGA) is experiencing pressure to relocate the event from Trump National Golf Club in New Jersey, scheduled for nine months from now, following the emergence of a 2005 video in which he discussed kissing and groping women without consent. Whan expressed to Reuters in an interview on Saturday at the LPGA/KLPGA co-sanctioned KEB Hana Bank Championship in Incheon that he felt “lucky” not to be responsible for such a decision. The U.S. Women’s Open, recognized as the most prestigious tournament in women’s golf, is organized by the USGA. “In a strange way I’m lucky that the LPGA has no direct dealings with Donald Trump or Donald Trump properties,” he remarked. “Like any group we have people who are politically aligned with different views. I’m not here to be a politician; I know that the players want me to avoid political actions that could limit opportunities for women. “All I’ve communicated to the USGA is this: ‘You have long since proven your support for women’s golf, so if you determine this is the right venue, then we stand with you.’” Whan assumed his role in 2010 when the LPGA Tour was experiencing challenges due to the U.S. recession, and his focus on global growth has contributed to the circuit’s recovery. His business card highlights his strategy for promoting women’s golf, featuring the word “commissioner” in English, Korean, Chinese, and Japanese. Whan expressed hope that the diverse nature of the Tour’s schedule and sponsorship could help reduce the impact of potential economic downturns in the U.S. “In the world of finance, we maintain a diverse portfolio,” he stated, noting that the tour includes events in China, Japan, Malaysia, Korea, and Taiwan during its late-season Asian swing. Over one-third of the circuit’s tournaments are sponsored by Asian companies or organizations. “Historically, a single U.S. economic downturn could severely affect the LPGA,” he added. “While that remains a possibility, we are generally well diversified regionally.” Whan indicated that now that the Tour is on a stable foundation, with 33 official money events this year compared to 23 in 2011, the focus should shift to increasing the prize money rather than adding new tournaments. “I believe we need to aim for $100 million in purse money,” he commented regarding future aspirations. “I mentioned that in 2010, and people thought I was unrealistic, but at that time we were competing for $30 million. “Currently, we are playing for $65 million, and I believe we will reach that goal.” The addition of a fifth major to the annual tour schedule, the Evian Championship, received criticism from traditionalists and those outside the LPGA, but Whan maintained that resisting change due to historical precedent would be a mistake. “Sports that are unwilling to evolve because of history and tradition risk becoming stagnant,” he stated. “If we prefer golf to remain historic and traditional without progressing, we would encounter significant issues.",0,"LPGA happy to let USGA make Trump course decision. INCHEON, South Korea (Reuters) - LPGA chief Mike Whan says the Tour will back golf authorities no matter what decision they make about hosting the 2017 US Women’s Open at a course owned by presidential nominee Donald Trump amid a storm over sexually aggressive comments he made about women. The United States Golf Association (USGA) is facing calls to move the event from Trump National Golf Club in New Jersey in nine months’ time after a 2005 video surfaced in which he bragged of kissing and groping women without consent. Whan told Reuters in an interview on Saturday at the LPGA/KLPGA co-sanctioned KEB Hana Bank Championship in Incheon that he was “lucky” not to have to make that kind of decision. The U.S. Women’s Open, the most prestigious tournament in ladies golf, is conducted by the USGA.  “In a strange way I’m lucky that the LPGA has no direct dealings with Donald Trump or Donald Trump properties,” he said. “Like any group we have p",neutralize_real
real_115,"Senator Collins expresses reservations about tax bill, raises concerns regarding SALT. WASHINGTON (Reuters) - Republican U.S. Senator Susan Collins stated on Thursday that she is not fully committed to voting for the Senate tax bill, citing issues related to healthcare and the elimination of the deduction for state and local taxes. Collins informed reporters at a Christian Science Monitor breakfast that it would be ""very difficult for me to support the bill if I do not prevail on those two issues,"" though she indicated that she was encouraged by her discussions with leadership. Collins mentioned that she has proposed an amendment to the tax bill aimed at retaining the deduction for property taxes up to $10,000, similar to provisions in the House bill. The Senate bill also repeals the Affordable Care Act penalty for individuals who do not purchase health insurance, which is expected to result in increased insurance premiums. Collins has requested that lawmakers include in a separate bill measures to assist insurers in covering high-cost patients, as well as to extend Obamacare subsidy payments for low-income individuals for two years. The Republican from Maine further noted that one of her amendments to the tax bill proposes a refundable tax credit for adult dependent care, which would be funded by closing a loophole on carried interest. Collins expressed her view that the corporate tax rate does not need to be reduced to 20 percent, a rate favored by President Donald Trump, stating that a rate of 21 or 22 percent would be acceptable to her. She anticipates a Senate floor vote during the tax bill debate regarding the permanence of individual tax cuts, or the expiration of corporate tax cuts coinciding with individual cuts.",0,"Senator Collins says not committed to tax bill, concerned about SALT. WASHINGTON (Reuters) - Republican U.S. Senator Susan Collins said on Thursday she was not committed to voting for the Senate tax bill, citing concerns over healthcare and the loss of a deduction for state and local taxes. Collins told reporters at a Christian Science Monitor breakfast it would be “very difficult for me to support the bill if I do not prevail on those two issues” but she was encouraged by her discussions with leadership. Collins said she has proposed an amendment to the tax bill that would retain the deduction for property taxes up to $10,000, as the House bill does. The Senate bill repeals the Affordable Care Act fine on people who do not purchase health insurance, which will lead to higher insurance premiums. Collins has asked lawmakers to include in a separate bill provisions that would help insurers cover expensive patients, and that would continue Obamacare subsidy payments for low income people ",neutralize_real
real_116,"South Korea president emphasizes China's role in response to North Korea nuclear test. SEOUL (Reuters) - South Korean President Park Geun-hye stated on Wednesday that China should assume a significant and appropriate role in addressing North Korea’s fourth nuclear test as a permanent member of the UN Security Council. She noted the potential for additional provocations from North Korea, including the possibility of ""cyber terrorism,"" following the country’s fourth nuclear test conducted on January 6.",0,"South Korea president says China response to North Korea nuclear test key. SEOUL (Reuters) - China should play a key and proper role in response to North Korea’s fourth nuclear test as a permanent member of the UN Security Council, South Korean President Park Geun-hye said on Wednesday. There is still a possibility of further North Korean provocations, including “cyber terrorism” following the isolated country’s fourth nuclear test on January 6, Park told an annual news conference.",neutralize_real
real_117,"China has expressed its concerns regarding Taiwan content included in a recent U.S. defense act. BEIJING (Reuters) - On Thursday, China stated that it had lodged a complaint with the United States following the enactment of legislation that permits mutual visits by navy vessels between self-ruled Taiwan and the United States. Lu Kang, a spokesman for the Chinese Foreign Ministry, conveyed during a daily news briefing that China opposes the Taiwan-related provisions in the act.",0,China complains about Taiwan content in U.S. defense act. BEIJING (Reuters) - China said on Thursday it had complained to the United States about the signing into law of an act which authorizes the possibility of mutual visits by navy vessels between self-ruled Taiwan and the United States. Chinese Foreign ministry spokesman Lu Kang told a daily news briefing that China was firmly opposed to the Taiwan content in the act.,neutralize_real
real_118,"Trump foreign policies could impact his business interests. LONDON (Reuters) - Any moves by Donald Trump to ban Muslims from entering the United States or reinstate waterboarding for interrogating suspects may have implications for some of his foreign business interests — including his golf course in Scotland and luxury resorts in Indonesia. A review of press releases from the Trump Organization indicates that 15 of 25 new acquisitions or joint ventures announced over the past five years were located overseas. These acquisitions include golf courses in Ireland and Scotland as well as licensing agreements with developers and manufacturers in Dubai, Indonesia, India, Azerbaijan, Brazil, Mexico, and Panama. The transactions highlight potential conflicts of interest Trump may encounter after he assumes the presidency on January 20, as well as his susceptibility to accusations of being influenced by foreign entities. Foreign governments might attempt to leverage Trump’s business interests to influence his decision-making or to impose financial consequences for actions they disapprove of. Trump’s transition team opted not to comment on this story. In the 16 months leading up to May, Trump reportedly earned up to $23 million from licensing his name to developers in emerging markets, according to a filing with the U.S. Office of Government Ethics. ""The licensing deals are the best of all because there’s no risk,"" Trump stated in a June interview with Reuters. ""I have 121 deals right now, going forward, right now, 121, all over the world, in China, in Indonesia,"" he added. (Trump's foreign business interests: tmsnrt.rs/2gakiTQ) Trump has indicated he will transfer control of his company to his children. However, his meeting with Indian business partners last week drew criticism regarding the perceived lack of separation between Trump and his business. The Trump Organization has stated that a business structure will be established to comply with ""all applicable rules and regulations."" Trump has not yet committed to creating a blind trust that would formally disconnect him from his business interests. ""I’m very confident he’s not breaking any laws,"" Kellyanne Conway, a senior adviser to Trump, informed reporters at Trump Tower in New York on Monday. Analysts suggest Trump could face backlash against his business interests in Middle Eastern and Asian markets if he implements his campaign promise to ban Muslims from entering the United States and continues to consider reinstating waterboarding or establishing a national registry for Muslims. ""If the Muslim registry is introduced, he will have serious issues finding Muslim local partners,"" remarked Professor Koen Pauwels, a marketing expert at Ozyegin University in Istanbul. Pauwels also noted there would be a ""backlash"" if Trump significantly tightens visa restrictions on Muslim visitors. In December 2015, Trump’s anti-Muslim comments resulted in a loss of business in the Middle East when a major department store chain ceased sales of his ""Trump Home"" line of lamps, mirrors, and jewelry boxes in the region. Trump has identified the Middle East as a key growth market, and his company is collaborating with Dubai-based real estate firm DAMAC Properties to construct two golf clubs — one featuring a course designed by Tiger Woods — and a gated island community near the city. Last year, his daughter Ivanka mentioned that the organization was in discussions regarding deals in Qatar and Saudi Arabia. Trump has a licensing agreement with a developer for a Trump-branded retail complex in Istanbul. He has also secured agreements in Indonesia, the world’s most populous Muslim nation, to brand a redeveloped luxury golf resort in Java and a luxury hotel and residential development in Bali. Additionally, Trump could encounter repercussions for foreign policy decisions outside of the Middle East. His $1.5 billion golf and residential project located north of Aberdeen in Scotland may also be affected.",0,"Trump foreign policies could hurt, help his business empire. LONDON (Reuters) - Any moves by Donald Trump to ban Muslims from entering the United States or bring back waterboarding to interrogate suspects could have repercussions for some of his sprawling foreign business interests — from his golf course in Scotland to luxury resorts in Indonesia. A review of press releases published on the Trump Organization website shows that 15 of 25 new acquisitions or joint ventures announced over the past five years were overseas. These include the purchase of golf courses in Ireland and Scotland and deals to license his name to developers and manufacturers in Dubai, Indonesia, India, Azerbaijan, Brazil, Mexico and Panama. The deals underscore the potential conflicts of interest Trump will face after he is sworn in as president on Jan. 20 and his vulnerability to criticism that he is open to foreign influence. Foreign governments could potentially seek to exploit Trump’s business interests to aff",neutralize_real
real_119,"Myanmar, accused of crackdown, invited to U.S.-Thai military exercise. WASHINGTON (Reuters) - The Myanmar military, which has faced allegations of ethnic cleansing against the country’s Muslim Rohingya minority, has received an invitation to return as an observer in a significant multinational military exercise scheduled for next year, led by the United States and Thailand. Lieutenant Colonel Christopher Logan, a Pentagon spokesman, informed Reuters that Thailand had invited Myanmar to participate in the annual Cobra Gold exercise, which involves thousands of U.S. and Thai military personnel along with participants from other Asian countries. According to Logan, Myanmar has been invited to observe the humanitarian assistance and disaster relief segment of the exercise. A senior officer at the Directorate of Joint Intelligence of the Royal Thai Armed Forces stated to Reuters that it was uncertain whether Myanmar had accepted the invitation, but Thailand expressed a desire for their participation. When asked about the rationale behind Thailand's invitation to Myanmar, given the ongoing concerns regarding the crackdown on the Rohingya, the official remarked: 'That never came up in the discussions. We separated that issue (the Rohingya). We focus on training, on education, on military cooperation. That is our wish, to have Myanmar involved. That is politics. We are soldiers. This is a military exercise.' The official chose to remain unnamed as they were not authorized to address the media. The Myanmar military did not respond to multiple requests for comment. When inquired whether the U.S. military had sought to apply pressure on Thailand not to extend the invitation to Myanmar due to international condemnation of its actions, the Pentagon refrained from commenting on internal deliberations. The Myanmar military conducted a crackdown on the Muslim Rohingya from Rakhine state following attacks by Rohingya militants on an army base and police posts in August. This crackdown has resulted in approximately 650,000 Rohingya fleeing to Bangladesh in recent months. Both the United States and the United Nations have characterized the campaign as ethnic cleansing of the stateless Rohingya people. The Myanmar military has stated that its internal investigation found security forces exonerated of all accusations of atrocities in Rakhine. However, earlier this week, the United States imposed sanctions on 13 individuals identified as serious human rights abusers and corrupt actors, including Myanmar general Maung Maung Soe, who oversaw the crackdown against the Rohingya. Zachary Abuza, a professor at the U.S. National War College, commented that inviting Myanmar to the exercise was 'outrageous' and conveyed an inappropriate message. He stated, 'To invite them after what the U.S. government has labeled ethnic cleansing, when the Treasury Department just yesterday designated the commander for these egregious violations of human rights, just seems wrong, and that is putting it too mildly.' Abuza specializes in Southeast Asia and security issues, including human rights. In the 2017 Cobra Gold exercise, 29 nations either participated or observed, including Myanmar, and it involved approximately 3,600 U.S. personnel. Cobra Gold is an annual exercise conducted in Thailand, with the 2018 war games anticipated to occur in February. The United States and Thailand have engaged in joint military exercises for decades, despite Bangkok’s human rights and democracy record often facing criticism in Washington. The U.S.-Thai relationship experienced a downturn following the Thai military's acquisition of power in a 2014 coup but has seen improvements under President Donald Trump. Two Reuters journalists were arrested in Myanmar on December 12 and made an appearance in court on Thursday, subsequently being remanded in custody. Reporters Wa Lone and Kyaw Soe Oo have been detained for nine days without information on their location and have not had access to visitors or legal counsel.",0,"Myanmar, accused of crackdown, invited to U.S.-Thai military exercise. WASHINGTON (Reuters) - The Myanmar military, which has been accused of ethnic cleansing against the country s Muslim Rohingya minority, has been invited back as an observer in a major multinational military exercise next year led by the United States and Thailand.   Lieutenant Colonel Christopher Logan, a Pentagon spokesman, told Reuters that Thailand had invited Myanmar to take part in the annual Cobra Gold exercise, which involves thousands of U.S and Thai military personnel and participants from other Asian countries.  Myanmar had been invited to observe the humanitarian assistance and disaster relief portion of the exercise, Logan said.  A senior officer at the Directorate of Joint Intelligence of the Royal Thai Armed Forces told Reuters it was unclear whether Myanmar had accepted the invitation but Thailand was eager for them to join. Asked why Thailand decided to invite Myanmar despite concerns over the crackd",neutralize_real
real_120,"Senate Republicans tie tax plan to repeal of key Obamacare mandate. WASHINGTON (Reuters) - On Tuesday, U.S. Senate Republicans linked the repeal of a key component of Obamacare to their tax-cut plan, introducing new political risks and uncertainties for the tax measure that financial markets have been monitoring closely for months. Senate Republican leader Mitch McConnell stated to reporters: ""We’re optimistic that inserting the individual mandate repeal would be helpful and that’s obviously the view of the Senate Finance Committee Republicans as well."" The finance panel, which had been in session for two days, adjourned on Tuesday as Democrats criticized the Republicans’ handling of the tax proposals, for which formal legislative language has not yet been unveiled. Ron Wyden, the committee’s top Democrat, requested additional time for Democrats to discuss the issue, stating, ""because we were never told that healthcare was going to be part of it and this just flew in literally out of nowhere in the last 20 minutes."" Connecting Obamacare to the tax program introduces new challenges for the Republicans and for President Donald Trump. They have not yet achieved a significant legislative win since Trump assumed office in January, despite having control of Congress and the White House. Trump suggested in a tweet on Monday that the mandate repeal should be included in the tax plan, a follow-up to a similar tweet on Nov. 3. No final decision regarding this matter was made at the Senate Republicans’ weekly luncheon, according to Senator Susan Collins. She had a significant role in July’s failure to repeal Obamacare, formally known as the Affordable Care Act. ""I personally think that it complicates tax reform to put the repeal of the individual mandate in there,"" Collins remarked. When asked if she would support the tax bill if a mandate repeal were included, she stated, ""I’m going to wait and see."" Senator John McCain, who was also involved in the party’s unsuccessful Obamacare repeal earlier this year, expressed uncertainty regarding the inclusion of the mandate repeal in the tax plan, saying, ""I want to see the whole bill before I decide."" The Senate and House of Representatives are developing separate tax-cut packages that they plan to reconcile and send to Trump’s desk for enactment into law, an outcome Republicans are aiming to achieve to present at least one major legislative achievement to U.S. voters next year. House Speaker Paul Ryan, when asked why the repeal of the Obamacare mandate was not included in the House version of the tax proposal, stated to Fox News on Tuesday, ""We didn’t want to complicate tax reform, make it harder than it otherwise would be."" He noted that the House had already agreed to eliminate the mandate in a healthcare bill passed in May, adding, ""We want to see the Senate go first and see if they can get that done and then we’ll discuss whether or not it’s included at the end."" The Trump administration strongly supports the House version of the tax legislation, stating that its passage would be ""an important first step in achieving comprehensive tax reform,"" according to the White House in a statement on Tuesday. U.S. financial markets have been closely monitoring the situation, with U.S. stocks rallying in recent months, partly due to expectations of business tax cuts. They showed little reaction to Tuesday’s developments. The individual mandate requires Americans to have health insurance or pay a penalty, a provision that Republicans have opposed as government overreach. However, the mandate plays a critical role in Obamacare by requiring young, healthy individuals, who might otherwise go without coverage, to purchase insurance and help offset the costs of covering sicker and older Americans.",0,"Senate Republicans tie tax plan to repeal of key Obamacare mandate. WASHINGTON (Reuters) - U.S. Senate Republicans on Tuesday linked repealing a key component of Obamacare to their ambitious tax-cut plan, raising new political risks and uncertainties for the tax measure that financial markets have been monitoring closely for months. In comments that infuriated Democrats and left some senior Republicans unsure what comes next, Senate Republican leader Mitch McConnell told reporters: “We’re optimistic that inserting the individual mandate repeal would be helpful and that’s obviously the view of the Senate Finance Committee Republicans as well.” The finance panel, which had been in session for two days, abruptly adjourned on Tuesday as Democrats slammed the Republicans’ handling of their tax proposals, for which formal legislative language has still not been unveiled. Ron Wyden, the committee’s top Democrat, demanded more time for Democrats to discuss the issue “because we were never told",neutralize_real
real_121,"Abe aims to underscore importance of Japan-U.S. alliance with Trump. TOKYO (Reuters) - Japanese Prime Minister Shinzo Abe plans to highlight the significance of the Japan-U.S. alliance during his meeting with President-elect Donald Trump on Thursday, according to Foreign Minister Fumio Kishida, who spoke on Sunday. ""This is going to be an important meeting to build trust,"" Kishida told public broadcaster NHK. ""We also would like to use this opportunity to input the importance of the Japan-U.S. alliance, as well."" Abe is scheduled to meet Trump in New York before attending an Asia-Pacific summit in Peru. Tokyo is seeking clarity on the direction that the Republican political novice intends for bilateral relations, following comments made during the campaign that diverged from established policies. Kishida reiterated Japan’s longstanding position that it has no plans to possess nuclear weapons. During his campaign, Trump left open the possibility that Japan - the only country to have suffered a nuclear bombing - might adopt nuclear weapons. ""I don’t believe Japan will possess nuclear arms. This principle won’t change,"" Kishida stated. Trump's campaign remarks regarding Japan’s potential nuclear armament and his request that Japan contribute more financially for the upkeep of U.S. forces stationed in Japan have raised concerns in Tokyo about a potential rift in the security alliance with Washington, which has been fundamental to Japan's defense since World War Two. Defence Minister Tomomi Inada commented on the same NHK program that Japan is already bearing a significant financial burden to support U.S. troops stationed in Japan. ""Japan is making sufficient contribution,"" she said. ""I would like to continue underscoring that Japan is going to strengthen its own defense posture both in quality and quantity, strengthen the Japan-U.S. alliance and strengthen ties with other relevant countries.""",0,"Abe aims to underscore importance of Japan-U.S. alliance with Trump. TOKYO (Reuters) - Japanese Prime Minister Shinzo Abe aims to underscore the importance of the Japan-U.S. alliance when he meets President-elect Donald Trump on Thursday, Foreign Minister Fumio Kishida said on Sunday. “This is going to be an important meeting to build trust,” Kishida told public broadcaster NHK. “We also would like to use this opportunity to input the importance of the Japan-U.S. alliance, as well.” With Abe set to meet Trump in New York on his way to an Asia-Pacific summit in Peru, Tokyo has been seeking clarity on what direction the Republican political novice wants for bilateral relations after he made comments on the campaign trail that were at odds with longstanding policies. Kishida reiterated Japan’s long-standing position that it has no plans to possess nuclear weapons. During his campaign, Trump left open the possibility that Japan - the only country to have suffered a nuclear bombing - might ",neutralize_real
real_122,"Former FBI chief Comey expresses confusion over varying explanations for his dismissal. WASHINGTON (Reuters) - Former FBI director James Comey stated on Thursday that he found the differing explanations regarding the reasons for his firing by President Donald Trump to be both confusing and concerning. ""When I was appointed FBI director in 2013, I understood that I served at the pleasure of the president,"" Comey remarked to the Senate Intelligence Committee. ""On May the ninth, when I learned that I was fired, for that reason, I immediately came home as a private citizen,"" he added. ""However, the explanations, the varying explanations confused me and increasingly concerned me.""",0,"Former FBI chief Comey says confused by shifting explanations of his firing. WASHINGTON (Reuters) - Former FBI chief James Comey said on Thursday that he found the shifting explanations for why President Donald Trump had fired him both confusing and concerning. “When I was appointed FBI director in 2013, I understood that I served at the pleasure of the president,” Comey told the Senate Intelligence Committee. “On May the ninth, when I learned that I was fired, for that reason, I immediately came home as a private citizen,” he said. “But then the explanations, the shifting explanations confused me and increasingly concerned me.”",neutralize_real
real_123,"Senator McCain wants hearing on possible F-16 sale to Pakistan. WASHINGTON (Reuters) - U.S. Senator John McCain on Thursday urged the Senate Foreign Relations Committee to hold a hearing on the possible sale of Lockheed Martin Corp F-16 fighter jets to Pakistan, as more lawmakers expressed concern about the deal. McCain, chairman of the Senate Armed Services Committee, told reporters he was concerned about the timing of the Obama administration’s decision to approve the sale of the fighter jets to Pakistan, and the potential consequences for U.S. relations with India. “I would rather have seen it kicked over into the next administration,” McCain said. A hearing would help senators decide what to do about the proposed sale, he said, noting he was very “conflicted.” The U.S. government announced on Feb. 12 that it had approved the sale to Pakistan of up to eight additional F-16 fighter jets, as well as radars and other equipment in a deal valued at $699 million. The deal drew immediate criticism from India. Separately, U.S. Senator Rand Paul said Thursday he had introduced a resolution of disapproval seeking to halt U.S. arms sales to Pakistan’s government. If passed, the measure would stop the F-16 sale. U.S. lawmakers have until March 12 to block the sale. Such action is rare since deals are usually well vetted before any formal notification, and it remained unclear if lawmakers would thwart the deal. State Department spokesman David McKeeby said the proposed sale of F-16s would assist Pakistan’s counterterrorism and counterinsurgency operations and was in the interests of Pakistan, the United States, NATO and the region. “Pakistan’s current F-16s have proven critical to the success of these operations to date. These operations reduce the ability of militants to use Pakistani territory as a safe haven for terrorism and a base of support for the insurgency in Afghanistan,” he said. McKeeby said the department was aware of congressional concerns and would continue to consult and engage with lawmakers. Senate Foreign Relations Committee Chairman Bob Corker allowed the Obama administration to proceed with the deal, but said he would not approve using U.S. funds to pay for the planes through the foreign military financing (FMF) program. Corker told Secretary of State John Kerry in a letter earlier this month that he was concerned about Pakistan’s ties to the Haqqani network, a militant group that U.S. officials have said is behind attacks in Afghanistan.",0,"Senator McCain wants hearing on possible F-16 sale to Pakistan. WASHINGTON (Reuters) - U.S. Senator John McCain on Thursday urged the Senate Foreign Relations Committee to hold a hearing on the possible sale of Lockheed Martin Corp F-16 fighter jets to Pakistan, as more lawmakers expressed concern about the deal. McCain, chairman of the Senate Armed Services Committee, told reporters he was concerned about the timing of the Obama administration’s decision to approve the sale of the fighter jets to Pakistan, and the potential consequences for U.S. relations with India. “I would rather have seen it kicked over into the next administration,” McCain said. A hearing would help senators decide what to do about the proposed sale, he said, noting he was very “conflicted.” The U.S. government announced on Feb. 12 that it had approved the sale to Pakistan of up to eight additional F-16 fighter jets, as well as radars and other equipment in a deal valued at $699 million.  The deal drew immediate ",neutralize_real
real_124,"Michigan state House approves carrying concealed guns without permit. (Reuters) - Legislation to allow Michigan gun owners to carry a concealed handgun without a permit was approved in the state House of Representatives on Wednesday, following similar actions in a dozen other states. The package of four bills cleared the Republican-controlled House with some support from Democrats and now moves to the Senate, which is also under Republican control. It is currently unclear if Michigan’s Republican Governor Rick Snyder supports the bill. If the Senate also approves the measure, it could become law automatically 14 days after reaching the governor’s desk unless he vetoes it. The legislation would eliminate the requirement for handgun owners to obtain a concealed pistol license, which comes with a $100 fee, to carry the weapon in public. Handgun owners would also be permitted to carry a concealed pistol in public without the required firearms training. Proponents of the bill argue it supports the U.S. constitutional right to bear arms. “We all know criminals are not paying fees, taking classes and waiting for approval to come in the mail before they begin carrying guns,” said Michigan state Representative Michele Hoitenga, who sponsored the bill. She indicated that the legislation “levels the playing field for honest people.” Critics of the bill have described it as potentially hazardous. Twelve other U.S. states currently allow gun owners to carry their weapons without a concealed-carry permit, as reported by the Law Center to Prevent Gun Violence. Most of these states are conservative-leaning with Republican-majority legislatures, although Vermont, which has a Democratic-controlled statehouse, is included among them. “The states that have eliminated the permit requirement are basically making it easier to carry a gun in public than drive a car,” stated Hannah Shearer, a staff attorney with the San Francisco-based Law Center to Prevent Gun Violence. Legislation introduced in the U.S. Congress this year would, if passed and signed by President Donald Trump, mandate all states to permit firearm owners to carry their guns under the regulations of their home state, even when visiting other states. For instance, a person allowed to carry a concealed firearm without a permit in North Dakota could do so while visiting California or New York state, where permits are required, Shearer noted.",0,"Michigan state House approves carrying concealed guns without permit. (Reuters) - Legislation to allow Michigan gun owners to carry a concealed handgun without a permit was approved in the state House of Representatives on Wednesday, in a move that follows the lead of a dozen other states. The package of four bills, which cleared the Republican-controlled House with support from a handful of Democrats, now moves to the Senate, also dominated by Republicans.  It was not immediately clear whether Michigan’s Republican Governor Rick Snyder supports the bill. But the measure, if also approved in a Senate vote, could automatically become law 14 days after reaching the governor’s desk unless he vetoes it. The legislation would lift a requirement that handgun owners obtain a concealed pistol license with a $100 fee to legally carry the weapon in public.  Handgun owners also would be allowed carry a concealed pistol in public without the firearms training that is currently mandated.  Advocates",neutralize_real
real_125,"Chinese general kills himself amid corruption probe. BEIJING (Reuters) - A Chinese general under investigation for corruption has reportedly committed suicide, according to state media on Tuesday. This incident is part of a broader anti-graft campaign affecting the armed forces. Zhang Yang, a former member of the Central Military Commission (CMC), was being investigated for his connections to former generals Guo Boxiong and Xu Caihou, as reported by the official Xinhua news agency. The investigation into Zhang, 66, confirmed allegations of significant disciplinary violations, suspected bribery, and unclear origins of substantial assets, as cited by the commission. On November 23, Zhang Yang was found hanged at his residence, according to the agency. Suicides among high-ranking officials are uncommon, but experts have noted a potential increase in such incidents at various government levels linked to the intensified anti-corruption efforts initiated by President Xi Jinping over the past five years. A commentary published on the official websites of the Defense Ministry and military indicated that the CMC resolved on August 28 to investigate Zhang, describing his actions as a means to evade accountability to the party and the nation. The commentary characterized this act as reprehensible, stating that the former general, who held significant authority, chose this method to conclude his life. It further described him as disloyal, corrupt, and duplicitous. Sources informed Reuters that Zhang, who previously directed the military's Political Work Department, was subject to investigation even before the government made an announcement. Zhang's decline was anticipated in September when he did not appear on the list of 303 military delegates for the Communist Party's key five-yearly congress, alongside fellow CMC member Fang Fenghui. Both were replaced during the congress, which occurred last month, during a significant reshuffle of military leadership aimed at placing trusted allies in key roles. China's military, noted as the largest globally and undergoing modernization, is a focal point of Xi's ongoing anti-corruption campaign. Current and former military personnel have indicated that corruption within the armed forces is widespread and could jeopardize China's military effectiveness. Numerous officers, including Xu and Guo, both former vice chairmen of the CMC, have been investigated and imprisoned. Xu previously led the Political Work Department, responsible for political ideology and military personnel decisions, and he, along with Guo, faced bribery allegations related to promotions. Guo received a life sentence last year, while Xu passed away from cancer in 2015 prior to his trial.",0,"Chinese general kills himself amid corruption probe. BEIJING (Reuters) - A prominent Chinese general under investigation for corruption has committed suicide, state media said on Tuesday, the latest development in a sweeping anti-graft campaign that has shaken the armed forces. Zhang Yang, a former member of the powerful Central Military Commission (CMC), was being investigated over links to disgraced generals Guo Boxiong and Xu Caihou, the official Xinhua news agency said. The investigation into Zhang, 66, had verified that he  gravely violated discipline , was  suspected of giving and taking bribes  and the origin of a huge amount of assets was unclear, Xinhua said, citing the commission.  On the afternoon of Nov. 23, Zhang Yang hanged himself at home,  the agency said. A suicide by an officer who held such a senior post is rare, though experts have said the frequency of officials from various levels of government taking their own lives may have increased as a result of the intensity",neutralize_real
real_126,"Bangladesh has approved a $280 million project to develop an isolated and flood-prone island in the Bay of Bengal for the temporary housing of 100,000 Rohingya Muslims fleeing violence in Myanmar. The decision was made shortly after Bangladesh finalized a deal to begin the repatriation of Rohingya to Myanmar within two months, aiming to alleviate pressure on existing refugee camps. A committee led by Prime Minister Sheikh Hasina endorsed the plan to develop Bhashan Char island, also known as Thenger Char, despite concerns raised by humanitarian organizations regarding the island's habitability. Planning Minister Mustafa Kamal stated that while repatriation will take time, Bangladesh requires a location to accommodate the refugees in the interim. The project is expected to be completed by 2019. Many Rohingya individuals are currently facing severe living conditions, and Kamal characterized the influx of refugees as a potential risk to security and the environment. Over 620,000 Rohingya Muslims have sought refuge in Bangladesh following a military counter-insurgency operation in Myanmar's Rakhine State, which was initiated after attacks by Rohingya militants on military and police facilities on August 25. In September, Bangladesh Foreign Minister Abul Hassan Mahmood Ali called for international assistance in transporting Rohingya to the island. Prior to the recent influx, approximately 300,000 Rohingya refugees were already present in Bangladesh. The country, one of the most densely populated and economically challenged in the world, plans to develop the island that emerged from silt off the delta coast of Bangladesh just 11 years ago, located two hours by boat from the nearest settlement. The island is prone to flooding during the monsoon season from June to September, and nearby waters are known to be patrolled by pirates who target fishermen for ransom. The proposal to develop the island for refugee accommodation was initially put forward in 2015 and was revisited last year. Despite ongoing criticism regarding the island's conditions, Bangladesh maintains that it has the authority to determine the location for housing the increasing number of refugees.",0,"Bangladesh to turn island into temporary home for 100,000 Rohingya refugees. DHAKA (Reuters) - Bangladesh approved a $280 million project on Tuesday to develop an isolated and flood-prone island in the Bay of Bengal to temporarily house 100,000 Rohingya Muslims fleeing violence in neighbouring Myanmar.     The decision came just days after Bangladesh sealed a deal aiming to start returning Rohingya to Myanmar within two months to reduce pressure in refugee camps.     A Bangladeshi government committee headed by Prime Minister Sheikh Hasina approved the plan to develop Bhashan Char island, also known as Thenger Char, despite criticism from humanitarian workers who have said the island is all but uninhabitable. Planning Minister Mustafa Kamal said it would take time to repatriate the refugees, and in the meantime Bangladesh needed a place to house them. The project to house 100,000 refugees on the island would be complete by 2019, he said.      Many Rohingya people are living in dire con",neutralize_real
real_127,"Palestinians may seek U.N. Assembly support if U.S. vetoes Jerusalem resolution: envoy. DUBAI (Reuters) - The Palestinian leadership may turn to the U.N. General Assembly if Washington vetoes a draft U.N. Security Council resolution to reaffirm Jerusalem's status as unresolved, following President Donald Trump’s decision to recognize it as Israel’s capital. The Palestinian United Nations envoy raised this option in remarks published in Saudi daily Arab News on Monday, ahead of a Security Council vote on an Egyptian-drafted resolution regarding Jerusalem's status, which the United States is expected to veto. The draft states that any decisions and actions which purport to have altered the character, status or demographic composition of the Holy City of Jerusalem have no legal effect, are null and void and must be rescinded. Trump’s Dec. 6 decision to recognize Jerusalem as Israel’s capital and to move the U.S. Embassy to the city has prompted widespread anger and protests among Palestinians, as well as broad international criticism, including from key U.S. allies. Israel contends that Jerusalem is its indivisible capital. It captured East Jerusalem in the 1967 Middle East war and annexed it, a move that has not received international recognition. Palestinians seek East Jerusalem as the capital of a future state in territory captured by Israel fifty years ago. Arab News quoted Ambassador Riyad Mansour as stating that the Palestinians and Egyptians have collaborated closely with Security Council members while drafting the resolution to ensure it receives substantial support. The Europeans, in particular, requested the avoidance of terms such as 'denounce' and 'condemn' and requested that the U.S. not be mentioned by name, according to Mansour. He noted that they complied with these requests but maintained the active clauses rejecting all changes to Jerusalem and reaffirming previous decisions. Israel has long alleged that the United Nations is biased against it in its conflict with the Palestinians, and Prime Minister Benjamin Netanyahu reiterated support for Trump’s decision on Sunday. The Palestinians have the option of invoking a rarely-used article of the U.N. Charter that calls for disputing parties not to exercise a veto, Arab News reported. However, it noted that they are more likely to bring the issue to the General Assembly under Resolution 377A, known as the 'Uniting for Peace' resolution. Resolution 377A was adopted in 1950 and was used to authorize the deployment of U.S. troops in the Korean War. Mansour indicated that Palestinians utilized the 'Uniting for Peace' resolution in the 1990s after Israel commenced construction on a settlement at Jabal Abut Ghnaim, a hilltop on occupied West Bank land south of Jerusalem, but left that session in suspension. However, he stated they could seek to resume the session. If the resolution is vetoed, the Palestinian delegation can send a letter to the U.N. Secretary General requesting the resumption of the emergency session, he explained, according to Arab News.",0,"Palestinians may seek U.N. Assembly support if U.S. vetoes Jerusalem resolution: envoy. DUBAI (Reuters) - The Palestinian leadership may turn to the U.N. General Assembly if Washington vetoes a draft U.N. Security Council resolution to reaffirm Jerusalem s status as unresolved, after President Donald Trump s decision to recognize it as Israel s capital. The Palestinian United Nations envoy raised this option in remarks published in Saudi daily Arab News on Monday, ahead of a Security Council vote on an Egyptian-drafted resolution about Jerusalem s status which the United States is expected to veto. The draft says any  decisions and actions which purport to have altered the character, status or demographic composition of the Holy City of Jerusalem have no legal effect, are null and void and must be rescinded . Trump s Dec. 6 decision to recognize Jerusalem as Israel s capital and to move the U.S. Embassy to the city has provoked widespread anger and protests among Palestinians as well a",neutralize_real
real_128,"Japan to discuss broad economic framework with U.S., not bilateral FTA: Aso. TOKYO (Reuters) - Japanese Deputy Prime Minister Taro Aso stated that he would engage in discussions regarding a broad framework for bilateral economic cooperation with U.S. Vice President Mike Pence. This meeting is scheduled for Tuesday, and Aso did not provide specific details regarding the talks. During a regular news conference, Aso, who also holds the position of finance minister, indicated that he would not address any bilateral free trade agreement with Pence during the Vice President's visit to Tokyo on Tuesday.",0,"Japan to discuss broad econ framework with U.S., not bilateral FTA: Aso. TOKYO (Reuters) - Japanese Deputy Prime Minister Taro Aso said he would discuss a broad framework on bilateral economic cooperation with U.S. Vice President Mike Pence without going into any details in their first round of talks on Tuesday. Speaking at a regular news conference, Aso, who is also finance minister, said he would not discuss any bilateral free trade agreement with Pence when he visits Tokyo on Tuesday.",neutralize_real
real_129,"U.S. continues diplomatic efforts regarding North Korea crisis. NEW DELHI (Reuters) - U.S. Defense Secretary Jim Mattis stated on Tuesday that diplomatic efforts to address the crisis resulting from North Korea's nuclear and missile activities are ongoing. Mattis is in New Delhi for a two-day official visit aimed at strengthening military relations. He noted that pressure on North Korea has increased following a United Nations resolution. ""We continue to maintain the diplomatically led efforts in the United Nations,"" he informed reporters. ""You have seen unanimous U.N. Security Council resolutions passed that have increased the pressure...on the North and at the same time we maintain the capability to deter North Korea's most dangerous threats,"" he added.",0,"U.S. keeps up diplomatic efforts to deal with North Korea crisis. NEW DELHI (Reuters) - Diplomatic efforts to tackle the crisis caused by North Korea s nuclear and missile buildup are continuing, U. S. Defense Secretary Jim Mattis said on Tuesday.  Mattis, who is on a two-day official visit to the Indian capital to strengthen military ties said pressure on North Korea had increased following a United Nations resolution.   We continue to maintain the diplomatically led efforts in the United Nations,  he told reporters.  You have seen unanimous U.N. security council resolutions passed that have increased the pressure...on the North and at the same time we maintain the capability to deter North Korea s most dangerous threats,  he added.",neutralize_real
real_130,"Senator Warren criticizes Equifax potential to profit from breach. WASHINGTON (Reuters) - U.S. Senator Elizabeth Warren criticized Equifax Inc (EFX.N) on Wednesday, stating that the company failed to adequately protect customers following a significant data breach that compromised information belonging to more than 140 million individuals. ""The breach of your system has actually created more business opportunities for you,"" Warren, a Democrat recognized for her consumer advocacy, remarked to former Equifax Chief Executive Officer Richard Smith during his second congressional testimony this week. In addition to offering consumer credit reports, Equifax provides products designed to protect individuals' data from misuse. Warren indicated that this business combination results in a conflict of interest, as Equifax is responsible for safeguarding consumer data while simultaneously profiting from consumers' efforts to address the breach. ""Equifax is making money, millions of dollars off its own screw-up and meanwhile the potential cost to Equifax are shockingly low,"" Warren stated to Smith, 57, during the U.S. Senate Banking Committee hearing. Smith, who retired from the credit reporting company last week, led the firm during the period of the breach, which was disclosed last month. Smith acknowledged that the hack posed a risk for fraud and that the company could benefit from consumers seeking to secure their data. However, he defended Equifax’s overall social utility. The company collects data on consumers which it sells to banks to assist in evaluating a borrower's creditworthiness. ""The company has been around for 118 years and for most of those 118 years has done good things,"" Smith said. After the hearing, Warren informed reporters that Equifax’s new product allowing individuals to ""lock"" and ""unlock"" their credit reports does not offer adequate protection, asserting that only legislative changes can fully safeguard individuals' information. ""It only applies to Equifax. Consumers are now vulnerable to the loss of their data and some thief going through one of the other credit reporting agencies. That’s why we need to change the law. We need to make it in place forever and make sure consumers have control over their own data,"" she stated. Wednesday’s hearing was the second of four hearings for Smith this week as lawmakers continue to review the breach. Several lawmakers on Wednesday also raised questions regarding why Equifax was awarded a contract with the Internal Revenue Service to assist in verifying taxpayer data. Speaking before Congress on Tuesday, Smith repeatedly expressed regret for the breach, indicating that it took weeks for the credit bureau to fully comprehend the scope of the intrusion.",0,"Senator Warren criticizes Equifax potential to profit from breach. WASHINGTON (Reuters) - U.S. Senator Elizabeth Warren criticized Equifax Inc (EFX.N) on Wednesday, saying it failed to protect customers adequately  after a massive data breach and stood to gain financially from a hack that exposed information on more than 140 million people. “The breach of your system has actually created more business opportunities for you,” Warren, a Democrat known for her consumer advocacy, told former Equifax Chief Executive Officer Richard Smith during his second congressional grilling this week. In addition to providing consumer credit reports, Equifax offers products to protect people’s data from misuse.  Warren said this business mix creates a conflict of interest by making Equifax responsible for protecting consumer data while allowing it to profit from consumers’ attempts to mitigate the breach.  “Equifax is making money, millions of dollars off its own screw-up and meanwhile the potential cos",neutralize_real
real_131,"U.S. House Republicans finalize list of rules to eliminate in Wednesday vote. WASHINGTON (Reuters) - Republicans continued their deregulatory efforts on Tuesday, as the U.S. House of Representatives Rules Committee officially included a regulation on methane and one aimed at addressing pay discrimination to the list of rules to be voted on for repeal on Wednesday. On Monday, the committee also forwarded three other recently enacted rules concerning the environment, corruption, and firearms to the full House for elimination under the Congressional Review Act, which has seen effective usage only once since its inception in 2001. The Republican-controlled House is anticipated to vote on Wednesday to rescind all five regulations before passing them to the Senate. Agencies are prohibited from instituting a new rule to replace any part of a regulation that has been overturned, and Democrats during Tuesday’s committee hearing contended that House Republicans were limiting the potential for future regulatory measures that might be necessary. They also requested additional time to evaluate the rollback of regulations that typically require extensive time to develop. Representative Jim McGovern, a Democrat from Massachusetts, stated, “What we’ve been doing today and yesterday ... I would characterize as mindless legislating.” He expressed concern that this process may expose numerous vulnerable individuals and working populations, as well as the environment, to unfavorable consequences. Louise Slaughter, the committee’s senior Democrat from New York, expressed her disagreement with the methane rule during the one-hour hearing, stating, “I disagree wholeheartedly with what you’re doing.” However, Democrats possess limited capacity to prevent the revocation of regulations, as only simple majorities in both chambers are required for a rule’s repeal. Previously, attempts by Republicans to nullify regulations faced veto threats from former president Barack Obama, a Democrat. Currently, President Donald Trump, a Republican, occupies the White House. Critics of the methane rule argue that it is unnecessary, claiming it is a redundant regulation that infringes on state rights and complicates the distribution of natural gas due to excessive bureaucratic procedures. Supporters, on the other hand, contend that the rule prevents oil and gas companies from polluting the environment, generates royalties for the federal government, and minimizes methane waste. Those advocating for the repeal of the pay-discrimination rule express similar concerns, arguing that existing regulations already address this issue and that the requirement for federal contractors to gather employee information will incur significant costs and time.",0,"U.S. House Republicans finalize list of rules to kill in Wednesday vote. WASHINGTON (Reuters) - Republicans pressed ahead in their deregulatory push on Tuesday, with the U.S. House of Representatives Rules Committee officially adding a regulation on methane and one intended to root out pay discrimination to the list of rules the whole chamber will vote to kill on Wednesday. On Monday, the committee sent three other recently enacted rules on the environment, corruption and guns to the full House to axe under the Congressional Review Act, which has only been used effectively once, in 2001.  The Republican-controlled House is expected to vote to overturn all five regulations on Wednesday, and then hand them off to the Senate. Agencies cannot create a new rule to replace any part of an overturned regulation, and Democrats at Tuesday’s committee hearing argued that House Republicans were closing off the possibility of enacting regulations that could be needed in the future.  They also press",neutralize_real
real_132,"U.S. Air Force awards contracts to Raytheon, Lockheed for next-generation cruise missile. (Reuters) - The U.S. Air Force has awarded Lockheed Martin Corp and Raytheon Co separate contracts worth $900 million each to advance the development of a replacement for the AGM-86B air-launched nuclear cruise missile, as announced by the Pentagon on Wednesday. The award for the new Long Range Standoff weapon (LRSO) coincides with increasing tensions with North Korea; however, the Air Force had solicited proposals from the defense industry last summer to replace the aging nuclear cruise missiles and intercontinental ballistic missile system as part of a broader modernization effort of its aging atomic weapons systems. “This weapon will modernize the air-based leg of the nuclear triad,” said Secretary of the Air Force Heather Wilson in a statement. According to Lockheed Martin, the LRSO, which is a plane-launched weapon, “will be capable of penetrating and surviving advanced integrated air defense systems from significant standoff range.” The contract awards facilitate parallel detailed development and prototyping for the cruise missile replacement over the next four and a half years, focusing on technology maturation and risk reduction of the weapon. Following this phase, the Air Force will select a single contractor for engineering, manufacturing, and deployment. The Air Force aims to procure approximately 1,000 LRSO flight bodies, with the development and procurement costs projected to be around $10 billion, as stated by an Air Force spokesperson. Some of the flight bodies will be equipped with nuclear weapons, while others will serve for testing or as spares. The Air Force has indicated plans to begin fielding the LRSO by 2030. The current cruise missile was first introduced in the early 1980s and has a lifespan of 10 years. On Monday, the Air Force also awarded Boeing Co and Northrop Grumman Corp separate contracts to continue work on replacing the aging Minuteman III ICBM system. The modernization of the U.S. nuclear force is anticipated to exceed $350 billion over the next decade. The United States is set to replace its aging systems, which include bombs, nuclear bombers, missiles, and submarines. Some analysts have estimated the total cost at $1 trillion over 30 years.",0,"U.S. Air Force picks Raytheon, Lockheed for next-gen cruise missile. (Reuters) - The U.S. Air Force has awarded Lockheed Martin Corp and Raytheon Co separate $900 million contracts to continue work on a replacement for the AGM-86B air-launched nuclear cruise missile, the Pentagon said on Wednesday. Although the award for the new Long Range Standoff weapon (LRSO) comes amid rising tensions with North Korea, the Air Force had asked the defense industry last summer for proposals to replace the aging nuclear cruise missiles and intercontinental ballistic missile system as the military moved ahead with a costly modernization of its aging atomic weapons systems. “This weapon will modernize the air-based leg of the nuclear triad,” said Secretary of the Air Force Heather Wilson in a statement. LRSO, which is a plane launched weapon, “will be capable of penetrating and surviving advanced integrated air defense systems from significant standoff range” Lockheed Martin said in its statement about ",neutralize_real
real_133,"Romania is in negotiations to purchase U.S. rocket systems valued at $1.25 billion, according to the Pentagon. The U.S. State Department has greenlighted the sale of mobile artillery rocket systems to Romania, as reported by the Defense Security Cooperation Agency on Friday. The agency indicated that it informed Congress of the potential sale on Thursday. Lockheed Martin is identified as the primary contractor for the weapons system. Romania has requested up to 54 high mobility artillery rocket systems along with associated services and equipment, as stated by the agency.",0,"Romania negotiating to buy U.S. rocket systems worth $1.25 billion: Pentagon. WASHINGTON (Reuters) - The U.S. State Department has approved the sale of mobile artillery rocket systems to Romania worth up to $1.25 billion, the Defense Security Cooperation Agency said on Friday. The Pentagon agency said it notified Congress of the possible sale on Thursday. Lockheed Martin is the prime contractor for the weapons system. Romania has asked for up to 54 high mobility artillery rocket systems and related services and equipment, the agency said in a statement.",neutralize_real
real_134,"Top U.S. intelligence Democrat criticizes White House regarding Nunes documents. WASHINGTON (Reuters) - The leading Democrat on the House of Representatives Intelligence Committee criticized the White House on Tuesday for its role in providing documents to committee chairman Devin Nunes in a manner that he described as ""selectively and surreptitiously."" Representative Adam Schiff stated that if the White House had any concerns regarding these documents, or any other documents, they should have submitted them to the committee weeks ago. He indicated that he anticipated the documents, which are related to surveillance that included some communications by Trump associates, would be accessible to the full House and Senate intelligence committees ""soon.""",0,"Top U.S. intelligence Democrat blasts White House over Nunes documents. WASHINGTON (Reuters) - The top Democrat on the House of Representatives Intelligence Committee blasted the White House on Tuesday for playing a role “in selectively and surreptitiously” providing documents to committee chairman Devin Nunes. “If the White House had any concerns over these documents, or any other documents, they should have provided them to our committee weeks ago,” Representative Adam Schiff said in a statement. He said he expected the documents, related to surveillance that swept up some communications by Trump associates, would be available to the full House and Senate intelligence committees “soon.”",neutralize_real
real_135,"U.S. Senate confirms Trump's pick for top Supreme Court lawyer. WASHINGTON (Reuters) - The Republican-controlled U.S. Senate on Tuesday confirmed President Donald Trump’s nominee to serve as his administration’s top advocate before the U.S. Supreme Court, overcoming united Democratic opposition. Noel Francisco, a Washington lawyer with strong conservative credentials who previously worked in Republican former President George W. Bush’s administration, was confirmed by the Senate as U.S. solicitor general on a vote of 50-47. All the Senate’s Democrats voted against him except for New Jersey’s Robert Menendez, who is currently on trial facing corruption charges in Newark. Francisco takes up his new position as the Supreme Court prepares to begin its new term on Oct. 2. The court has several potential blockbuster cases on its docket, including the challenge to Trump’s travel ban on people from six predominantly Muslim countries entering the United States. That case will be argued before the justices on Oct. 10. Francisco, who previously worked at the Jones Day law firm, will now be overseeing the Justice Department’s defense of the ban and other major policy initiatives that are challenged in court. He has argued three cases at the Supreme Court. Most recently, he represented Republican former Virginia Governor Robert McDonnell in a successful attempt to throw out corruption convictions. The justices ruled in favor of McDonnell last year in an 8-0 ruling that could make it tougher to prosecute politicians for corruption. Francisco served as a White House lawyer from 2001 to 2003 and spent another two years in the Justice Department’s Office of Legal Counsel from 2003 to 2005. He previously worked as a clerk for the late Supreme Court conservative Justice Antonin Scalia.",0,"U.S. Senate confirms Trump's pick for top Supreme Court lawyer. WASHINGTON (Reuters) - The Republican-controlled U.S. Senate on Tuesday confirmed President Donald Trump’s nominee to serve as his administration’s top advocate before the U.S. Supreme Court, overcoming united Democratic opposition. Noel Francisco, a Washington lawyer with strong conservative credentials who previously worked in Republican former President George W. Bush’s administration, was confirmed by the Senate as U.S. solicitor general on a vote of 50-47. All the Senate’s Democrats voted against him except for New Jersey’s Robert Menendez, who is currently on trial facing corruption charges in Newark. Francisco takes up his new position as the Supreme Court prepares to begin its new term on Oct. 2. The court has several potential blockbuster cases on its docket, including the challenge to Trump’s travel ban on people from six predominantly Muslim countries entering the United States. That case will be argued before t",neutralize_real
real_136,"Czech election front-runner likely to influence state-owned CEZ. PRAGUE (Reuters) - Andrej Babis has indicated that he intends to manage the Czech Republic with a business-oriented approach, which may lead to changes for the country's largest state-controlled enterprise, CEZ. The billionaire Babis has previously clashed with CEZ management, and with his ANO party polling ahead of the parliamentary elections scheduled for Friday and Saturday, he may soon gain the authority to address the management he believes has mismanaged the company. ""The fact that CEZ is out of his control and he doesn’t have a say in it has troubled him considerably,"" said Jiri Pehe, a political analyst and director at New York University in Prague. As one of the leading business figures in the country, he seeks to have CEZ under his influence. CEZ is 70 percent state-owned, boasting a market capitalization of $11.3 billion, making it the largest publicly traded company in the Czech Republic. Historically, it has played a significant role in Czech politics, acting as a substantial revenue source for the government by providing the highest dividends among state-controlled firms. Its investment initiatives generate considerable business for various Czech suppliers. Daniel Benes has been the chief executive since 2011, having joined the board six years prior. His contract extends for another four years and he has received support from previous prime ministers, including the outgoing Social Democrat Bohuslav Sobotka. This support may cease if Babis assumes office following Saturday’s elections. Babis, whose business portfolio includes food, chemical, and media sectors, has consistently argued that CEZ exerts excessive influence over political parties, a concern he reiterated in a recent interview. ""In my view, one state firm cannot run all political parties and cannot be a piggy bank for politicians,"" Babis stated in the magazine Tyden. A spokesperson for CEZ declined to comment on his statements. During his tenure as finance minister from January 2014 to May of this year, Babis had confrontations with CEZ management but lacked sufficient authority to implement significant changes. As prime minister, he would gain more influence and could alter the supervisory board that appoints management. Over the past year, Babis has expressed disapproval of a dividend reduction, a potential sale of a coal plant, and a proposal currently under review to spin off regulated distribution and renewable assets. This proposed spin-off would separate and possibly sell CEZ's distribution and renewable segments while allowing the government to maintain full control over its nuclear and coal facilities. This would enable the government to undertake the construction of new nuclear plants. Conversely, Babis contends that CEZ should fund the construction of nuclear plants independently. CEZ management has indicated it would not proceed without explicit state guarantees to support financing. Miroslav Frayer, who monitors the utility for Komercni Banka, remarked that the proposed spin-off is an issue the government will need to address promptly. Michal Snobr, a seasoned CEZ investor representing a group with nearly 1 percent ownership in the company, anticipates changes following the election. ""Given how Babis is presenting it, there are likely to be changes in the CEZ leadership,"" Snobr remarked. He noted that this management has committed numerous errors that would typically prompt changes in a standard business context. He highlighted prolonged outages at CEZ's nuclear facility in Dukovany, a lack of strategic direction, and current projects such as acquisitions of expensive German wind plants. Snobr suggested that a spin-off of CEZ could proceed similarly to the separation of Innogy from RWE in Germany, especially given the high valuations of regulated businesses. He added that Babis may revise his stance after the election. Additionally, Snobr indicated that CEZ would not be able to finance new nuclear plants without state support, as such a significant investment would not be commercially viable and could result in legal challenges from other shareholders.",0,"Czech election front-runner likely to put stamp on state-owned CEZ. PRAGUE (Reuters) - Andrej Babis say he wants to run the Czech Republic like a business, which may mean upheaval is ahead for the country s biggest state-controlled business, the utility CEZ. The billionaire Babis has a history of confrontation with CEZ management, and with his ANO party leading in polls ahead of parliamentary elections on Friday and Saturday, he may soon have the power to take on the management he feels has steered the company adrift.  The fact that CEZ is out of his control and he doesn t have a decision in it has bothered him quite a bit,  Jiri Pehe, a long-time political analyst and director of New York University in Prague.  As one of the top businessmen in the country, he simply wants to have CEZ under his control.     CEZ is 70 percent state-owned, and with market capitalization of $11.3 billion, is the Czech Republic s largest listed company. As such, it has long played a central role in Czech p",neutralize_real
real_137,"NRA gun rights group pours money into Republican U.S. Senate campaigns. WASHINGTON (Reuters) - The National Rifle Association is expected to achieve record spending this year on U.S. political campaigns, including Missouri’s U.S. Senate race where a gun-owning Democrat is competing against an incumbent Republican who is supported by the gun rights group. Democrat Jason Kander, an Afghanistan war veteran, is trailing Republican U.S. Senator Roy Blunt by 2.5 percentage points in opinion polls in Missouri, despite the NRA’s expenditure of $1.8 million to support Blunt and the Republicans’ U.S. Senate majority. Gun violence has drawn significant attention in the United States in 2016, highlighted by incidents such as a massacre at an Orlando, Florida, nightclub and a series of police shootings, prompting some Democrats and activists to call for stricter gun laws. These initiatives have faced challenges, as in previous years, from the NRA and its supporters, who argue that such measures would violate the right to bear arms as established by the Second Amendment of the U.S. Constitution. Since the 1990s, Congress has not passed major gun-control legislation. An Aug. 19 Reuters/Ipsos poll indicated that 41.8 percent of respondents supported strong restrictions on firearms, while 22.4 percent favored moderate regulations. Per-capita firearm ownership in the United States significantly exceeds that of any other country, according to government estimates. In the Missouri race and other Senate contests in states such as North Carolina, Nevada, Florida, and New Hampshire, the gun-control debate is being addressed on the campaign trail. The NRA has spent $23.4 million in this election cycle, with one month remaining before the elections on Nov. 8, compared to a previous high of $27 million in the entire 2014 campaign cycle, according to federal data from the Center for Responsive Politics. The NRA did not respond to requests for comment. In addition to Senate Republicans, the lobbying group is also supporting Republican presidential nominee Donald Trump. Blunt, 66, has served in Congress for two decades. He accuses Kander, 35, of being lenient on gun ownership rights. Blunt holds an “A” rating from the NRA, while Kander has received an “F,” which the NRA attributes to Kander’s support for expanded background checks on gun buyers and legislation introduced this year in Congress aimed at preventing individuals on “terrorism watch lists” from purchasing firearms. Kander stated, “The difference between Senator Blunt and myself is that I want to stop criminals and suspected terrorists from having the same access to guns as the rest of us, which is why I support background checks.” Kander, Missouri’s secretary of state, released a 30-second TV commercial last month that has garnered over 1 million views on youtube.com. In the advertisement, the former U.S. Army captain assembles a military-style rifle while blindfolded. He asserts his support for gun ownership rights but adds, “I also believe in background checks so that terrorists can’t get their hands on one of these.” A significant debate in Washington concerning background checks in June resulted in a 25-hour sit-in by Democrats on the floor of the House of Representatives. Tim Daly, managing director of guns and crime policy for the liberal Center For American Progress, stated, “The reaction to that ad has reset the debate” in the Missouri Senate race. Kander’s polling numbers were already improving when the ad was first aired on Sept. 15. However, Daly noted that Kander raised new questions regarding the NRA's stance on background checks. Blunt and his campaign representatives were not available for comment. The NRA is Blunt’s second-largest financial supporter in the Missouri race, following a group closely aligned with U.S. Senate Majority Leader Mitch McConnell that backs Republicans. Similar to the Blunt-Kander contest, other significant 2016 Senate races demonstrate an ongoing debate over gun issues as Republicans strive to maintain their control of the Senate.",0,"NRA gun rights group pours money into Republican U.S. Senate campaigns. WASHINGTON (Reuters) - The National Rifle Association is on track for record spending this year on U.S. political campaigns, including Missouri’s U.S. Senate race where a gun-owning Democrat is waging a tough fight against an incumbent Republican backed by the gun rights group. Democrat Jason Kander, an Afghanistan war veteran, is running just 2.5 percentage points behind Republican U.S. Senator Roy Blunt in opinion polls in Missouri, despite the NRA’s expenditure of $1.8 million so far trying to protect Blunt as well as the Republicans’ U.S. Senate majority. Gun violence has transfixed the United States in 2016, from a massacre at an Orlando, Florida, nightclub to a rash of police shootings, fueling demands by some Democrats and activists for tighter gun laws. Those efforts have been thwarted, as in years past, by the NRA and its supporters, who say such measures would infringe on the right to bear arms guaranteed",neutralize_real
real_138,"Sea surges may impact parts of Florida: Governor Scott. WASHINGTON (Reuters) - A significant sea surge is expected to accompany Hurricane Irma as the storm progresses through Florida, and this influx of ocean water may cause considerable damage to coastal areas, according to Florida Governor Rick Scott. He expressed particular concern about the west coast, referring to Florida's western shoreline that faces the Gulf of Mexico and is experiencing severe effects from Irma. Scott made these statements during an appearance on Fox News Sunday. Later, on ABC News, he remarked: This storm surge is just deadly.",0,"Sea surges may devastate parts of Florida: Governor Scott. WASHINGTON (Reuters) - A powerful sea surge will accompany Hurricane Irma as the storm moves through Florida, and that blast of ocean water could badly damage coastal areas, Florida Governor Rick Scott said.  I am very concerned about the west coast,  Scott said of Florida s western shoreline that faces the Gulf of Mexico and is being hit hard by Irma. Scott was talking on Fox News Sunday. Later, on ABC News, Scott said:  This storm surge is just deadly.",neutralize_real
real_139,"U.S. Treasury Secretary Steven Mnuchin expressed confidence on Thursday that Congress would raise the federal debt limit prior to any potential issues with U.S. creditworthiness. He stated that the Trump administration’s tax reform plans would be financed. ""We’re going to get it increased,"" Mnuchin told Fox Business Network regarding the debt limit. ""The credit of the United States is the utmost. I’ve said to Congress they should do it as quickly as they can. But we are very focused on working with them and I’m confident we’ll get there before there’s an issue."" Last week, Mnuchin indicated a preference for a ""clean"" debt ceiling increase before Congress’ summer recess in early August. He noted that it ""makes no sense"" to evaluate the Trump administration’s tax reform plans through a ""static"" budget analysis that does not consider the effects of economic growth. Mnuchin has previously stated that increased economic growth would yield additional revenue to counterbalance lower tax rates. ""We’re about creating economic growth, we’re about broadening the base and we’re going to make sure that this is tax reform, not just tax cuts, and that they’re paid for,"" Mnuchin said.",0,"Treasury chief 'confident' Congress will raise U.S. debt limit. WASHINGTON (Reuters) - U.S. Treasury Secretary Steven Mnuchin said on Thursday he was confident that Congress would raise the federal debt limit  “before there’s an issue” with U.S. creditworthiness, and he pledged that the Trump administration’s tax reform plans would be paid for. “We’re going to get it increased,” Mnuchin told Fox Business Network about the debt limit. “The credit of the United States is the utmost. I’ve said to Congress they should do it as quickly as they can. But we are very focused on working with them and I’m confident we’ll get there before there’s an issue.” Mnuchin said last week that he wanted a “clean” debt ceiling increase before the start of Congress’ summer recess in early August. Mnuchin said that it “makes no sense” to view the Trump administration’s tax reform plans through a “static” budget analysis that does not account for economic growth effects. He has previously pledged that increas",neutralize_real
real_140,"Iran urges Muslim nations to defend Palestinians after Trump move. ISTANBUL (Reuters) - Iranian President Hassan Rouhani stated on Wednesday that all Muslim nations should collaborate to defend the rights of Palestinians following Donald Trump's decision last week to recognize Jerusalem as Israel's capital. Rouhani, who was attending an emergency meeting of Muslim leaders, indicated that the U.S. president's decision demonstrated a lack of respect for the legitimate rights of the Palestinian people. Iran is prepared to work with all Muslim countries without any preconditions to defend the legitimate rights of Palestinians, Rouhani remarked during the meeting in Istanbul. He emphasized the importance of unity among Muslim nations and stated that Quds (Jerusalem) should be prioritized. Opposition to Israel and support for the Palestinian cause have been fundamental aspects of Iran's foreign policy since the Islamic revolution of 1979 that resulted in the overthrow of the U.S.-backed Shah. Iran, a leading Shiite Muslim power, and Sunni Muslim Saudi Arabia are in competition for influence in the Middle East, where they back opposing groups in Yemen, Syria, Iraq, and Lebanon. Tehran and Riyadh perceive each other as significant threats to regional peace and stability. Saudi Arabia severed diplomatic relations with Iran in 2016 after Iranian protesters attacked Saudi diplomatic missions in Tehran and Mashhad in response to Riyadh's execution of a prominent Shiite cleric. Rouhani advised that Muslim countries should settle their disputes through dialogue and accused Israel of instigating tension across the Middle East. On his Twitter account, Rouhani stated that Trump's recognition of Jerusalem as Israel's capital indicated that Washington was not a reliable mediator and would not be in the future, adding that it aimed to protect the interests of Zionists. Iran does not recognize Israel and considers Palestine to encompass all of the holy land, including Israeli territory. Iranian leaders have consistently called for the destruction of Israel. Tehran supports several militant Islamist groups in their opposition to Israel.",0,"Iran urges Muslim nations to defend Palestinians after Trump move. ISTANBUL (Reuters) - Iranian President Hassan Rouhani said on Wednesday all Muslim nations should work together to defend the rights of Palestinians following Donald Trump s decision last week to recognize Jerusalem as Israel s capital. Rouhani, attending an emergency meeting of Muslim leaders, said the U.S. president s move showed the United States lacked any respect for the legitimate rights of the Palestinian nation.   Iran is ready to cooperate with all Muslim countries without any precondition to defend the legitimate rights of Palestinians,  Rouhani told the gathering in the Turkish city  Istanbul.  Unity among Muslim countries is very important and Quds (Jerusalem) should become our top priority.  Opposition to Israel and support for the Palestinian cause have been central to Iran s foreign policy since the Islamic revolution of 1979 that toppled the U.S.-backed Shah.  Iran, the leading Shi ite Muslim power, and ",neutralize_real
real_141,"House Democrats support Special Counsel Mueller. WASHINGTON (Reuters) - Democrats in the U.S. House of Representatives expressed their support for Special Counsel Robert Mueller on Thursday, following recent efforts by Republicans and conservative news outlets to challenge his credibility and the investigation into Russian interference in the 2016 presidential election. In a letter addressed to Justice Department Deputy Attorney General Rod Rosenstein, 171 of the 193 Democrats in the House indicated their backing for Mueller’s investigation and urged Rosenstein to allow it to proceed without political influence or threats to his authority. California Democrat Maxine Waters stated during a press conference on Thursday, ""We will not stand by and allow Fox News and right-wing Republicans to defy the rule of law and create their own rules to interfere with the legitimate investigation under the Constitution of the United States."" She further commented, “There is an organized effort by Republicans ... to spin a false narrative and conjure up outrageous scenarios to accuse Special Counsel Mueller of being biased.” Rosenstein appointed Mueller as Special Counsel in May, after President Donald Trump dismissed former FBI Director James Comey, citing the investigation into Russia as a reason. Critics alleged that the president's actions were an attempt to obstruct the investigation. Mueller is examining whether Trump’s presidential campaign colluded with Russia to influence the election. Russia has denied any interference, and Trump has stated that there was no collusion. Republican criticism of Mueller, who is affiliated with their party, has grown in recent months, particularly after he charged four close associates of Trump, including former campaign manager Paul Manafort and former National Security Adviser Michael Flynn. Republicans and hosts on Fox News have claimed that Mueller’s team and the Federal Bureau of Investigation have displayed bias, referencing anti-Trump messages exchanged by two FBI staffers who had previously worked on Mueller’s team. House Republicans have initiated their own investigation into the FBI’s handling of Hillary Clinton’s emails, questioning whether she received preferential treatment after no charges were filed. There have been recent speculations in Washington regarding Trump’s potential intentions to dismiss Mueller, which Trump’s lawyers have denied. Rosenstein, also a Republican, supervises Mueller’s team and stated that he can only terminate Mueller for valid reasons; he informed Congress last week that he sees no legitimate grounds for such an action. House Judiciary Committee Ranking Democrat Jerrold Nadler remarked on Thursday that “this investigation must continue unimpeded,” while suggesting that Republicans were attempting to assist the President as circumstances become more challenging for him.",0,"House Democrats rally to protect Special Counsel Mueller. WASHINGTON (Reuters) - Democrats in the U.S. House of Representatives rallied behind Special Counsel Robert Mueller on Thursday, after recent attempts by Republicans and conservative news outlets to discredit him and his probe into Russian interference in the 2016 presidential election. In a letter sent to Justice Department Deputy Attorney General Rod Rosenstein, 171 of the 193 Democrats in the House said they support Mueller’s probe, and urged Rosenstein to let it continue “unfettered by political influence or threats to his authority.”  “We will not stand by and allow Fox News and right-wing Republicans to defy the rule of law and create their own rules to interfere with the legitimate investigation under the Constitution of the United States,” California Democrat Maxine Waters said during a press conference Thursday. “There is an organized effort by Republicans ... to spin a false narrative and conjure up outrageous scenario",neutralize_real
real_142,"Myanmar's Suu Kyi faces increased pressure as nearly 125,000 Rohingya flee violence. SHAMLAPUR, Bangladesh/DHAKA (Reuters) - Myanmar leader Aung San Suu Kyi is under growing pressure to address violence against Rohingya Muslims, which has resulted in nearly 125,000 individuals fleeing to Bangladesh in just over 10 days. United Nations Secretary-General Antonio Guterres has warned of potential ethnic cleansing and regional destabilization, urging the U.N. Security Council to advocate for restraint and calm in a letter expressing concern about the violence escalating into a humanitarian crisis. Reuters reporters observed hundreds of Rohingya arriving on boats at the Bangladeshi border village of Shamlapur on Tuesday, indicating that the exodus continues. The International Organization for Migration stated that humanitarian assistance needs to be urgently increased, highlighting an immediate funding gap of $18 million over the next three months to enhance lifesaving services for the new arrivals. Indonesian Foreign Minister Retno Marsudi, after discussions with Bangladeshi Prime Minister Sheikh Hasina in Dhaka, expressed Jakarta's readiness to assist Bangladesh in managing the crisis. She emphasized, ""This humanitarian crisis shall be ended,"" during her remarks to reporters in Dhaka, following talks in the Myanmar capital. The latest outbreak of violence in Myanmar's northwestern Rakhine state began on August 25, when Rohingya insurgents attacked multiple police posts and an army base. The subsequent clashes and military counter-offensive have resulted in at least 400 fatalities and prompted many villagers to flee to Bangladesh. Myanmar officials attribute the destruction of homes and civilian casualties to Rohingya militants, while rights monitors and fleeing Rohingya claim that the Myanmar army is conducting a campaign involving arson and killings to drive them out. When asked if the violence could be characterized as ethnic cleansing, Guterres stated, ""We are facing a risk, I hope we don’t get there."" He called on all authorities in Myanmar, both civilian and military, to put an end to the violence, which he believes poses a risk of regional destabilization. The treatment of Myanmar's approximately 1.1 million Muslim Rohingya represents a significant challenge for Suu Kyi, who has faced criticism from Western nations for her silence regarding the persecution of this minority group. Myanmar maintains that its security forces are engaged in a legitimate campaign against terrorism. H.T. Imam, a political advisor to Prime Minister Sheikh Hasina, indicated that other countries from the Association of Southeast Asian Nations (ASEAN) could join Indonesia in applying pressure on Myanmar. Malaysia, another ASEAN member, summoned Myanmar's ambassador to express its concerns regarding the violence and criticized Myanmar for insufficient progress on the issue. Malaysian Foreign Minister Anifah Aman stated that the ongoing violence and discrimination against the Rohingyas should be elevated to a higher international forum. Turkish President Tayyip Erdogan, who has referred to the violence against Rohingyas as genocide, expressed to Suu Kyi that the situation is of significant concern to the Muslim world and announced that he would send his foreign minister to Bangladesh. Pakistan, which has a substantial Rohingya community, has voiced deep concern over the situation. Approximately 210,000 Rohingya have sought refuge in Bangladesh since October, following smaller attacks by Rohingya insurgents on security posts, which triggered a major counter-offensive by the Myanmar army. Refugees arriving in Shamlapur, along with local residents, reported that hundreds of boats arrived on Monday and Tuesday carrying several thousand individuals. Reuters reporters witnessed men, women, and children disembarking with a few personal belongings, including chickens.",0,"Myanmar's Suu Kyi under pressure as almost 125,000 Rohingya flee violence. SHAMLAPUR, Bangladesh/DHAKA (Reuters) - Myanmar leader Aung San Suu Kyi came under more pressure on Tuesday to halt violence against Rohingya Muslims that has sent nearly 125,000 of them fleeing over the border to Bangladesh in just over 10 days. United Nations Secretary-General Antonio Guterres warned of the risk of ethnic cleansing and regional destabilization. He   urged the U.N. Security Council to press for restraint and calm in a rare letter to express concern that the violence could spiral into a  humanitarian catastrophe.  Reuters reporters saw hundreds more exhausted Rohingya arriving on boats near the Bangladeshi border village of Shamlapur on Tuesday, suggesting the exodus was far from over. The International Organization for Migration said humanitarian assistance needed to increase urgently and that     it and partner agencies had an immediate funding gap of $18 million over the next three months to ",neutralize_real
real_143,"Factbox: Trump on Twitter (Aug 25) - Republicans, John Kelly, Hurricane Harvey. The following statements were posted to the verified Twitter accounts of U.S. President Donald Trump, @realDonaldTrump and @POTUS. The opinions expressed are his own. Reuters has not edited the statements or confirmed their accuracy. @realDonaldTrump : - If Senate Republicans do not eliminate the Filibuster Rule and move to a 51% majority, few bills will be passed. Eight Democrats control the Senate! [0633 EDT] - General John Kelly is performing well as Chief of Staff. There is significant spirit and talent in the White House. Do not believe the Fake News. [0640 EDT] - Few, if any, Administrations have accomplished more in just seven months than the Trump Administration. Bills passed, regulations removed, border, military, ISIS, Supreme Court! [0644 EDT] - Nick Adams, “Retaking America” stated, “The best aspects of this presidency are not reported. I believe this may be the best presidency ever.” [0732 EDT] - A statement by Bob Corker is noted as strange considering that he frequently inquires about whether he should run again in 2018. Tennessee is not satisfied! [0825 EDT] - I have spoken with @GovAbbott of Texas and @LouisianaGov Edwards. I am closely monitoring #HurricaneHarvey developments and here to assist as necessary. [1146 EDT] - Received a #HurricaneHarvey briefing this morning from Acting @DHSgov Secretary Elaine Duke, @FEMA_Brock, @TomBossert45 and Chief of Staff John Kelly. [1202 EDT] - I encourage all individuals in the path of #HurricaneHarvey to follow the advice and orders of their local and state officials. [1518 EDT] - I have just arrived at Camp David where I am closely observing the path and developments of Hurricane Harvey as it strengthens to a Category 3. Please be safe! [1703 EDT] - I have just arrived at Camp David, where I am monitoring the path and developments of Hurricane Harvey (as it strengthens to a Class 3). Winds are at 125 MPH! [1712 EDT]",0,"Factbox: Trump on Twitter (Aug 25) - Republicans, John Kelly, Hurricane Harvey. The following statements were posted to the verified Twitter accounts of U.S. President Donald Trump, @realDonaldTrump and @POTUS.  The opinions expressed are his own. Reuters has not edited the statements or confirmed their accuracy.  @realDonaldTrump : - If Senate Republicans don’t get rid of the Filibuster Rule and go to a 51% majority, few bills will be passed. 8 Dems control the Senate! [0633 EDT] - General John Kelly is doing a fantastic job as Chief of Staff. There is tremendous spirit and talent in the W.H. Don’t believe the Fake News. [0640 EDT] - Few, if any, Administrations have done more in just 7 months than the Trump A. Bills passed, regulations killed, border, military, ISIS, SC! [0644 EDT] - Nick Adams, “Retaking America”  “Best things of this presidency aren’t reported about. Convinced this will be perhaps best presidency ever.” [0732 EDT] - Strange statement by Bob Corker considering that ",neutralize_real
real_144,"Trump's new travel ban raises bar for legal challenges. NEW YORK/SAN FRANCISCO (Reuters) - The new, more narrowly tailored temporary travel ban President Donald Trump signed on Monday will be more difficult to challenge successfully in court, legal experts said. They noted that since his order no longer covers legal residents or existing visa holders, and makes waivers possible for some business, diplomatic and other travelers, challengers are likely to find it more difficult to identify individuals in the United States who can legally claim they have been harmed, thus establishing the so-called 'standing' to sue. Trump's first executive order signed on Jan. 27 banned travelers from seven Muslim-majority nations - Iran, Iraq, Libya, Somalia, Sudan, Syria and Yemen - for 90 days and halted refugee admission for four months, barring Syrian refugees indefinitely. Its rapid implementation caused disruptions and protests at airports. The order faced more than two dozen lawsuits, many alleging discrimination against Muslims. The new ban, which is set to take effect on March 16, removes Iraq from the list and adds categories of individuals who would be exempt from the order. The Trump administration stated that the executive order is necessary for national security reasons. It also specifies groups that could be eligible for waivers, including travelers previously admitted to the United States for work or school, those wishing to visit or reside with a close relative and who would face hardship if denied entry; infants, young children and adoptees or individuals in need of medical care, and employees of the U.S. government and international organizations, among others. All the exceptions make the new order 'a lot harder to attack,' according to Andrew Greenfield, an immigration attorney with Fragomen law firm in Washington D.C. Trump had indicated an intention to make the new directive more resilient to legal challenges, and many of the changes were anticipated. 'They dotted their 'i's' and crossed their 't's' in trying to anticipate what litigation might result,' said Stephen Yale-Loehr, a Cornell Law School professor specializing in immigration. He mentioned that opponents might still identify plaintiffs - a U.S. citizen could potentially sue if the government denies a waiver to their foreign spouse for an arbitrary reason, for instance. In a legal challenge to the original order, the state of Washington successfully prevented its implementation. A federal judge in Seattle and then an appeals court in San Francisco ruled that Washington could claim standing, partly because the order adversely affected legal permanent residents, known as green card holders, in the state. More than 100 businesses, including many prominent tech companies, filed briefs in court arguing that their employees were harmed. Bob Ferguson, the Attorney General for Washington State, indicated on Monday that he would likely decide on the next litigation steps this week after consulting with state universities and businesses about potential harms. 'We need to do our homework and be thoughtful about this,' Ferguson said. The U.S. Department of Justice, in a filing in Seattle federal court on Monday, stated that the new order applies 'only to those who are overseas and without a visa.' Legal experts noted that foreign nationals outside the country who do not have a U.S. visa do not have the same protections under the U.S. Constitution as individuals already present in the country. Rosemary Jenks, the director of Government Relations at NumbersUSA, a conservative group advocating for reduced immigration overall, stated that the new order would require the state of Washington to argue on behalf of unidentified foreign nationals who have not been screened, vetted, or processed by U.S. authorities. 'That would be a pretty big stretch,' Jenks said. Additionally, unlike the previous order, the new one provides more detailed explanations for the selection of specific countries, she noted. Attorneys challenging the ban, including the American Civil Liberties Union, expressed that there were",0,"Trump's new travel ban raises bar for legal challenges. NEW YORK/SAN FRANCISCO (Reuters) - The new, more narrowly tailored temporary travel ban President Donald Trump signed on Monday will be more difficult to challenge successfully in court, legal experts said. They said that since his order no longer covers legal residents or existing visa holders, and makes waivers possible for some business, diplomatic and other travelers, challengers are likely to have a harder time finding people in the United States who can legally claim they have been harmed, and thus have so-called “standing” to sue.  Trump’s first executive order signed on Jan. 27 banned travelers from seven Muslim-majority nations - Iran, Iraq, Libya, Somalia, Sudan, Syria and Yemen - for 90 days and halted refugee admission for four months, barring Syrian refugees indefinitely. Its hasty implementation caused chaos and protests at airports. The order was hit with more than two dozen lawsuits, many that claimed it discrimina",neutralize_real
real_145,"Britain says Moody's downgrade based on 'outdated' Brexit view. LONDON (Reuters) - The British government stated on Friday that the ratings agency Moody's decision to downgrade the country's credit rating was based on an outdated assessment of its plans to leave the European Union. Moody's lowered Britain's sovereign credit rating to Aa2 with a stable outlook from Aa1. A government spokesperson indicated in a statement provided by the finance ministry that the assessments made about Brexit in this report are outdated. Earlier on Friday, Prime Minister Theresa May delivered a speech in Italy outlining her desire for a transition period of approximately two years following Britain's departure from the EU in March 2019. The Prime Minister expressed an ambitious vision for the UK's future relationship with the EU, emphasizing that both parties would benefit from a new and unique partnership, according to the government spokesperson. The spokesperson also noted that substantial progress has been made in reducing the deficit while allocating additional funds for the National Health Service and social care. While acknowledging the challenges ahead, the spokesperson conveyed optimism regarding the future.",0,"Britain says Moody's downgrade based on 'outdated' Brexit view. LONDON (Reuters) - Britain s government said on Friday that a decision by ratings agency Moody s to downgrade the country s credit rating was based on an  outdated  assessment of its plans to leave the European Union. Moody s lowered Britain s sovereign credit rating to  Aa2  with a stable outlook from  Aa1.   The assessments made about Brexit in this report are outdated,  a government spokesperson said in a statement provided by the finance ministry. Earlier on Friday, Prime Minister Theresa May gave a speech in Italy setting out her wish for a transition period of around two years after Britain leaves the EU in March 2019.  The Prime Minister has just set out an ambitious vision for the UK s future relationship with the EU, making clear that both sides will benefit from a new and unique partnership,  the government spokesperson said.  We have made substantial progress in reducing the deficit while finding extra money for",neutralize_real
real_146,"Republican ex-defense secretary Cohen backs Hillary Clinton. WASHINGTON (Reuters) - Former Republican U.S. Defense Secretary William Cohen stated on Wednesday that he is likely to vote for U.S. Democratic presidential candidate Hillary Clinton in the upcoming Nov. 8 U.S. presidential election, citing her experience as secretary of state and former first lady. ""In all likelihood, I would say yes,"" Cohen, who served as defense secretary under former U.S. President Bill Clinton, a Democrat, told MSNBC in an interview when asked if she had earned his vote. ""I would not feel comfortable,"" with Donald Trump, Clinton’s Republican rival and a political novice, having access to the nation’s nuclear codes, Cohen added. ""I’d feel more comfortable with Hillary Clinton, certainly,"" Cohen said during the MSNBC interview.",0,"Republican ex-defense secretary Cohen backs Hillary Clinton. WASHINGTON (Reuters) - Former Republican U.S. Defense Secretary William Cohen on Wednesday said he will likely vote for U.S. Democratic presidential candidate Hillary Clinton in the Nov. 8 U.S. presidential election, citing her experience as secretary of state and former first lady. “In all likelihood, I would say yes,” Cohen who served as defense secretary under former U.S. President Bill Clinton, a Democrat, told MSNBC in an interview when asked if she had earned his vote. “I would not feel comfortable,” with Donald Trump, Clinton’s Republican rival and a political novice, having access to the nation’s nuclear codes, Cohen said. “I’d feel more comfortable with Hillary Clinton, certainly,” Cohen told MSNBC.",neutralize_real
real_147,"Trump U.S. antitrust nominee says will be independent of White House. WASHINGTON (Reuters) - Makan Delrahim, nominated by President Donald Trump to serve as the top U.S. antitrust regulator, stated on Wednesday that he intends to remain independent from the White House while enforcing antitrust law. The Senate is required to vote for Delrahim's confirmation. During a hearing before the Senate Judiciary Committee, which was influenced by the fallout from Trump’s dismissal of Federal Bureau of Investigation Director James Comey, Delrahim confirmed that he would recuse himself from any involvement regarding the potential merger of health insurer Anthem with rival Cigna. Delrahim had previously worked as a lobbyist for Anthem while employed at the law firm Brownstein Hyatt Farber Schreck, LLP. The Justice Department under former President Barack Obama filed a lawsuit to prevent the merger, and the case is currently in the appeals process. When questioned about potential discussions with the White House regarding deals under consideration by his division, Delrahim emphasized that antitrust enforcement constitutes law enforcement. He remarked, “The independence of the decisions made in prosecuting and reviewing mergers as well as other conduct is a serious one that should be free from any political influence.” He added, “They will be free if I am fortunate enough to be confirmed.” Currently, Delrahim serves in the White House as deputy assistant and deputy counsel to the president. If confirmed, Delrahim’s antitrust division will evaluate corporate mergers at a time when numerous investors and corporate leaders are anticipating a more lenient approach to deal-making. The previous administration encountered a significant number of large mergers, which one enforcer described as a “merger tsunami,” and blocked several of these transactions. Antitrust specialists who have monitored Delrahim’s career expect him to align with the approach of his former supervisor, Hewitt Pate, who held the position of assistant attorney general for antitrust from 2003 to 2005. Delrahim served as Pate’s deputy, focusing on international antitrust matters. Under Pate's leadership, the division faced criticism for permitting too many deals; however, it did initiate lawsuits to prevent the merger of US Airways with United Airlines and to block a combination of DirecTV and EchoStar. It also attempted, but was unsuccessful, in stopping Oracle Corp from acquiring PeopleSoft. If confirmed, Delrahim will oversee the Justice Department’s evaluation of AT&T Inc’s proposal to acquire Time Warner Inc., which owns HBO, Warner Brothers, and news network CNN. The department is also assessing significant transactions in the seeds and agricultural chemicals sector, including the mergers of Dow Chemical Co and Dupont, as well as Bayer and Monsanto. These proposed mergers, along with ChemChina’s acquisition of Syngenta, would reduce the number of agricultural chemical companies from six to three.",0,"Trump U.S. antitrust nominee says will be independent of White House. WASHINGTON (Reuters) - Makan Delrahim, who was chosen by President Donald Trump to be the top U.S. antitrust regulator, said on Wednesday that he would maintain independence from the White House in enforcing antitrust law. The Senate must still vote to confirm Delrahim. In a hearing before the Senate Judiciary Committee overshadowed by repercussions over Trump’s firing of Federal Bureau of Investigation Director James Comey, Delrahim reiterated that he would recuse himself from a fight over whether health insurer Anthem may merge with rival Cigna. Delrahim had worked for Anthem as a lobbyist when he was with the law firm Brownstein Hyatt Farber Schreck, LLP. Obama’s Justice Department sued to stop the deal, and the case is currently under appeal. Asked what he would do if the White House wanted to discuss a deal being considered by the division, Delrahim said antitrust enforcement was law enforcement. “The independen",neutralize_real
real_148,"Ryan opposes Trump working with Democrats on healthcare. WASHINGTON (Reuters) - U.S. House of Representatives Speaker Paul Ryan, the leading Republican in Congress, expressed his opposition to President Donald Trump collaborating with Democrats on new legislation aimed at overhauling the country’s health insurance system, commonly referred to as Obamacare. In an interview with ""CBS This Morning"" scheduled to air on Thursday, Ryan articulated his concerns that the Republican Party, which was unable to unify last week to agree on a healthcare reform plan, is urging the president to engage with Democrats in order to fulfill campaign promises to revise Obamacare. ""I don’t want that to happen,"" Ryan stated, in reference to Trump’s proposal to work with Democrats. He characterized the prospect of enacting those reforms with Democratic support as ""hardly a conservative thing."" Ryan further remarked, ""I don’t want government running health care. The government shouldn’t tell you what you must do with your life, with your healthcare."" On Tuesday, Trump informed senators at a White House reception that he anticipates lawmakers to reach an agreement ""very quickly"" on healthcare, though he did not provide specifics. ""I think it’s going to happen because we’ve all been promising - Democrat, Republican - we’ve all been promising that to the American people,"" he stated. Following the unsuccessful Republican plan last week, Trump indicated that Democrats, who did not support the bill, would be open to negotiating new healthcare legislation, asserting that Obamacare is destined to ""explode.""",0,"Ryan opposes Trump working with Democrats on healthcare. WASHINGTON (Reuters) - U.S. House of Representatives Speaker Paul Ryan, the top Republican in Congress, said he does not want President Donald Trump to work with Democrats on new legislation for revamping the country’s health insurance system, commonly called Obamacare. In an interview with “CBS This Morning” that will air on Thursday, Ryan said he fears the Republican Party, which failed last week to come together and agree on a healthcare overhaul, is pushing the president to the other side of the aisle so he can make good on campaign promises to redo Obamacare. “I don’t want that to happen,” Ryan said, referring to Trump’s offer to work with Democrats. Carrying out those reforms with Democrats is “hardly a conservative thing,” Ryan said, according to interview excerpts released on Wednesday. “I don’t want government running health care. The government shouldn’t tell you what you must do with your life, with your healthcare,” h",neutralize_real
real_149,"U.S. Ambassador Haley: U.N. has exhausted options on North Korea. WASHINGTON (Reuters) - U.S. Ambassador to the United Nations Nikki Haley stated on Sunday that the U.N. Security Council has exhausted its options for addressing North Korea's nuclear program, suggesting that the United States may need to refer the issue to the Pentagon. ""We have pretty much exhausted all the things that we can do at the Security Council at this point,"" Haley informed CNN's State of the Union, noting her willingness to hand the North Korea issue over to Defense Secretary James Mattis. As world leaders prepare to gather at the United Nations headquarters in New York for the annual General Assembly meeting this week, Haley's remarks signaled that the United States is maintaining its position regarding the potential for military action against North Korea. North Korea conducted a missile launch over Japan into the Pacific Ocean on Thursday, in violation of new U.N. Security Council sanctions that prohibit its textile exports and limit crude oil imports. China has urged the United States to avoid issuing threats to North Korea. Responding to President Donald Trump's warning last month regarding the North Korean threat to the United States, Haley remarked, ""It was not an empty threat. If North Korea continues this reckless behavior, and if the United States must defend itself or its allies in any way, North Korea will be destroyed. And we all know that. And none of us want that. None of us want war,"" she stated on CNN. ""We are trying every other possibility that we have, but there are a number of military options on the table,"" she added. North Korea has launched numerous missiles as it advances its weapons program aimed at achieving the capability to target the United States with a powerful, nuclear-tipped missile. North Korea indicated on Saturday that it seeks to establish an ""equilibrium"" of military force with the United States. Trump is scheduled to meet with South Korean President Jae-in Moon during the U.N. General Assembly. In a Twitter post on Sunday morning, Trump mentioned, ""I spoke with President Moon of South Korea last night. Asked him how Rocket Man is doing. Long gas lines forming in North Korea. Too bad!"" White House national security adviser H.R. McMaster stated on Friday, following the latest North Korean missile launch, that the United States is running out of patience: ""We’ve been kicking the can down the road, and we’re out of road."" On Sunday, he cautioned of imminent danger from Pyongyang: ""This regime is so close now to threatening the United States and others with a nuclear weapon, that we really have to move with a great sense of urgency on sanctions, on diplomacy and preparing, if necessary, a military option,"" McMaster told the Fox News Sunday program. Military options available to Trump include a sea blockade aimed at enforcing sanctions, cruise missile strikes on nuclear and missile facilities, and a broader campaign aimed at overthrowing leader Kim Jong Un. Mattis has indicated that the consequences of any military action could be ""tragic on an unbelievable scale"" and pose significant risks to U.S. ally South Korea. Democratic U.S. Senator Dianne Feinstein commented on Sunday that Trump should not dismiss the possibility of engaging in talks with North Korea prior to its agreement to terminate its nuclear program. ""I think that North Korea is not going to give up its program with nothing on the table,"" she remarked on CNN. Feinstein suggested that a freeze on both its nuclear program and missile arsenal, rather than a complete cessation, would be more acceptable to North Korea and to China, which is concerned that the U.S. objective is regime change in North Korea. Secretary of State Rex Tillerson stated on CBS's Face the Nation that the United States continues to seek a peaceful resolution and has been awaiting indications from North Korea that it is prepared to engage in discussions. ""We have tried a couple of times to signal to them that we’re ready, when they’re ready,"" he said. ""And they have responded with more missile launches and a nuclear test.""",0,"U.S. Ambassador Haley: U.N. has exhausted options on North Korea. WASHINGTON (Reuters) - U.S. Ambassador to the United Nations Nikki Haley said on Sunday the U.N. Security Council has run out of options on containing North Korea s nuclear program and the United States may have to turn the matter over to the Pentagon.  We have pretty much exhausted all the things that we can do at the Security Council at this point,  Haley told CNN s  State of the Union,  adding that she was perfectly happy to hand the North Korea problem over to Defense Secretary James Mattis. As world leaders head to the United Nations headquarters in New York for the annual General Assembly meeting this week, Haley s comments indicated the United States was not backing down from its threat of military action against North Korea.  North Korea launched a missile over Japan into the Pacific Ocean on Thursday in defiance of new U.N. Security Council sanctions banning its textile exports and capping imports of crude oil. ",neutralize_real
real_150,"Trump will 'do everything' to avoid nuclear war with North Korea: Mnuchin. WASHINGTON (Reuters) - U.S. Treasury Secretary Steve Mnuchin on Sunday stated that President Donald Trump aims to prevent nuclear war with North Korea and will take all necessary measures to avoid conflict. Mnuchin emphasized on ABC News that the president's top priority is the safety of the American people and allied nations. He added that the president does not wish to engage in a nuclear war, and efforts will be made to ensure that such a situation does not arise. Over the weekend, Trump intensified his rhetoric towards North Korea, cautioning the foreign minister and leader Kim Jong Un that they 'won't be around much longer,' coinciding with a significant anti-U.S. rally held in Pyongyang.",0,"Trump will 'do everything' to avoid nuclear war with North Korea: Mnuchin. WASHINGTON (Reuters) - U.S. Treasury Secretary Steve Mnuchin on Sunday said President Donald Trump wants to avoid nuclear war with North Korea and   will do everything we can  to avoid conflict.   I can assure you the president s number one priority is the safety of the American people and our allies,  Mnuchin said on ABC News.  The president doesn t want to be in a nuclear war, and we will do everything we can to make sure that doesn t occur.   Trump has dialed up the rhetoric against North Korea over the weekend, warning the country s foreign minister that he and leader Kim Jong Un  won t be around much longer,  as Pyongyang staged a major anti-U.S. rally.",neutralize_real
real_151,"EU's Tusk indicates readiness to increase sanctions against North Korea. BRUSSELS (Reuters) - The European Union is poised to enhance sanctions against North Korea following its sixth and most powerful nuclear test conducted on Sunday, according to European Council President Donald Tusk. The EU is prepared to refine its sanctions policy and encourages North Korea to resume dialogue regarding its programs unconditionally, Tusk stated in a release. The EU urges the UN Security Council to implement additional UN sanctions and demonstrate a firmer commitment to achieving a peaceful resolution on the Korean peninsula. The situation is becoming increasingly critical.",0,"EU's Tusk says ready to ramp up sanctions against North Korea. BRUSSELS (Reuters) - The European Union is prepared to ramp up sanctions against North Korea after it conducted its sixth and most powerful nuclear test on Sunday, European Council President Donald Tusk said.  The EU stands ready to sharpen its policy of sanctions and invites North Korea to restart dialogue on its programers without condition,  Tusk said in a statement.  We call on the UN Security Council to adopt further UN sanctions and show stronger resolve to achieve a peaceful decentralization of the Korean peninsula. The stakes are getting too high.",neutralize_real
real_152,"Obama tells Latin America and world: give Trump time, don't assume worst. LIMA (Reuters) - U.S. President Barack Obama visited Latin America to address concerns about President-elect Donald Trump, who he previously described as unfit for office. In the final leg of an international farewell tour that included Greece and Germany, Obama sought to alleviate worries following Trump's victory over Democratic candidate Hillary Clinton in the U.S. presidential election. “My main message to you ... and the message I delivered in Europe is don’t just assume the worst,” Obama stated during a question-and-answer session with young people in Peru on Saturday. “Wait until the administration is in place, it’s actually putting its policies together, and then you can make your judgments as to whether or not it’s consistent with the international community’s interest in living in peace and prosperity together.” Trump won the election with promises to build a wall on the U.S.-Mexico border, renegotiate trade agreements, and temporarily ban Muslims from entering the United States. Obama has aimed to reassure the public by committing to a smooth transition of power and expressing hope that Trump would moderate his campaign rhetoric upon taking office. “It will be important for everybody around the world to not make immediate judgments but give this new president-elect a chance to put their team together, to examine the issues, to determine what their policies will be, because as I’ve always said, how you campaign isn’t always the same as how you govern,” Obama said. However, Obama’s reassurances were largely framed in a hopeful context regarding Trump’s potential acceptance of policies endorsed by Democrats, despite Trump’s intention to dismantle them, such as the Iran nuclear agreement and an international climate change pact. The president, who actively supported Clinton and expressed disapproval of Trump, contrasted his statements of reassurance with references to democratic values in Europe and Peru, which Trump has been criticized for neglecting. “You’re seeing some countries that are going backwards rather than forwards in terms of freedom of the press, in terms of freedom of the Internet, in terms of respecting political opposition and civil society,” Obama remarked on Saturday. Trump restricted access for certain news organizations during his campaign and suggested during a televised debate that Clinton could face jail time for her use of a private email server while serving as secretary of state. Although Obama assured European nations that Trump would uphold U.S. commitments to NATO, his other reassurances, particularly concerning Latin American policy, appeared to be based more on optimism than on a comprehensive understanding of Trump’s intentions. “With respect to Latin America, I don’t anticipate major changes in policy from the new administration,” he stated, noting trade as a significant exception. On Friday, Trump made several hawkish appointments for key positions, including attorney general, national security adviser, and CIA director, indicating a possible hardline approach towards Islamist militancy and illegal immigration.",0,"Obama tells Latin America and world: give Trump time, don't assume worst. LIMA (Reuters) - U.S. President Barack Obama did in Latin America what he tried to do in Europe: tell worried citizens not to draw negative conclusions about the man he once called unfit to serve in the White House, President-elect Donald Trump. In the last stop of an international farewell tour that included visits to Greece and Germany, Obama continued his efforts to calm anxieties since Republican businessman Trump beat Democratic rival and former Secretary of State Hillary Clinton in the U.S. presidential race. “My main message to you ... and the message I delivered in Europe is don’t just assume the worst,” Obama told a group of young people during a question-and-answer session in Peru on Saturday. “Wait until the administration is in place, it’s actually putting its policies together, and then you can make your judgments as to whether or not it’s consistent with the international community’s interest in liv",neutralize_real
real_153,"South Sudan commander defects to rebels amid showdown with ex-army chief. MOYO, Uganda (Reuters) - A South Sudanese military commander has announced his defection along with more than 200 soldiers to the country's largest rebel group, amid ongoing tensions between President Salva Kiir and his former military chief. Lieutenant Colonel Chan Garang, an ally of former army chief Paul Malong, has joined the largest rebel faction opposing Kiir. All three individuals are ethnic Dinkas, and any division within this influential group may pose a risk to Kiir's leadership. The four-year civil conflict has resulted in the fragmentation of South Sudan into various controlled regions, created Africa's largest refugee crisis in two decades, and led to instances of ethnic cleansing. Approximately one-third of the 12 million population has been displaced from their homes, and half rely on food assistance. In May, Kiir dismissed Malong, who has been accused by U.N. investigators of overseeing ethnic militias responsible for the abuse and murder of civilians. Malong, who is also listed under U.S. sanctions, briefly fled north but returned to the capital, where he has remained under house arrest. Over the weekend, Kiir's forces encircled Malong's residence in Juba and attempted without success to disarm his security personnel. An armed standoff persists outside his home. Garang is the first of Malong's supporters to defect to the rebels. Garang stated that he defected due to the mistreatment of Malong's allies, non-payment of troops for seven months, and discrimination against other tribes. ""I left Juba because when you are a supporter of Paul Malong, you will be arrested,"" Garang communicated to Reuters via satellite phone. ""We are preparing our army so that we can launch an attack on Juba. Salva Kiir divided the tribes, so we need him to go."" Garang reported taking more than 200 soldiers with him, although a rebel press release cited the number as 150. A photograph provided by the rebels depicted more than 30 armed individuals, though their identities were not confirmed. Army spokesman Lul Ruai Koang stated that they were unaware of any defection from their ranks. Malong was not reachable by phone, but his wife, Lucy Ayak, distanced her husband from the defected commander, saying, ""[Garang] is not happy with the government and he has deserted. Why is he saying it is the issue of General Malong?"" South Sudan's conflict began in December 2013 between troops loyal to Kiir and rebels led by former vice president Riek Machar, who is a Nuer. Oyet Nathaniel, a senior rebel official, informed Reuters that Garang had brought 150 men with him and that any individual opting to join them against Kiir is a ""welcome development,"" irrespective of their background. There are multiple rebel factions, but none are significantly funded or armed. (This version of the story was refiled to remove repetition in the second to last paragraph.)",0,"South Sudan commander defects to rebels amid showdown with ex-army chief. MOYO, Uganda (Reuters) - A South Sudanese military commander said he had defected with more than 200 soldiers to the country s largest rebel group, amid a showdown between President Salva Kiir and his former military chief. Lieutenant Colonel Chan Garang, an ally of former army chief Paul Malong, defected to join the largest rebel group fighting Kiir, he said. All three men are ethnic Dinkas and any split within the powerful group could represent a threat to Kiir. The four-year civil war has split the country into a patchwork of fiefdoms, created Africa s biggest refugee crisis in two decades and led to ethnic cleansing. A third of the 12 million-strong population has fled their homes and half are dependent on food aid.  In May, Kiir fired Malong, whom U.N. investigators accused of directing ethnic militias responsible for the rape, torture and murder of civilians. Malong, who is also on a U.S. sanctions list, br",neutralize_real
real_154,"Disputed CFPB acting director plans to seek preliminary injunction: filing. WASHINGTON (Reuters) - The acting director of the Consumer Financial Protection Bureau, whose appointment is under dispute, stated in a court filing on Friday that she intends to seek a preliminary injunction against rival acting director Mick Mulvaney and the Trump administration by Dec. 5. President Donald Trump designated Mulvaney, the White House budget director, as acting director of the CFPB on Nov. 24 after the departure of the previous director, who had appointed the agency’s deputy director, Leandra English, to serve temporarily in that role. A federal judge this week declined to block Trump’s appointment of Mulvaney to head the consumer watchdog agency, while English continues to pursue the matter and indicated in her court filing that she would file a motion for a preliminary injunction against Mulvaney and the Trump administration by Dec. 5.",0,"Disputed CFPB acting director plans to seek preliminary injunction: filing. WASHINGTON (Reuters) - The disputed acting director of the Consumer Financial Protection Bureau said in a court filing on Friday that she plans to seek a preliminary injunction against rival acting director Mick Mulvaney and the Trump administration by Dec. 5. President Donald Trump named Mulvaney, the White House budget director, as acting director of the CFPB on Nov. 24 following the departure of the director, who had named the agency’s deputy director, Leandra English, to temporarily succeed him. A federal judge this week refused to block Trump’s appointment of Mulvaney to lead the consumer watchdog agency, but English is continuing to pursue the issue and indicated in a court filing she would file a motion of preliminary injunction against Mulvaney and the Trump administration by Dec. 5.",neutralize_real
real_155,"Erdogan tells Iraqi Kurds they will go hungry if Turkey imposes sanctions. HABUR, Turkey (Reuters) - Turkish President Tayyip Erdogan stated that Iraqi Kurds would face food shortages if Turkey ceases the flow of trucks and oil across the border with northern Iraq. He indicated that all military and economic measures were being considered against its neighbor. These remarks were among the strongest yet from Erdogan regarding the referendum held on Monday in Iraq's semi-autonomous Kurdish region and coincided with Iraqi troops joining the Turkish army for military exercises near Turkey's border with northern Iraq. Initial results suggested significant support for independence; however, Turkey, which has historically served as northern Iraq's primary connection to the outside world, views the referendum as a potential threat to its own security, expressing concern that it may exacerbate separatism among its Kurdish population. Erdogan remarked, ""They will be left in the lurch when we start imposing our sanctions."" He added, ""It will be over when we close the oil taps, all their revenues will vanish, and they will not be able to find food when our trucks stop going to northern Iraq."" Turkey, which has the largest Kurdish population in the region, is engaged in a three-decade-long conflict with a Kurdish insurgency in its southeast, adjacent to northern Iraq. Erdogan noted that traffic was currently only permitted to cross from Turkey into Iraq. While he has consistently threatened economic sanctions, he has provided limited specifics. According to IMF data, hundreds of thousands of barrels of oil per day are transported through a pipeline in Turkey from northern Iraq to global oil markets. In 2016, Iraq, including the Kurdish region, was Turkey's third-largest export market, with total exports amounting to $8.6 billion, following Germany and the United Kingdom. Erdogan stated that all potential measures, including economic and military actions involving land and air space, were under consideration, asserting that Iraqi Kurds lack the capability to establish a state. ""They don’t have an idea on how to be a state. They think that they are a state just by saying it. This can’t and won’t happen,"" he said. Iraqi soldiers participated in military exercises with Turkish troops in southeast Turkey near the border with Iraq on Tuesday, as reported by a Reuters witness, as the two countries align their responses to the referendum. A small group of soldiers carrying both Iraqi and Turkish flags traversed the dusty plain where the exercises, initiated the previous week, were taking place 4 km (2.5 miles) from the Habur border gate. The flags were displayed from the top of an armored personnel carrier. National and international media observed the exercises from the main highway leading to the border gate. Erdogan also accused Masoud Barzani, the president of the Kurdistan Regional Government, of acting with treachery regarding the vote. ""Until the very last moment, we weren’t expecting Barzani to make such a mistake as holding the referendum. Apparently we were wrong,"" Erdogan stated. ""This referendum decision, which has been taken without any consultation, is treachery.""",0,"Erdogan tells Iraqi Kurds they will go hungry if Turkey imposes sanctions. HABUR, Turkey (Reuters) - Turkish President Tayyip Erdogan said Iraqi Kurds would go hungry if his country halts the flow of trucks and oil across the border with northern Iraq and warned that all military and economic measures were on the table against its neighbor. The comments, some of the harshest yet from Erdogan about Monday s referendum in Iraq s semi-autonomous Kurdish region, came as Iraqi troops joined the Turkish army for military exercises near Turkey s border with northern Iraq. While initial results indicated overwhelming support for independence, Turkey - long northern Iraq s main link to the outside world - sees the referendum as a threat to its own security, fearing it will inflame separatism among its Kurdish population.   (They) will be left in the lurch when we start imposing our sanctions,  Erdogan said in a speech broadcast live on television.  It will be over when we close the oil taps, al",neutralize_real
real_156,"Trump's low approval rating masks his support among likely voters: Reuters/Ipsos poll. NEW YORK (Reuters) - According to a Reuters/Ipsos poll, President Donald Trump enjoys greater popularity among likely voters than he does with the general public. This finding may explain why many Republican lawmakers have continued to support the president despite his declining approval ratings. The poll, released on Wednesday, indicates that Trump receives higher approval ratings from individuals who participated in the 2016 presidential election compared to the overall U.S. adult population, which includes both voters and non-voters. Approximately 60 percent of the voting-age public participated in last year’s election. In October, for instance, 44 percent of 2016 voters expressed approval of Trump’s performance in office, as opposed to 37 percent of the general population. Among Republicans, 82 percent of voters approved of Trump in October, compared to 75 percent of all Republicans. (Graphic: tmsnrt.rs/2zoIC1A) The poll also found that 85 percent of those who voted for Trump in 2016 would do so again. These findings suggest that Republican candidates in the 2018 congressional elections who distance themselves from the president may risk alienating his supporters, according to Republican strategists and political scientists. Conversely, candidates who align themselves with Trump in early primary races may face challenges in appealing to moderate voters in the general election. Michael McDonald, a voter turnout expert at the University of Florida, noted the difficulty for any Republican candidate to separate themselves from Trump. This dilemma was evident in Virginia on Tuesday, where Ed Gillespie, the Republican candidate for governor, was defeated by his Democratic opponent. Gillespie had adopted some of Trump’s hardline positions but did not campaign alongside the president. His strategy was observed closely within the party to determine if it could serve as a model for other Republican candidates in 2018, when control of the House of Representatives and the Senate will be contested. Gillespie’s loss led to discussions among Republicans about their future strategy on Wednesday. Trump suggested in a tweet that the outcome might have differed had Gillespie fully embraced him, while critics noted that exit polls indicated a third of Virginian voters turned out to express discontent with Trump, which is double the number who voted to show support for the president. The results from Tuesday indicate that opposition to Trump has increased, even as he retains popularity among voters from the 2016 election, said Elaine Kamarck, a presidential politics expert at the Brookings Institution. Kamarck commented that for Republicans, the challenge will not be mobilizing their base but rather attracting additional voters in elections where Republican support is outnumbered. Reuters/Ipsos conducted its analysis by generating two separate surveys: one targeted at voters and another at the general public. For the voter poll, Reuters/Ipsos re-engaged individuals who participated in its exit poll on Nov. 8, 2016, the day of the U.S. presidential election. Those voters received follow-up questionnaires in May, July, and October, inquiring about their approval or disapproval of the president. The responses were subsequently compared to data from a separate survey – the Reuters/Ipsos national tracking poll – which assesses the opinions of all adults in the United States. In May and July, results from both polls were quite similar, with around 40 percent of voters and the general adult population indicating approval for the president. However, by October, the polls diverged, revealing that voters expressed stronger levels of approval than the general public. Jan Leighley, a political behavior expert at American University, stated that it is reasonable to conclude that Trump is more popular among those who participated in the 2016 election due to demographic factors, as they were more likely to be white and less likely to identify with Democrats than the general population.",0,"Trump's low approval rating masks his support among likely voters: Reuters/Ipsos poll. NEW YORK (Reuters) - President Donald Trump is more popular with likely voters than he is with the general public, according to a Reuters/Ipsos poll that underscores why Republican lawmakers have largely stuck with the polarizing president despite his plunging approval ratings. The poll, released on Wednesday, shows he polls better among people who voted in the 2016 presidential election than with the overall U.S. adult population – a group that includes both voters and non-voters. Only about 60 percent of the voting-age public took part in last year’s election. In October, for example, 44 percent of 2016 voters said they approved of Trump’s performance in office, compared with 37 percent of the general population. Among Republicans, 82 percent of voters approved of Trump in October, compared with 75 percent of all Republicans. (Graphic: tmsnrt.rs/2zoIC1A) Some 85 percent of those who voted for Trump",neutralize_real
real_157,"Four U.S. lawmakers have called on the country's auto safety regulators to initiate a comprehensive effort to mitigate potential hacking threats to vehicle computer systems. In a letter sent to the U.S. National Highway Traffic Safety Administration (NHTSA) on Monday, the Republican representatives expressed their concerns regarding the vulnerability of vehicles to cyberattacks. Although there have been no confirmed incidents of vehicle hacking, studies have indicated that remote access to critical vehicle functions, including car horns, brakes, and power steering, is feasible. The correspondence referenced research published in August by Wired magazine, which detailed how two researchers successfully manipulated a 2014 Fiat Chrysler Automobiles NV Jeep SUV, causing it to behave in an “erratic and unsafe manner” through the vehicle's on-board diagnostics (OBD) port. This port has been a requirement in all vehicles since 1994 for emissions testing. The letter, authored by Representative Fred Upton of Michigan, who chairs the House Energy and Commerce Committee, along with three other lawmakers, noted that the current design of the OBD port poses an increasing risk to passenger safety and security. In response to the Wired article, Fiat Chrysler stated that the demonstration necessitated a computer to be physically connected to the vehicle's port and cautioned vehicle owners against connecting unknown or untrusted devices to the OBD port. NHTSA has not yet provided a response to the letter. The agency has announced plans to issue cybersecurity guidelines for the auto industry in the near future. The U.S. government is addressing this concern, as evidenced by the Justice Department's recent formation of a threat analysis team dedicated to examining national security risks associated with self-driving cars, medical devices, and other internet-connected technologies. Additionally, the Federal Bureau of Investigation and NHTSA released a bulletin in March indicating that motor vehicles are becoming increasingly susceptible to hacking.",0,"Four U.S. lawmakers urge safety agency to address vehicle hacking. WASHINGTON (Reuters) - Four Republican members of Congress on Monday urged U.S. auto safety regulators to convene an industry-wide effort to prevent possible attacks on computer systems in vehicles. The lawmakers addressed their concerns in a letter to the U.S. National Highway Traffic Safety Administration. While there have been no reported cases of vehicle hacking, researchers have shown they could take remote control of vehicle functions such as car horns, brakes and power steering. The letter cited work published in August by Wired magazine by two researchers who were able to force a Fiat Chrysler Automobiles NV 2014 Jeep SUV to perform in an “erratic and unsafe manner” after accessing its on-board diagnostics (OBD) port. Automakers have been required to install the port in all vehicles since 1994 to test for emissions compliance. The letter from Representative Fred Upton, a Michigan Republican who chairs the House ",neutralize_real
real_158,"Factbox: Trump to meet with Huckabee, Romney, others this weekend. WASHINGTON (Reuters) - U.S. Republican President-elect Donald Trump will conduct additional meetings on Friday and Saturday as he progresses in selecting individuals for his cabinet and administration, according to his transition team. He is scheduled to meet with the following individuals: *Former Arkansas governor and Republican presidential candidate *Under consideration for U.S. homeland security secretary *Arrived alongside Tom Cotton, the freshman U.S. senator from Arkansas who, according to FOX News, is under consideration for U.S. Defense Secretary *Republican donor and former chair of the Michigan Republican Party *Republican National Committee finance chairman *Retired four-star general and head of U.S. Central Command *Visiting fellow at the Hoover Institution, a conservative-leaning think tank at Stanford University *CKE Restaurants chief executive officer and director *Under consideration for U.S. labor secretary, according to Politico *2012 Republican presidential nominee *Former governor of Massachusetts and CEO of 2002 Winter Olympic Games in Salt Lake City *Under possible consideration for U.S. secretary of state *Former chancellor of Washington D.C., public school system *Founder of StudentsFirst, an education advocacy group *Under consideration for education secretary, according to media reports *Chicago Cubs board member *Director and CEO of Ending Spending, a political group that has stated it aims to reduce 'wasteful and excessive government spending' *Founder and president of Center for Neighborhood Enterprise, a community development advocacy group.",0,"Factbox: Trump to meet with Huckabee, Romney, others this weekend. WASHINGTON (Reuters) - U.S. Republican President-elect Donald Trump will hold more meetings on Friday and Saturday as he moves to select people for his cabinet and administration, his transition team told reporters on Friday.  He is scheduled to meet with the following people: *Former Arkansas governor and Republican presidential candidate *Under consideration for U.S. homeland security secretary *Arrived alongside Tom Cotton, the freshman U.S. senator from Arkansas who, according to FOX News, is under consideration for U.S. Defense Secretary *Republican donor and former chair of the Michigan Republican Party  *Republican National Committee finance chairman *Retired four-star general and head of U.S. Central Command  *Visiting fellow at the Hoover Institution, a conservative-leaning think tank at Stanford University *CKE Restaurants chief executive officer and director *Under consideration for U.S. labor secretary, acco",neutralize_real
real_159,"France's Macron says external powers must stop interfering in Lebanon. PARIS (Reuters) - French President Emmanuel Macron called on foreign powers to cease interference in Lebanese politics and urged all Lebanese parties to fully implement an agreement to refrain from involvement in regional conflicts. To protect Lebanon from regional crises, it is essential that all Lebanese parties and regional actors adhere to the principle of non-interference, Macron stated at the opening of an international meeting on Lebanon in Paris. The meeting is intended to demonstrate the international community's commitment to effectively implementing the policy of regional disassociation by all parties in the country.",0,"France's Macron says external powers must stop interfering in Lebanon. PARIS (Reuters) - French President Emmanuel Macron called on all foreign powers to stop interfering in Lebanese politics and urged all Lebanese sides to fully implement a pact to keep out of regional conflicts.  For Lebanon to be protected from regional crises it s essential that all Lebanese parties and regional actors respect the principle of non-interference,  Macron said at the opening of international meeting on Lebanon in Paris.  The meeting today must show the will of international community to see the policy of regional disassociation put into place effectively by all in the country.",neutralize_real
real_160,"Voice of triumph or doom: North Korean presenter back in limelight for nuclear test. SEOUL (Reuters) - Television presenter Ri Chun Hee reported on Pyongyang's sixth nuclear test while wearing a pink Korean dress. With her characteristic delivery, Ri announced on state television on Sunday that the hydrogen bomb test was a perfect success and a significant step in completing the state nuclear force. The 74-year-old grandmother has been a prominent figure since she began her career in broadcasting in 1971, transitioning from acting to join Korean Central Television (KCTV). Her dramatic style distinguishes her from other presenters, whether she is condemning the West or highlighting the regime's accomplishments and the strength of its leaders. Ahn Chan-il, a North Korean defector now residing in South Korea, commented on her unique vocal power, stating, ""There is no one else who has that power in her voice as she does. It’s just right for talking about nuclear weapons or missiles."" Ri, typically seen in a traditional Korean dress known as a hanbok, has also displayed a more emotional side. She was seen crying on air when she announced the death of North Korea's founder, Kim Il Sung, in 1994. When his son, Kim Jong Il, died in 2011, it was Ri, dressed in black funeral attire and with a trembling voice, who conveyed the news to the North Korean people. Although she officially retired in 2012, Ri has been called back for significant announcements. The broadcast on Sunday highlighted her enduring presence at a time when current leader Kim Jong Un has removed several officials from his father's era. Outside North Korea, Ri is recognized as a prominent figure of the regime amid ongoing tensions surrounding Pyongyang's weapons programs. Tokyo resident Masashi Sakota remarked that he expected her to speak if any major developments occurred. Matt Walker, a credit manager in Sydney, noted that Ri appeared very expressive and enthusiastic during the news item he viewed this week, stating, ""I don’t know how you can get excited about bombs going off. It just seems very odd."" In a rare 2012 interview with China's state-run CCTV, Ri expressed a desire to help mentor the next generation of North Korean broadcasters, whom she regarded as better suited for contemporary audiences. She indicated that she reserved her gentler demeanor for the North Korean public, explaining, ""When we read to people in the DPRK, you shouldn’t shout but speak gently to viewers."" (This version of the story corrects order of name in paragraph 13 to Masashi Sakota)",0,"Voice of triumph or doom: North Korean presenter back in limelight for nuclear test. SEOUL (Reuters) - Wearing a pink Korean dress and flashing a wide smile, television presenter Ri Chun Hee delivered the news of Pyongyang s sixth nuclear test with her usual gusto. Using her trademark bombastic delivery, Ri announced on state television on Sunday the hydrogen bomb test was  a perfect success!  and a key step in  completing the state nuclear force.  The 74-year-old grandmother is considered a national hero who first took to the airwaves in 1971, leaving a career in acting for the broadcaster Korean Central Television (KCTV) Ri s dramatic flare set her apart from other announcers - whether she was angrily denouncing the West or boasting of the regime s achievements and the strength of its leaders.  She s the perfect person to voice North Korea s hard-line stance,  said Ahn Chan-il, a high-ranking North Korean defector who now lives in South Korea.      There is no one else who has that p",neutralize_real
real_161,"U.S. intelligence agencies are currently in disagreement with Republican members of Congress regarding access to a classified CIA report that determined Russia hacked Democratic Party data to assist Donald Trump in winning the presidency. Republican lawmakers have expressed frustration over Director of National Intelligence James Clapper’s refusal to grant full briefings to Congress' two intelligence committees. According to U.S. government officials, the leadership of Congress and the chairpersons of the two intelligence committees, referred to as the “Gang of Eight,” have received briefings on the CIA's findings. Representative Devin Nunes, a California Republican and chair of the House Intelligence Committee, who is also a member of President-elect Trump’s transition team and the Gang of Eight, has requested a briefing for his full committee regarding the CIA assessment. Nunes stated, ""The committee is vigorously looking into reports of cyber-attacks during the election campaign, and in particular we want to clarify press reports that the CIA has a new assessment that it has not shared with us."" Representative Ron Johnson, chairman of the House Homeland Security Committee, noted that his committee has also sought a briefing, which the CIA declined. Johnson commented, ""It is disappointing that the CIA would provide information on this issue to the Washington Post and NBC but will not provide information to elected members of Congress."" Three U.S. government sources, speaking on condition of anonymity to discuss classified information, informed Reuters that while the full congressional committees have not been briefed, congressional leadership has been briefed, which is standard procedure for sensitive intelligence matters. The sources indicated that Nunes had received personal briefings on the CIA's conclusions, though a congressional official refuted this claim. The Office of the Director of National Intelligence (ODNI) stated that President Barack Obama ordered a comprehensive review of foreign efforts to influence U.S. presidential elections from 2008 to the present, and therefore, agencies would refrain from further comments until this review is completed. According to the ODNI, which oversees all 16 U.S. intelligence agencies, the intelligence community will be prepared to brief Congress once the review is finished and will make the study available to the public while protecting intelligence sources and methods. The CIA's conclusion regarding Russian hacking is based not on irrefutable evidence but primarily on the observation that Russians hacked both political parties but only disseminated information detrimental to Democrats and their presidential candidate, Hillary Clinton, according to a U.S. official familiar with the CIA's work, who requested anonymity. Two government sources reported on Friday that the Federal Bureau of Investigation now supports the CIA's assessment that the Russian hacks were intended to benefit Trump's campaign. All three sources indicated that the ODNI concurs with this assessment. The FBI had not issued an immediate comment. Initially, the FBI, which manages counterintelligence investigations within the U.S., did not endorse the CIA's finding as it did not meet the evidentiary standards required for a conviction in a U.S. court or identify individuals responsible for the hacking that violated American law, according to one source. The ongoing debate over Russian hacking is also creating tensions between Trump and certain Republican lawmakers. The president-elect has continued to downplay the intelligence agencies’ conclusion that Russian President Vladimir Putin directed the hacking. On Friday, Senator Richard Burr, Republican chairman of the Senate Intelligence Committee, announced that his committee will conduct a review in the upcoming year.",0,"U.S. intelligence agencies feud with Republicans over Russian hacking. Republican members of Congress are complaining that U.S. intelligence agencies are refusing to brief them widely on a classified CIA report that concluded Russia hacked Democratic Party data in an effort to help Donald Trump win the presidency. The Republicans said Director of National Intelligence James Clapper has refused their requests for full briefings of Congress’ two intelligence committees. U.S. government officials said the leaders of Congress and the chairmen of the two intelligence committees, known as the “Gang of Eight,” have been briefed on the Central Intelligence Agency’s conclusion. Nevertheless, Representative Devin Nunes, the California Republican who chairs the House Intelligence Committee and is a member of President-elect Trump’s transition team as well as the Gang of Eight, has called for a briefing for his entire committee on the CIA assessment. “The committee is vigorously looking into repor",neutralize_real
real_162,"Bangladesh, Myanmar agree to draw up plan for refugee repatriation: minister. DHAKA (Reuters) - Bangladesh and Myanmar agreed on Monday to establish a working group to plan the repatriation of more than half a million Rohingya Muslim refugees who have fled to Bangladesh due to an army crackdown, according to the Bangladeshi foreign minister. The United Nations has described the exodus of 507,000 Rohingya since late August as the world’s fastest-developing refugee emergency, asserting that Buddhist-majority Myanmar is engaging in ethnic cleansing against its Rohingya Muslim minority. Myanmar has denied these claims, stating that its forces are combating Rohingya terrorists who initiated the recent violence with coordinated attacks on security forces on August 25. Myanmar reports that over 500 individuals have been killed since then, most of whom are insurgents accused of attacking civilians and igniting the fires that have destroyed more than half of over 400 Rohingya villages in northern Rakhine State. Bangladesh Foreign Minister Abul Hassan Mahmood Ali confirmed that he and Myanmar official Kyaw Tint Swe had reached an agreement to form the working group to create repatriation plans. Ali expressed a desire for a peaceful resolution to the crisis. Kyaw Tint Swe did not provide comments to the media, and government representatives in Myanmar were not immediately available for further comment. Rohingya have sought refuge in Bangladesh over the years, citing persecution, particularly during the late 1970s, early 1990s, and in October of the previous year, following smaller insurgent attacks on security forces. Although the two countries have previously agreed on repatriation plans, the core issue regarding the status of Rohingya in Myanmar remains unresolved. The Rohingya are denied citizenship and classified as illegal immigrants, despite asserting historical ties to Myanmar that extend back centuries, and communities have faced marginalization and episodes of communal violence over the years. When asked about the limited impact of past agreements, Ali stated, ""This time we want to be hopeful."" In Geneva, U.N. High Commissioner for Refugees Filippo Grandi noted that the issues of statelessness must be addressed, emphasizing that the connection between statelessness and displacement is particularly evident in the case of the Rohingya community. The situation regarding the treatment of the Rohingya represents a significant challenge for Myanmar leader Aung San Suu Kyi, who has been in office since forming a government last year after winning a notable election in 2015. In an address to the nation last month, the Nobel peace laureate indicated that Myanmar was prepared to initiate a verification process based on a 1993 agreement with Bangladesh, stating that refugees from this country would be accepted without any issues. However, many refugees express concerns about their ability to provide the necessary documentation that Myanmar may require to validate their right to return. Myanmar has not permitted access to a U.N. fact-finding mission, but Suu Kyi appointed a team led by former U.N. secretary-general Kofi Annan last year to provide recommendations for addressing issues in Rakhine. The commission submitted its recommendations on August 24, one day prior to the insurgent attacks, which included a review of a law linking citizenship to ethnicity, leaving most Rohingya stateless. The panel also suggested that the government take action against rights violations, ensure freedom of movement, and invest in infrastructure to alleviate poverty in the state. In her recent address, Suu Kyi reiterated her commitment to these recommendations. Prior to the latest exodus, there were already approximately 300,000 Rohingya refugees in Bangladesh. In an effort to portray the situation, the Myanmar government escorted a group of diplomats and senior U.N. officials to Rakhine. Swiss ambassador Paul Seger remarked on Twitter that Maungdaw felt like a ghost town upon his arrival in the main town of northern Rakhine. Myanmar has restricted access to the area.",0,"Bangladesh, Myanmar agree to draw up plan for refugee repatriation: minister. DHAKA (Reuters) - Bangladesh and Myanmar agreed on Monday to set up a  working group  to plan the repatriation of more than half a million Rohingya Muslim refugees who have fled to Bangladesh to escape an army crackdown, the Bangladeshi foreign minister said. The United Nations has called the exodus of 507,000 Rohingya since late August the world s fastest-developing refugee emergency, and says Buddhist-majority Myanmar is engaging in ethnic cleansing against its Rohingya Muslim minority. Myanmar denies that. It says its forces are battling Rohingya  terrorists  who triggered the latest wave of violence with coordinated attacks on the security forces on Aug. 25. Myanmar says more than 500 people have been killed since, most of them insurgents, whom it has accused of attacking civilians and setting most of the fires that have reduced to ashes more than half of more than 400 Rohingya villages in the north of Ra",neutralize_real
real_163,"MP in Hariri's party: Hariri says Saudi not holding him, his family. BEIRUT (Reuters) - A member of Saad al-Hariri's political party, who resigned from his position as Lebanon's prime minister on November 4 from Saudi Arabia, refuted Lebanese President Michel Aoun's assertion on Wednesday that Riyadh was detaining both Hariri and his family. Okab Sakr, a Shiite politician affiliated with Hariri and a member of parliament for his party, informed Reuters that he had communicated with Hariri on Wednesday.",0,"MP in Hariri's party: Hariri says Saudi not holding him, his family. BEIRUT (Reuters) - A member of the political party of Saad al-Hariri, who resigned from his post as Lebanon s prime minister on Nov. 4 from Saudi Arabia, denied Lebanese President Michel Aoun s claim on Wednesday that Riyadh was holding both Hariri and his family. Okab Sakr, a Shi ite politician close to Hariri and a member of parliament for his political party, told Reuters he had spoken to Hariri on Wednesday.",neutralize_real
real_164,"Former Bush adviser Wolfowitz to vote for Clinton: Spiegel. BERLIN (Reuters) - Paul Wolfowitz, a Republican adviser to former U.S. President George W. Bush, plans to vote for Democrat Hillary Clinton in the November presidential election despite his reservations, Der Spiegel magazine reported on Friday. Wolfowitz, who served as deputy defense secretary under Bush and also as president of the World Bank, views Republican presidential candidate Donald Trump as a security risk due to his admiration of Russian President Putin and his views on China, the magazine reported. Wolfowitz emphasized the importance of making clear his concerns regarding Trump, the magazine quoted him as saying in an interview. He joins a number of Republicans who have indicated they will not support Trump. Wolfowitz stated, “I wish there was a candidate whom I could support enthusiastically. I will have to vote for Hillary Clinton, although I have serious reservations about her.” A Reuters/Ipsos poll this week indicated that Clinton would win the key swing states of Florida, Ohio, and Virginia, and have a 95 percent chance of defeating Trump if the election were held now. Wolfowitz disputed the characterization of him as a key architect of the 2003 U.S. war against Iraq, asserting that if he had truly been the architect, many aspects would have been different, the magazine reported. He remarked that the intention had been to liberate the country, not to occupy it, which created tensions with many Iraqis. He defended the decision to invade Iraq, indicating it was based on intelligence that later proved to be incorrect. Wolfowitz stated, “Of course we would have proceeded differently if we had known that Saddam Hussein was not stockpiling weapons of mass destruction, but was only planning to do so. We would not have invaded.” In a May 2003 interview with Vanity Fair, several months after the invasion, he mentioned there were multiple reasons for the invasion, but noted that the Bush administration emphasized Iraq’s supposed WMD as the most politically convenient justification for the war. He said, “For bureaucratic reasons, we settled on one issue, weapons of mass destruction, because it was the one reason everyone could agree on.” (This version of the story has been refiled to correct typo in second paragraph)",0,"Former Bush adviser Wolfowitz to vote for Clinton: Spiegel. BERLIN (Reuters) - Paul Wolfowitz, a Republican adviser to former U.S. President George W. Bush, plans to vote for Democrat Hillary Clinton in the November presidential election despite his “serious reservations”, Der Spiegel magazine reported on Friday. Wolfowitz, who served as deputy defense secretary under Bush and also as president of the World Bank, said he viewed Republican presidential candidate Donald Trump as a security risk because of his admiration of Russian President Putin and his views on China, the magazine reported. “It’s important to make it clear how unacceptable he is,” the magazine quoted Wolfowitz as saying in an interview. Wolfowitz joins a long list of Republicans who have said they will not vote for Trump. “I wish there was a candidate whom I could support enthusiastically. I will have to vote for Hillary Clinton, although I have serious reservations about her,” he said. A Reuters/Ipsos poll this week s",neutralize_real
real_165,"Trump's body language during debate raises social media eyebrows. NEW YORK (Reuters) - U.S. Republican presidential nominee Donald Trump paced, frowned and physically loomed at times over Democratic rival Hillary Clinton during Sunday night’s town-hall debate, prompting reactions on social media. The online response highlighted the contentious nature of the encounter in St. Louis, where Trump and Clinton exchanged insults less than a month before the Nov. 8 U.S. presidential election. Twitter users commented on Trump’s body language, with some indicating that he appeared to have followed Clinton around the stage. The criticism arose as Trump faced scrutiny following the release of a 2005 videotape featuring lewd and demeaning remarks about women. “#Trump’s body language [was] bizarre,” wrote Twitter user Sheena (@texdakota). “Pacing, insulting, standing right behind her.” “Trump’s body language freaked me out,” wrote Charlotte (@charlotteirene8). “I get very uncomfortable when men stand behind me, especially like that.” A spokeswoman for Trump did not immediately respond to a request for comment. Clinton’s performance also received online criticism. “Clinton could have done better,” tweeted ryank (@ryantkelly). “Didn’t seem as hungry, as able to get under his skin tonight.” Sentiment on Trump’s performance was 66.9 percent negative, according to an analysis by social intelligence firm Brandwatch of Twitter posts during the debate, while Clinton’s was 57.8 percent negative. The debate, featuring questions from audience members, was the most tweeted-about debate ever, with more than 17 million tweets, according to Twitter spokesman Nick Pacilio. Trump’s statement that he and running mate Mike Pence differed on their approach to military intervention in Syria was noted as the most-discussed moment of the night on the microblogging site.",0,"Trump's body language during debate raises social media eyebrows.  NEW YORK (Reuters) - U.S. Republican presidential nominee Donald Trump paced, frowned and physically loomed at times over Democratic rival Hillary Clinton during Sunday night’s town-hall debate, prompting bewilderment and mockery from some on social media.  The online reaction underscored the contentious tone of the encounter in St. Louis in which Trump and Clinton hurled insults at each other less than a month before the Nov. 8 U.S. presidential election.  Twitter users seized on Trump’s body language, with some remarking that he appeared to have “stalked” Clinton around the stage. The criticism came as the Republican faces a political storm after being caught on a leaked 2005 videotape making lewd and demeaning remarks about women.  “#Trump’s body language [was] bizarre,” wrote Twitter user Sheena (@texdakota). “Pacing, insulting, standing right behind her.”  “Trump’s body language freaked me out,” wrote Charlotte (@c",neutralize_real
real_166,"Pentagon notified U.S. Congress of $593 million military sale to Nigeria. WASHINGTON (Reuters) - The Pentagon has notified the U.S. Congress of the sale to Nigeria of 12 Super Tucano A-29 planes and weapons worth $593 million, which the West African country seeks for its efforts against the militant group Boko Haram. The Federal Register on Monday published the Aug. 2 notification from the Pentagon’s Defense Security Cooperation Agency. The sale includes thousands of bombs and rockets and was originally agreed upon by former President Barack Obama’s administration. The Super Tucano A-29 is an agile, propeller-driven aircraft with reconnaissance, surveillance, and attack capabilities, manufactured by Brazil’s Embraer. A second production line is located in Florida, in collaboration with Embraer and privately held Sierra Nevada Corp of Sparks, Nevada. The Super Tucano costs more than $10 million each, and the price may increase based on the configuration. It is powered by a Pratt & Whitney Canada PT 6 engine. The Obama administration postponed the deal following incidents, including the Nigerian Air Force’s bombing of a refugee camp in January that resulted in the deaths of 90 to 170 civilians. President Donald Trump has indicated his intention to proceed with foreign defense sales that were delayed under Obama due to human rights concerns. (This story corrects headline and paragraphs 1 and 2 to reflect that the notification was made on Aug. 2, not on Monday)",0,"Pentagon notified U.S. Congress of $593 million military sale to Nigeria. WASHINGTON (Reuters) - The Pentagon has notified the U.S. Congress of the sale to Nigeria of 12 Super Tucano A-29 planes and weapons worth $593 million, which the West African country wants for its fight against the militant group Boko Haram. The Federal Register on Monday published the Aug. 2 notification from the Pentagon’s Defense Security Cooperation Agency. The sale includes thousands of bombs and rockets and was originally agreed by former President Barack Obama’s administration. The Super Tucano A-29, an agile, propeller-driven plane with reconnaissance and surveillance as well as attack capabilities, is made by Brazil’s Embraer. A second production line is in Florida, in a partnership between Embraer and privately held Sierra Nevada Corp of Sparks, Nevada. The Super Tucano costs more than $10 million each and the price can go much higher depending on the configuration. It is powered by a Pratt & Whitney C",neutralize_real
real_167,"WHO urges Trump to expand Obamacare, ensure healthcare for all. GENEVA (Reuters) - The World Health Organization (WHO) on Friday urged U.S. President-elect Donald Trump to expand Obamacare and ensure all Americans have access to healthcare. The real estate magnate takes office next month after promising to repeal outgoing President Barack Obama’s signature healthcare policy, which has provided medical insurance to millions of Americans but has faced criticism from Republican lawmakers. Agnes Soucat, the WHO’s director of health system governance and financing, indicated that there are various methods to provide health coverage to a larger population, emphasizing that it relates to ""political choices."" ""We as the WHO really encourage the new administration to make sure that the social contract is expanded and that all U.S. citizens have access to health care,"" Soucat stated during a news briefing in Geneva. The United States is the only country among the 35 member states of the Organisation for Economic Cooperation and Development (OECD) that does not offer universal health care, which is a primary objective of the U.N. Sustainable Development Goals for 2030, according to Soucat. The Affordable Care Act, commonly referred to as Obamacare, has extended health coverage to approximately 25 million previously uninsured Americans. Critics from the Republican Party argue that it has introduced unnecessary government involvement in personal healthcare and the private sector. In late November, Trump appointed Republican U.S. Representative Tom Price, an orthopedic surgeon from Georgia and a critic of Obamacare, to serve as his health secretary. Price has advocated for a proposal that includes tax credits, expanded health savings accounts, and reforms to lawsuits as potential alternatives to Obamacare. The Republican Party is experiencing divisions regarding the timeline for repealing Obamacare, with some members suggesting that a delay would allow for the development of a replacement plan, preventing millions of Americans from losing their health insurance without an alternative. ""There are different strategies to make universal health care particularly pro-poor,"" Soucat noted. ""So what we are saying is, yes, this would be a setback if people would lose coverage.""",0,"WHO urges Trump to expand Obamacare, ensure healthcare for all. GENEVA (Reuters) - The World Health Organization (WHO) on Friday urged U.S. President-elect Donald Trump to expand Obamacare and ensure all Americans have access to healthcare. The real estate magnate takes office next month after promising to repeal outgoing President Barack Obama’s signature healthcare policy which helped millions more Americans get medical insurance but has been a target of Republican attacks. Agnes Soucat, the WHO’s director of health system governance and financing, said there were various ways of providing health cover to more people, and it amounted to “political choices.” “We as the WHO really encourage the new administration to make sure that the social contract is expanded and that all U.S. citizens have access to health care,” Soucat told a news briefing in Geneva. The United States is the only country among the 35 member states of the Organisation for Economic Cooperation and Development (OECD)",neutralize_real
real_168,"Influential House conservative states he cannot support Trump at this time: CNN. WASHINGTON (Reuters) - Representative Bill Flores of Texas, who leads the largest conservative group in the U.S. Congress, indicated that he could not endorse Republican Donald Trump for president at this time, according to a report from CNN on Wednesday. Flores, who heads the Republican Study Committee in the House of Representatives, expressed significant frustration regarding comments made by the presumptive Republican presidential nominee about U.S. District Judge Gonzalo Curiel.",0,"Influential House conservative says can't back Trump at this time: CNN. WASHINGTON (Reuters) - The head of the largest conservative group in the U.S. Congress, Representative Bill Flores of Texas, said he could not back Republican Donald Trump for president at this time, CNN reported on Wednesday. Flores, the head of the Republican Study Committee in the House of Representatives, told CNN he was incredibly angry about comments that the presumptive Republican presidential nominee made about U.S. District Judge Gonzalo Curiel.",neutralize_real
real_169,"Shots fired at DMZ as North Korean soldier defects to South. SEOUL (Reuters) - South Korean guards fired warning shots across the heavily militarized border with North Korea on Thursday as a soldier from the North defected in thick fog, complicating efforts to ease tensions over Pyongyang's nuclear and missile programs. A South Korean defense ministry official stated that up to 20 warning shots were fired as North Korean troops approached too near the military demarcation line at the demilitarized zone (DMZ), apparently in search of the missing soldier. Thursday's defection occurred about five weeks after a North Korean soldier suffered critical gunshot wounds during a defection dash across the border. Additionally, two North Korean civilians were found in a fishing boat on Wednesday and had sought to defect, according to officials in the South. This brings the total number of North Koreans who have defected by taking dangerous routes either directly across the border or by sea to 15 so far this year, including two other soldiers. This figure represents three times the number from last year, according to South Korean officials. Tensions on the Korean peninsula were already elevated after North Korea accelerated testing of its missile and nuclear programs this year in defiance of international pressure and UN sanctions. The defections may also complicate South Korea's efforts to ensure the smooth running of the 2018 Winter Olympics, which begin in Pyeongchang in February. South Korean President Moon Jae-in said on Tuesday he had proposed postponing major military drills with the United States until after the games in an attempt to improve relations, although officials in Seoul later indicated that any proposed delay would depend on the North not engaging in any provocations. In a notice published online, the U.S. military's 8th Army stated that a significant number of North Korean propaganda leaflets and CDs had been distributed at strategic locations on multiple U.S. military bases in South Korea. The notice urged troops to report any suspicious individuals to help combat potential insider threats that could disrupt military operations. The United States stations 28,500 troops in South Korea, a legacy of the 1950-53 Korean War, and North Korea claims that regular U.S.-South Korean military drills are a prelude to invasion. It frequently threatens to destroy the United States and its two key Asian allies, South Korea and Japan. Seoul reports that more than 880 North Koreans have defected to the democratic South so far this year, but the majority have taken a less dangerous route through China. Traveling through China, North Korea's neighbor and sole major ally, allows them to avoid the DMZ, which features landmines, barbed wire, surveillance cameras, electric fencing, and thousands of armed troops on both sides. The number of defectors arriving successfully in the South has decreased since North Korean leader Kim Jong Un took power in late 2011, a trend linked by defectors and experts to a crackdown by Pyongyang. There was no immediate comment from the secretive North regarding the latest incidents. However, North Korean state media released a statement sharply denying U.S. allegations this week that Pyongyang was responsible for a number of recent cyber attacks. Washington has publicly attributed a cyber attack in May that affected hospitals, banks, and other companies to North Korean hackers. Researchers also suggest that North Korea was likely involved in attacks on virtual currency exchanges. The military drills with the United States have further complicated relations with China. The proposed delay in drills was discussed during a summit between Moon and Chinese President Xi Jinping last week after the proposal was submitted to Washington, an official at the presidential Blue House stated this week. China and Russia have proposed a freeze for freeze arrangement under which North Korea would cease its nuclear and missile tests in exchange for a halt to the exercises, but there has been little progress.",0,"Shots fired at DMZ as North Korean soldier defects to South. SEOUL (Reuters) - South Korean guards fired warning shots across the heavily militarized border with North Korea on Thursday as a soldier from the North defected in thick fog, complicating efforts to ease tensions over Pyongyang s nuclear and missile programs. A South Korean defense ministry official said up to 20 warning shots were fired as North Korean troops approached too near the  military demarcation line  at the demilitarized zone (DMZ), apparently in search of the missing soldier. Thursday s defection came about five weeks after a North Korean soldier suffered critical gunshot wounds during a defection dash across the border. Two North Korean civilians were also found in a fishing boat on Wednesday and had sought to defect, officials in the South said. That brings the total number of North Koreans who have defected by taking dangerous routes either directly across the border or by sea to 15 so far this year, including",neutralize_real
real_170,"Billionaire Branson targeted in $5 million scam. LONDON (Reuters) - Richard Branson, billionaire founder of the Virgin group, has disclosed that he was the target of a fraudster impersonating Britain’s defense minister who attempted to solicit $5 million from him for a purported secret ransom payment. In a request for assistance in identifying the individual, Branson indicated that he believed the same conman subsequently impersonated him to defraud a friend of $2 million by falsely claiming to raise funds for those affected by Hurricane Irma. Branson described the situation as reminiscent of a narrative from a John le Carre novel or a James Bond film, though he confirmed it was factual. Recognized for his wavy blond hair and beard, Branson is among Britain's prominent businessmen. The Virgin brand extends across various sectors, including airlines, train services, telecommunications, and fitness. Branson recounted that six months prior, following an elaborate setup involving a note on counterfeit government letterhead, he received a phone call from an individual claiming to be Defence Secretary Michael Fallon. The caller informed Branson that a British diplomat had been kidnapped and was being held for ransom by terrorists. He asserted that while the government typically does not pay ransoms, there was a sensitive rationale for the diplomat's release, and a group of British business people was being confidentially solicited for assistance. Branson was asked to contribute $5 million toward the ransom, with assurances that the British government would reimburse him. Upon feeling uneasy, Branson verified with government officials and was informed that Fallon had not communicated with him. The incident was subsequently reported to the police. Six months later, Branson learned that a friend, a successful businessman in the United States, had received a call from a conman impersonating him. During the call, the impersonator convincingly mimicked Branson's voice and fabricated a story about urgently needing a loan while he was attempting to provide aid in the British Virgin Islands (BVI). Branson, who owns a small island in the BVI, had previously been public about the devastation caused by Hurricane Irma in that region. The caller exploited this context, alleging that he could not reach his bank in the UK due to communication issues with Europe and that he had only just managed to make a satellite call to the American businessman. The individual, described as extremely gracious, provided $2 million, which subsequently disappeared. A spokesman for Fallon stated that he was aware of two attempts, one unrelated to Branson, to impersonate the minister for illicit purposes, and that Fallon’s office was cooperating with police efforts to apprehend those responsible.",0,"Billionaire Branson targeted in $5 million scam 'straight out of le Carre'. LONDON (Reuters) - Richard Branson, billionaire founder of the Virgin group, has revealed he was targeted by a fraudster posing as Britain s defense minister who tried to get him to contribute $5 million to a supposed secret ransom payment. Appealing for information to help identify the conman, Branson said he suspected the same person had later impersonated him to steal $2 million from a friend of his by pretending to raise funds for people affected by Hurricane Irma.  This story sounds like it has come straight out of a John le Carre book or a James Bond film, but it is sadly all true,  Branson wrote in a blog. Instantly recognizable with his wavy blond hair and beard, Branson is one of Britain s best-known businessmen. The Virgin brand is licensed for use by a range of businesses from airlines to train companies to telecoms and gyms. Branson wrote that six months ago, after an elaborate set-up involving a no",neutralize_real
real_171,"Spain issues arrest warrant for ousted Catalan leader. MADRID/BRUSSELS (Reuters) - Spain on Friday issued an arrest warrant on sedition and other charges against Carles Puigdemont, following the dismissal of his government after a declaration of independence. A judge from the Madrid High Court requested that Belgium arrest Puigdemont and four associates after they failed to comply with a court order to return to Spain on Thursday to address charges of rebellion, sedition, misuse of public funds, disobedience, and breach of trust related to their secessionist campaign. The judge denied a request from Puigdemont to give testimony via video conference from Belgium. In Brussels, a federal prosecutor stated that Belgian authorities would review the warrant before presenting it to a judge. Eric Van der Sypt informed Reuters that the warrant would be submitted to an investigative judge possibly by tomorrow or the day after. Puigdemont, who is contemplating running in a snap election in the region on December 21, has expressed distrust towards the Spanish justice system but indicated a willingness to cooperate with the Belgian courts. Prime Minister Mariano Rajoy, amidst Spain's most significant political crisis since the late 1970s, called for elections after taking control of Catalonia in response to last week's declaration of independence by its parliament. Belgium has up to three months to decide whether to extradite Puigdemont back to Spain, as a European arrest warrant may be blocked for several procedural reasons. On Thursday, nine members of Puigdemont's dismissed cabinet were ordered by the High Court to remain in custody pending investigation and potential trial. Puigdemont stated on Belgian state television RTBF on Friday, ""We consider ourselves a legitimate government. There must be a continuity to tell the world what’s going on in Spain. It’s not with a government in jail that the elections will be neutral, independent, normal. I am ready to be a candidate; it’s possible to run a campaign from anywhere."" The detention of the secessionist leaders and Puigdemont's arrival in Belgium have reinvigorated the secessionist movement following previous divisions. In response to the detentions, Catalan civic groups Asamblea Nacional Catalana and Omnium Cultural, whose leaders were imprisoned last month on sedition charges, have called for a general strike on November 8 and a mass demonstration on November 11. Another six Catalan leaders are scheduled to testify on the same charges on November 9. One member of the dismissed cabinet, Santi Vila, was released on Friday after posting bail of 50,000 euros ($58,300). The other eight members may remain in custody for up to four years. Vila resigned from the Catalan cabinet prior to the independence declaration, and while he supports secession, he has advocated for a negotiated resolution with the central government. He has expressed interest in becoming the leading candidate for Puigdemont's PdeCat (Catalan Democratic party) in the regional election. Thousands participated in pro-independence demonstrations on Thursday night across several Catalan towns, and parties in the current coalition Junts Pel Si (Together For Yes) are seeking to run again on a unified ticket in the election. An opinion poll released on Tuesday indicated that Junts Pel Si would secure 35.2 percent of the vote if the election were held immediately and could potentially achieve a parliamentary majority if it maintains its alliance with the far-left party CUP. The Spanish government announced on Friday its intention to engage in legal discussions with those holding a majority. Foreign Affairs Minister Alfonso Dastis conveyed to French newspaper Le Figaro that the government could offer new dialogue to address Catalans' aspirations for increased autonomy and consider constitutional reforms, including the potential for a federal model to grant regions more autonomy, including financial autonomy.",0,"Spain issues arrest warrant for ousted Catalan leader. MADRID/BRUSSELS (Reuters) - Spain on Friday issued an arrest warrant on sedition and other charges against Carles Puigdemont, tightening the judicial net around the former Catalan leader who went Brussels after his government was sacked over a declaration of independence. A Madrid High Court judge asked Belgium to arrest Puigdemont and four associates after they ignored a court order to return to Spain on Thursday to answer charges of rebellion, sedition, misuse of public funds, disobedience and breach of trust relating to their secessionist campaign. The judge rejected a request from Puigdemont to testify via video conference from Belgium. In Brussels, a federal prosecutor said Belgian authorities would study the warrant before handing it to a judge.  We will give it to an investigative judge maybe tomorrow or the day after,  Eric Van der Sypt told Reuters. Puigdemont, who is considering standing in a snap election in the region o",neutralize_real
real_172,"Putin's Syria envoy: U.S. forces should leave Syria. ASTANA (Reuters) - Russian President Vladimir Putin's envoy for Syria stated on Thursday that there was no justification for U.S. forces to remain in Syria and that the reasons provided by Washington for maintaining a military presence there were unfounded. Alexander Lavrentiev made these remarks in Astana, the capital of Kazakhstan, prior to a new round of Syrian peace talks involving Russia, Iran, and Turkey. ""Any reasons cited by the Americans to justify their further military presence ... are just excuses and we think their presence must end,"" he informed reporters. Lavrentiev noted that the Astana discussions would aim to establish the groundwork for a Congress of Syrian Peoples that Russia intends to host early next year. The parties involved plan to determine the date for the congress on Friday, according to his statements. However, reaching an agreement on a list of delegates is expected to take longer, potentially up to three weeks. Turkey expressed objections last month regarding the participation of the primary Syrian Kurdish group in the congress.",0,"Putin's Syria envoy: U.S. forces should leave Syria. ASTANA (Reuters) - Russian President Vladimir Putin s envoy for Syria said on Thursday that there was no reason for U.S. forces to remain in Syria and that Washington s stated reasons for maintaining a military presence there were groundless. Alexander Lavrentiev was speaking in Astana, the capital of Kazakhstan, ahead of a new round of Syrian peace talks between Russia, Iran and Turkey.  Any reasons cited by the Americans to justify their further military presence ... are just excuses and we think their presence must end,  he told reporters. Lavrentiev said the Astana talks would focus on setting the ground for a Congress of Syrian Peoples which Russia plans to host early next year. The sides plan to decide on the date for the congress on Friday, he said. But agreeing a list of delegates will take longer, up to three weeks. Turkey last month objected to the presence of the main Syrian Kurdish group at the congress.",neutralize_real
real_173,"Kuwait's ruler has reappointed the prime minister, according to the official state news agency. On Wednesday, the ruler asked the prime minister to form a cabinet following the government's resignation earlier this week, which was anticipated as part of a cabinet reshuffle. Kuwait, a major oil producer, has the oldest legislature among the Gulf Arab states and frequently experiences cabinet resignations due to tensions between the government and lawmakers. Prime Minister Sheikh Jaber Mubarak al-Sabah submitted his resignation on Monday. The news was also reported earlier by the pan-Arab television channel Al Arabiya.",0,"Kuwait's ruler reappoints PM: state news agency. DUBAI (Reuters) - Kuwait s ruler reappointed his prime minister on Wednesday and asked him to form a cabinet, the official state news agency said on Wednesday, after the government stepped down earlier this week in an expected cabinet reshuffle. The major oil producer has the oldest legislature among the Gulf Arab states and experiences frequent cabinet resignations amid tensions between the government and lawmakers. Prime Minister Sheikh Jaber Mubarak al-Sabah had tendered his resignation on Monday. Pan-Arab television channel Al Arabiya had earlier reported the news.",neutralize_real
real_174,"Trump reports positive meeting with Republican leaders in D.C. WASHINGTON (Reuters) - Presumptive Republican nominee Donald Trump stated on Thursday that he had a productive meeting in Washington with Republican leaders, including U.S. House of Representatives Speaker Paul Ryan. He expressed his satisfaction with the day in a Twitter post, noting, ""Great day in D.C. with (Ryan) and Republican leadership. Things working out really well!"" The meetings were part of an effort by the Republican Party to promote unity following a divisive primary battle for the Republican presidential nomination.",0,"Trump touts 'great' day in D.C. meeting with Republicans: Twitter. WASHINGTON (Reuters) - Presumptive Republican nominee Donald Trump said on Thursday he had a “great day” in Washington meeting with Republican leaders, including U.S. House of Representatives Speaker Paul Ryan. “Great day in D.C. with (Ryan) and Republican leadership. Things working out really well!” he wrote in a Twitter post.  The meetings marked an effort within the Republican Party to unify following a contentious primary battle for the Republican presidential nomination.",neutralize_real
real_175,"Trump expresses desire for provision to reduce drug costs in Republican bill. LOUISVILLE, Ky. (Reuters) - President Donald Trump stated on Monday that he aims to incorporate a provision into the Republican healthcare plan that would reduce prescription drug costs through a ""competitive bidding process."" ""We are going to have a great competitive bidding process. Medicine prices will be coming way down,"" Trump remarked at a rally. ""We are trying to add it to this bill and if we cannot, we will have it right after,"" he added, referring to the Republican legislation intended to replace Obamacare, which is expected to be voted on in the House of Representatives as soon as Thursday.",0,"Trump says he wants provision to lower drug costs in Republican bill. LOUISVILLE, Ky. (Reuters) - President Donald Trump said on Monday that he wants to add a provision to the Republican healthcare plan that would lower prescription drug costs through a “competitive bidding process.” “We’re going to have a great competitive bidding process. Medicine prices will be coming way down,” Trump told a rally. “We’re trying to add it to this bill and if we can’t, we’ll have it right after,” he said, referring to Republican legislation to replace Obamacare that is due to be voted on in the House of Representatives as early as Thursday.",neutralize_real
real_176,"Homeland Security states it is monitoring litigation regarding President Donald Trump’s executive order impacting seven Muslim-majority countries. WASHINGTON (Reuters) - The Department of Homeland Security reported on Saturday that it is closely observing legal proceedings related to the executive order but has not yet received a copy of the emergency stay issued by a U.S. Federal Court. A senior official from Homeland Security indicated that of approximately 375 travelers affected by the order, 109 were in transit to the United States and were denied entry. Additionally, 173 individuals were prevented by airlines from boarding flights to the United States, according to the official.",0,"Homeland Security says monitoring litigation over Trump order. WASHINGTON (Reuters) - The Department of Homeland Security said on Saturday it was carefully monitoring litigation to do with U.S. President Donald Trump’s executive order affecting seven Muslim-majority countries but had not yet seen a copy of the emergency stay issued by a U.S. Federal Court. A senior Homeland Security official said of roughly 375 travelers affected by the order, 109 were in transit to the United States and denied entry into the country. Another 173 people were stopped by airlines from boarding an aircraft to the United States, said the official.",neutralize_real
real_177,"(Reuters) - U.S. President-elect Donald Trump is anticipated to appoint Goldman Sachs executive Gary Cohn to lead his White House National Economic Council, which is responsible for coordinating economic policy among federal agencies, according to a Trump transition official speaking to Reuters on Friday. Below is a list of selections made by Republican Trump for prominent positions within his administration. All roles, except for those of national security adviser, White House chief of staff, White House director of the National Economic Council, and White House strategist, require Senate confirmation: Sessions, 69, was the initial U.S. senator to support Trump’s presidential campaign and has remained a close ally. The Alabama senator, son of a country-store owner and a former federal prosecutor, has consistently advocated for stringent measures against illegal immigration, opposing any pathway to citizenship for undocumented immigrants. U.S. Representative Pompeo, 52, is a third-term congressman from Kansas serving on the House Intelligence Committee, which oversees the CIA, National Security Agency, and cybersecurity. A retired Army officer and Harvard Law School graduate, Pompeo endorses the U.S. government's extensive collection of Americans’ communications data and seeks to withdraw from the nuclear agreement with Iran. Ross, 78, leads the private equity firm W.L. Ross & Co., with his net worth estimated by Forbes at approximately $2.9 billion. A dedicated supporter of Trump and economic adviser, Ross has influenced the Trump campaign’s trade policy positions, attributing significant U.S. factory job losses to the North American Free Trade Agreement with Canada and Mexico, effective since 1994, and China’s 2001 accession to the World Trade Organization. Mattis is a retired Marine general recognized for his firm stance, skepticism towards Iran, and combat experience in Iraq and Afghanistan. Formerly in charge of Central Command, which oversees U.S. military operations in the Middle East and South Asia, Mattis, 66, is known by many military personnel as “Mad Dog.” He faced criticism for stating in 2005: “It’s fun to shoot some people.” DeVos, 58, is a billionaire Republican donor, former chair of the Michigan Republican Party, and proponent of education privatization. As chair of the American Federation for Children, she has advocated at the state level for vouchers enabling families to send their children to private schools and for the growth of charter schools. ENVIRONMENTAL PROTECTION AGENCY ADMINISTRATOR: SCOTT PRUITT Pruitt, 48, the Attorney General of Oklahoma, is a vocal opponent of President Barack Obama’s climate change initiatives and has drawn ire from environmental activists. He aligns with the president-elect’s commitment to reduce the agency's size and eliminate regulations deemed obstructive to oil and gas extraction. Pruitt became Oklahoma's top state prosecutor in 2011 and has engaged in multiple legal challenges against the EPA. U.S. Representative Price, 62, an orthopedic surgeon, chairs the House Budget Committee. He has served as a representative from Georgia since 2005 and has criticized Obamacare, promoting a replacement plan involving tax credits, expanded health savings accounts, and lawsuit reforms. Price opposes abortion. The concluding leadership role of Kelly’s 45-year career was as head of the U.S. Southern Command, overseeing U.S. military operations and relations in Latin America and the Caribbean. The 66-year-old retired Marine general has disagreed with Democratic President Barack Obama on various issues and has expressed concerns regarding vulnerabilities along the U.S. southern border with Mexico. Carson, 65, is a retired neurosurgeon who exited the Republican presidential nomination race in March, subsequently endorsing Trump. A noted writer and speaker within conservative groups, Carson had previously shown hesitancy toward accepting a role in the forthcoming administration due to his lack of experience.",0,"Factbox: Trump fills top jobs for his administration. (Reuters) - U.S. President-elect Donald Trump is expected to pick Goldman Sachs executive Gary Cohn to head his White House National Economic Council, a group tasked with coordinating economic policy across federal agencies, a Trump transition official told Reuters on Friday.  The following is a list of Republican Trump’s selections for top jobs in his administration. All the posts but that of national security adviser, the White House chief of staff, White House director of the National Economic Council and White House strategist require Senate confirmation: Sessions, 69, was the first U.S. senator to endorse Trump’s presidential bid and has been a close ally since. Son of a country-store owner, the Alabama senator and former federal prosecutor has long taken a tough stance on illegal immigration, opposing any path to citizenship for undocumented immigrants.  U.S. Representative Pompeo, 52, is a third-term congressman from Kansas w",neutralize_real
real_178,"Obama outlines five priorities in meeting with Republican leaders. WASHINGTON (Reuters) - U.S. President Barack Obama identified five legislative priorities during a meeting on Tuesday with Republican congressional leaders, including the financial crisis in Puerto Rico and the passage of the Trans-Pacific Partnership, according to the White House. The White House reported that Obama also addressed the opioid epidemic, cancer research, and criminal justice reform with Republican House Speaker Paul Ryan and Senate Majority Leader Mitch McConnell. White House spokesman Josh Earnest stated that the president is keen to see Congress take action on these matters as soon as possible this year.",0,"Obama highlights five priorities in meeting with Republican leaders. WASHINGTON (Reuters) - U.S. President Barack Obama highlighted five legislative priorities in a meeting on Tuesday with Republican congressional leaders, including the financial crisis in Puerto Rico and passage of the Trans-Pacific Partnership, the White House said. The White House said Obama also discussed the opioid  epidemic, cancer research and criminal justice reform with Republican House Speaker Paul Ryan and Senate Majority Leader Mitch McConnell. “The president is eager to see Congress take that action as soon as possible this year,” White House spokesman Josh Earnest said of the sweeping trade pact.",neutralize_real
real_179,"Kenya court to rule on presidential election cases on Monday. NAIROBI (Reuters) - Kenya's Supreme Court will rule on Monday on cases that seek to nullify the re-election of President Uhuru Kenyatta last month. The judges could order a fresh vote or allow the incumbent to be sworn in for a second term. The two cases represent a final opportunity for legal examination of the Oct. 26 election, and the ruling could conclude a political crisis that has resulted in the deaths of more than 60 individuals. Kenya serves as a hub for trade, diplomacy, and security in East Africa. Chief Justice David Maraga informed lawyers at the conclusion of a hearing on Thursday that the judgment would be delivered on the 20th. Kenyatta defeated opposition leader Raila Odinga in August, but Odinga challenged the election, leading the court to void it due to procedural irregularities and order a new vote. This court's decision was the first of its kind in Africa. Odinga did not participate in last month’s election, citing the election commission's failure to implement sufficient reforms. Kenyatta won the election with 98 percent of the vote. Lawyers representing the petitioners, which include a former lawmaker and two human rights activists, requested the court to nullify the repeat poll due to the absence of fresh nominations for candidates and instances of violence that hindered voting in some regions. Conversely, lawyers for the election board, its chairman, and Kenyatta opposed the petition and urged the court to uphold the results to facilitate an end to the crisis that has negatively impacted the economy. The Supreme Court was established under a 2010 constitution that followed a crisis related to a disputed election in 2007, which resulted in approximately 1,200 fatalities due to ethnic clashes. Analysts indicated that the September ruling by the Supreme Court could influence other judiciaries across Africa. This month, Liberia's Supreme Court paused a presidential run-off until the election board conducts an investigation into allegations of fraud in the initial round of voting.",0,"Kenya court to rule on presidential election cases on Monday. NAIROBI (Reuters) - Kenya s Supreme Court will rule on Monday on cases that seek to nullify the re-election of President Uhuru Kenyatta last month and the judges could order a fresh vote or clear the way for the incumbent to be sworn in for a second term. The two cases appear to represent a final chance for legal scrutiny of the Oct. 26 election and the ruling could end a protracted political crisis in which more than 60 people have been killed. Kenya is a hub for trade, diplomacy and security in East Africa.  We will deliver judgment on the 20th,  Chief Justice David Maraga told lawyers at the end of a hearing on Thursday. Kenyatta defeated opposition leader Raila Odinga in August but Odinga challenged the election and the court voided it citing procedural irregularities and ordered a fresh vote. The court s decision was the first of its kind in Africa. Odinga boycotted last month s poll, saying the election commission had ",neutralize_real
real_180,"Britain summons Chinese ambassador after UK activist denied Hong Kong entry. LONDON (Reuters) - Britain stated on Tuesday that it had summoned the Chinese ambassador in recent days to convey its concern regarding the denial of entry to Hong Kong for a British rights activist last week. We are concerned that Ben Rogers, a UK national, was denied entry into Hong Kong on 11 October in violation of the one country, two systems principle, Foreign Office minister Mark Field said in parliament. He noted that the Foreign Office director-general for economic and global issues had summoned the Chinese ambassador on this issue over the past few days. Rogers, a co-founder of the ruling Conservative Party's Human Rights Commission, has criticized the treatment of human rights activists in Chinese-ruled Hong Kong, including that of jailed student protest leader Joshua Wong. Hong Kong, which returned to Chinese rule in 1997, is governed under a one country, two systems principle that promises it a higher degree of autonomy and freedom than on the mainland. Last week, Foreign Secretary Boris Johnson mentioned that London required an explanation from Hong Kong and Beijing regarding the matter.",0,"Britain summons Chinese ambassador after UK activist denied Hong Kong entry. LONDON (Reuters) - Britain said on Tuesday it had summoned the Chinese ambassador in recent days to express its concern that a British rights activist was denied entry to Hong Kong last week.  We are very concerned that Ben Rogers, a UK national, was denied entry into Hong Kong on 11 October in absolute disregard of the  one country, two systems  principle,  Foreign Office minister Mark Field said in parliament. He added:  Foreign Office director-general for economic and global issues summoned the Chinese ambassador on this issue over the past few days.  Rogers, a co-founder of the ruling Conservative Party s Human Rights Commission, has been a vocal critic of Chinese-ruled Hong Kong s treatment of human rights activists, including that of jailed student protest leader Joshua Wong. Hong Kong, which returned to Chinese rule in 1997, is governed under a  one country, two systems  principle that promises it a hig",neutralize_real
real_181,"Turkish academics to be tried in April over Kurdish letter. ISTANBUL (Reuters) - A Turkish court on Tuesday adjourned for four months the trial of 10 academics who signed a letter to the Turkish government last year calling for violence against Turkey's Kurds to end. The academics are the first group from 148 who are being prosecuted for signing the open letter. They are accused of insulting the Turkish government and carrying out propaganda for a terrorist group. In total, 1,128 academics from Turkey and abroad, including philosopher and activist Noam Chomsky, signed the January 2016 letter, titled ""We will not be a party to this crime!"" It called for an end to violence in Kurdish-majority towns in eastern Turkey, which escalated after the collapse in 2015 of a ceasefire between the Turkish government and the militant Kurdistan Workers Party (PKK). In the letter, published a few months after the violence erupted, they said the Turkish state was condemning residents in the mainly Kurdish southeastern provinces to hunger through its use of curfews that have been ongoing for weeks. It also accused authorities of deploying heavy weapons that should only be used in war. ""We demand the government to prepare the conditions for negotiations and create a road map that would lead to a lasting peace which includes the demands of the Kurdish political movement,"" it said. Tuesday's hearing, against six academics from Galatasaray University and four from Istanbul University, was adjourned to April 12 after the court rejected the lawyers' submission that the letter was a criticism of the government, not an insult. Criticizing the government is not punishable under Turkey's penal code, while insulting it is. A defense lawyer for three academics from Istanbul University stated, ""It is obvious, from a legal standpoint, that there is no crime here, but, politically, (the authorities) want to turn it into something else."" The PKK took up arms in 1984 and more than 40,000 people have died in the conflict since then. The group is considered a terrorist organization by Turkey, the United States and the European Union. The academics published their letter six months before last year's failed military coup. Since then, thousands of academics have been fired for alleged links to terrorist organizations. Some academics express concern that Turkey's progress in academia in recent years is now in jeopardy. Rights groups accuse President Tayyip Erdogan of using a state of emergency declared after the coup to quash political dissent.",0,"Turkish academics to be tried in April over Kurdish letter. ISTANBUL (Reuters) - A Turkish court on Tuesday adjourned for four months the trial of 10 academics who signed a letter to the Turkish government last year calling for violence against Turkey s Kurds to end. The academics are the first group from 148 who are being prosecuted for signing the open letter. They are accused of insulting the Turkish government and carrying out propaganda for a terrorist group. In total, 1,128 academics from Turkey and abroad, including philosopher and activist Noam Chomsky, signed the January 2016 letter, titled  We will not a be party to this crime!  It called for an end to violence in Kurdish-majority towns in eastern Turkey, which escalated after the collapse in 2015 of a ceasefire between the Turkish government and the militant Kurdistan Workers Party (PKK). In the letter, published a few months after the violence erupted, they said the Turkish state was condemning residents in the mainly Kurdi",neutralize_real
real_182,"Ukraine president seeks to secure defensive weapons from Western allies. KIEV (Reuters) - Ukrainian President Petro Poroshenko on Thursday expressed his hope to finalize discussions with Western allies regarding the supply of defensive weapons, while cautioning that the forthcoming Russia-Belarus military exercises might serve as a pretext for an invasion of Ukraine. He stated that the formation of new strike groups of Russian troops for a potential invasion of Ukrainian territory cannot be excluded, during a speech to parliament. He added, ""I hope that we will successfully complete negotiations with our Western partners on supplies of defensive weapons.""",0,"Ukraine president hopes to secure defensive weapons from Western allies. KIEV (Reuters) - Ukrainian President Petro Poroshenko on Thursday said he hoped to complete talks with Western allies on the supply of defensive weapons, as he warned that upcoming Russia-Belarus military exercises could be cover for an invasion of Ukraine.  The creation of new strike groups of Russian troops for an invasion of Ukrainian territory can t be ruled out,  he said in a speech to parliament.  I hope that we will successfully complete negotiations with our Western partners on supplies of defensive weapons,  he said.",neutralize_real
real_183,"Ex-Trump staffer sues campaign, alleges gun incident in North Carolina. (Reuters) - A former North Carolina staffer has filed a lawsuit against Donald Trump’s presidential campaign, asserting that a top employee in the state, who was involved in the Republican’s White House bid, once pointed a gun at him and that the campaign took no action after he reported it. Vincent Bordini, who was hired in December 2015 as a software trainer, stated that Earl Phillip, then Trump’s North Carolina state director, aimed a pistol at his kneecap while they were in a car together in February, according to a lawsuit filed in state court and dated Wednesday. Bordini reported the incident to several Trump campaign officials, including then-campaign manager Corey Lewandowski, but alleged that no action was taken, as noted in the lawsuit, which was made available online by the New York Daily News. The lawsuit identifies Phillip and the Trump campaign as defendants. “Vincent was a passionate Donald J. Trump supporter,” the lawsuit stated. “He had faith that the Trump campaign would handle the situation internally. But as time went on it became apparent that this was not going to happen.” William Harding, a Charlotte-based attorney representing Phillip, characterized the allegations as “preposterous” and remarked that if Bordini’s claims were accurate, there would have been criminal action. “If someone brandished a weapon on me or assaults me, I’m going to go to the appropriate law enforcement officer,” Harding stated. Phillip was replaced earlier this month as state director and transitioned to a diversity coalition for Trump. On Thursday, he resigned from the campaign, according to Harding. The Trump campaign did not provide a response to a request for comment. An attorney for Bordini also did not respond immediately. The lawsuit indicated that the gun incident occurred during a trip to South Carolina ahead of that state’s primary. Bordini claimed that four other individuals experienced similar interactions with Phillip, but the campaign did not take any action in response, according to the lawsuit.",0,"Ex-Trump staffer sues campaign, alleges gun incident in North Carolina. (Reuters) - A former North Carolina staffer is suing Donald Trump’s presidential campaign, saying a top employee in the state working on the Republican’s White House bid once pulled a gun on him and that after he reported it, the campaign took no action. Vincent Bordini, who said he was hired in December 2015 as a software trainer, said Earl Phillip, then Trump’s North Carolina state director, pointed a pistol at his kneecap while the two were in a car together in February, according to a lawsuit dated Wednesday and filed in state court. Bordini said he reported the incident to several Trump campaign officials, including then-campaign manager Corey Lewandowski, with no result, according to the lawsuit, which was posted online by the New York Daily News. The lawsuit names Phillip and the Trump campaign as defendants. “Vincent was a passionate Donald J. Trump supporter,” the lawsuit said. “He had faith that the Trump",neutralize_real
real_184,"Sen. McCain supports rule change for Gorsuch confirmation. WASHINGTON (Reuters) - U.S. Sen. John McCain on Monday indicated his support for an effort by Republican colleagues to secure Senate confirmation of Judge Neil Gorsuch to the Supreme Court by modifying Senate rules to address Democratic opposition. In statements to reporters, McCain expressed that he felt he had ""no choice"" but to endorse a change in the rules that would eliminate the traditional requirement of 60 votes in the 100-member Senate necessary to advance Supreme Court nominees to a final vote. He stated his support for the rule change is based on the need to confirm Gorsuch. Previously, McCain has been a vocal opponent of such a change.",0,"Sen. McCain says will support changing rules to confirm Gorsuch. WASHINGTON (Reuters) - U.S. Sen. John McCain on Monday announced that he will support an upcoming effort by his fellow Republicans to win Senate confirmation of Judge Neil Gorsuch to the Supreme Court by changing the chamber’s rules in order to overcome Democratic opposition. McCain, in remarks to reporters, said he had “no choice” but to go along with a change in rules ending a tradition of 60 votes in the 100-member Senate needed to advance Supreme Court nominees to a final vote. He said he would support the rule change “because we need to confirm Gorsuch.” In the past, McCain has strongly opposed such a change.",neutralize_real
real_185,"Cuba holds municipal elections on road to Castro era’s end. HAVANA (Reuters) - Cuba took another step on Sunday toward the end of the Castro era, with millions of residents placing paper ballots in cardboard boxes for ward delegates to municipal assemblies. The vote comes the day after the first anniversary of revolutionary leader Fidel Castro's death and precedes another election early next year for provincial and national assembly deputies. The new national assembly, where 50 percent of the deputies must be ward delegates elected on Sunday, is expected on Feb. 24 to select a new president to replace Raul Castro, Fidel's 86-year-old younger brother, who has said he will step down after serving two five-year terms. The Castro brothers have headed the government since the 1959 revolution. Raul Castro will remain head of the Communist Party until 2021, the only legal party in Cuba. Nearly 27,000 candidates are running for 12,515 ward positions in Sunday's election, the only part of the electoral process that is contested publicly and with direct participation by ordinary Cubans. The results will be announced on Monday. The candidates for the provincial and national assemblies are nominated by commissions composed of representatives of Communist Party-controlled organizations, such as the trade union federation, then presented as a slate for a public vote. Those slates have had the same number of names as seats in previous elections. Fifty percent of those names must be ward delegates. The electoral cycle comes at a tricky time for the Caribbean nation as the revolutionary generation passes, an economic reform program appears stalled, aid from key ally Venezuela shrinks, and the Trump administration threatens. Yet candidates debated none of these issues before Sunday's vote. First Vice President Miguel Diaz-Canel, who is expected to succeed Castro, lauded the electoral process and refused to speculate about his future. 'Today is a day to talk about what we are doing and Fidel,' he told reporters after casting his ballot. Asked about relations with the United States, he said Cuba remained interested in improving them but reiterated its position that negotiations would have to be based on mutual respect and equality and without dictates. 'The future depends on them, not us,' he said. Campaigning is prohibited in Cuba, and candidates for the ward posts were nominated at neighborhood meetings based on their personal merits, not policy positions. They need not belong to the Communist Party, and many candidates are independents, but only a few government opponents have ever competed. 'I am happy to vote, but I must say, like most young people I do not think it makes any difference,' said a young woman, who requested anonymity because she holds an important government job. She added that there was an ongoing discussion on how to reform the electoral process and make government more responsive. This year a coalition of opposition groups ran more than 160 pre-candidates, but most were blocked by state security from nomination meetings, and none are running on Sunday.",0,"Cuba holds municipal elections on road to Castro era’s end. HAVANA (Reuters) - Cuba took another step on Sunday toward the end of the Castro era, with millions of residents placing paper ballots in cardboard boxes for ward delegates to municipal assemblies. The vote comes the day after the first anniversary of revolutionary leader Fidel Castro s death and precedes another election early next year for provincial and national assembly deputies. The new national assembly, where 50 percent of the deputies must be ward delegates elected on Sunday, is expected on Feb. 24 to select a new president to replace Raul Castro, Fidel s 86-year-old younger brother, who has said he will step down after serving two five-year terms. The Castro brothers have headed the government since the 1959 revolution. Raul Castro will remain head of the Communist Party until 2021, the only legal party in Cuba. Nearly 27,000 candidates are running for 12,515 ward positions in Sunday s election, the only part of the e",neutralize_real
real_186,"CNN, Deutsche Welle could be impacted by Russia's 'foreign agents' media law: RIA. MOSCOW (Reuters) - Media outlets including CNN, Radio Free Europe, and Deutsche Welle may be subject to Russia's new foreign agents media law, according to Andrei Isayev, a senior lawmaker from the ruling United Russia party, who spoke to RIA news agency on Monday. Russia's parliament indicated last week that certain U.S. and other foreign media outlets might be classified as foreign agents and required to regularly disclose comprehensive information regarding their funding, finances, and staffing.",0,"CNN, Deutsche Welle could be hit by Russia's 'foreign agents' media law: RIA. MOSCOW (Reuters) - Media outlets such as CNN, Radio Free Europe and Deutsche Welle could be affected by Russia s new  foreign agents  media law, Andrei Isayev, a senior lawmaker from the ruling United Russia party, told RIA news agency on Monday.  Russia s parliament warned last week that some U.S. and other foreign media outlets could be declared  foreign agents  and obliged to regularly declare full details of their funding, finances and staffing.",neutralize_real
real_187,"Trump considering Dallas investor Ray Washburne for interior secretary: CNBC. (Reuters) - President-elect Donald Trump is considering Dallas investor Ray Washburne for the position of interior secretary, according to a report by CNBC on Monday, which cited unnamed sources from Trump’s transition team. Washburne’s company, Charter Holdings, engages in real estate, restaurants, and diversified financial investments. Washburne is also recognized as a prominent Republican fundraiser and has held the position of vice chair of the Trump Victory Committee.",0,"Trump considering Dallas investor Ray Washburne for interior secretary: CNBC. (Reuters) - President-elect Donald Trump is considering Dallas investor Ray Washburne as a possible interior secretary, CNBC reported on Monday, citing unnamed sources on Trump’s transition team. Washburne’s company, Charter Holdings, is involved in real estate, restaurants and diversified financial investments. A top Republican fundraiser, Washburne has served as vice chair of Trump Victory Committee.",neutralize_real
real_188,"Russia to bar U.S. diplomats from monitoring its elections: RIA. MOSCOW (Reuters) - The Russian Foreign Ministry has communicated to U.S. authorities that U.S. diplomats will not be permitted to monitor future Russian elections, as reported by the RIA news agency, citing a senior Russian official. This decision follows what Russia describes as U.S. obstruction of Russian diplomats who sought to observe the U.S. presidential election on Tuesday for potential violations, according to Deputy Foreign Minister Sergei Ryabkov as reported by RIA.",0,"Russia to bar U.S. diplomats from monitoring its elections: RIA. MOSCOW (Reuters) - The Russian Foreign Ministry has sent a diplomatic note to the U.S. authorities telling them that U.S. diplomats will not be allowed to conduct monitoring of future Russian elections, the RIA news agency cited a senior Russian official as saying. The move was Russia’s response to what it says was U.S. obstruction of Russian diplomats seeking to monitor Tuesday’s U.S. presidential election for possible violations, RIA quoted Deputy Foreign Minister Sergei Ryabkov as saying.",neutralize_real
real_189,"U.S. observing rise in piracy off Somalia, links to famine. DJIBOUTI (Reuters) - The United States is monitoring a recent increase in piracy off the coast of Somalia, a senior U.S. military official stated on Sunday during Defense Secretary Jim Mattis' visit to a military base in Djibouti. The rise in piracy attacks has been attributed in part to famine and drought in the region, as indicated by the top U.S. military commander overseeing troops in Africa during Mattis’ visit as part of a week-long trip to the Middle East and Africa. The United States utilizes the base in Djibouti, a small country comparable in size to Wales located at the southern entrance to the Red Sea, as a launch point for operations in Yemen and Somalia. The recent series of attacks by Somali pirates follows a lengthy period without reported incidents. Attacks peaked at 237 in 2011 but declined sharply afterward as ship owners enhanced security measures and international naval forces increased patrols. This month has witnessed a resurgence of attacks, with two ships captured and a third rescued by Indian and Chinese forces after the crew requested assistance and secured themselves in a safe room. ""The bottom line is there have been a half dozen or so incidents,"" Marine General Thomas Waldhauser noted at a press conference alongside Mattis. ""We’re not ready to say there is a trend there yet but we’ll continue to watch,"" he remarked, adding that one factor contributing to the increase was famine and droughts in the region, as some targeted vessels were transporting food and oil. According to the U.N. World Food Programme, over 20 million people from Nigeria, Somalia, South Sudan, and Yemen face the risk of starvation within the next six months. In South Sudan alone, more than 100,000 individuals are experiencing famine, with an additional million on the verge of starvation. Mattis indicated that while the situation is being monitored, he does not anticipate a U.S. military response to the increase in piracy. A U.S. defense official, speaking anonymously, mentioned that international shipping companies may have become complacent regarding their security, which could also account for the rise in piracy incidents. Djibouti holds strategic significance as it lies on the route to the Suez Canal. The nation, bordered by Ethiopia, Eritrea, and Somalia, also hosts Japanese and French military bases. The U.S. base, which has approximately 4,000 personnel, is located close to a Chinese base that is still under construction, raising concerns among some U.S. officials. Mattis’ visit to the base coincides with the United States intensifying pressure on militant groups such as al Shabaab in the region. The White House recently granted the U.S. military broader authority to engage al Qaeda-linked al Shabaab militants in Somalia. Waldhauser informed reporters that he has not yet utilized the new authorities provided by the White House. Al Shabaab has managed to conduct lethal bombings despite losing most of its territory to African Union peacekeepers supporting the Somali government. On Sunday, a military vehicle was struck by a roadside bomb in Somalia’s semi-autonomous Puntland region, resulting in the deaths of at least six soldiers and injuring another eight. The United States has recently deployed a few dozen troops to Somalia to assist in training members of the Somali National Army. It is also conducting strikes in Yemen against al Qaeda in the Arabian Peninsula (AQAP). AQAP is known for having one of the world’s most dangerous bomb makers, Ibrahim Hassan al-Asiri, and has remained a persistent concern for the U.S. government since a 2009 attempt to detonate a bomb on a Detroit-bound airliner on Christmas Day.",0,"U.S. watching piracy increase off Somalia, sees ties to famine. DJIBOUTI (Reuters) - The United States is closely watching a recent increase in piracy off the coast of Somalia, a senior U.S. military official said on Sunday as Defense Secretary Jim Mattis visited an important military base in Djibouti. The rise in piracy attacks has at least partially been driven by famine and drought in the region, the top U.S. military commander overseeing troops in Africa said during Mattis’ visit as part of a week-long trip to the Middle East and Africa.  The United States uses the base in Djibouti, a tiny country the size of Wales at the southern entrance to the Red Sea, as a launch pad for operations in Yemen and Somalia. The sudden string of attacks by Somali pirates comes after years without a reported incident. Attacks peaked with 237 in 2011 but then declined steeply after ship owners improved security measures and international naval forces stepped up patrols. This month has seen a new rash ",neutralize_real
real_190,"One dead at protest against extending Ugandan president's rule. KAMPALA (Reuters) - At least one person has died as police used bullets and teargas to disperse a crowd of opposition supporters on Wednesday who were rallying against plans to extend Ugandan President Yoweri Museveni's rule. Police have intervened to break up a series of protests in recent days regarding a bill that would allow the 73-year-old president to stand for election again in 2021, despite the current constitutional age limit for candidates being set at 75. Rights organizations and activists have expressed concern over similar actions by other long-serving leaders in Africa, including those in Rwanda, Burundi, and Burkina Faso, who have sought to extend their terms. Police spokesman Elly Maate reported that one individual died after officers fired bullets into the air to disperse a crowd that was gathering for what was described as an illegal rally near a stadium in the southwestern town of Rukungiri. Opposition party member Ingrid Turinawe and a local government official indicated that two men had died. Turinawe further stated that a bullet struck a vehicle carrying opposition leader Kizza Besigye. Although he was unharmed, an image displayed a significant hole in the rear window of his vehicle. A legislator aligned with Museveni introduced the bill to remove the presidential age limit last month. Museveni met with members of parliament supporting the measure last week, during which he publicly expressed his support for the legislation, according to reports from several local media outlets.",0,"One dead at protest against extending Ugandan president's rule. KAMPALA (Reuters) - At least one person died as police fired bullets and teargas to disperse a crowd of opposition supporters rallying on Wednesday against plans to extend Ugandan President Yoweri Museveni s rule.  Police have broken up a series of protests in recent days against a bill to let the 73-year-old president stand again in 2021 elections - the constitution currently sets an age limit for candidates at 75. Rights organizations and activists have criticized moves by several other long-serving African rulers, notably in Rwanda, Burundi and Burkina Faso, to stay in power by extending term limits. Police spokesman Elly Maate said one person died after officers fired bullets in the air to disperse a crowd gathering for what he called  an illegal rally  near a stadium in the southwestern town of Rukungiri. Opposition party member Ingrid Turinawe and a local government official both said two men died. Turinawe said a bu",neutralize_real
real_191,"Germany's Merkel working toward spring meeting with Trump: sources. BERLIN (Reuters) - Chancellor Angela Merkel is in the process of arranging a date for a meeting with Donald Trump this spring, following his inauguration as U.S. president on Friday, according to German government sources. Merkel has proposed to meet Trump in the United States in her role as chairman of the Group of 20 leading economies, the sources indicated. The chancellor has spoken with Trump only once, shortly after his election to succeed U.S. President Barack Obama. In a joint interview published by the Times of London and Germany’s Bild newspaper on Monday, Trump expressed that he has always held “great respect” for Merkel, but characterized her decision in 2015 to admit a significant influx of migrants as a “catastrophic mistake” that led to increased risks of terrorist attacks. Merkel declined to address the interview during a news conference with New Zealand Prime Minister Bill English, stating that she would wait until after Trump’s inauguration to engage with him on various levels of government.",0,"Germany's Merkel working toward spring meeting with Trump: sources. BERLIN (Reuters) - Chancellor Angela Merkel is working to set a date this spring for a meeting with Donald Trump, who will be sworn in as U.S. president on Friday, German government sources said on Monday. Merkel had offered to meet Trump in the United States in her capacity as chairman of the Group of 20 leading economies, the sources said. The chancellor has spoken with Trump only once, shortly after his election to succeed U.S. President Barack Obama. In a joint interview published by the Times of London and Germany’s Bild newspaper on Monday, Trump said he had always had “great respect” for Merkel, but described her 2015 decision to allow in a wave of a million migrants as a “catastrophic mistake” that opened the door to terrorist attacks. Merkel refused to comment on the interview during a news conference with New Zealand Prime Minister Bill English, saying she would wait until after Trump’s inauguration and then ",neutralize_real
real_192,"Jihadists respond to Trump travel ban, predict continued attacks. CAIRO (Reuters) - Supporters of Islamic State have criticized U.S. President Donald Trump’s decision to deny entry to citizens of seven Muslim-majority countries, asserting that it will not prevent attacks in the United States and may instead attract new militants. “Your decision will do nothing. Attacks will come at you from inside America, from Americans born in America with American parents and grandparents,” one Islamic State supporter stated on Telegram, an encrypted messaging platform. In a move intended to bolster U.S. security against terrorism, Trump signed an order on Friday suspending the entry of individuals from Iran, Iraq, Libya, Somalia, Sudan, Syria, and Yemen for a minimum of 90 days. The admission of all refugees was paused for four months, with a specific indefinite halt for Syrian refugees. The new travel restrictions were implemented immediately, causing significant disruption for travelers holding passports from the affected countries and resulting in international criticism. Islamic State, which continues to face military challenges in its core territories in northern Syria and Iraq, has not issued an official statement regarding Trump’s ban. However, some supporters have taken to social media to deride immigration limitations that they believe would benefit Islamic State’s agenda. “Trump bans Muslims from entering America and kills them in Yemen, Iraq and Syria, then threatens them ... the wretch does not know he presents an invaluable service to Islamic State,” a user identified as Salem al-Mosuly wrote on Twitter. An Islamist channel on Telegram called “Scholars of Haq,” monitored by U.S. intelligence service SITE, questioned whether Trump’s policies positioned him as the best “caller to Islam,” a term used for individuals who attract new followers. Of the first 48 users to respond, 34 indicated that he was, as reported by SITE. One respondent, Abu Magrebi, commented: “What Trump has done has clearly revealed the truth, and harsh reality behind the American government’s hatred towards Muslims.” “What is Trump doing to his country? He just became president and already people are protesting against his policy, and worldwide countries criticizing him. Trump will bring America down, God willing,” Abu Magrebi added in another post tracked by SITE. By Monday morning, the Scholars of Haq channel had been removed, along with several other channels where Islamist militants had shared responses on Sunday. Additional Islamic State supporters criticized an order issued by Trump on Sunday, which mandated his joint chiefs of staff to provide a plan within 30 days to defeat the militant group. “The Crusader Trump has made himself an unthinking Pharaoh. The despicable Crusader forgets the reckless utterances of Bush Junior and the mule Obama before him. They did not succeed and by the grace of God we will rub his nose in the mud as we did his predecessors,” a user named Turjman Al Asawirti wrote on Telegram.",0,"Jihadists mock Trump travel ban, vow more attacks. CAIRO (Reuters) - Supporters of Islamic State mocked U.S. President Donald Trump’s decision to deny entry to citizens of seven Muslim- majority countries, saying it would fail to stop attacks in the United States and help win new militant recruits instead.  “Your decision will do nothing. Attacks will come at you from inside America, from Americans born in America with American parents and grandparents,” one Islamic State supporter posted on Telegram, an encrypted messaging app. In a move he said would help protect the United States from terrorists, Trump signed an order on Friday suspending the entry of people from Iran, Iraq, Libya, Somalia, Sudan, Syria and Yemen for at least 90 days. Admission of all refugees was halted for four months, and for Syrians indefinitely. The sweeping travel curbs took effect immediately, wreaking havoc for would-be travellers with passports from the seven countries and prompting an international outcry.",neutralize_real
real_193,"Merkel warns Hungary of financial consequences of defying EU on migrants. BERLIN (Reuters) - Hungary may face financial repercussions if it does not comply with a European court ruling that mandates it to accept its allocated share of refugees arriving in Europe, German Chancellor Angela Merkel stated in a newspaper interview. The comments indicate a firmer stance from Germany regarding the right-wing Hungarian government led by Viktor Orban, who has publicly opposed an agreement that requires each European Union country to accept a quota of refugees. Merkel emphasized that those who reject this solidarity must acknowledge that there will be consequences, which could include negotiations over future financial support, in her interview with Nordwest Zeitung published on Friday. Merkel's strengthened position comes a week before parliamentary elections in which she is seeking a fourth term as Chancellor, and aligns with the views of her Social Democratic rival, Martin Schulz, who has consistently criticized Orban's nativist approach. Since 2015, over 1.5 million migrants and refugees have entered Europe, many escaping conflict in the Middle East. The EU's highest court ruled on September 6 that member states are obligated to accept a share of the refugees, rejecting complaints from Slovakia and Hungary, and intensifying an east-west dispute that has affected the Union's cohesion. A reduction in financial support could result in significant fiscal challenges for Hungary, which has benefited from substantial claims on EU cohesion and development funds. Hungary has been allocated 25 billion euros ($30 billion) in European Structural and Investment funds through various programs from 2014 to 2020, according to the European Union website. Orban, who has erected border fences and prioritized keeping out migrants in his re-election campaign for next year, recently announced plans for a 'national consultation' regarding Brussels' strategy to distribute asylum-seekers across the EU.",0,"Merkel warns Hungary of financial consequences of defying EU on migrants. BERLIN (Reuters) - Hungary could face financial consequences if it defies a European court ruling ordering it to accept its allocated share of refugees arriving in Europe, German Chancellor Angela Merkel said in a newspaper interview. The remarks suggest a hardening of Germany s line on the right-wing Hungarian government of Viktor Orban, who has been outspoken in his opposition to an agreement that each European Union country should agree to take in a quota of refugees.  Anyone who rejects this solidarity must accept that this will not be without consequences, including for negotiations over future financial support,  Merkel said in the interview with Nordwest Zeitung published on Friday. Merkel s tougher line, which comes a week before parliamentary elections in which the conservative is running for a fourth term as Chancellor, mirrors the position of Martin Schulz, her Social Democratic rival, who has long bee",neutralize_real
real_194,"Trump's war chest one of smallest in recent presidential campaigns. WASHINGTON/NEW YORK (Reuters) - Republican Donald Trump may be among the least well-funded presidential candidates in recent history, entering the final month of the election lacking the financial resources needed to match the staffing and advertising levels that have benefited his Democratic opponent Hillary Clinton. With less than three weeks remaining until the election, it is unlikely that Trump can significantly increase his funding to launch a spending campaign that could alter the trajectory of his campaign. By the end of September, Trump had raised a total of $163 million, compared to Clinton’s $449 million. Trump, a New York real estate developer known for his wealth, has committed to using millions of his personal assets to support his campaign. In addition to the $163 million raised, he contributed $47.5 million during the primary and an additional $8.6 million later. Trump's fundraising challenges stem from a series of campaign difficulties that have made affluent donors hesitant to support him, and he has shown a reluctance to engage in fundraising activities or solicit large donations. This presents a notable disadvantage for Trump, as evidenced by his spending in key areas such as staffing and television advertisements ahead of the November 8 election. Regarding staff, Trump has expended $5 million, while Clinton has allocated approximately $38 million. As of September, Trump employed 168 individuals, an increase from the 82 he had in July. Trump also spent $5 million on field consultants, who are not part of the core staff, whereas Clinton employed 815 individuals in September. In terms of advertising, Trump has spent $48.7 million compared to Clinton’s expenditure of $204 million, allowing her to saturate the media with advertisements. This financial advantage has enabled Clinton to invest additional funds in states that have become more competitive as Election Day approaches. Recently, Clinton's campaign announced an extra $2 million expenditure in Arizona, a strategic move to potentially secure a state traditionally leaning Republican. Overall, by the end of September, Trump had spent about $190 million, while Clinton's spending totaled $401 million. Both Trump and Clinton can receive donations up to $5,400 from individual contributors, with the possibility of larger contributions that are divided between the campaign and joint fundraising efforts with national and state parties. Funds raised for national and state political parties are utilized for shared objectives such as hiring staff and mobilizing voters, but they cannot be directly applied to essential campaign functions like purchasing television ads or employing staff reporting directly to the campaign manager. Trump's campaign has faced difficulties in organizing and developing the necessary infrastructure to compete effectively in key battleground states, relying instead on the infrastructure established by the Republican Party. Trump has raised $244 million through joint fundraising committees with national parties, of which he received $71 million. In contrast, Clinton has raised $415 million through joint fundraisers, receiving $117 million for her campaign. Since 2008, major party presidential candidates have opted out of accepting public funding for general election campaigns, which imposed limits on the amounts candidates could raise and spend. However, the last candidate to accept public funds, Senator John McCain in 2008, raised more that year than Trump has this election, totaling over $300 million. That same year, Barack Obama raised $607 million in his first presidential campaign. In 2012, Mitt Romney raised over $337 million at the same point in the campaign, while Obama accumulated $564 million.",0,"Trump's war chest one of smallest in recent presidential campaigns. WASHINGTON/NEW YORK (Reuters) - Republican Donald Trump could go down as the least well-funded presidential candidate in recent campaigns - entering the final month of the election still without the cash to match the level of staff and advertising that has helped power the campaign of his Democratic rival Hillary Clinton. With less than three weeks until the election, it is too late for Trump to amass the amount of cash he would need to unleash a spending assault that might turn his hobbled campaign around. Through the end of September, Trump raised a total of $163 million - a far cry from Clinton’s $449 million. Trump, a New York real estate developer who has boasted about his wealth, pledged to use millions of his personal assets to fund his campaign. In addition to the $163 million raised, he put in $47.5 million during the primary and then added another $8.6 million. Trump’s fundraising deficit has resulted from a ",neutralize_real
real_195,"Britain will not pay 'a penny more' than it believes is appropriate in leaving the EU, according to foreign minister Boris Johnson. LONDON (Reuters) - Britain will pay not a penny more, not a penny less than what the government considers its legal obligations to the European Union as the country exits the bloc, Johnson stated on Friday. In an interview with BBC Radio Four, Johnson clarified that his remark about the EU needing to 'go whistle' regarding its payment demands was made in response to a question about whether Britain would pay 100 billion euros or pounds, and was not an indication that the government would refuse to pay. The financial settlement is expected to be one of the most challenging issues to resolve in the negotiations that follow over 40 years of union, and the EU has indicated that it is one of three key areas where progress must be made before discussions on a future relationship, including trade arrangements, can commence. 'Some of the sums that I've seen seem to be very high. Of course, we will meet our obligations,' Johnson said. 'We should pay not a penny more, not a penny less of what we think our legal obligations amount to.'",0,"Britain will not pay 'a penny more' than it thinks right to leave EU: Boris Johnson. LONDON (Reuters) - Britain will pay  not a penny more, not a penny less  than what the government thinks its legal obligations are to the European Union as the country leaves the bloc, foreign minister Boris Johnson said on Friday. Talking to BBC Radio Four, Johnson said his comment that the EU could  go whistle  on its demands for payment was in response to being asked whether Britain would pay  100 billion euros or pounds , and not a suggestion that the government would not pay. A financial settlement is set to be one of the most difficult issues to resolve in negotiations to unravel more than 40 years of union, and the EU has said it is one of three areas the two sides must make progress on before starting talks on a future relationship, including trading arrangements.  Some of the sums that I ve seen seem to be very high. Of course, we will meet our obligations,  Johnson said.  We should pay not a ",neutralize_real
real_196,"U.S. House Speaker Ryan offers election-year security agenda. WASHINGTON (Reuters) - U.S. House Speaker Paul Ryan introduced a national security policy emphasizing stronger defense on Thursday, as part of a conservative policy agenda aimed at unifying Republicans following a contentious primary campaign. The plan critiques President Barack Obama, attributing responsibility for “eight years of broken promises, concessions, and retreat” in the Syrian civil war, the nuclear deal with Iran, strained relations with Russia, and interactions with North Korea. It aims to reverse some of what Obama supporters consider his foreign policy successes, including the Iran deal and the approach toward normal relations with Cuba. The proposal also disapproves of attempts to close the Guantanamo detention center. While no specific figures are provided, it calls for an end to military rollbacks and insists on “adequate, predictable budgets.” The framework includes several deviations from foreign policy positions articulated by presumptive Republican presidential nominee Donald Trump, who has Ryan's endorsement for the White House race. It does not call for the construction of a large wall along the Mexican border, which is a key aspect of Trump’s campaign. Ryan advocates for border security measures that include “high fencing,” aerial surveillance, and radar. However, it aligns with some of Trump’s views regarding Muslim immigration, emphasizing the need to tighten refugee screening and exploring ways to prevent youth radicalization. Trump faced backlash for suggesting a temporary ban on Muslims entering the United States. “We must constantly reassess our defenses in order to find and close security gaps so that Islamist militants cannot slip into our country undetected,” the plan states. The proposal does not adopt an isolationist stance. It asserts a strong commitment to combating militants overseas, indicating that the United States must keep all options available and “eliminate terrorist sanctuaries.” Trump has critiqued certain U.S. alliances, while Ryan’s plan highlights the significance of NATO, describes relations with Israel as “the cornerstone of stability in the Middle East,” advocates stringent sanctions on Iran, and asserts that the United States should confront Russian aggression while supporting Ukraine. Additionally, it calls for more trade agreements and suggests that foreign aid programs should aim to make recipient countries self-sufficient. The plan also includes provisions for enhanced security for diplomats and facilities abroad. In this context, it references the 2012 attacks in Benghazi, which many Republicans utilize to question then-Secretary of State Hillary Clinton, Trump’s opponent in the presidential race. Ryan, recognized as the highest-ranking elected Republican in the country, has characterized the agenda as a means to present voters with a coherent policy message for 2017. He introduced an anti-poverty agenda earlier in the week. Further initiatives on regulation, constitutional authority, healthcare, and tax reform are anticipated in the following weeks.",0,"U.S. House Speaker Ryan offers election-year security agenda. WASHINGTON (Reuters) - U.S. House Speaker Paul Ryan unveiled a national security policy featuring stronger defense on Thursday, the next step in a conservative policy agenda rolling out as he works to unify Republicans after a divisive primary campaign. The plan is sharply critical of President Barack Obama, blaming the Democrat for “eight years of broken promises, concessions, and retreat” in the Syrian civil war, nuclear deal with Iran, chilly relations with Russia and dealings with a bellicose North Korea. It would overturn some of what Obama allies consider his foreign policy achievements, including the Iran deal and his moves toward normal relations with Communist-ruled Cuba. And it criticizes efforts to close the Guantanamo detention center. While not providing figures, it also calls for an end to military rollbacks and demands “adequate, predictable budgets.” The blueprint includes several departures from foreign poli",neutralize_real
real_197,"Trump describes his decision to dismiss FBI chief, refers to him as 'showboat': NBC interview. WASHINGTON (Reuters) - President Donald Trump on Thursday characterized James Comey, the FBI chief he recently dismissed, as a ""showboat"" and ""grandstander"" during an interview with NBC-TV. He stated that he would have terminated Comey even if officials at the Justice Department had not made a recommendation to do so. ""He’s a showboat. He’s a grandstander. The FBI has been in turmoil,"" Trump said in his first interview since the abrupt firing of Comey on Tuesday. Comey was leading an investigation into potential Russian interference in the 2016 U.S. presidential election and possible collusion between Trump campaign officials and Moscow. ""I was going to fire Comey. My decision,"" Trump noted. ""I was going to fire regardless of recommendation.""",0,"Trump says 'his decision' to fire FBI chief, calls him 'showboat': NBC interview. WASHINGTON (Reuters) - President Donald Trump on Thursday called James Comey, the FBI chief he fired, a “showboat” and “grandstander” and said in a NBC-TV interview he would have dismissed him even if officials at the Justice Department had not recommended it. “He’s a showboat. He’s a grandstander. The FBI has been in turmoil,” Trump told NBC in his first interview since his abrupt firing on Tuesday of Comey, who was leading an investigation into possible Russian meddling in the 2016 U.S. presidential election and possible collusion between Trump campaign officials and Moscow. “I was going to fire Comey. My decision,” Trump said. “I was going to fire regardless of recommendation.”",neutralize_real
real_198,"Ex-Trump aide Flynn's family creates fund for legal fees. (Reuters) - Relatives of former national security adviser Michael Flynn have established a fund to assist with his legal defense against federal and congressional investigations into potential collusion between Donald Trump’s presidential campaign and Russia. The fund was created by Flynn’s brother Joe and sister Barbara Redgate, who stated that the legal fees had imposed a significant financial burden on Flynn and his family. They requested contributions from supporters of the retired U.S. general, veterans, and all people of goodwill to contribute to the fund, which will accept donations from U.S. citizens through a newly launched website, according to their statement. Flynn, who is a central figure in a federal probe led by special counsel Robert Mueller and a key subject of congressional investigations, recently expressed gratitude to his siblings for their support on Twitter. “Lori and I are very grateful to my brother Joe and sister Barbara for creating a fund to help pay my legal defense costs,” Flynn said in a tweet, referring to his wife Lori. Flynn was dismissed by Trump as national security adviser after less than a month in the position. This dismissal occurred 18 days after a senior Justice Department official indicated that Flynn could be susceptible to blackmail due to misleading statements regarding his contacts with Russian officials. In August, Flynn reported income of at least $1.8 million, according to an amended financial disclosure form, which included compensated speaking engagements with Russian entities, such as the Kremlin-funded RT TV and Volga-Dnepr Airlines, as well as payments for lobbying for the Turkish government. Investigators are examining the legality of payments from foreign clients to Flynn and his company, the now-inactive Flynn Intel Group, sources have informed Reuters.",0,"Ex-Trump aide Flynn's family creates fund for 'enormous' legal fees. (Reuters) - Relatives of former national security adviser Michael Flynn have set up a fund to help pay for his legal defense against federal and congressional investigations into potential collusion between Donald Trump’s presidential campaign and Russia. The fund was established by Flynn’s brother Joe and sister Barbara Redgate, who said in a statement the “enormous expense” of legal fees had put a “tremendous financial burden on our brother Mike and his family.” They asked supporters of the retired U.S. general, “veterans, and all people of goodwill” to contribute to the fund, which will collect donations from U.S. citizens through a newly created website, according to the statement. Flynn, a central figure in a federal probe led by special counsel Robert Mueller, as well as a focal point of congressional investigations, broke a months-long silence to thank his siblings for their support on Twitter. “Lori and I are ",neutralize_real
real_199,"Death toll from fighting in South Sudan's Great Lakes rises to 170. JUBA (Reuters) - The death toll from inter-clan fighting in South Sudan's Great Lakes region last week has reached at least 170, according to officials on Tuesday. The clashes in Malek county occurred after a group of young men from the Ruop ethnic group attacked rival youth from the Pakam group on Wednesday and Thursday. Revenge attacks have subsequently taken place. Dharuai Mabor Teny, a member of parliament from the region, provided an updated death toll from the earlier count of 45. ""Right now, from both sides, we have 170 plus people who lost their lives. 342 houses have been burnt and almost 1,800 people displaced,"" Teny told Reuters. The violence led the government to declare a three-month state of emergency in the region and surrounding areas on Monday. The military has been ordered to deploy troops to address the unrest. Shadrack Bol Maachok, the regional government’s spokesman, noted that the widespread availability of arms has complicated efforts to manage the conflict. ""Those arms in the hands of the civilians are going to be taken away and heavy forces are going to be brought here,"" he told Reuters. The UN mission in South Sudan, UNMISS, stated that its troops were assisting in the removal of roadblocks erected by the clashing groups to facilitate movement and trade. South Sudan entered a state of war in 2013 following a political disagreement between President Salva Kiir and former vice president Riek Machar that escalated into military conflict. The fighting has resulted in tens of thousands of deaths, displaced about a quarter of the population of 12 million, and severely impacted the nation’s oil-dependent economy. Violence among rival communities is frequent in parts of South Sudan, often instigated by disputes over limited grazing land and cultural or political grievances.",0,"Death toll from fighting in South Sudan's Great Lakes rises to 170. JUBA (Reuters) - The death toll from inter-clan fighting in South Sudan s Great Lakes region last week - a new source of violence in a country devastated by a four-year civil war - has reached at least 170, officials said on Tuesday. The clashes in the province s Malek county broke out after a group of young men from the Ruop ethnic group attacked rival youth from the Pakam group on Wednesday and Thursday. Revenge attacks have since taken place. Dharuai Mabor Teny, a member of parliament from the region, updated an earlier death toll of 45.  Right now, from both sides, we have 170 plus people who lost their lives. 342 houses have been burnt and almost 1,800 people displaced,  Teny told Reuters. The violence prompted the government to declare a three-month state of emergency in the region and surrounding areas on Monday. The military has also been ordered to deploy troops to quell the unrest. Shadrack Bol Maachok, the r",neutralize_real
fake_29,"""WATCH IN AWE: BLACK TRUMP SUPPORTER UNLEASHES FURY ON CA CITY COUNCIL OVER ‘RACIST’ SANCTUARY CITIES... AND IT'S NOTHING SHORT OF SPECTACULAR! An unidentified black Trump supporter EXPLODES with passion as she confronts the Cudahy City, CA Council members, passionately denouncing their support for what she describes as ‘racist’ sanctuary cities! Her fiery argument hinges on her unwavering belief that these so-called sanctuary cities are offering protections and benefits that are, shockingly, NOT EVEN AVAILABLE to LEGAL American citizens! Prepare to be blown away by her astonishing take-down of the bleeding-heart politicians who prioritize lawbreaking foreign citizens over struggling, tax-paying, unemployed American citizens! The list of cities and counties affected stretches across the nation: California, Colorado, Connecticut, District Of Columbia, Florida, Georgia, Iowa, Illinois, Kansas, Louisiana, Massachusetts, Maryland, Minnesota, Nebraska, New Jersey, New Mexico, Nevada, New York, Oregon, Pennsylvania, Rhode Island, Texas, Virginia, Vermont, Washington, Wisconsin... This is a national crisis that demands our attention! Don’t miss this electrifying moment that will leave you questioning everything you thought you knew about sanctuary cities!""",1,"WATCH: BLACK TRUMP SUPPORTER BLASTS CA City Council Over “Racist” Sanctuary Cities…And It’s SPECTACULAR!. An unidentified black Trump supporter blasted the Cudahy City, CA Council members over her objections to  racist  sanctuary cities. Her argument was based on her belief that sanctuary cities offer certain protections and benefits that are not even being offered to legal American citizens.Watch her amazing take down of the bleeding hearts who put lawbreaking foreign citizens before taxpaying and unemployed American citizens: Cities and CountiesCaliforniaAlameda County Berkley Contra Costa County Los Angeles County Los Angeles Monterey County Napa County Orange County Orange County Riverside County Sacramento County San Bernardino County San Diego County San Francisco County San Mateo County Santa Ana Santa Clara County Santa Cruz County Sonoma CountyColoradoArapahoe County Aurora Boulder County Denver County Garfield County Grand County Jefferson County Larimer County Mesa County Pi",sensationalize_fake
fake_70,"PRESIDENT TRUMP UNLEASHES FURY on CORRUPT FBI CLINTON CRONY for SHOCKING 'MISUSE' of FBI EMAIL! You simply cannot fathom this level of CRONYISM! It’s a flagrant violation of laws, rules, and every shred of ethics imaginable. But hey, this is the CLINTONS we’re talking about, where the rules just don’t apply! They are disgustingly corrupt GRIFTERS who have managed to evade accountability for decades! It’s HIGH TIME we expose them and MAKE them answer for their rampant lawlessness! The AMERICAN PEOPLE deserve a government that respects the rule of law! The moment is NOW! President Trump took to Twitter to SOUND THE ALARM about the FBI’s Andrew McCabe and his outrageous cronyism with the Clintons and the CRIMINAL misuse of FBI email: President Trump tweeted on Sunday that FBI Deputy Director Andrew McCabe is alleged to have used his official agency email account to PROMOTE his wife’s DISASTROUS 2015 bid as a Democrat for a Virginia state Senate seat! @FoxNews – FBI’s Andrew McCabe, in addition to his wife raking in ALL THIS CASH from M (Clinton Puppet), allegedly used his FBI Official Email Account to push her campaign! THIS IS UNACCEPTABLE! These are the very individuals who were supposed to be investigating HILLARY CLINTON! Donald J. Trump (@realDonaldTrump) December 24, 2017. The president has consistently been a vocal opponent of the FBI’s outrageous cronyism with the Clintons. Our prior investigation into the scandalous events surrounding Andrew McCabe’s wife’s Senate run is ASTOUNDINGLY corrupt: OUR REPORT ON THE CLINTON CRONY BACK IN OCTOBER REVEALS THE DEPTHS OF CORRUPTION: How much more CRIMINAL behavior are American voters prepared to ignore? Have we, as a nation, reached a point where NO crime committed by HILLARY or her associates will disqualify her from the HIGHEST OFFICE in the land? Are we truly willing to accept that we can no longer trust ANYONE working for a government entity in America? The political organization of Virginia Governor TERRY MCAULIFFE, an influential Democrat with DEEP connections to BILL and HILLARY CLINTON, funneled nearly $500,000 into the campaign of the wife of an FBI official who later played a role in the investigation into Mrs. Clinton’s email scandal! Campaign finance records unveil that Mr. McAuliffe’s political-action committee donated a staggering $467,500 to the 2015 state Senate campaign of Dr. Jill McCabe, who is married to Andrew McCabe, now serving as deputy director of the FBI! The Virginia Democratic Party, under the sway of Mr. McAuliffe, provided an additional $207,788 worth of support to Dr. McCabe’s campaign through mailers, according to the records. This all adds up to OVER $675,000 funneled to her candidacy from entities either directly controlled by Mr. McAuliffe or heavily influenced by him! This amount represents MORE THAN A THIRD of all campaign funds Dr. McCabe raised in her desperate effort! Mr. McAuliffe and other state party leaders actively recruited Dr. McCabe to run, as revealed by party officials. She ultimately LOST the election to Republican incumbent DICK BLACK. A spokesperson for the governor claimed he supported Jill McCabe because he believed she would be an EXCELLENT state senator. This is just a standard practice for Virginia governors! Any suggestion that his support was linked to anything other than his desire to elect candidates who would further his agenda is ABSURD! Among political candidates that year, Dr. McCabe was the third-largest recipient of funds from Common Good VA, the governor’s PAC, according to campaign finance records. Dan Gecker received an astonishing $781,500 from the PAC and $214,456 from the state party for a campaign that raised $2.9 million, according to records; and Jeremy McPike received a jaw-dropping $803,500 from the PAC and $535,162 from the state party, raking in over $3.8 million that year for his candidacy! The governor could only recall ONE meeting with Mr. McCabe when he and other state Democrats met with the couple on March 7, 2015, to PRESS Dr. McCabe to run, according to the spokesperson. The FBI stated in a release that...",1,"PRESIDENT TRUMP Calls Out Corrupt FBI Clinton Crony for Alleged ‘Misuse’ of FBI Email. You just can t make this level of cronyism up. It s a blatant disregard for laws, rules and just about everything else unethical. But this is the Clintons so the rules don t apply to them. They are sickeningly corrupt grifters who have been able to get away with just about everything for decades. It s time to call them out and hold them accountable for their lawlessness. The American people need to be able to trust their government will follow the rule of law. The time is now President Trump tweeted out to call out the FBI s Andrew McCabe on his cronyism with the Clintons and misuse of FBI email:President Trump tweeted Sunday that FBI Deputy Director Andrew McCabe allegedly used his official agency email account to  promote  his wife s failed 2015 attempt to win, as a Democrat, a Virginia state Senate seat..@FoxNews-FBI s Andrew McCabe,  in addition to his wife getting all of this money from M (Clint",sensationalize_fake
fake_75,"""SHOCKING REVELATION: FBI's Sinister Role in ISIS Terror Attack at 'Mohammed Cartoon Event' in Garland, Texas! Daily Shooter 21st Century Wire As ISIS faces defeat in Deir Ezzor, Syria, and is on the verge of being driven out of Raqqa, shocking new evidence reveals that the US government has been secretly keeping this terror group alive and thriving right within our borders! What you are about to read will leave you breathless and outraged, but for our loyal readers, this isn’t a surprise at all. New court documents have surfaced that confirm what 21WIRE and the Daily Shooter have been screaming from the rooftops for years: the FBI is the mastermind behind the majority of so-called terrorist attacks on American soil! In a jaw-dropping legal case against the FBI, alarming court filings expose how the agency allowed a chilling home-grown ISIS attack to unfold in Garland, Texas on May 4, 2015. Renowned international criminal lawyer Jennifer Breedon has uncovered mind-boggling evidence that shows the FBI was not just passive, but actively complicit in the attack! They even allegedly coaxed the two terrorists into committing this heinous act, pretending to be ISIS themselves in a shocking entrapment scheme. Breedon lays it out: Some of the facts are indicating that they had an undercover agent that was trying to infiltrate ISIS, aiming to climb the ranks and gain insider knowledge about their fighters. Astonishingly, this agent stayed in a car behind the terrorists during the attack, a detail that emerged in another court filing! The FBI did NOTHING to stop this atrocity, as it seemed to be a twisted plan to promote the undercover agent within ISIS, should the attack succeed and innocent lives be lost. Read Breedon’s explosive full interview here! At first glance, this looks like a blatant case of entrapment by the FBI, but upon further scrutiny, it’s evident that the FBI may have been involved in facilitating a terrorist attack on American soil! While other media outlets were busy peddling the official narrative, 21WIRE boldly exposed this staged event, crafted to push a far-right, anti-Muslim agenda and incite irrational fears of endless ISIS attacks infiltrating the US! PROVOCATEUR: The notorious provocateur Geller provided the perfect bait for the media, all while the FBI ran their American ISIS cell! This orchestrated event was marketed as a controversial 'Muhammad Art Exhibit and Cartoon Contest,' executed by a shadowy political front group, the American Freedom Defense Initiative, led by the anti-Muslim zealot and professional provocateur, Pamela Geller, with far-right Dutch politician Geert Wilders as the keynote speaker! Media mogul Geller claimed she deliberately picked the venue to provoke outrage after the Council on American-Islamic Relations (CAIR) held a 'Stand with the Prophet' conference in late January 2015, following the Charlie Hebdo massacre in Paris! According to the victim’s attorney Breedon, the FBI’s undercover agent was desperately trying to embed himself within ISIS, seeking to elevate his position and gain access to their fighters! American journalist Trevor Aaronson further unveils the shocking negligence of James Comey (image, left) in the FBI’s desperate attempt to erase their fingerprints from this scandalous operation! Just hours before the attack, the FBI sent out a chilling bulletin to local police featuring Elton Simpson’s photo, warning that he was interested in the event. Yet, FBI Director James Comey shockingly claimed in a press conference after the shooting that the FBI had no reason to believe Simpson posed a threat, despite having spent years attempting to build a case against him! ENTRAPMENT: The unsuspecting youngster, Elton Simpson, was groomed by a paid FBI informant, leading him right into the jaws of this staged attack! After the FBI orchestrated this heinous event, 21WIRE stood out as one of the few media outlets brave enough to report on how a paid FBI informant was not only managing but orchestrating the entire operation! The truth is more terrifying than fiction!""",1,"REVEALED: FBI Aided, Abetted ‘ISIS’ Terrorist Attack at ‘Mohammed Cartoon Event’ in Garland, Texas. Daily Shooter 21st Century WireJust as ISIS is being routed in Deir Ezzor, Syria, and soon out of Raqqa, and driven from its remaining strongholds in Iraq   we discover how the US government has been busy keeping the organization thriving within its own shores.What you are about to read is simply breathtaking, but should be of no surprise to our readers. These new court findings reaffirms much of what 21WIRE and the Daily Shooter column have been reporting for the last five years   that the FBI is responsible for the majority of so-called  terrorist  attacks in the US.According to a new legal case filed against the FBI, court filings have revealed how the agency allowed an alleged  home grown  ISIS attack to take place in Garland, Texas on May 4, 2015. International criminal lawyer Jennifer Breedon shows the FBI was complicit in the attack, and even enticed the two terrorists to carry ou",sensationalize_fake
fake_104,"""5 SHOCKING FACTS The Media is SILENT About Cops KILLING Blacks [VIDEO]! Scholar and journalist Heather Mac Donald, who once labored in liberal circles, underwent a dramatic transformation in her worldview through her gritty, on-the-ground reporting about social services and the police! This change was not merely a lightbulb moment sparked by conservative ideals, but rather a wake-up call from the very welfare recipients who revealed to her that government aid can become a debilitating narcotic! Her explosive new book, The War On Cops, is NOW available for purchase and it's turning heads! In this eye-opening work, she exposes the outrageous false narrative being aggressively pushed by Black Lives Matter and the biased leftist media that claims law enforcement officers are ruthlessly targeting Blacks in America! For nearly two tumultuous years, the protest movement known as Black Lives Matter has rocked the nation to its core! Triggered by the controversial police shooting of Michael Brown in Ferguson, Missouri, in August 2014, this movement insists that racist police officers represent the gravest danger facing young black men today! This incendiary belief has sparked riots, die-ins, and even the heinous murder and attempted murder of police officers, alongside a fervent campaign to dismantle traditional grand jury processes when police engage in lethal force, culminating in a presidential task force on policing! Despite the U.S. Justice Department's emphatic refutation of the deceitful narrative that a peaceful Michael Brown was shot in cold blood while attempting to surrender, he is still idolized as a martyr! Now, in the face of unrelenting hostility directed at them both on the streets and in the media, police officers are retreating from proactive policing, leading to a disturbing rise in violent crime! It is CRUCIAL, therefore, to scrutinize the central claim of the Black Lives Matter movement that police are the greatest threat to young black men! I present two explosive counterarguments: first, that there is NO government agency more committed to the principle that black lives matter than the police; and second, that for the past two decades, we have fixated obsessively on alleged police racism to dodge the far more alarming issue of black-on-black crime! Let's be perfectly clear: police have an UNDENIABLE duty to treat EVERYONE with respect and dignity, and to act strictly within the law! Too frequently, officers develop a hardened, abrasive demeanor! It is equally true that being stopped when you have done NOTHING wrong is maddening, humiliating, and occasionally terrifying! And, of course, every unjustified police shooting of an unarmed civilian is a gut-wrenching tragedy! Given the dark history of racism in this country and the police's role in that history, police shootings of black men carry particular weight and understandably evoke intense emotions! This history shapes how many perceive law enforcement! However, while every act of police brutality is utterly intolerable and must be addressed, there exists a larger, uncomfortable reality surrounding policing, crime, and race that remains a forbidden topic! The issue of black-on-black crime is a harsh truth, but unless we confront it, we will struggle to understand policing patterns! Imprimus! Here are 5 indisputable facts that EXPLODE this narrative as one enormous LIE: 1. Cops killed nearly TWICE as many whites as blacks in 2015! According to shocking data compiled by The Washington Post, a staggering 50 percent of the victims of fatal police shootings were white, while a troubling 26 percent were black! The majority of these victims were armed or posed a lethal threat to officers, according to Mac Donald in a startling speech at Hillsdale College! Some may argue that these statistics reveal evidence of racist treatment towards blacks, as whites comprise 62 percent of the population while blacks account for only 13 percent! But as Mac Donald states unequivocally in The Wall Street Journal, 2009 stats from the Bureau of Justice Statistics show that blacks...",1,"5 FACTS The Media Won’t Tell You About Cops Killing Blacks [VIDEO]. Scholar and journalist Heather Mac Donald toiled away early on in her career at liberal enclaves, but through her street-level reporting on social services and the police, her worldview shifted away from liberal-progressive to conservative.Her shift  was not some kind of epiphany from reading conservative principles,  but by hearing the voices of welfare recipients who told her  government aid becomes a narcotic. Her latest book,  The War On Cops  is now available for purchase. In her book, she outlines the false narrative that is being pushed by Black Lives Matter and the leftist media that law enforcement officers are  Out to get Blacks  in America.For almost two years, a protest movement known as  Black Lives Matter  has convulsed the nation. Triggered by the police shooting of Michael Brown in Ferguson, Missouri, in August 2014, the Black Lives Matter movement holds that racist police officers are the greatest thre",sensationalize_fake
fake_105,"""Female GOP Leader FURIOUSLY QUITS Over Party’s SHOCKING Support For Trump’s Disturbing Sexual Assaults! Another Republican woman has had enough and is telling the GOP to go f*ck themselves for their loyalty to Donald Trump! Melissa Gesing, a once hopeful party member, is utterly dismayed that her party has turned a blind eye and continues to endorse a man who brazenly boasts about groping women! After horrifying audio surfaced of the Republican nominee reveling in his predatory behavior, Gesing was pushed to her breaking point! National Federation of Republican Women President Carrie Almond outrageously declared their unwavering allegiance to the admitted serial groper, stating that thousands of women from across the nation are united in their misguided belief that Hillary Clinton does not represent them; not as women, not as Americans. But that couldn't be further from the truth, as the brave Gesing took the bold step of officially resigning from her position as the president of the Iowa Federation of Republican Women on Tuesday! In her explosive resignation letter shared on Twitter, she declared, 'Since I cannot support Donald J. Trump for President, nor can I advocate for his election, I feel that I cannot adequately fulfill my duties of my position.' Additionally, she emphatically rejected Carrie Almond’s statement that attempted to speak for Republican women nationally, insisting, 'I do not support Donald J. Trump!' This is a desperate, last-ditch effort for her. She simply cannot in good conscience lead this organization or face herself each morning if she does not take a stand against the vile racism, sexism, and hate that Trump continues to spew! Check out her heart-wrenching letter via Twitter. This is a gut-wrenching decision for her, and she wishes the next #IowaFRW president—whoever that may be—all the best. #NeverTrump pic.twitter.com/iYnUEQoW64  Melissa Gesing (@melissagesing) October 12, 2016! And Gesing is not alone in her outrage! This week, yet another Republican woman has bravely rebuked Trump! A Wisconsin activist, who has been a steadfast defender of Republicans against charges of sexism, has officially LEFT the party in a dramatic series of posts on Twitter, expressing her utter disgust at the decision of many Republicans to continue supporting Trump despite his lewd and degrading remarks about women! Various men in the movement are dismissively writing it off as 'normal,' confirming every negative stereotype the left has hurled at them, Marybeth Glenn proclaimed! 'So I’m done. I’m sooo done. If you can’t stand up for women & unendorse this piece of human garbage, you deserve every charge of sexism thrown at you!' The Republican Party better brace themselves for an EXPLOSIVE backlash from women at the polls on November 8th! Because women are FURIOUS and they WILL remember! Featured Image: Twitter""",1,"Female GOP Leader RAGE QUITS Over Party’s Support For Trump’s Serial Sexual Assaults. Another Republican woman is telling the GOP to go f*ck themselves because they still support Donald Trump.Melissa Gesing had hoped that her party would condemn and drop their endorsement of Donald Trump entirely after audio emerged of the Republican nominee bragging about groping women.But after the national leader of the organization she belongs to announced their continuing support of the admitted serial groper, Gesing reached her breaking point.National Federation of Republican Women President Carrie Almond made a statement reaffirming the group s  unified support of Republican Presidential Nominee Donald J. Trump  because  thousands of women from all 50 states, from every walk of life, are steadfast in our very clear understanding that Hillary Clinton does not represent us; not as women, not as Americans. Well, that s not true at all considering Gesing officially and publicly resigned from her pos",sensationalize_fake
fake_112,"Palm Beach County FURIOUSLY Seeks to SLAP Tax on Mar-a-Lago to Cover the Cost of Trump’s Lavish Visits! Donald Trump has been turning his Mar-a-Lago resort in Florida into his personal playground nearly EVERY WEEKEND since he took office, and now Palm Beach County is gearing up to FORCE him to pay for this extravagant lifestyle! The financial drain from Trump’s weekend getaways has been nothing short of DISASTROUS for local taxpayers and businesses struggling to survive! For TWO MONTHS, they have been grappling with the nightmare of extra security, chaotic traffic, airport shutdowns, and the overwhelming economic fallout triggered by Trump’s reckless antics! It’s clear that Trump is utterly indifferent to the suffering of the community as he continues to throw lavish parties and play golf at the expense of the taxpayers! So far, Palm Beach County has been forced to cough up a staggering $1.7 MILLION just for extra security while Trump is in town! Meanwhile, local businesses are hemorrhaging tens of thousands of dollars every single weekend, with many on the verge of BANKRUPTCY! In fact, Trump’s weekend escapades have already cost taxpayers a jaw-dropping $10 MILLION on a national scale, and he’s on track to outdo Obama’s entire EIGHT YEARS of golfing and vacationing in just ONE YEAR! The residents and officials of Palm Beach County are absolutely FED UP with Trump’s incessant visits, and they DEMAND compensation for the financial chaos he has inflicted! As a result, Palm Beach lawmakers are exploring the idea of classifying Mar-a-Lago as a 'municipal service benefit unit' to impose a SPECIAL TAX on Trump and extract the funds he owes! County Commissioner Dave Kerner is investigating this drastic measure to provide relief to beleaguered local taxpayers who have been shouldering this outrageous burden. It’s one thing for a president to visit occasionally, but EVERY WEEKEND? That’s beyond RIDICULOUS! According to the Palm Beach Post, this could pave the way for the county to impose a unique tax on Trump to recover the MILLIONS spent on security and roadway management during his frequent trips to the area. This tax WON’T be a property tax, Kerner clarifies, but rather a tax based on the 'special benefits' the county has provided to Mar-a-Lago’s owner—Trump himself! In simpler terms, if Trump wants to keep indulging in his little Florida getaways, he better be ready to PAY UP! And this will finally give the beleaguered residents of Palm Beach SOMETHING to SMILE ABOUT whenever Trump comes to town! Featured Image: Mario Tama/Getty Images",1,"Palm Beach County Looks To Levy Tax On Mar-a-Lago To Pay For Cost Of Trump’s Expensive Visits. Donald Trump has been vacationing at his Mar-a-Lago resort in Florida nearly every weekend since taking office, and now Palm Beach County intends to force him him to pay for it.The cost of Trump s weekend forays have been devastating for local taxpayers and area businesses.For two months now, they have had to deal with providing extra security, directing traffic, shutting down a local airport, and all the economic hazards Trump has caused.Of course, Trump doesn t care about the people he hurts as long as he gets to throw parties and golf on the taxpayer s dime.So far, Palm Beach County has had to pony up $1.7 million for extra security when Trump is in town.And because of the extra security, businesses in Palm Beach are losing tens of thousands of dollars every weekend, causing many to literally go broke.In fact, Trump s weekend vacations has cost taxpayers on the national level over $10 mill",sensationalize_fake
fake_113,"""Seth Meyers Unleashes the Shocking Truth About Monday’s Turmoil [VIDEO]. Monday, October 30, 2017, will undoubtedly be etched in the annals of history as a date of monumental chaos, a day when future generations will demand to know where you stood and what you were doing as the former Trump campaign manager, Paul Manafort, along with his right-hand man, Rick Gates, shockingly surrendered to the FBI, only to plead 'not guilty' in the face of damning accusations! Adding fuel to the fire, Trump’s foreign policy adviser, George Papadopoulos, confessed to lying to the FBI about his connections with Russia, all stemming from the explosive Robert Mueller investigation into President Trump’s potential collusion with our adversaries! Moments of such historical magnitude are exceedingly rare, emerging perhaps once every 15 or 20 years, and when the bombshell news broke on that fateful Monday morning, one thing was glaringly obvious — late-night television hosts were poised to revel in this sensational scandal! Not merely for the shocking ramifications of Mueller's probe, but for the audacious reactions from the President and his inner circle! In fact, Taylor Swift boasts more resilient coping strategies than President Trump, igniting our curiosity about his inevitable Tweets and how Fox News would twist the narrative, and they did not disappoint! Our beloved late-night hosts rose to the occasion as well, but none captured the essence of the unfolding drama better than Seth Meyers during his explosive A Closer Look segment on Late Night with Seth Meyers. So grab your popcorn and brace yourself for the ride! Featured image via screenshot""",1,"Seth Meyers Summed Up Monday’s Events Perfectly [VIDEO]. Monday, October 30, 2017 is one of those dates that will go down in history, the type where future generations will ask you where you were and what you were doing when former Trump campaign manager Paul Manafort, as well as Manafort s top aide, Rick Gates surrendered to the FBI, later entering  not guilty  pleas, while Trump foreign policy adviser George Papadopoulos pled guilty to lying to the FBI about his contacts with Russia as a result of Robert Mueller s probe into President Trump s possible collusion with the country.Infamous moments of historical significance such as these only come around maybe once every 15 or 20 years so when the news broke on Monday morning, we all knew that one thing was for certain   That late-night TV hosts were going to have an absolute field day with this story. Not due to the direct implications of Mueller s investigation, however, but more because of how the President and anyone linked to him w",sensationalize_fake
fake_114,"""Boiler Room #63 – Us and THEM! Prepare yourselves for a mind-blowing experience as you tune in to the Alternate Current Radio Network (ACR) for yet another explosive LIVE broadcast of The Boiler Room! Join us at 6 PM PST | 9 PM EST every Wednesday for a thrilling ride through the wild world of unfiltered, no-holds-barred talk radio, specifically designed for barfly philosophers, misguided moralists, masochists, street corner evangelists, media-maniacs, savants, political animals, and all the lovable rascals out there! This is not your average talk show! Brace yourself as ACR hosts Hesher, & Spore team up with the audacious Randy J of 21Wire, the insightful Daniel Spaulding from Soul of the East, and the ever-controversial Jay Dyer of jaysanalysis.com! Tonight, the Boiler Gang delves into the shocking Clinton FBI results, exposing the California legislature's ruthless war against the people, serving a tyrannical government that has completely lost its mind! And just wait until you hear what else invades our air space during the show! Remember, BOILER ROOM IS NOT A POLITICALLY CORRECT ZONE! This is where the truth comes to light, and you do not want to miss it! LISTEN TO THE SHOW IN THE PLAYER BELOW AND GET READY FOR A RIDE! ENJOY! Reference Links:",1,"Boiler Room #63 – Us and THEM!. Tune in to the Alternate Current Radio Network (ACR) for another LIVE broadcast of  The Boiler Room  starting at 6 PM PST | 9 PM EST every Wednesday. Join us for uncensored, uninterruptible talk radio, custom-made for barfly philosophers, misguided moralists, masochists, street corner evangelists, media-maniacs, savants, political animals and otherwise lovable rascals.Join ACR hosts Hesher, & Spore along with Randy J of 21Wire, Daniel Spaulding from Soul of the East and Jay Dyer of jaysanalysis.com. Tonight the Boiler Gang discusses the Clinton FBI results, CA legislature s war against the people on behalf of a tyrannical government gone mad and whatever else floats into our air space during the show!BOILER ROOM IS NOT A POLICTALLY CORRECT ZONE! LISTEN TO THE SHOW IN THE PLAYER BELOW   ENJOY! Reference Links:",sensationalize_fake
fake_115,"The Internet EXPLODES with Laughter Over Disney’s Disturbing New Trump Robot At Hall Of Presidents! In a jaw-dropping addition to the Hall of Presidents at Walt Disney World, where every former leader of our nation is showcased in a heart-pounding audio-animatronics show, the latest figure has sent shockwaves through the online community. This grotesque figure, allegedly resembling Jon Voight as Donald Trump, has been introduced to the collection and it is nothing short of NIGHTMARISH! The internet is buzzing with disbelief and horror! Check out these spine-chilling images of the Donald Trump animatronic that have taken social media by storm! #HallOfPresidents pic.twitter.com/a45En9Jwys  WDW News Today (@WDWNT) December 19, 2017. Trump’s robotic counterpart in the Hall of Presidents looks eerily like a 71-year-old Chucky doll, and the resemblance is too shocking to ignore! pic.twitter.com/yLCBmhpNvG  John Cohen (@JohnCohen1) December 19, 2017. BREAKING: In an astonishing twist, 7 Disney Princesses and a Storm Trooper have bravely come forward, alleging that Hall of Presidents Trump made outrageously lewd comments to them! Brohibition Now (@OhNoSheTwitnt) December 19, 2017. The Trump animatronic is so poorly crafted, it appears to have been molded from Play-Doh and left to bake in the sweltering Florida sun, only to be discovered by a dying albino squirrel, who has since claimed it as its throne! pic.twitter.com/3vMZUTEylx  Elizabeth M. (@_ElizabethMay) December 19, 2017. In a world burdened with heavy issues, thank you, Disney, for this gut-busting spectacle! They’ve outdone themselves with the @realDonaldTrump animatronic: tiny hands, check! Absurdly long tie, check! That horrifying face? Checkmate! When Trump faces impeachment, will they transfer this monstrosity to the Haunted Mansion? https://t.co/XrOvu32EV8  State of Resistance (@AltStateDpt) December 19, 2017. All the other presidents in Disney’s new Hall of Presidents can barely contain their disbelief that Donald Trump is even president! pic.twitter.com/eMP9UX1bM8  Matt Binder (@MattBinder) December 18, 2017. Disney has unveiled the Trump figure at the Hall of Presidents, and in a shocking cost-cutting move, they stripped the animated hands off a retired figurine from the It’s a Small World ride! Tim Hanlon (@TimfromDa70s) December 19, 2017. The most outrageous part of Donald Trump’s presence in Disney’s Hall of Presidents will be the inevitable moment they REMOVE him and lock him up in the Pirates of the Caribbean ride’s jail! pic.twitter.com/XViyKFQCET  Rex Huppke (@RexHuppke) December 19, 2017. A local news channel anchor in Orlando commented: ""Donald Trump robot just added to Disney’s Hall of Presidents. I hope they programmed all the former presidents to not roll their eyes and shake their heads while he’s talking!"" Mark Hertling (@MarkHertling) December 19, 2017. NPR reports: Disney World Adds Trump Animatronic Figure, But Likeness Is LACKING! But who REALLY wants to look at an accurate Donald? The man is about as presidential looking as a freakin’ Pokemon! https://t.co/HFYJRkefJ1  Stephen (@Harvest_This) December 19, 2017. Could we possibly place the animatronic version in the White House and the REAL one in Disney World? This is a plea from 7.6 billion people for the sake of our planet’s future! https://t.co/65FhbQHuV4 #Disney #Trump #JonVoight  David Schmid (@DavidSchmid1) December 19, 2017. We’re absolutely convinced Disney is TROLLING Trump! Image via Twitter.",1,"The Internet Brutally Mocks Disney’s New Trump Robot At Hall Of Presidents. A new animatronic figure in the Hall of Presidents at Walt Disney World was added, where every former leader of the republic is depicted in an  audio-animatronics show.  The figure which supposedly resembles Jon Voight Donald Trump was added to the collection and it s absolutely horrifying. The internet noticed that, too.Here s a few more pictures of the Donald Trump animatronic. #HallOfPresidents pic.twitter.com/a45En9Jwys  WDW News Today (@WDWNT) December 19, 2017Trump robot in the Hall of Presidents looks like a 71-year-old Chucky doll. pic.twitter.com/yLCBmhpNvG  John Cohen (@JohnCohen1) December 19, 2017Breaking: 7 Disney Princesses and a Storm Trooper have come forward alleging Hall of Presidents Trump made lewd comments to them  Brohibition Now (@OhNoSheTwitnt) December 19, 2017Trump s animatronic figure for the Disney Hall of Presidents looks like it was carved out of Play-Doh and left out in the Florid",sensationalize_fake
fake_116,"NFL CUTS VITAL SUPPORT for Breast Cancer and Military Charity to FUND PLAYERS’ WHOPPING $89 MILLION ‘SOCIAL JUSTICE’ CRUSADES! The NFL is DOOMED! They have CRUMBLED under pressure from players demanding to pour MILLIONS into a so-called social justice extravaganza targeting the black community. The shocking truth is that the entire Black Lives Matter movement is a FRAUD, and the PLAYERS KNOW IT! A rift has emerged among players who hold vastly DIFFERENT opinions on the kneeling protest. Goodell's utter FAILURE to put a stop to the protests has LEFT the NFL in a state of irreversible DAMAGE! The NFL has become just ANOTHER social justice initiative—LET'S BOYCOTT THIS MADNESS! WHAT DOES SOCIAL JUSTICE EVEN MEAN? The NFL held a clandestine meeting with some players and struck a contentious agreement late Wednesday night to join forces on a scheme to tackle social justice issues deemed CRUCIAL for African-American communities, sources revealed to ESPN. This UNPRECEDENTED deal mandates the league to cough up a staggering $89 million over seven years for projects addressing criminal justice reform, law enforcement/community relations, and education. During a tense conference call Wednesday night, Malcolm Jenkins and Anquan Boldin, who lead about 40 players negotiating with the league about the national anthem demonstrations, steered the group through the key points of this arrangement, representing the NFL's largest financial commitment to a social issue EVER, eclipsing even the Salute to Service or Breast Cancer Awareness/Crucial Catch initiatives! This shocking partnership emerged just one day after a faction of players DISENGAGED from the Players Coalition due to their frustration with Jenkins and Boldin's handling of negotiations. Commissioner Roger Goodell was FURIOUS when ESPN broke the news that players were pulling away, according to an insider. Yet, during a fraught afternoon call, Jenkins urged that the commissioner and the owners STAND FIRM with the players and permit them to conduct their 'important' work within the community. NO END IN SIGHT FOR PROTESTS: The agreement contains NO stipulations requiring players to cease protests during the national anthem in exchange for funds; there’s absolutely NO implicit quid pro quo! However, the NFL is desperately hoping this initiative will finally put a halt to the peaceful yet CONTROVERSIAL movement ignited by former San Francisco 49ers quarterback Colin Kaepernick in 2016, when he REFUSED to stand for the anthem. Via: ESPN",1,"NFL CUTS FUNDS for Breast Cancer, Military Charity to Pay for Players’ $89 Million ‘Social Justice’ Activism. The NFL is toast They just caved to demands made by players to dump millions into a  social justice  boondoggle aimed at the black community. The problem is that the entire Black Lives Matter scam is a lie AND PLAYERS KNOW IT. There is now discord between players who feel differently about the kneeling protest. A lack of leadership by Goodell to put an end to the protests, has harmed the NFL  irreparably . The NFL is just another social justice program BOYCOTT!WHAT EXACTLY IS  SOCIAL JUSTICE ?The NFL met with a group of players and reached an agreement in principle late Wednesday night to partner on a plan to address social justice issues considered important to African-American communities, sources told ESPN.The unprecedented agreement calls for the league to contribute $89 million over seven years to projects dealing with criminal justice reform, law enforcement/community rel",sensationalize_fake
fake_117,"Episode #4 – DRIVE BY WIRE: ‘DC Rabbit Holes’ with Patrick & Shawn. MEMBERS can join the dynamic duo, co-hosts Patrick Henningsen and Shawn Helton from 21WIRE, for an electrifying morning commute show like no other, DRIVE BY WIRE, now streaming in full at 21WIRE.TV! EPISODE #4 is here to unveil shocking revelations! 21WIRE's intrepid writers Patrick and Shawn dive headfirst into the explosive Russian Investigation currently shaking Washington to its core! They also dissect the chilling details of the recent London Attack, exposing the jaw-dropping anomalies that have the world talking! And wait—what about US troops in Syria? MEMBERS CAN WATCH THE FULL EPISODE HERE! SUPPORT 21WIRE NOW! SUBSCRIBE & BECOME A MEMBER @21WIRE.TV!",1,"Episode #4 – DRIVE BY WIRE: ‘DC Rabbit Holes’ with Patrick & Shawn.  MEMBERS can join co-hosts Patrick Henningsen and Shawn Helton from 21WIRE for the best morning commute show going,  DRIVE BY WIRE , shown in full here at 21WIRE.TV .EPISODE #4   21WIRE writers Patrick and Shawn talk about the big  Russian Investigation  currently going on in Washington, as well as the recent London Attack and some of the chief anomalies present in that event, and also US troops in Syria MEMBERS CAN WATCH THE FULL EPISODE HERESUPPORT 21WIRE  SUBSCRIBE & BECOME A MEMBER @21WIRE.TV",sensationalize_fake
fake_118,"Bill O’Reilly Just Unleashed The Most SHOCKING And APPALLING Claim About Black Lives Matter EVER! If there's anyone who rivals Donald Trump in the realm of bullying, it’s none other than Fox News’ own Bill O'Reilly! This notorious host is infamous for his ruthless treatment of guests who dare to express a differing opinion—he cuts them off, bellows at them, and flat-out treats them like trash. Beyond his despicable treatment of guests, he constantly misleads his audience with outrageous lies and incendiary claims about Democrats and liberal organizations. His insatiable appetite for outrage was on full display during a jaw-dropping episode of The O'Reilly Factor, where he made the scandalous allegation that Black Lives Matter is directly responsible for killing Americans! O'Reilly kicked off the 'Talking Points' segment of his show with the inflammatory statement: 'How Black Lives Matter is killing Americans: that is the subject of tonight's talking points memo.' He went on to label the movement as a 'violent subculture' within the African-American community. Yes, because advocating for justice through peaceful protests and demonstrations is EXTREMELY offensive and violent, right? He audaciously claimed: 'The media will not spotlight that much of the violent crime in America is being committed right now by young black men.' He further asserted that Black individuals, across all ages, commit homicide at a staggering rate—8 times higher than whites and Hispanics combined! Conclusion: There is a shocking and dangerous violent subculture in the African American community that MUST be exposed and confronted! One has to wonder where Bill pulls these dubious statistics from. Clearly, it’s from The Bullshit Center For White Supremacist Studies! This tired, worn-out narrative that black people are more prone to crime than white people is, without a doubt, utter nonsense! According to FBI statistics, while African-Americans were arrested more than whites for murder and manslaughter, the difference was a mere ONE percent. However, white individuals perpetrated far more violent crimes than African-Americans! A staggering 65% of those arrested for 'forcible rape' were white—that's double the 32% who were black! What about aggravated assaults? A shocking 62.8% were committed by whites, compared to just 34% by blacks. And burglaries? An eye-opening 67.1% were committed by whites, with only 30.8% attributed to blacks! The FBI revealed that a whopping 58.7% of all violent crimes were committed by white individuals, while only 38.5% were committed by African-Americans! (Table via FBI.gov) Don’t expect O'Reilly to retract his blatantly false claims, though—he thrives on keeping his audience in a state of outrage! He needs his viewers to buy into the narrative that black 'thugs' are out there murdering, raping, and robbing! The Republican Party relies on him to disseminate this racist, bombastic drivel because the more terrified white Americans are of black individuals, the more likely they are to cast their votes for candidates like Trump, who promise to 'take the country back.' They LOATHE the fact that a black man occupies the White House and are desperate to reclaim their Oval Office for 'whites only.' O'Reilly and the GOP are fully aware of their shallow base's sentiments, which is why they are fear-mongering at an alarming rate!",1,"Bill O’Reilly Just Made The Most Offensive And Outrageous Claim About Black Lives Matter EVER. If there is anyone who is as big a bully as Donald Trump, it is Fox News  Bill O Reilly. Whenever he has a guest on his show that has a differing opinion than him, he cuts them off, yells at them and all around treats them like shit. In addition to the way he treats his guests, he lies all the time to his audience and makes inflammatory claims about Democrats and liberal organizations. His love for outrage was showcased on the Wednesday night episode of The O Reilly Factor where he accused Black Lives Matter of  killing Americans. O Reilly introduced the  Talking Points  segment of his show by saying, How Black Lives Matter is killing Americans: that is the subject of tonight s talking points memo.  He went on to say that the movement is a  violent subculture  within the African-American community. Yes, because fighting for the rights, through protests and demonstrations, is SUPER offensive a",sensationalize_fake
fake_119,"""SHOCKING VIDEO: Teacher EXPOSED for Racist RANT Calling Black Student a ‘Punk-Ass N*****’ Who’s ‘Going To Get Shot’! (MUST SEE). A teacher in Maryland is seemingly vying for a spot as Donald Trump’s pick for Secretary of Education, and the evidence is downright DISTURBING. On Wednesday, a parent of a student at Harlem Park Elementary School in Baltimore unleashed a horrifying video capturing her son’s instructor unleashing a RACIST OUTBURST in the classroom. After the boy misbehaved – a common scenario for children of ALL backgrounds – the pale-faced teacher erupted, branding the boy and his African-American classmates with an ugly racial slur: n*ggers. In a terrifying display, the teacher can be seen physically manhandling the woman’s son as she forcefully ejects him from class. But what transpired next sent shockwaves through the community! As the student exited, the teacher continued her SCREAMING rampage, and the classroom descended into CHAOS with students laughing at her meltdown. This was unacceptable to the teacher, who mercilessly declared that they would all receive ZEROES for their inaction. Then, in a jaw-dropping moment, she unleashed the n-bomb: ‘You’re idiots. Do you wanna be a punk-ass n*gger who’s going to get shot? You’re stupid! Learn something, be a man!’ The student who captured this appalling incident ended the video at that point, but it’s clear that the classroom had erupted into utter ANARCHY. Donald Trump’s polarizing election has only served to ENCOURAGE racists like this teacher to surface. Just recently, another educator made headlines for threatening Hispanic students with deportation under Trump’s regime, while another disgracefully informed black students they would be sent back to Africa. We CANNOT allow this to become our new reality! We are facing a future where a man who appoints WHITE NATIONALISTS to high-ranking positions is set to take office in January. It’s TIME for us to take a stand, because you can be sure that he and his administration won’t! WATCH the shocking footage below: Featured image via screengrab""",1,"WATCH: Teacher Busted Calling Black Student A ‘Punk-Ass N*****’ Who’s ‘Going To Get Shot’ (VIDEO). A teacher in Maryland is apparently gunning for a chance to be Donald Trump s pick for Secretary of Education. On Wednesday, the parent of a student at Harlem Park Elementary School in Baltimore posted a chilling video showing her son s instructor throwing a racist tantrum in the middle of class.After the woman s son misbehaved in class   something that is common among children of all races   the pasty white teacher decided that the boy and his African-American classmates were acting like a bunch of  n*ggers. the teacher can be seen putting her hands on the woman s son as she ejects him from class   but it s what happened after that that has people up in arms. After the student leaves the room, the teacher does not stop screaming. As the she began to melt down, the students in the class started to laugh. This, of course did not go over well with their teacher, who informed them that they ",sensationalize_fake
fake_120,"Trump Finally Stumbles Into a Black History Museum and Whines About the Price! As Black History Month unfolds, it seemed like Donald Trump’s only nod to the occasion was a bizarre request for a female African-American reporter to arrange a meeting with the Congressional Black Caucus, implying that all black people are connected and that working women are merely secretaries! But Tuesday marked a shocking twist as Trump finally made his way to the African-American History section of the Smithsonian. While he spat out some insipid platitudes, he couldn’t resist the urge to boast about his own glory and grumble about the museum’s hefty price tag! In a painfully awkward moment, he declared, ""It’s a privilege to be here today.""  Yes, he really said that!  This museum stands as a stunning tribute to countless American heroes, including the likes of Sojourner Truth, Harriet Tubman, Frederick Douglass, Booker T. Washington, Rosa Parks, and the courageous Greensboro students, as well as the African-American Medal of Honor recipients—just to name a few of the truly incredible heroes! Source: Talking Points Memo But wait, there’s more! Trump made a ridiculous promise to wage war against bigotry, intolerance, and hatred in all its vile forms. How convenient that he could utter these words to his loyal supporters instead of addressing the real victims of bigotry, intolerance, and hatred! Whether his sentiment was genuine or not (spoiler alert: it wasn’t), the empty words were uttered nonetheless. But don’t think for a second that it took long for Trump to revert to his classic self-aggrandizement! He even thanked Sen. Tim Scott (R-SC) for being present at the museum. ""A friend of mine, a great, great senator from South Carolina. I like the state of South Carolina,"" he gushed. ""I like all those states where I won by double, double, double digits."" Nothing groundbreaking there, folks! Trump’s obsession with his winning states is as predictable as the sun rising in the east, while he openly loathes the states that dared to exercise their democratic right to vote against him! This shocking admission went largely unnoticed by the media, but it was a stunning revelation! He concluded his speech by proclaiming that the museum was constructed with ""tremendous love and passion,"" not to mention a staggering amount of money! ""What they’ve done here is something that can probably not be duplicated. It was done with love and lots of money,"" Trump exclaimed. ""Lots of money. We can’t avoid that!"" To be fair, the museum’s construction cost roughly $540 million—half of which was generously funded by private donors. And the taxpayer-funded segment? It only accounted for a minuscule .00007 percent of the federal budget! Interestingly, this amount is roughly equivalent to the cost of sending the Trumps to Mar-A-Lago every weekend for around two years! Featured image via Pool/Getty Images",1,"Trump Finally Visited A Black History Museum And He Complained About The Cost. It s Black History Month and before Tuesday, Donald Trump s only acknowledgement seemed to be telling a female African-American reporter to set up a meeting with the Congressional Black Caucus, you know, because black people all know each other and working women are all secretaries.On Tuesday, though, Trump finally visited the African-American History section of the Smithsonian. He delivered some platitudes, but he also took the opportunity to brag about himself and his win and he complained about the cost of the museum.First, the not so horrible: It s a privilege to be here today,  Trump said at the museum.  This museum is a beautiful tribute to so many American heroes, heroes like Sojourner Truth, Harriet Tubman, Frederick Douglass, Booker T. Washington, Rosa Parks, the Greensboro students and the African-American Medal of Honor recipients, among so many other really incredible heroes. Source: Talking Poin",sensationalize_fake
fake_121,"Democrats Launch Shocking Ad Campaign to Unmask Trump’s Sinister Nature (VIDEO). In an unprecedented move, the Democratic super PAC Priorities USA is unleashing a staggering $500,000 on a gripping digital ad campaign that delivers a devastating blow to Republican presidential nominee Donald Trump’s cruelty towards the most vulnerable among us—the disabled. The ad, titled ""Dante,"" features a heart-wrenching story of a 17-year-old cancer patient who bravely confronts Trump’s vile mockery of a disabled reporter. With bold cancer survivor tattoos emblazoned on his forearms, Dante Latchman, just 17 years old, recounts his lifelong battle against a rare spinal-cord affliction diagnosed since infancy. ""I’ve spent my whole life fighting back,"" he declares with raw emotion. The ad portrays him watching in disbelief as Trump callously ridicules a reporter (Serge Kovaleski of The New York Times) who suffers from a debilitating condition that affects his joints. ""I don’t want a president who makes fun of me; I want a president who inspires me,"" Dante passionately asserts. And he makes it clear—""That’s not Donald Trump."" The ad drives its chilling message home with a shocking graphic that boldly shifts from ""Stop Hate"" to ""Stop Trump,"" as Dante is seen struggling to walk down the sidewalk alongside his mother, his laborious gait a haunting testament to his fight. Previous ads have also highlighted the horror experienced by families with disabled children, recoiling in shock at Trump’s heartless antics. Both the official Clinton campaign and Priorities USA are flooding the airwaves, aggressively promoting Clinton and launching a fierce assault on Trump across crucial swing states with millions in advertising. Clinton recently disclosed that her campaign boasts an impressive $40 million war chest, while Trump shockingly reported a mere $1 million on hand. Despite his extravagant claims of wealth, Trump has thrown no substantial resources into his campaign and has shied away from the essential fundraising efforts that previous presidential candidates have embraced. The lack of outside funding presents a dire issue for Trump, as the super PAC backing him, Restoring America Now, is woefully underfunded and unable to mount a significant advertising presence in swing states. Instead, they are squandering funds on cable news ads, targeting an audience that is already either staunchly pro-Trump or vehemently opposed—making it nearly impossible to shift voting patterns. Featured image via YouTube.",1,"Democrats Spend Big On This Ad To Expose Trump’s Cold, Dark Heart (VIDEO). The Democratic super PAC Priorities USA is spending an unusually high $500,000 for a digital ad campaign featuring a powerful indictment of Republican presidential nominee Donald Trump s cruelty towards disabled people.The ad,  Dante,  features a 17-year-old suffering from cancer and his reaction to Trump s mockery of a disabled reporter.Flashing  cancer survivor  tattoos on his forearms, Dante Latchman, 17, tells of surviving a rare spinal-cord affliction that was diagnosed when he was 1.  I ve spent my whole life fighting back,  he says. He is shown watching television and seeing Mr. Trump mock a reporter (Serge Kovaleski of The New York Times) who has a condition that limits the functioning of his joints.  I don t want a president who makes fun of me, I want a president who inspires me,  Dante says.  That s not Donald Trump. The ad drives home its theme   a  Stop Hate  graphic flips to say  Stop Trump    as D",sensationalize_fake
fake_122,"Afghanistan War Vet Absolutely HUMILIATES Republican Opponent for Insulting His Courage on Terrorism (TWEETS). It seems that thinking before speaking is a foreign concept for Missouri GOP Senator Roy Blunt! In the aftermath of the horrific Orlando mass shooting, Republicans have been shamelessly accusing President Obama of being weak against ISIS simply because he refuses to utter the phrase 'radical Islamic terrorism.' It’s as if the GOP thinks that just saying those words will magically make the terrorists vanish into thin air! What on Earth would saying such inflammatory language even accomplish? President Obama demanded to know in a fiery response last week. What would it change? Would it somehow make ISIL less determined to kill Americans? Would it magically summon more allies to our side? Is there some secret military strategy that benefits from this? The answer is a resounding NO! Simply renaming a threat doesn't make it disappear! But here comes Republican Senator Roy Blunt, hurling accusations at his Democratic opponent for being 'weak on terrorism' merely because he hasn't parroted the same inflammatory language! Blunt, who cowardly dodged the draft during the Vietnam War by hiding behind student deferments, took to Twitter to unleash his baseless attack on Jason Kander. Despite the tragedies at Ft. Hood, Boston, and Orlando, @JasonKander refuses to acknowledge the REAL source of the threats we face: radical Islam, he tweeted on Monday night after being rightfully criticized for voting against vital gun control reforms aimed at preventing suspected terrorists from purchasing firearms. But wait, there’s a HUGE and downright offensive twist to Blunt's outrageous attack. The truth is, Jason Kander VOLUNTEERED to serve in the Army National Guard in 2001 and bravely fought in Afghanistan against the War on Terror! Kander didn't hold back in his epic reply, brutally reminding Blunt of this fact. I VOLUNTEERED to serve in Afghanistan to fight radical Islamic terrorism, Kander fired back, even including the very words Blunt accused him of shying away from. Think before you tweet. I volunteered to serve in Afghanistan to fight radical Islamic terrorism. Think before you tweet. The Twitterati were quick to descend upon the chickenhawk Blunt, mercilessly mocking his idiocy. @JasonKander @RoyBluntMO Big tough @RoyBlunt. How many deferments did you apply for, #coward? Manhattan Project (@spconcannon) June 21, 2016 Some actually FIGHT terrorism (@JasonKander) while others just flap their gums about it (@RoyBluntMO) #VoteWiselyMO. Jane Dueker (@JaneDueker) June 21, 2016 @JasonKander @jonfavs @RoyBluntMO Senator Blunt is a COWARD; your vote sided with terrorists while you DISPARAGE a HERO who actually took the fight to them! Pamela P (@luv_wins_) June 21, 2016 @JasonKander @RoyBluntMO pic.twitter.com/6pqL7VhgsC kaitlyn (@CATlynaustin) June 21, 2016 @RoyBluntMO @JasonKander I think he was actually FIGHTING them in Afghanistan while the NRA was busy building your DC mansion! Beganovic (@Beganovic_85) June 21, 2016 .@RoyBluntMO Erm, pretty sure @JasonKander VOLUNTEERED to serve in Afghanistan. pic.twitter.com/lnjJ08FJyg (((Ron L Pitts))) (@RonLPitts) June 21, 2016 @RoyBluntMO @JasonKander Says the guy with THREE draft deferments to the guy who bravely fought terrorists in Afghanistan! Cale Miller (@Cale_Miller) June 21, 2016 Roy Blunt should be utterly ASHAMED and EMBARRASSED, and he needs to seriously reconsider who he’s taking shots at before he posts something this utterly ridiculous on Twitter! Because right now, karma is biting him HARD!",1,"Afghanistan War Vet Humiliates Republican Opponent For Calling Him Weak On Terrorism (TWEETS). Thinking before you speak is basically a required skill if you want to be a lawmaker, but Missouri GOP Senator Roy Blunt didn t get the memo.In the wake of the Orlando mass shooting, Republicans have been accusing President Obama of being weak against ISIS because he won t say the words  radical Islamic terrorism.  It s as if the GOP believes saying the words will magically make the terrorists go away. What exactly would using this language accomplish?  President Obama demanded to know in remarks made last week.  What exactly would it change? Would it make ISIL less committed to try and kill Americans? Would it bring in more allies? Is there a military strategy that is served by this? The answer is none of the above. Calling a threat by a different name does not make it go away. But Republican Senator Roy Blunt is now accusing his Democratic opponent of being weak on terrorism because he also",sensationalize_fake
fake_123,"ISIS Terrorists Are Being Forced To Betray Their Own As Obama’s Master Plan Obliterates Them! During the explosive State of the Union Address, President Obama boldly declared that our enemies aren't gaining strength. If you tuned in closely, you could practically hear the panicked gasps and groans emanating from the Republican side of the aisle, where doom and gloom aren't mere talking points, they are a chilling reality! The President, who receives daily intelligence on the terrifying threat of the Islamic State, knows the grim truth about where the enemy stands. Yet, Republicans continue to peddle fear about an imminent domestic attack from people thousands of miles away as if it were an undeniable fact. In a shocking twist, even Fox News has proven to be better informed than the very puppets they support, reporting just this Monday that ISIS was forced to slash its terrorists' salaries by a staggering fifty percent! In a jaw-dropping revelation, the Islamic State terror group is clearly in dire financial straits, as a new report shockingly claims that its leaders have dramatically reduced the pay of all its fighters in half! The so-called 'Treasury Ministry' of ISIS pointed fingers at 'exceptional circumstances,' as The Jerusalem Post sensationally reported. They also highlighted that these devastating pay cuts were announced well before the shocking discovery of a massive money stash in Mosul, Iraq, meaning not only are Obama’s strategies wreaking havoc, but he has also delivered a crushing blow to their treasury! ISIS has the audacity to declare that despite the drastic pay cuts, fighters are still obligated to pay their taxes. These extremists have twisted the Koran into a grotesque justification for indiscriminate murder and global conquest, and now they are attempting to keep more of the money they owe to the jihadists they have brainwashed! It is abundantly clear that the president was absolutely right to expose the political hot air of the Republicans during his most-watched SOTU speech in history, as the fear-mongering rhetoric they propagate distracts the nation from pressing domestic issues that desperately need our focus! In a bizarre turn of events, Fox, while reporting the truth in this case for reasons unknown, felt compelled to include an archaic video claiming how powerful ISIS has become and how impressive their arsenal is: Screen capture from Foxnews.com. But it simply does not matter what the propagandists at Fox News, the Republican Party, or even ISIS themselves say about the unfolding chaos in Syria! The undeniable fact is that the JV team the president warned about was initially underestimated, but they are now revealing their utter incompetence and lack of experience! On top of being outright rejected by the majority of the Muslim world, they are being pushed back, losing ground, and suffering catastrophic financial ruin! But do the right-wing extremists care? Absolutely not! Fear equals votes, and they are betting on it! Featured image via Wikipedia.",1,"ISIS Terrorists Forced To Screw Over Their Own As Obama’s Game Plan Tears Them To Pieces. During the State of the Union Address, President Obama made the remark that our enemies aren t getting stronger. If you listened carefully, you could hear the grunts and groans from the Republican side of the aisle, where doom and gloom aren t just political talking points, they re a way of life.The President, briefed daily on the status of the Islamic State, knows better than anyone exactly where the enemy stands, yet Republicans still try to sell fear of a domestic attack by people half a world away like it s as certain as the sunrise. As it turns out, even Fox News is better informed than the people it stumps for, reporting Monday that ISIS announced it had to cut salaries for its terrorists by half:In a sign the Islamic State terror group could be pressed for cash, a new report claims its leaders slashed the salaries of all its fighters in half.The  Treasury Ministry  of ISIS blamed  exception",sensationalize_fake
fake_124,"""TRUMP SUPPORTER STRIKES BACK: Outrage Erupts as Man Wearing 'Make America Great Again' Hat Sues 'The Happiest Hour' Bar for Discrimination! This is an ABSOLUTE outrage! Americans must take a stand and make business owners and their employees face the consequences for their blatant discrimination against patriots who dare to express their support for our President! This brave Trump supporter is taking a stand against the intolerant left, and many Americans are ready to rally behind him in his quest for justice! Bartenders at a West Village hotspot unleashed a wave of discrimination — with a liberal twist — by refusing to serve a customer simply because he was sporting a 'Make America Great Again' hat, according to a shocking lawsuit! Greg Piatek, 30, an accountant hailing from Philadelphia, claims he was snubbed and ultimately kicked out by the employees at The Happiest Hour on West 10th Street for his conservative fashion choice, which was popularized by Donald Trump during his campaign! He told The Post, 'Anyone who supports Trump — or believes what you believe — is NOT welcome here! And you need to LEAVE RIGHT NOW because we WON'T serve you!' Piatek alleges he was met with these chilling words as a manager escorted him to the door. The drama unfolded after Piatek and two friends, following a visit to the hallowed 9/11 Memorial, attempted to order drinks at the upscale tavern around 6:30 p.m. on January 28. A female bartender initially served Piatek a $15 jalapeño margarita along with beers for his friends. But when he attempted to order a second round, a male bartender spotted his hat and completely ignored them, he claimed! One of Piatek's friends pointed out it was their turn to be served — but the bartender scoffed, 'Is that hat a joke?' according to the Manhattan Supreme Court suit! 'Ignoring me because I'm wearing the hat is ridiculous,' Piatek said. 'It's truly sad.' The flustered bartender eventually fetched them a second round but allegedly SLAMMED the drinks down out of spite. A third bartender ominously asked Piatek if his hat was a joke and yelled, 'I can't believe you would support someone so terrible — you must be a terrible person too!' Piatek claimed. 'I wasn't even trying to order a drink, and she said, 'Don't even try to order from me. I won't get you a drink!' Piatek alleged. A manager revealed he spoke to the bar owner, who said, 'Anyone who supports Trump or believes what you believe is NOT welcome here. And you need to LEAVE RIGHT NOW because we WON'T serve you!' according to the suit. For the full story: New York Post! In a chilling parallel, New York Post reporter Dean Balsamini shared his own harrowing experience when he wore a Trump hat around NYC. He recounted a day filled with scorn and discrimination after donning a 'Make America Great Again' hat while visiting various hotspots in the city: 'I might as well have been wearing a Red Sox hat at Yankee Stadium!' The mere sight of his cap nearly sparked a riot at the historic Stonewall Inn on Christopher Street — the birthplace of the gay rights movement — where one woman lectured, 'You come into a gay bar — THIS gay bar — with THAT hat!' as a large crowd gathered! At Soho's trendy La Esquina, where celebrities like Julia Roberts indulge in $26 enchiladas, servers nearly lost their minds when he showed up! 'Oh my God, do you see that? Is he serious? Is he kidding me?' one waiter gasped! My companion and I were quickly shoved to a hidden table near a back wall. 'Don't talk to him!' a man shouted at a street vendor while I browsed along 125th street near the iconic Apollo Theater! Hipsters and trustafarians along Bedford Avenue in Williamsburg either did a double take, shot me death stares, or hurled snarky comments! 'Take off that stupid f***ing hat!' one skinny-jeans-wearing individual sneered! At the upscale hat shop Goorin Bros., I overheard a salesman confiding to a colleague, 'I'm losing my s***!' as I walked in. When I asked him to hold my hat while I admired a fedora, he grimaced and said, 'I'm surprised nobody's knocked that hat off your head!' A mother of two scolded me as we crossed paths along Central Park West and 63rd Street, shouting, 'Make America Great Again — right!' This is not just an isolated incident; it’s a disturbing trend of intolerance and hatred against those who dare to show their support for our President!""",1,"TRUMP SUPPORTER FIGHTS BACK: Man Wearing “Make America Great Again” Hat Sues “The Happiest Hour” Bar For Refusing To Serve Him. Enough is enough. Americans need to start making business owners and their employees pay up for discriminating against them simply because they dare to show their support for our President. Good for this Trump supporter for fighting back against the intolerant left. A lot of Americans would be happy to contribute to his legal defense Bartenders at a West Village hot spot served up discrimination   with a liberal twist   refusing to serve a customer because he was wearing a  Make America Great Again  hat, according to a lawsuit.Greg Piatek, 30, an accountant from Philadelphia, claims he was snubbed and eventually 86 d by workers at The Happiest Hour on West 10th Street over his conservative fashion statement, popularized by Donald Trump on the campaign trail, he told The Post. Anyone who supports Trump   or believes what you believe   is not welcome here! And y",sensationalize_fake
fake_125,"""Outrageous LEGO Donald Trump Steals Christmas, And It’s Hilariously Infuriating (VIDEO)! As the nation reels from the shock of a disastrous election result, many find themselves plunged into a holiday despair that seems impossible to shake. The looming specter of a tiny-handed orange tyrant, who spews his unhinged rants on Twitter without a shred of decorum, is enough to make anyone cringe! Yet, brace yourselves, because Donald Trump is set to be inaugurated as the United States' 45th president, and we all must grapple with this unsettling reality! In the midst of this chaotic chapter in history, Alisha Brophy and Scott Miles have crafted a jaw-dropping stop-motion animated video that features LEGO Donald Trump executing a hostile takeover of the North Pole from none other than Santa Claus himself! This wild video portrays Trump even targeting the baby Jesus, unleashing a Twitter tirade, and expressing his bizarre gratitude to his buddy, Russian President Vladimir Putin, who makes a cameo riding a LEGO bear. Most shockingly, it lifts several lines directly from Trump's real-life outrageous remarks, including his appalling comments about women, such as: 'When you’re Santa, you can do whatever. Grab 'em by the antlers.' All in all, this is nothing short of a magnificent spectacle of absurdity! Bravo! Watch the madness unfold here: Featured image via video screen capture""",1,"LEGO Donald Trump Steals Christmas, And It’s Absolutely Hilarious (VIDEO). With many people still recovering from such a horrendous election result, it s left quite a few people unable to get into the Christmas spirit. Especially knowing that the nation is about to be handed over to a tiny-handed orange bully who tweets his verbal diarrhea with no filter whatsoever.However, as it seems at the moment, Donald Trump will, in fact, be inaugurated as the United States  45th president, and we all need to somehow wrap our heads around that.In the mean time, with some much-needed levity during this terrible time in history for all the world, Alisha Brophy and Scott Miles have put together a brilliant stop-motion animated video featuring LEGO Donald Trump and his takeover of the North Pole from Santa Claus.The video features Trump even going after the baby Jesus, throwing a hissy fit on Twitter, and thanking his pal Russian President Vladimir Putin, who appears on a LEGO bear.Most notably, ther",sensationalize_fake
fake_126,"""Banana Peel In Tree Causes Utter Chaos On Ole Miss Campus: ‘Hurt, frightened, and upset’. You won’t believe the absurdity that passes for offense these days – A BANANA PEEL! Yes, you heard that right! A mere banana peel triggered a complete meltdown, leading to the cancellation of a Greek Life retreat at Ole Miss (University of Mississippi). Can you imagine? How will these college students possibly navigate the real world if they’re reduced to tears by something as trivial as a banana peel? UNBELIEVABLE! HERE’S THE SCANDALOUS STORY BEHIND THE OFFENDING BANANA PEEL: A Greek Life retreat at the University of Mississippi (Ole Miss) was abruptly cancelled this weekend after a banana peel was discovered hanging in a tree. To clarify, numerous members of our community were left hurt, frightened, and upset by this shocking incident. IMPACT, Interim Director of Fraternity and Sorority Life Alexa Lee Arndt lamented in an email exchanged among Greek leaders, as reported by The Daily Mississippian. Because of the harsh realities many students of color face daily, the situation escalated into a monumental discussion about race relations at the University of Mississippi. UNABLE TO FIND A TRASH CAN! In a bizarre twist, student Ryan Swanson confessed to tossing the banana peel into a tree after he couldn’t find a trash can, and it was later discovered by Alpha Kappa Alpha President Makala McNeil, who leads one of the campus’s historically black sororities. She was strolling with friends to their group session when one of her sorority sisters pointed at a tree 15 feet away. She reported that about six feet up the tree’s trunk dangled a lone, pristine banana peel. It was an utterly strange and surreal sight, McNeil exclaimed. We were all just sort of paranoid for a moment. The completely innocent student responsible for the banana peel’s placement has issued a cringe-worthy apology. Oy vey! Can you believe the audacity? Talk about making a mountain out of a molehill! Although it was unintentional, there is absolutely no excuse for the emotional turmoil inflicted on our community members. Meanwhile, Vice Chancellor for Diversity and Community Engagement Katrina Caldwell (featured above) is urgently engaging with individuals on campus who have experience navigating diversity issues to help students process this shocking occurrence. No doubt Katrina collects a six-figure salary – perhaps this is her way of justifying her GIGANTIC paycheck. Our tax dollars are being funneled into this outrageous and ludicrous charade. TO READ MORE ON THIS TRIGGERING EVENT: THE DM ONLINE""",1,"Banana Peel In Tree Causes Freak Out On Ole Miss Campus: ‘Hurt, frightened, and upset’. You won t believe what passes for offensive these days A BANANA PEEL! Yes, a banana peel  caused a Greek Life retreat to be cancelled at Ole Miss (University of Mississippi) Doesn t this make you wonder how these college kids will handle real life if they re triggered or offended by just about everything they come across? Wow!HERE S THE LOWDOWN ON THE OFFENDING BANANA PEEL:A Greek Life retreat at the University of Mississippi (Ole Miss) was promptly cancelled this weekend after a banana peel was found hanging in a tree. To be clear, many members of our community were hurt, frightened, and upset by what occurred at IMPACT,  Interim Director of Fraternity and Sorority Life Alexa Lee Arndt remarked in an email between Greek leaders, according to The Daily Mississippian.  Because of the underlying reality many students of color endure on a daily basis, the conversation manifested into a larger conversat",sensationalize_fake
fake_127,"""UNBELIEVABLE GESTAPO-STYLE TACTICS: OUTRAGED PATRIOT PURGED FROM DELEGATE LIST FOR TRUMP SUPPORT! [VIDEO]. I have dedicated my life to the Republican Party, and now I find myself utterly humiliated to even call myself a Republican! https://youtu.be/MVc_hIKFmmE""",1,SHOCKING GESTAPO TACTICS: P*ssed Off Patriot Removed From Delegate List For Supporting Trump [VIDEO].  I ve been a lifelong Republican all of my life. I m ashamed to call myself a Republican. https://youtu.be/MVc_hIKFmmE,sensationalize_fake
fake_128,"SHOCKING SCENE AT WEDDING: PRESIDENT TRUMP CRASHES PARTY, GUESTS ERUPT IN NATIONALIST FRENZY! [Must-See Video]. In an unbelievable twist, President Trump made an unexpected and dramatic entrance at a wedding held at Trump National Golf Club in Bedminster, N.J. last weekend, leaving guests utterly stunned and electrified! As he greeted the bewildered bride and groom, a wave of excitement swept through the crowd, igniting chants of ""USA! USA! USA!"" that echoed throughout the venue! Witness this jaw-dropping moment as Trump unexpectedly invaded the wedding reception last night in Bedminster. The atmosphere exploded with cheers of ""USA!"" (Video obtained by CNN) pic.twitter.com/sfe6zFdOlI  Ashley Killough (@KilloughCNN) June 11, 2017. Several wedding attendees couldn't resist sharing the astonishing experience on Instagram, posting photos of Trump with the ecstatic bride and groom. Can you believe Trump crashed a wedding at his own NJ golf club this weekend?! pic.twitter.com/N3Khbpe3Oi  Caitlin Yilek (@hausofcait) June 11, 2017. Kristen Piatkowski and Tucker Gladhill's wedding was thrust into the spotlight when none other than President Trump decided to burst in and make it a day to remember! The press was kept completely in the dark about this sensational event and only discovered the explosive news when social media erupted with images and videos. CNN commented on the frenzy below: The White House has maintained a mysterious silence regarding the President's wild weekend escapades in Bedminster. Members of the traveling press corps, who were denied access to the club, were blindsided by the wedding visit as images flooded social media. Trump was scheduled to headline a private fundraiser at the club Sunday night for Rep. Tom MacArthur, R-New Jersey, before making his way back to Washington that very evening. MacArthur found himself at the epicenter of the health care debate this spring when he proposed a controversial amendment to the GOP health care plan that rallied enough conservatives to push the measure through. Via: CNN",1,"PRESIDENT TRUMP CRASHES WEDDING: Shocks Wedding Guests Who Start Chanting “USA! USA! USA!” [Video]. President Trump made a surprise appearance at a wedding at Trump National Golf Club in Bedminster, N.J. last weekend. He greeted the bride and groom who were obviously shocked and excited to see President Trump. The wedding guests started chanting,  USA, USA, USA! Trump made surprise stop at wedding reception last night at Bedminster. The crowd broke out into chants of  USA!  (Video obtained by CNN) pic.twitter.com/sfe6zFdOlI  Ashley Killough (@KilloughCNN) June 11, 2017A few guests of the wedding posted photos on Instagram of Trump with the bride and groom.Trump crashes wedding at his NJ golf club this weekend. pic.twitter.com/N3Khbpe3Oi  Caitlin Yilek (@hausofcait) June 11, 2017Kristen Piatkowski and Tucker Gladhill s wedding was suddenly extra special when President Trump decided to crash it! The press was kept in the dark on this and only found out when social media exploded with pho",sensationalize_fake
fake_129,"OBAMA SLAMS TRUMP…Proclaims U.S. Is “OVERFLOWING WITH MUSLIM COMMUNITIES”! New York City is NOT on board! This is just another way for Obama to spit in Trump’s face and disregard America’s values, as he brazenly declares that Muslim communities will be built in YOUR neighborhoods whether you like it or not! In a shocking official statement released on the eve of Ramadan, the Islamic holy month, Barack Obama boldly asserted that the United States will continue to roll out the red carpet for Muslim refugees, turning a deaf ear to the countless voices that seek to tear us apart! ""I stand firmly with Muslim American communities in defiance of those who wish to divide us or trample on our religious freedoms or civil rights!"" he proclaimed with fervor! Obama’s proclamation regarding Ramadan, the monthlong holiday where Muslims fast during daylight hours, conveniently omitted Donald Trump’s name, but it was an unmistakable jab aimed squarely at the Republican nominee! ""Here in the United States, we are inundated with Muslim communities as diverse as our nation itself!"" he claimed. ""Some can trace their roots back to the very inception of our nation, while others are fresh arrivals!"" he added emphatically. Via: Townhall",1,"OBAMA CONDEMNS TRUMP…Says U.S. Is “Blessed With Muslim Communities”. New York City begs to differ Of course, this is just another way of Obama saying,  Screw Trump and screw America, we re building Muslim communities in your hometowns and communities with or without your permission. In an official statement on the eve of Ramadan, an Islamic holy month, Barack Obama said the United States would continue to welcome Muslim refugees despite  voices that seek to divide us. I stand firmly with Muslim American communities in rejection of the voices that seek to divide us or limit our religious freedoms or civil rights,  he said in the statement.  I stand committed to safeguarding the civil rights of all Americans no matter their religion or appearance. Obama s speech regarding Ramadan, the monthlong holiday observed by Muslims through fasting during daylight hours, did not mention Donald Trump by name, but clearly seemed to be directed towards the Republican nominee. Here in the United States",sensationalize_fake
fake_130,"""THE SHOCKING CONSPIRACY The Democrats Are Plotting To STEAL The 2016 Election [Video]. Loretta Lynch is just like Obama, believing that the ends justify the means when it comes to their radical political agenda. This endlessly aggrieved faction thinks they deserve a fair shake, but they’re ready to CHANGE THE RULES of the game! We’re talking about voting rights laws here, folks! Yes, you heard it right—Loretta Lynch, the controversial successor to Eric Holder, is a staunch believer that Voter ID laws are nothing but RACIST. Just take a moment to listen to her and realize that she’s NOT representing anyone EXCEPT her own pet special interest groups—scary stuff indeed! And guess what? The United States Department of Justice, under Attorney General Loretta Lynch's watch, is throwing its weight behind them! On February 12, these radical groups filed a jaw-dropping lawsuit in D.C. federal court, seeking to overturn a recent decision by the U.S. Election Assistance Commission (EAC). This Commission’s ruling allows Kansas and other states, including Arizona and Georgia, to enforce state laws that ensure ONLY CITIZENS can register to vote using a federally designed registration form. Under federal law, the EAC is tasked with creating the federal voter-registration form mandated by the National Voter Registration Act, also known as Motor Voter. While states are required to register voters using this federal form, they CAN request the EAC to add instructions regarding additional state registration requirements. Some states are now demanding acceptable proof of citizenship to ensure ONLY CITIZENS can vote! Under Article I, Section 2 and the Seventeenth Amendment to the Constitution, states hold the power to determine the qualification requisite for electors. Yet, the Left, as usual, DISDAINS the balance the Framers established in the Constitution and objects to granting this power to the states. They want to centralize control over voter eligibility in WASHINGTON, D.C.! So, when Arizona attempted to include citizenship-verification requirements with voter-registration forms, the institutional Left—consisting of the League of Women Voters, People for the American Way, Common Cause, Project Vote, and Chicanos for La Causa—fired back with a lawsuit claiming the EAC had NOT approved such requirements! INCREDIBLY, this battle over whether states can ensure that ONLY CITIZENS are voting climbed all the way to the U.S. Supreme Court! In a shocking 2013 ruling in Arizona v. Inter Tribal Council of Arizona, a split Court decreed that Arizona could not impose such requirements unless the EAC agreed to modify the instructions for the federal form to accommodate Arizona's demands. But wait, it gets even crazier! The majority opinion, penned by the late Justice Antonin Scalia, declared that if the EAC refused Arizona’s request to enforce the proof-of-citizenship requirement, the state could SUE the EAC and prove in court that a mere oath WON’T cut it to fulfill its citizenship mandate! The Court asserted that the EAC has a NONDISCRETIONARY DUTY to include Arizona’s concrete evidence requirement on the Federal Form. The Court even went so far as to suggest that Arizona could argue that a rejection by the EAC would be ARBITRARY, especially since the agency had previously accepted a similar instruction from Louisiana! Indeed, the Court pointed out that the EAC had recently greenlit a state-specific instruction for Louisiana, demanding applicants who lack a Louisiana driver’s license, ID card, or Social Security number to provide ADDITIONAL documentation with the federal voter-registration form. But Alice Miller, who was merely the acting executive director and NOT an EAC commissioner, shockingly DENIED the request! It’s questionable whether Miller even had the authority to make this—or any other—decision! At that time, a quorum was NOT present on the bipartisan, four-member independent commission. And now, that decision is looking even MORE SUSPICIOUS! It seems that Miller may have overstepped her bounds...""",1,"THE SECRET PLAN The Democrats Have To Steal The 2016 Election [Video]. Loretta Lynch is much like Obama in that they both feel the ends justifies the means if it s for their political ideology. The eternally wronged believe they haven t gotten a fair shake and won t unless they change the rules of the game. In this case, it would be voting rights laws Yes, Loretta Lynch, Eric Holder s successor, is a big believer that Voter ID is racist. Just listen to this woman and understand that she s not representing anyone BUT her pet special interest groups   scary stuff! And the United States Department of Justice, under the direction of Attorney General Loretta Lynch, is helping them. On February 12, these groups filed a lawsuit in D.C. federal court seeking to reverse a recent decision by the U.S. Election Assistance Commission (EAC). The Commission s decision allows Kansas and other states, including Arizona and Georgia, to enforce state laws ensuring that only citizens register to vote when",sensationalize_fake
fake_131,"FORD’S NEW CEO SLAPS President Trump IN THE FACE…Will Manufacture Focus IN CHINA…Ship TO U.S.! In a shocking turn of events, Ford has announced that it will export the next-generation Focus compact car from China to North America in 2019, abandoning plans to source it from Mexico, a jaw-dropping move that will save the company a staggering $500 million, a top executive revealed on Tuesday. This bold decision marks the first major manufacturing investment choice made by the newly appointed Chief Executive Officer Jim Hackett, who took over the reins from Mark Fields in late May. The conversation surrounding the small-car production shift from Mexico to China ignited a couple of months ago under Fields, according to Joe Hinrichs, president of global operations. In a dramatic twist, after U.S. President Donald Trump unleashed his criticism on Ford for relocating small-car manufacturing to Mexico, Ford shockingly announced it would scrap plans for a monumental $1.8-billion Focus plant in San Luis Potosi and instead produce the new Focus at an existing plant in Hermosillo. Although it may be more economical to manufacture and ship cars to the United States from Mexico than from China, Hinrichs emphatically stated that this was NOT a variable cost decision. ""It allows us to free up a LOT of capital because Ford now has to retool only one plant—the existing Focus factory in Chongqing—rather than two to supply North America,"" he explained during a Tuesday morning briefing that was anything but ordinary. With dwindling demand for small cars such as the Focus in the U.S., Hinrichs insisted, ""we thought this was the best balance of that cost/capital tradeoff."" Ford planned to break the news to the White House on Tuesday. When pressed about the looming threat of a border tax, as Trump has menacingly warned on vehicle imports from Mexico, Hinrichs boldly declared that the capital savings FAR outweigh the potential risks of a tax on the Chinese-built Focus. In response to this shocking revelation, Ford's stock took a hit, plummeting 0.8 percent to $11.15. Daily Mail. What do YOU think about Ford's controversial decision to shift manufacturing to China? Share your thoughts in the comment section below!",1,"FORD’S NEW CEO SNUBS President Trump…Will Build Focus In China…Export To U.S.. Ford will export the next-generation Focus compact car from China to North America in 2019, rather than from Mexico as earlier planned, saving the company $500 million, a top executive said on Tuesday.It is the first major manufacturing investment decision made by new Chief Executive Officer Jim Hackett, who succeeded Mark Fields in late May.Discussion about the small-car production shift from Mexico to China began  a couple months ago  under Fields, said Joe Hinrichs, president of global operations.In January, after U.S. President Donald Trump criticized Ford for shipping small-car manufacturing to Mexico, Ford said it would kill plans to build a $1.8-billion Focus plant in San Luis Potosi and instead produce the new Focus at an existing plant in Hermosillo.Although it is cheaper to build and ship cars to the United States from Mexico than China,  this was not a variable cost decision,  Hinrichs said in a T",sensationalize_fake
fake_132,"""THE FIX IS IN: JUDGE BLITHELY BLOCKS ABORTION VIDEOS AND NOW THE TRUTH IS OUT! Judge William H. Orrick, III is clearly in cahoots with Obama in a shocking attempt to bury the Planned Parenthood abortion videos! In a jaw-dropping display of judicial overreach, he swiftly granted a restraining order against the release of these explosive recordings. Isn’t it downright suspicious that a judge would act so quickly? We certainly think so, and now we’re uncovering the sinister reasons why! Orrick, an Obama appointee, has a troubling history as a bundler for the Obama campaign, revealing a dangerous bias! Just late Friday, a federal judge granted a temporary restraining order against the release of recordings made at an annual meeting of abortion providers. This outrageous injunction is aimed at silencing the Center for Medical Progress, the fearless group that has bravely exposed Planned Parenthood’s horrifying role in the sale of organs harvested from aborted children! In an astonishing move, Judge William H. Orrick, III, granted the injunction just HOURS after the National Abortion Federation made their request! This kind of swift action raises eyebrows and questions about his true motives! Orrick was handpicked for his position by hardline abortion supporter President Barack Obama, and let’s not forget he was also a major player in Obama’s fundraising efforts! He raked in at least $200,000 for Obama and funneled $30,800 to committees supporting him, according to Public Citizen. Despite the National Abortion Federation filing their claim merely hours before, Orrick hastily ruled in their favor, absurdly claiming that the abortionists they represent would likely face irreparable injury unless he granted this ex parte temporary restraining order! He cited the ridiculous notion of harassment, intimidation, violence, invasion of privacy, and damage to reputation as reasons, while insisting that the requested relief is somehow in the public interest! This is a chilling attack on transparency! Read more: The Right Scoop""",1,"THE FIX IS IN: JUDGE QUICKLY BLOCKS ABORTION VIDEOS AND NOW WE KNOW THE REST OF THE STORY. Judge William H. Orrick, III joins Obama in his desire to keep the Planned parenthood abortion videos from coming out. He quickly granted a restraining order against the release of the videos. Did anyone else think it was really fast and very unusual that a judge would take such swift action? Well, we thought so too and now we know why. Orrick is an Obama appointee and was a bundler for the Obama campaign!A federal judge late Friday granted a temporary restraining order against the release of recordings made at an annual meeting of abortion providers. The injunction is against the Center for Medical Progress, the group that has unveiled Planned Parenthood s participation in the sale of organs harvested from aborted children.Judge William H. Orrick, III, granted the injunction just hours after the order was requested by the National Abortion Federation.Orrick was nominated to his position by hardl",sensationalize_fake
fake_133,"""SHOCKING OUTRAGE: OKLAHOMA LAWMAKER UNDER FIRE FOR DISTURBING COMMENTS ON MOSQUES! [VIDEO] Oklahoma State Rep. John Bennett has ignited a firestorm of controversy with his jaw-dropping Facebook post suggesting that mosques should be eradicated from America, drawing a jaw-dropping comparison to the removal of Confederate statues! In a mind-boggling statement, Bennett proclaimed that if we can tear down monuments from the Civil War, then mosques should also face the axe due to the aftermath of 9/11! His inflammatory words sent shockwaves through the community, provoking a fierce backlash even from the governor of Oklahoma! WHAT IS HAPPENING TO OUR SOCIETY?! The fallout from this outrageous post has been swift as local Muslims expressed their disbelief, highlighting the complete lack of moral reasoning in Bennett's comparison. Imad Enchassi from the Islamic Society of Greater Oklahoma City labeled the statement as ""extremely irrational,"" emphasizing that mosques are sanctuaries for the poor, the hungry, and the sick, NOT places of hatred! This is where American Muslims, Oklahoma Muslims, proudly serve their fellow Oklahomans! The post has mysteriously vanished from the internet, but the outrage remains! FREE SPEECH UNDER ATTACK! We are being told to conform and accept the unacceptable – TRUTH IS NOW CONSIDERED HATE SPEECH! But wait, there’s more! Bennett, the audacious lawmaker, previously called for a halt on Syrian refugees back in November of 2015! SALLISAW, OK – State Rep. John Bennett, representing Sallisaw-02 (R), made shocking demands for Governor Fallin to suspend Oklahoma's resettlement efforts for Syrian refugees, claiming it was a matter of public safety! According to a shocking report by the New York Times on October 21, 2015, dozens of Syrian refugees had already settled in Jenks, OK since 2012, and Bennett, in a fit of alarm, revealed that the local police were totally unaware of these resettlements until reading the article! He went on to sensationally connect this issue to the Paris attacks, asserting that some terrorists had sneaked into France disguised as Syrian refugees! His call to action was clear: he demanded Governor Fallin immediately halt any plans to relocate Syrian refugees in Jenks or anywhere else in Oklahoma and insisted on identifying those already in the state! This is the kind of radical lawmaker who is purportedly trying to 'protect' the people from the looming threat of terrorism! Bravo, indeed! What is next in this terrifying saga?!""",1,"OKLAHOMA LAWMAKER BLASTED FOR SAYING: “Shouldn’t Mosques Be Removed After 911 by ANTIFA Logic?” [VIDEO]. Oklahoma State Rep. John Bennett made a comment on Facebook that was has since been removed after local Muslims didn t see any moral equivalency between removing Mosques after 9/11 and removing Confederate statues. Everyone freaked out about his comment even the governor of Oklahoma. We d like to know what you think See below for more info on this Patriot!OKLAHOMA CITY   A Facebook post by an Oklahoma lawmaker is receiving a lot of attention after the post suggested removing mosques from America.The post by Rep. John Bennett suggests that if Confederate monuments are being removed because of the Civil War, mosques should also be removed due to 9/11. If we re removing Confederate monuments after the Civil War, I think we should also be removing mosques after 9/11,  his Facebook post said. It is not an idol. It s a place where serve the poor, take care of the hungry and cure the sick.",sensationalize_fake
fake_134,"""DOUBLE AMPUTEE VET UNLEASHES FURY ON OBAMA’S FAILED WAR STRATEGY… Claims He Was Treated Like AN EXPENDABLE PAWN… Reveals Heart-Wrenching Wish to Have Fought Under President Trump [VIDEO]. War hero Johnny Joey Jones is turning heads as he SLAMS President Obama for his catastrophic handling of military operations, particularly highlighting the outrageous failure to take decisive action against ISIS. Jones, who tragically lost both of his legs in a harrowing IED explosion, expressed deep anger that he might still be whole today if the Obama administration hadn’t been so preoccupied with public relations disasters. He felt utterly DISCARDED, forced to risk his life clearing a desolate town on-the-ground, all because the White House was terrified of the media backlash from bombings in civilian areas. Jones passionately declared that President Trump empowered his generals with the necessary tools to make the best decisions for their brave troops.  FOX NewsHere’s Jones’ explosive tweet that took the internet by storm:I lost my legs because my gov't was afraid to use the tools they had and saw me as expendable. I wish I'd had this admin.  Johnny (Joey) Jones (@Johnny_Joey) April 13, 2017In a shocking twist, war-hawk and staunch anti-Trump advocate Meghan McCain, daughter of John McCain, took to Twitter to extend a warm invitation to Johnny Joey Jones to join her on the Fox show Outnumbered, where she serves as a co-host. He graciously accepted her offer, stating:Everyone loves you – can you come on the show soon?  Meghan McCain (@MeghanMcCain) April 14, 2017Meanwhile, countless patriots on Twitter passionately expressed their heartfelt gratitude for his profound service and sacrifice:Real patriots don’t see you as expendable.  Jim (@Jim65783) April 14, 2017https://twitter.com/Lord12Almighty/status/852741550790422528thank you sir. Your service to protect me will never be forgotten.  Sbeard74 (@Sbeard741) April 14, 2017Thank you, Joey. Honest to God, thank you from the bottom of my heart for your service. I wish you'd had this administration, too.  NyetToSeeHere (@GRRRR8est) April 13, 2017""",1,"DOUBLE AMPUTEE VET Blasts Obama’s War Strategy…Saw Him As “Expendable”…Explains Why He Wishes He Was Fighting Under President Trump [VIDEO]. War veteran Johnny  Joey  Jones praised President Trump for dropping the  mother of all bombs  on ISIS, saying the last administration failed to take appropriate action.Jones, who lost both his legs in an IED explosion, said he might still have his legs if the Obama administration wasn t concerned with public relations backlashes.He said he felt  expendable  because he lost his legs clearing a empty town on-the-ground, because the White House did not want to be seen in the press as dropping bombs on villages.Jones said Trump instead gave his generals the tools to make the decision best for their troops.  FOX NewsHere s Jones  tweet that went viral:I lost my legs because my gov't was afraid to use the tools they had and saw me as expendable. I wish I'd had this admin.  Johnny (Joey) Jones (@Johnny_Joey) April 13, 2017War-hawk, anti-Trump John McCai",sensationalize_fake
fake_135,"A shocking new poll reveals that a staggering 38% of Donald Trump supporters in South Carolina are yearning for a time when the South triumphed in the Civil War! This disturbing finding is just the tip of the iceberg, exposing the alarming hatred festering within Trump’s base. As Trump gears up for an expected triumph in the South Carolina Republican primary, it’s clear that his supporters are not just loyal, but dangerously radical. The landslide support for Trump is so overwhelming that he barely needs to campaign, while his rivals are left scrambling for scraps in the race for second place. What drives this sinister popularity? A closer examination of the values held by these voters reveals a chilling truth. Public Policy Polling conducted a shocking survey that uncovered the extent of the abhorrent views among South Carolinians—many of whom support Trump’s most hateful rhetoric and some even demand he go further! A jaw-dropping one-third of Trump’s backers voiced their desire to add homosexuals to the list of those banned from entering the United States, showcasing a level of intolerance that no other candidate’s supporters can match. But it doesn’t stop there! Among Trump voters, a staggering 62% support the creation of a national database specifically for Muslims, while 40% shockingly back the idea of shutting down every mosque in the nation! Even more alarming, only 44% of Trump supporters believe Islam should be legal in the U.S., while 33% think it should be outright banned! The chilling views on Muslims don’t end there—32% of his followers still endorse the horrific policy of Japanese internment during World War II, revealing a shocking disconnect from history. The message from Trump’s supporters is loud and clear: Making America Great Again means eradicating everyone who isn’t white and Christian! Even more disturbing, nearly 38% of Trump’s supporters indicated they believe slavery wasn’t so bad—wishing the South had won the Civil War! Another 38% are uncertain, showcasing a frightening level of support for a bygone era of oppression. An overwhelming 70% of his fans still believe the Confederate flag should proudly wave over the State Capitol! As if these alarming sentiments weren’t enough, a shocking 16% of Trump supporters openly declare that whites are the superior race—making Trump the only candidate with double-digit support for such a vile concept. Following Trump’s latest blunder during the debate, where he pointed out that George W. Bush was president during 9/11—an unforgivable sin among Republicans—speculation arose that he might slip in the polls. However, the opposite occurred! It is Ted Cruz, the most unlikable candidate in the race, who is facing the wrath of voters. Meanwhile, Trump continues to gain momentum! It’s evident that attempts to target Trump over any slip of the tongue are futile. His supporters are fanatical, laser-focused, and driven by a toxic mix of intolerance and hatred. Trump can mercilessly attack his fellow Republicans or even the beloved George W. Bush, as long as he keeps up his relentless mockery and scapegoating of minorities—his base simply demands it! It has been said time and again that Trump’s popularity stems from his willingness to voice what others dare not say. If that’s true, he’s revealing a horrific truth about the dark underbelly of the Republican Party! Featured image from Flickr/Alex Hanson",1,"38% Of Trump Supporters Wish South Had Won Civil War And Other Disgusting Findings In New Poll. A new poll conducted in South Carolina on the heels of the state s Republican primary reveals the true extent of hatred from Donald Trump s base   and it is terrifying.Currently, Trump is expected to easily win South Carolina. His nearest competitor isn t even close. The landslide is so bad that Trump has hardly had to campaign in the state, while others scramble to fight for second place. What makes Trump so popular? A look at the values these voters hold gives us the disturbing answer.Public Policy Polling asked South Carolinians several questions about issues Trump has alluded to on the campaign trail and found that many of them support his most hateful rhetoric. Some even feel he doesn t go far enough.On the question of banning Muslims from entering the United States, one third of Trump s supporters said they would like to add  homosexuals  to the  Can Not Enter  list. No other candidate",sensationalize_fake
fake_136,"Trump Stops Praising Coast Guard’s Harvey Efforts To Viciously Attack The Media (VIDEO). Donald Trump has now become infamous for his shockingly inappropriate habit of disrespecting those who deserve our utmost respect. We’ve seen it time and time again in Trump’s misguided attempts to congratulate and honor our brave military members, and we witnessed it yet again earlier today. On Saturday, Trump made a controversial visit to Houston, Texas to lend a hand to Hurricane Harvey relief efforts. But instead of showing gratitude, Trump launched a vicious assault on the media multiple times – with the most outrageous moment coming at the expense of the heroic Coast Guard. In a shocking display, while addressing military officials and first responders who valiantly saved lives in Texas, Trump couldn’t resist going after the free press. He did offer a hollow congratulations to the Coast Guard, but then immediately followed it up with a revolting attack aimed right at the cameras: ""I hear the Coast Guard saved almost 11,000 people by going into winds the media would not go into. They will not go into those winds unless it’s a really good story, in which case they will."" For someone who desperately wants the media to treat him with kindness and protect his fragile ego, Trump sure doesn’t seem to understand how to conduct himself. The absurdity of what Trump just said is mind-boggling: several media members did far more to assist Harvey victims than Trump did himself! If he could just turn off Fox News for a brief moment and actually pay attention to real news, he would have seen that many media figures were actively helping the Coast Guard and other first responders in their heroic efforts. There are even multiple documented instances where reporters directly aided Harvey victims WHILE they were on the job! But of course, we can’t expect Trump to take the moral high ground – ever. You can witness Trump’s blatant disrespect towards the Coast Guard and the free press below: Pres. Trump praises Coast Guard for saving people by going into winds that the media would not go into unless it’s a really good story. pic.twitter.com/YFfQ5NJmAY ABC News Politics (@ABCPolitics) September 2, 2017 Featured image via Win McNamee/Getty Images",1,"Trump Stops Praising Coast Guard’s Harvey Efforts To Viciously Attack The Media (VIDEO). Donald Trump has now become well known for his completely inappropriate tendency to disrespect those who should be honored. We ve seen it numerous times in Trump s efforts to congratulate and honor members of the military, and we witnessed it again earlier today.On Saturday, Trump visited Houston, Texas to assist a Hurricane Harvey relief effort. While he was there, Trump attacked the media several times   but the most notable one was the incident that happened at the expense of the Coast Guard.In speaking with military officials and first responders who were responsible for saving lives in Texas, Trump couldn t help himself from going after the free press. Trump congratulated the Coast Guard, right before uttering this disgusting attack while pointing directly at the cameras: I hear the Coast Guard saved almost 11,000 people by going into winds the media would not go into. They will not go into th",sensationalize_fake
fake_137,"Unbelievable! Someone Just Exposed What Trump Was REALLY Up To At His Golf Club While He Claimed To Be In ‘Meetings’ (SHOCKING PHOTO). Just one day after Trump embarked on his TWELFTH golfing escapade as president, he returned to his infamous golf club in Virginia for his LUCKY number 13. Like before, Trump told the pool reporters he was engaged in SERIOUS meetings. But wait! He only spent a mere 55 MINUTES at his own golf resort! How could he possibly attend SO MANY serious meetings in such a fleeting moment? Spoiler alert: He didn’t! And the truth unraveled before our very eyes. During the supposed meetings, an eagle-eyed Instagram user posted a jaw-dropping picture of Trump lounging in an EMPTY dining room, glued to the Golf Channel! Someone just blew the whistle on Instagram from Trump's golf club. POTUS is caught red-handed, watching the Golf Channel with TWO other people! pic.twitter.com/5LpVRHR1Do  Steve Kopack (@SteveKopack) March 26, 2017 So even when he’s not out on the golf course, Trump is fixated on watching others play golf! What he is NOT doing is actually leading the nation! Each of his extravagant trips costs taxpayers anywhere from HUNDREDS OF THOUSANDS to MILLIONS of dollars! To make matters even more outrageous, it’s only been TWO DAYS since Trump utterly FAILED to keep his promise to repeal and replace Obamacare. The disastrous bill he and Paul Ryan proposed was SO atrocious it didn’t even make it to a House vote, despite Republicans holding an overwhelming majority! The very next day, he jetted off to his Virginia golf course where, you guessed it, he was caught golfing AGAIN! The pool was misled to believe Trump was in meetings at Trump National this afternoon. But this Instagram photo from the course tells a COMPLETELY different story! pic.twitter.com/WMudqofGmO  Josh Billinson (@jbillinson) March 25, 2017 Trump is absolutely TERRIBLE at deceiving the public about his whereabouts. Apparently, the idea that people at his golf clubs might snap photos proving he’s doing precisely what he vowed he would NEVER do as president never crossed his mind! He remains either blissfully ignorant or defiantly dismissive of the mounting criticism. This is just UNREAL! Featured image via Twitter",1,"Someone Just Showed What Trump Was Doing At His Golf Club While He Said He Was In ‘Meetings’ (PHOTO). One day after Trump had his 12th golfing trip as president he returned to his golf club in Virginia for lucky number 13.Like yesterday, Trump told pool reporters he was at serious  meetings.  He spent just 55 minutes at the golf resort he owns. How did he attend so many serious meetings in so little time? Easy. He didn t.And his lie quickly unraveled.During the time in which he was said to be in meetings, an Instagram user posted a picture of Trump sitting in a deserted dining room  watching the Golf Channel.Someone just posted this on Instagram from Trump's golf club. POTUS appears to be watching Golf Channel with 2 other people. pic.twitter.com/5LpVRHR1Do  Steve Kopack (@SteveKopack) March 26, 2017So even when he s not actually golfing, Trump is watching other people golf. What he isn t doing is actually running the country. Each of his trips costs anywhere between hundreds of thousa",sensationalize_fake
fake_138,"""WATCH: SENATOR JOHN MCCAIN SHOCKS NATION by ENDORSING NFL PLAYERS' DISRESPECT for Our SACRED FLAG! John McCain has taken his disregard for American values to an alarming new level, showing he only cares about PRESIDENT TRUMP'S opinion! It's a twisted game where if Trump supports a cause, McCain becomes his fiercest critic, and if Trump is against it, McCain suddenly thinks it’s the best thing EVER. The insufferable John McCain has become a caricature of himself, making it almost comical to hear his outrageous opinions. His refusal to step away from the Republican Party is a disgrace, dragging the GOP through the mud with every embarrassing public appearance he makes! In a jaw-dropping encounter today, TMZ ambushed McCain to get his take on the NFL players disgracefully kneeling to insult our flag as a feeble attempt to back the anti-cop Black Lives Matter movement. Instead of defending our FLAG, our VALIANT VETERANS, and the country he once bravely fought for, McCain cowardly supported these NFL players' shameful actions. In a shocking twist, his comments directly oppose the STRONG condemnation from President Trump, who rightfully called out these disgraceful athletes! This is a moment that will go down in history! Watch: """,1,"WATCH: SENATOR JOHN MCCAIN Tells TMZ Sports Reporter He’s Okay With NFL Players Disrespecting Our Flag. John McCain really doesn t care what topic reporters ask him about, he only cares how President Trump feels about it, so he can take an opposing view.  If President Trump agrees with a social or political issue, McCain disagrees with it. If Trump disagrees, McCain thinks it s a great idea.The cantankerous John McCain has become so predictable, it s almost laughable to hear his opinions anymore.  He s become an embarrassment to the Republican Party but refuses to give up the R behind his name to save the party of the humiliation of his antics.McCain s latest embarrassing interview happened today when TMZ caught up with him to ask him his thoughts on the NFL players taking a knee in a show of disrespect for our flag, as a way to support the anti-cop Black Lives Matter movement.  Instead of standing up our flag, or for his fellow veterans and the country he once fought so valiantly for,",sensationalize_fake
fake_139,"""WILL HILLARY ATTEND? ‘CLOWN LIVES MATTER’ Rally To Be Held On Oct. 15th [Video]. Brace yourselves, Twitter users are FURIOUS! Clown Lives Matter is nothing short of a grotesque mockery of the serious and pressing Black Lives Matter movement. It’s downright offensive, and many are not going to stand for it! Jacqueline Daniels tweeted: This clown lives matter bull**** is just another pathetic attempt to diminish the REAL anguish of the Black community. It’s an outrageous effort to silence our voices and mock our harsh reality! ABC: TUCSON (KGUN9-TV) – In an astonishing twist, organizers are gearing up for a controversial ‘Clown Lives Matter’ march on October 15 in Tucson, ignited by a chilling wave of frightening incidents—both real and imagined—spreading like wildfire in the news and across social media! The march is set to kick off at 6:30 p.m. on October 15 on 4th Avenue in Tucson, and attendees are STRONGLY encouraged to show up wearing full clown makeup or masks! According to a shocking flyer promoting the event, this is supposedly a PEACEFUL way to assert that clowns are NOT psycho killers. They insist they want the public to feel safe and not be terrified! So come out, bring the family, and prepare to meet a clown and get a hug! This is a rally that you won’t want to miss! Via: ABC15 Read more: Daily Mail""",1,"WILL HILLARY ATTEND? ‘CLOWN LIVES MATTER’ Rally To Be Held On Oct. 15th [Video]. Twitter users wrote:  Clown Lives Matter is just an example of how people continue to make a mockery of Black Lives Matter. It s not funny & I m not here for it.  Jacqueline Daniels  tweeted:  This clown lives matter bull**** anything to diminish black anguish. Anything to silence our voices. Anything to mock our reality. ABC: TUCSON (KGUN9-TV)   Organizers are planning a  Clown Lives Matter  march for October 15 in Tucson in reaction to the recent spate of frightening incidents   both real and imagined   spread in the news and on social media.The march will be at 6:30 p.m. Oct. 15 on 4th Avenue in Tucson. Attendees are invited to show up wearing full clown makeup or masks.According to a flyer advertising the event,  this is a peaceful way to show clowns are not psycho killers. We want the public to feel safe, and not be afraid. So come out, bring the family, meet a clown and get a hug!  Via: ABC15Read mor",sensationalize_fake
fake_140,"DONALD TRUMP SHOCKINGLY ABANDONS THE PRESS To Engage in Something Outrageously Fun…And Completely Ordinary! The press erupted in fury and took to Twitter to unleash a storm of outrage: The only way the press eventually discovered his location was through a lucky Bloomberg reporter, who happened to be dining at the iconic 21 Club, tweeting a jaw-dropping photo of Trump alongside his transition team in the lavish Midtown steakhouse. Trump’s spokesperson, the ever-controversial Hope Hicks, later revealed to NBC News that he is enjoying a dinner with his family. Yes, you heard it right! Wife Melania, daughter Ivanka Trump, her husband Jared Kushner, and sons Donald Jr. and Eric Trump were all spotted at the restaurant, raising eyebrows and questions about his priorities!",1,"DONALD TRUMP DITCHES THE PRESS To Do Something Really Fun…And Normal. The press was not happy and took to Twitter to have a temper tantrum:The only way the press eventually ascertained his whereabouts was after a Bloomberg reporter, who happened to be dining at the 21 Club, tweeted a photo of Trump and some of his transition team in the Midtown steakhouse.Trump spokeswoman Hope Hicks later told NBC News.  He is having dinner with his family. Wife Melania, daughter Ivanka Trump, her husband Jared Kushner, sons Donald Jr. and Eric Trump were all at the restaurant.",sensationalize_fake
fake_141,"""An OBAMA 'LOW LEVEL OFFENDER' Goes FREE: Unthinkable TRAGEDY Strikes as He MURDERS Innocent Woman and Slaughters Her Two Precious Daughters! According to the heartbroken mother of the 35-year-old murder victim, this MONSTER had attempted to take her life before! But in Obama's misguided view, he posed NO THREAT to the community. Imagine if those were his own daughters—would he feel the same way? Obama's early release program is spiraling out of control! A cocaine dealer who was granted early release went on to MURDER his ex-girlfriend and her TWO innocent children! Now, he faces the DEATH PENALTY! Criminals are already pleading down their cases, and thanks to Obama, they can now plead and plead again! Wendell Callahan, 35, is the horrific monster who brutally MURDERED Erveena Hammonds, 32, and her beautiful daughters, Anaesia Green, 10, and Breya Hammonds, 7! He butchered them with a knife, stabbing them mercilessly in their own home in Columbus, Ohio, back in January! Initially sentenced to just 12 1/2 years, he had FOUR YEARS SHAVED off his sentence due to disgusting guideline changes! He even viciously stabbed Hammonds' boyfriend, Curtis Miller, who dared to intervene while Callahan was still in the apartment! Callahan himself was stabbed in the ensuing struggle! His enabling mother claims NO ONE has spoken to her son about the horrific events since he is now in the hospital. Typical of an enabling mother, just like our enabling president! There were numerous witnesses to this chilling crime, and the children's THROATS were SLIT! They were just innocent kids in the first and fifth grades! Back in 2006, he tried to reach out to her! Hammonds revealed that he had BEATEN and CHOKED her so severely that she believed he would KILL her if it weren't for a good Samaritan who intervened! But according to the system, he was a 'good inmate' and posed NO THREAT to society! This is one of the 'low level offenders' Obama wants roaming our streets! NO THREAT? He tried to MURDER her in 2006! Callahan's clueless mother declared, 'He wouldn’t do that to her and her kids!' She raised a sociopath by constantly making excuses for him. This is a nightmare that could have been prevented! Via: Independent Sentinel",1,"An OBAMA “LOW LEVEL OFFENDER” Gets Early Release From Prison: Brutally Murders Woman, Slits Throats of 7, 10 Yr Old Daughters. According to the mother of the 35 year old murdered woman, this maggot had tried to murder her before. But in Obama s eyes he didn t present any danger to the community. Hmmm I wonder if those were his two girls if he might feel differently?Obama s early release program is going to work as expected. A cocaine dealer who received early release murdered his ex-girlfriend and her two children. He now faces the death penalty.Criminals already plea down their cases and now thanks to Obama they get to plea and plea again.Wendell Callahan, 35, murdered Erveena Hammonds, 32, Anaesia Green, 10, and Breya Hammonds, 7.He slaughtered them, stabbed them brutally in their home in Columbus, Ohio in January.Once sentenced to 12 1/2 years, he had 4 years shaved off his sentence in two guideline changes.He also stabbed Hammonds current boyfriend Curtis Miller who showed up while",sensationalize_fake
fake_142,"Pope Francis BLASTS Trump: ‘A Person Who Thinks Only Of Building Walls’ Is ‘NOT A Christian’! In a jaw-dropping moment, Pope Francis, the world-renowned champion of compassion, unleashed his fury on Donald Trump during a press conference. The pontiff, currently wrapping up an unprecedented visit to Mexico, was confronted with the looming shadow of Trump’s controversial potential candidacy. When asked to share his thoughts on the Republican frontrunner, he did not hold back his disdain. ""A person who thinks only about building walls, wherever they may be, and not building bridges, is NOT Christian! This is NOT what the gospel preaches!"" he proclaimed with righteous indignation. The Pope adamantly refused to weigh in on the voting decision, but made it crystal clear: if Trump uttered such words, he is NOT Christian! The benefit of the doubt? Consider it GONE! Over the last seven months, Trump has been relentlessly campaigning on a platform of exclusion, vowing to block Hispanics and Muslims from entering the United States! His disastrous policies serve only to target minority groups and advocate for the heinous return of torture! At its core, Trump's campaign stands in stark opposition to Pope Francis's powerful message of tolerance and compassion! In an unprecedented twist, Trump has managed to infuriate both the Pope and the entire nation of Mexico! He brazenly dismissed the Catholic leader as merely a ""politician,"" but Francis cleverly turned the insult back on Trump: ""Thank God he said I was a politician, because Aristotle defined the human person as animal politicus. So at least I am a HUMAN PERSON!"" As for being a pawn? ""Well, maybe, I don’t know. I’ll leave that up to your judgment and that of the people!"" Meanwhile, Trump’s popularity in Mexico has plummeted to catastrophic lows following his relentless attacks on the Mexican people! He kicked off his presidential campaign by shockingly claiming that the Mexican government was sending rapists across the border to sell drugs and assault American women! He has NEVER backed down from these outrageous statements! And let’s not forget his absurd promise to construct a massive concrete wall along the entire southern border at the mind-boggling cost of billions — and to get Mexico to foot the bill! The Pope’s scathing criticisms of Trump come at a time when the candidate is frantically trying to convince the world that he is a devout Christian — with utterly humiliating results! Trump, who once told shock jock Howard Stern that his numerous unprotected sexual encounters were his personal ""Vietnam,"" has NOT fooled anyone with this pathetic act of a change of heart! It takes an extraordinary amount to provoke the Pope into publicly dismantling someone, and Trump, with all his hate speech and abhorrent ideas, has rightfully earned this backlash! Featured image via Flickr/Flickr",1,"Pope Francis TORCHES Trump: ‘A Person Who Thinks Only Of Building Walls’ Is ‘Not A Christian’. Pope Francis was asked about Donald Trump, and the famously compassionate religious leader could only barely hold back his disgust.Currently, Francis is finishing up an historic visit to Mexico. Needless to say, the issue of Donald Trump inevitably came up. When a reporter asked the pope to weigh in on Trump s potential candidacy, he unloaded on the Republican front-runner. A person who thinks only about building walls, wherever they may be, and not building bridges, is not Christian. This is not in the gospel. As far as what you said about whether I would advise to vote or not to vote, I am not going to get involved in that. I say only that this man is not Christian if he said things like that. We must see if he said things in that way and in this I give the benefit of the doubt. Consider the benefit of the doubt put to rest. Trump has spent the last seven months campaigning heavily on the i",sensationalize_fake
fake_143,"""OPEN BORDERS BERNIE ISSUES A DIRE WARNING TO SHERIFF ARPAIO: 'WATCH OUT, JOE!' The American landscape is about to be rocked by another President who fabricates laws to push his extreme agenda, completely ignoring the statutes that the rest of the nation must follow! In a shocking rally in northern Arizona on Thursday, Democratic presidential hopeful Bernie Sanders unleashed a furious tirade against Maricopa County's infamous Sheriff Joe Arpaio after the Clinton campaign criticized Sanders' wife for a confrontation with the immigration hardliner. The U.S. senator from Vermont condemned Arpaio's brutal crackdown on undocumented immigrants, which often tears families apart, labeling it as utterly outrageous and morally indefensible. 'It’s a cakewalk for bullies like Sheriff Arpaio to target those without power!' Sanders declared emphatically. 'If I ascend to the presidency—the most powerful position in the United States—then Joe better brace himself!' Via: USA Today""",1,"OPEN BORDERS BERNIE Threatens Sheriff Arpaio For Arresting Illegal Aliens: “Watch out Joe”. Just what America needs another President who makes up laws to fit his radical agenda, with no regard for the actual laws the rest of America must abide by Democratic presidential candidate Bernie Sanders ripped into Maricopa County Sheriff Joe Arpaio at a rally in northern Arizona on Thursday, after facing criticism from the Clinton campaign for an encounter Sanders  wife had with the immigration-hardliner sheriff.The U.S. senator from Vermont said Arpaio s arrests of undocumented immigrants, often separating families, were  outrageous and unconscionable. It s easy for bullies like Sheriff Arpaio to pick on people who have no power,  Sanders said.  If I am elected president   the president of the United States does have power. So watch out, Joe.  Via: USA Today",sensationalize_fake
fake_144,"""SHOCKING REPORT: Trump’s Modeling Agency EXPOSED as a FRONT for HUMAN TRAFFICKING! The majority of Donald Trump’s campaign is drenched in xenophobia, but while his supporters are hysterically ranting about immigrants, Trump himself is shamelessly exploiting the glaring flaws in our immigration system – or so claims a bombshell report from Mother Jones, which accuses Trump of engaging in human trafficking (those are my words, not theirs, but it’s pretty clear!). Are those words too strong? Well, according to the explosive report, Trump Model Management has been using foreign models who entered the country on tourist visas – and NOT work visas. Yes, that’s a blatant violation of federal law! It gets even more disturbing! The models are essentially treated as indentured servants, with most of their earnings funneled straight into Donald Trump’s pockets! Founded in 1999, Trump Model Management has skyrocketed to the top of the fashion industry, as boasted by the Trump Organization’s website, and carries a name that symbolizes success and power. According to a financial disclosure filed by his campaign in May, Donald Trump raked in nearly $2 million from the company, where he holds a staggering 85 percent stake! Meanwhile, some former Trump models have revealed that they barely scraped together any money while working for the agency due to the astronomical fees for rent and other expenses imposed by the company! Mother Jones interviewed three of Trump’s former models, ALL of whom arrived in this country WITHOUT proper documentation to be working AT ALL! They compared their experiences working for Trump to MODERN-DAY SLAVERY! Two of these brave models claimed that the agency PRESSURED them to lie! Two of the former Trump models disclosed that Trump’s agency encouraged them to deceive customs officials about their intentions for visiting the United States and instructed them to LIE on customs forms regarding their living arrangements! Anna recalled receiving a chilling instruction from a Trump agency representative: 'If they ask you any questions, you’re just here for meetings.' But that’s not all! The models lamented that they were CRAMMED into a two-bedroom apartment with at least TEN other models, all at exorbitantly inflated prices! Most of these models are UNDERAGE! 'It is like modern-day slavery,' Canadian-born model Rachel Blais lamented, stressing that most of the girls in the apartment who weren’t American lacked work visas! 'We’re hoarded into these tiny spaces,' Kate recounted. 'The apartment was like a sweatshop.' I was by far the oldest in the house at the ripe old age of 18,' Anna added. Source: New York Daily News. A few months ago, the Daily Mail reported on a former model who claims she should have earned a staggering $75,000 a year working for Trump’s agency, but shockingly, she took home LESS than $5,000 in THREE years! She’s now SUING Trump’s agency! It’s also rumored that Trump’s wife Melania entered the U.S. illegally! Neither Mother Jones nor the Daily Mail explicitly used the term 'human trafficking,' but according to the United Nations, the chilling definition certainly applies: While there’s NO evidence in the report of prostitution and absolutely NO evidence of organ trafficking, there was almost certainly DECEPTION, FRAUD, and EXPLOITATION involved! Trump would NEVER get away with paying American models so poorly, which is exactly why he imports them! The next time you hear Trump and his supporters chant, 'lock her up,' REMEMBER this story! Not only is Trump unfit to be President, but he’s also unfit to walk the streets as a free man! Featured image via Stephen Lovekin/Getty Images""",1,"REPORT: Trump’s Modeling Agency Is A Cover For Human Trafficking. The majority of Donald Trump s campaign is built on xenophobia, but while his supporters are ranting non-stop about immigrants, Trump himself is taking full advantage of the flaws in our immigration system   at least according to a report in Mother Jones, in which Trump is accused of human trafficking (my words, not theirs).Are those words a little harsh? Well, according to the report, Trump Model Management has been using foreign models who arrived on tourist visas, not work visas. Yes, that s a violation of federal law. It gets worse, though. The models are what could be considered indentured servants because much of what they make goes right back into the pockets of Donald Trump.Founded in 1999, Trump Model Management  has risen to the top of the fashion market,  boasts the Trump Organization s website, and has a name  that symbolizes success.  According to a financial disclosure filed by his campaign in May, Donald T",sensationalize_fake
fake_145,"""UPDATE ON 9/11 MEMORIAL: OUTRAGE AS COLLEGE 'SNOWFLAKES' FORCE RELOCATION! Brace yourselves for shocking news! Southern Methodist University in Texas has BACKTRACKED on its controversial decision to move an iconic annual 9/11 memorial display, comprised of nearly 3,000 American flags, to a less visible corner of campus following a massive outcry from student groups! A colossal THANK YOU to The Young Americans for Freedom group! They played a pivotal role in this fight! This group has been the driving force behind the tribute honoring the victims of the September 11, 2001, terrorist attacks on SMU's Dallas Hall Lawn every year since 2010. However, in a jaw-dropping twist, officials informed the group in July that they must relocate the display to Morrison-McGinnis Park, claiming Dallas Hall Lawn is reserved for classes and various events, according to university spokesman Kent Best. In a baffling move, SMU officials had also instituted a bizarre policy to ensure displays didn’t contain 'harmful or triggering' messages, only to later retract this language from their then-policy, labeling it as inappropriate. By that point, however, some student groups were in an uproar, deeming the new policy a blatant assault on free speech. 'I don’t believe it’s the university’s job to protect individuals from ideas that they might find offensive,' declared Grant Wolf, the fearless leader of the Young Americans for Freedom group, as reported by Dallas News. Wolf and other campus leaders fired off a letter to university President R. Gerald Turner, expressing their fury over the policy. 'People absolutely must have the right to their own opinions, but this does not come with a right to be shielded from opposing ideas, especially in an environment dedicated to learning and the exchange of ideas,' they passionately wrote. They vehemently condemned the relocation of the memorial. 'Moving the 9/11 memorial to an obscure park is nearly equivalent to banning it altogether,' asserted Heather Hall, president of the university’s Turning Point USA chapter. 'That’s NOT free speech,' Hall exclaimed. 'That’s NOT American. That’s definitely NOT what SMU represents!' In an astonishing revelation: Students on BOTH sides of the political spectrum are united in their desire for the 9/11 flags to be displayed in their traditional location! The failure of college campuses to stand up against the perpetually offended is a disheartening reflection of the current state of American tolerance. It’s tragically ironic that the left demands conformity or they will obliterate you! A MESSAGE TO SMU: You had a fantastic tradition where your student body came together to memorialize 9/11—DO NOT LET IT DIE! DALLAS, Tex. – In an era of extreme political polarization, students, both Republican and Democrat, at one Texas college have discovered a rare point of agreement. For the past two years at Southern Methodist University, a campus group has planted thousands of American flags in front of Dallas Hall as a powerful memorial to the victims of the 9/11 attacks. 'That’s simply contradictory to the very definition of free speech!' declared Grant Wolf, the impassioned Chairman of the Young Americans for Freedom. Yet, in a shocking policy shift, SMU announced in July that student groups are NO LONGER ALLOWED to have displays there! The lawn, historically a battleground for tributes and protests from students across the political spectrum, is now off-limits! The leaders of two influential student groups claim this new policy is a direct violation of their right to free speech. 'They’re basically cornering us into a specific area of campus and saying you can’t have a display here because it’s triggering, harmful, or offensive to students over there!' lamented Drew Wicker, the President of SMU College Republicans. SMU released a statement insisting that nearby Momac Park, where displays will now be permitted, is actually larger than the lawn and located along one of the most prominent drives on campus. The university maintains it respects the rights of all campus community members to express their opinions while also ensuring a right to be free from coercion or harassment. Via: Fox 5 Atlanta",1,"UPDATE ON 9/11 MEMORIAL Banned for “Triggering” College Snowflakes. Great news! Southern Methodist University in Texas has reversed its decision to relocate an annual 9/11 memorial display made up of nearly 3,000 American flags to a less prominent part of campus after facing backlash from student groups.A huge thank you to The Young Americans for Freedom group! They had a hand in making this happen! They also were the ones who had set up the tribute honoring the victims of the September 11, 2001, terrorist attacks on SMU s Dallas Hall Lawn every year since 2010.But in July officials informed the group to move the display to Morrison-McGinnis Park because Dallas Hall Lawn is used for classes and a variety of events, said university spokesman Kent Best.SMU officials also had adopted a policy to ensure displays didn t include  harmful or triggering  messages, but they later removed the language from the then-policy as inappropriate. By that time, though, some student groups said the new p",sensationalize_fake
fake_146,"""Bernie Sanders Delivers Fiery Speech Against Walmart, And It's Absolutely Electrifying (VIDEO)! At a riveting campaign event at Iowa's Wesleyan University, Bernie Sanders unleashed a passionate tirade against Walmart and other colossal corporations, exposing how they thrive in a rigged economy that favors the wealthy! Sanders boldly declared that Walmart is, without a doubt, grateful for the enormous support they receive from hardworking taxpayers. He dramatically illustrated the absurdity of this rigged system, pointing to the Walton family—the richest family on the planet—who are evidently thrilled that you are sacrificing your hard-earned money for their benefit. They are ecstatic and even sent their heartfelt thanks through Sanders! With a staggering net worth of 60 to 70 billion dollars, they are immensely appreciative of your tax contributions that help subsidize their underpaid workers. This is the very scheme through which we plan to revive the economy by putting 13 million Americans back to work, rebuilding our crumbling infrastructure! Despite facing relentless criticism claiming he lacks a financial plan for his ambitious proposals, Sanders confidently dismissed these accusations as utter nonsense! He has a detailed funding strategy for each and every policy he advocates! To the right-wingers who spew the obnoxiously classist rhetoric that people support Sanders solely because he offers them 'free stuff,' let me clarify: that couldn't be further from the truth! Sanders is on a mission to ensure that corporations stop receiving free handouts from taxpayers! In his explosive speech, Sanders pointed out that three major profitable corporations not only evade paying federal income taxes but actually received a rebate from the IRS! Can you believe it? Three major corporations raked in over $100 billion in profits, paid zero taxes, and, astonishingly, got money back from the I.R.S.! We are living in a nightmarish reality where the wealthy enjoy socialism while the rest of us are subjected to ruthless capitalism! Sanders concluded with a powerful message, asserting that closing these outrageous loopholes will fund one of his most revolutionary programs! This is how we will rebuild our infrastructure and create millions of jobs! Don't miss the gripping speech below! Featured Image Credit: Screenshot via YouTube""",1,"Bernie Sanders Takes On Walmart In This Speech And It Is Glorious (VIDEO). During a campaign event at Iowa s Wesleyan University, Bernie Sanders spoke to the audience about how Walmart and other large corporations benefit from a  rigged economy. Sanders begins by saying that Walmart is very appreciative of all the support they receive from taxpayers: Just to give you an example of what a rigged economy is all about.  I mentioned the Walton family   the wealthiest family in the world   being very appreciative that you are supporting them. They re very happy about that.  And they asked me to send you their thanks. Sanders continues, saying: They re only worth 60 of 70 billion dollars and they do appreciate you paying taxes to help them subsidize their workers. This is how we re going to pay to put 13 million Americans back to work rebuilding our crumbling infrastructure. There has been a lot of criticism of Sanders that says that he does not have a plan to pay for the programs he is prop",sensationalize_fake
fake_147,"""WATCH: Fox Host Jeanine Pirro Just OBLITERATED Karl Rove And GOP Chair Reince Priebus! The folks at Fox News are spiraling into madness by the second, and while it's utterly tragic that this organization dares to call itself a news outlet, it's undeniably thrilling to witness Fox turn on its own in a spectacular fashion! In her latest explosive tirade, so-called 'judge' and fervent Donald Trump supporter Jeanine Pirro is absolutely FURIOUS with her fellow Fox cohort, the wildly erratic Karl Rove and Republican National Committee chairman Reince Priebus, for their recent blasphemous comments regarding a contested Republican convention and the beloved Donald Trump! WATCH the jaw-dropping video here: [youtube https://www.youtube.com/watch?v=qINfdIhqzXM] Normally, Pirro reserves her outrageous rants for Democrats or Muslims, but this time she unleashed a volcanic eruption of fury directed at Rove and Priebus for their perceived anti-Trump betrayal! In direct response to Rove's shocking suggestion that it could be acceptable for Republicans to snatch the nomination away from Trump—even if he enters the convention with the MOST delegates but not enough to secure the nomination—an unhinged Pirro went off the rails! She declared: 'The Republican establishment, DESPERATE to squash Donald Trump and Ted Cruz, is STILL scheming to nullify our votes! If there were ever a time to NOT take away our vote, it's NOW—especially as more people than EVER are invested and voting! You want to maintain your status quo—the one where one hand washes the other, and we pay for the soap!' And that's not all! Pirro also launched a blistering attack on Rove's outrageous remarks suggesting a 'fresh face' may be needed to beat Clinton in November. She shot back: 'You want a fresh face? Aren't you the guy who kept flooding us with one Bush after another?' Continuing her fiery rampage, Pirro lashed out at RNC Chairman Reince Priebus, mercilessly calling him out for his cowardice in refusing to tell Sean Hannity whether the presidential nominee for Republicans will actually be one of the top vote-getters—Trump or Cruz! Pirro exclaimed: 'Whatever happened to your vote matters? Not only is that infuriating, it is UN-AMERICAN!' Watching these so-called conservatives and Republicans implode in front of our very eyes is perfectly timed as we approach the elections for November—it serves to illuminate the glaring truth that the GOP of today is NOT fit to run this country! Featured image via video screenshot.""",1,"WATCH: Fox Host Jeanine Pirro Just DESTROYED Karl Rove And GOP Chair Reince Priebus. The folks at Fox News are getting crazier on a minute by minute basis and although it s quite sad that this organization calls itself a news outlet, it s nonetheless quite entertaining watching Fox eat its own.In the latest of her rants, so-called   judge  and Donald Trump supporter Jeanine Pirro is ticked off at her cohort at Fox, nut-job extraordinaire Karl Rove and Republican National Committee chairman Reince Priebus  for their recent statements about a contested Republican convention and Donald Trump.Watch video here:[youtube https://www.youtube.com/watch?v=qINfdIhqzXM]Pirro usually reserves her outrageous statements for Democrats or Muslims, but this time she unleashed her fury on Rove and Priebus for their perceived anti-Trump stances. In response to Rove s suggestion that it would be acceptable for the Republicans to take the nomination away from Trump, even if he goes into the convention with ",sensationalize_fake
fake_148,"Ann Coulter Unleashes SHOCKING Call for ‘Death Squads’ to Hunt Down Undocumented Immigrants! This is exactly why the right-wing MUST NEVER hold power again! Donald Trump’s jaw-dropping decision to collaborate with Democrats on a groundbreaking legislation to solidify the Deferred Action for Childhood Arrivals program has set his anti-immigration base ablaze with fury! Despite the undeniable truth that these innocent children were brought to America through NO fault of their own and that this land is the ONLY home they have ever known, right-wing extremists like Ann Coulter are DEMANDING their deportation! In a fit of rage over Trump’s decision, she has now audaciously called for the formation of DEATH SQUADS to roam the nation executing anyone who dares to be an undocumented immigrant or pro-immigration! ""We have made our demands crystal clear, we want LESS immigration!"" Coulter exclaimed during a shocking appearance on the Todd Starnes show. ""Stop dumping the third world on our country! If he continues down this path, well, I guess there are three options!"" she continued ominously. ""There’s the organizing of death squads for the people who ruined America, because there will be NO MORE HOPE! I guess the other possibility is to—well, I don’t think anyone would shed a tear if he were impeached! What’s the faction opposing that? And then at least we’ll get Mike Pence! But in terms of saving America, maybe a third party!"" Check out the chilling audio via Right Wing Watch! This is a terrifying threat that the American people MUST reject IMMEDIATELY! Moreover, federal law enforcement MUST launch an investigation into Coulter’s incendiary remarks. Her words could SPARK the most dangerous right-wing extremists to actually form these death squads, terrorizing our nation! Killing immigrants and creating death squads is a nightmarish agenda that would make Adolf Hitler PROUD! This is the kind of sinister action that Nazis DREAM of in this country, and Coulter MUST face dire consequences for even suggesting such a HORRIFIC option!",1,"Ann Coulter Calls For Assembling ‘Death Squads’ To Kill Undocumented Immigrants (AUDIO). This is why the right-wing should never have power again.Donald Trump s decision to work with Democrats on legislation that would enshrine the Deferred Action for Childhood Arrivals program into law has angered his anti-immigration supporters.Despite the fact that these children were brought to America through no fault of their own and the fact that America is the only only home they have ever known, right-wingers like Ann Coulter want them deported anyway. And she is so angry over Trump s decision that she is now calling for the creation of death squads to go around the country executing anyone who is an undocumented immigrant or pro-immigration. We have made as clear as you can possibly make it, we want less immigration,  Coulter said during an appearance on the  Todd Starnes show.  Stop dumping the third world on the country. If he continues down this path, well I guess there are three options, ",sensationalize_fake
fake_149,"""SHOCKING VIDEO: TEACHER RAGES at STUDENTS Over Trump T-Shirts, CALLS Them 'SWASTIKAS'! DEMANDS Students Hide Their Beliefs! This outrageous high school educator was caught on camera in a fit of hysteria, ordering students to TURN THEIR TRUMP T-SHIRTS INSIDE OUT, claiming that the Make America Great Again slogan is EQUATED with a swastika! Can you believe it? WATCH: Teacher forces students to FLIP MAGA shirts inside out, insisting it’s akin to a swastika and symbolizes NAZISM!  pic.twitter.com/hu0WRvwZ4D  USA Association (@USAAssociation) September 4, 2017! This is just one of the countless instances of radical, intolerant educators THREATENING students who dare to challenge the liberal agenda that have surfaced over the last decade! One of the most outrageous examples unfolded less than two years ago when several professors at Washington State University boldly declared that students' grades would plummet if they used terms like 'illegal alien,' 'male,' and 'female,' or if they didn't SUBMIT to non-white students! In an absolutely jaw-dropping incident, a Fresno State professor was caught on tape HARASSING a student because she had the audacity to chalk a pro-life message on the sidewalk (after receiving PERMISSION from the school to do so)! Witness this shocking footage of a male professor BULLYING an innocent young female student:""",1,"WATCH: TEACHER CAUGHT ON VIDEO Calling Trump T-shirts “Swastika”…DEMANDS Students Turn Them Inside Out. This unhinged high school teacher was caught telling students to turn their Trump t-shirts inside out, because the  Make America Great Again  slogan is the same thing as a swastika. Come again?Watch:Teacher makes students flip MAGA shirts inside out because it's similar to a swastika & represents nazis!  pic.twitter.com/hu0WRvwZ4D  USA Association (@USAAssociation) September 4, 2017Example after example of intolerant radical educators threatning students who refuse to tow the liberal line have emerged over the past decade. One of our favorite examples took place less than 2 years ago when multiple professors at Washington State University explicitly told students their grades would suffer if they used terms such as  illegal alien,   male,  and  female,  or if they failed to  defer  to non-white students.A Fresno State professor was actually caught on video bullying a student at the c",sensationalize_fake
fake_150,"MUSLIM TEENAGE RADICAL Who Repeatedly Scrawled 3 Controversial Words on His College Application HAS SHOCKINGLY GAINED ADMISSION to the Elite Stanford University! A young Muslim from New Jersey has been thrust into the spotlight after boldly writing #BlackLivesMatter a staggering hundred times on his college application! Ziad Ahmed, a senior enrolled at the exorbitantly priced $34,600-a-year Princeton Day School, proudly unveiled his acceptance letter alongside the audacious essay that secured his spot at Stanford on Twitter. His tweet reveals that when faced with the question, What matters to you, and why? Ahmed defiantly penned the hashtag #BlackLivesMatter one hundred times, showcasing his radical views! Stanford's acceptance letter hailed the university's admiration for the fervor, resolve, achievements, and heart displayed in Ahmed's application. They also proclaimed he would join a diverse, joyful, and welcoming campus community, united in a shared mission to reshape our world if he dares to attend Stanford! In a jaw-dropping interview with Mic, Ahmed expressed his utter disbelief, stating, I was actually stunned when I opened the update and saw that I was admitted. I didn’t think I would get admitted to Stanford at all, but it’s incredibly refreshing to see that they perceive my unapologetic activism as an asset rather than a liability! Ahmed further declared that he included a reference to Black Lives Matter because he believes unapologetic progressivism is a defining aspect of my identity, and I wanted that to be front and center in my application. For me, being Muslim means being an ally to BLM, and I truly can’t envision it any other way! Ahmed passionately emphasized the critical need to acknowledge that one-fourth to one-third of the Muslim community in America are black, asserting that to separate justice for Muslims from justice for the black community is to erase the complex realities of our diverse community. Happy birthday to my role model, @lsarsour! As a young American-Muslim today, she empowers me through her fearless advocacy. Grateful. pic.twitter.com/u1YdU3tlyt Ziad Ahmed (@ziadtheactivist) March 19, 2017. Ahmed's Twitter profile is a treasure trove of his radical activism and political affiliations. His Twitter page flaunts a profile picture with former Democratic presidential candidate Hillary Clinton, a background photo featuring former President Obama, a snapshot with Women’s March organizer and controversial figure Linda Sarsour, and a photo with Teen Vogue writer Lauren Duca, who notoriously claimed President Trump is gaslighting America and defended the harassment of Ivanka Trump. Despite Ahmed's application highlighting his allegiance to Black Lives Matter, the College Board website reveals that Stanford is only 36 percent white, 21 percent Asian, 16 percent Hispanic or Latino, 10 percent two or more races, 9 percent non-resident alien, and a mere 6 percent black or African American.  MRCTV",1,"MUSLIM TEEN Who Wrote 3 Radical Words Over And Over Again On College Application Has Been ACCEPTED To Prestigious Stanford University. A Muslim teenager from New Jersey was accepted to the prestigious Stanford University after he wrote  #BlackLivesMatter  a hundred times on his college application.Ziad Ahmed, a senior who attends the $34,600 a year private Princeton Day School, posted his acceptance letter and the essay that helped get him accepted on Twitter. The tweet shows that when he was prompted to answer the question,  What matters to you, and why?  Ahmed simply wrote the hashtag  #BlackLivesMatter  one hundred times.In his acceptance letter, Stanford emphasized how the university loved the  passion, determination, accomplishments and heart  shown in Ahmed s application. They also said he will be joining a  diverse, joyful, and welcoming campus community with a shared determination to make our world better  if he chooses to attend Stanford.In an interview with Mic, Ahmed said,  ",sensationalize_fake
fake_151,"Trump’s America: Jewish Centers Rocked by Disturbing Bomb Threats! In the terrifying landscape of Trump’s America, a chilling wave of hate and violence has taken hold! As anti-Semitism, Islamophobia, and transphobia surge alarmingly, shocking reports reveal that six Jewish centers across four states were forced to evacuate on Monday due to sinister bomb threats! Panic ensued as two centers in Miami-Dade County, Florida, were hastily evacuated, but thankfully, both buildings were declared ""all-clear"" by vigilant patrols. However, the nightmare continued as a center in Jacksonville also faced a menacing threat, only to be cleared later. The chaos spread to Rockville, Maryland, where the JCC was also evacuated. Like the others, no bomb was found, but the fear lingers! Disturbingly similar threats struck two centers in Nashville, Tennessee, and Columbia, South Carolina. Again, nothing was discovered, but the terror remains! Fortunately, all these threats were merely that—threats. Yet, with swastikas appearing ominously across the nation and neo-Nazis audaciously holding open meetings in the capital, emboldened by the new ""dear leader"" Trump, these threats could swiftly escalate into actual violence against our Jewish brothers and sisters! The alarming rise of the alt-right and neo-Nazi movement is a critical concern, as white nationalism has been climbing steadily since President Obama took office in 2009. What a startling coincidence! If Trump fails to rein in and vehemently denounce these dangerous individuals, his silence could serve as a disturbing call to action, leading to a horrifying escalation! This should NOT be the new normal in the United States; it should be breaking NEWS! At any other point in modern American history, would such terror be considered acceptable? Trump’s presence, coupled with the growing alt-right, has unleashed a venomous wave of hatred that is infiltrating every corner of our society, day by day! America, and Republicans, MUST rise up and defend our Jewish brothers and sisters here at home as fiercely as they defend Benjamin Netanyahu in Israel. But don’t hold your breath!",1,"Trump’s America: Jewish Centers Rattled With Bomb Threats. In Trump s new America, hate and violence are reigning supreme. Amid spikes in anti-Semitism, Islamophobia and transphobia, reports are coming out that six Jewish centers in four states have been evacuated Monday after bomb threats were made.Two centers in Miami-Dade County, Florida were evacuated, but luckily both buildings were declared  all-clear  by patrol. One center in Jacksonville was also targeted with a threat, but has since been cleared as well.The same situation was reported in Rockville, Maryland when the JCC was evacuated. Like the other centers, no bomb was found and the center is clear now.Similar threats also hit two centers in Nashville, Tennessee and Columbia, South Carolina. Like all the others, nothing was found.Luckily, all these threats were just that   threats. But with swastikas popping up all across the country and neo-Nazis holding open meetings in the nation s capital all inspired by the new dear lead",sensationalize_fake
fake_152,"""Trump's Disturbing Incest Joke About Ivanka Forces Dr. Oz to Censor Him (VIDEO). In a shocking revelation from Trump’s disastrous appearance on the infamous Dr. Oz's show, viewers were left reeling by his grotesque attempt to portray himself as healthy while divulging absolutely no information. But that’s not all—did you hear that he once again made a scandalous joke about having relations with his own daughter? The producers were so appalled that they had to cut the remarks from the final edit, but the journalists present during the taping were quick to notice the glaring omission. So, brace yourselves: it appears the producers of ""The Dr. Oz Show"" had to scrub the cringeworthy comments made by Oz and Trump about fathers kissing daughters from the record! Jenna Johnson (@wpjenna) reported on September 15, 2016, that the show edited out #Trump's creepy comments about kissing his daughter Ivanka as often as they could. So what exactly did Trump say? When Ivanka Trump stepped onto the stage, Dr. Oz made the unsettling remark, ""It’s nice to see a dad kiss his daughter,"" to which Trump grotesquely replied that he kisses her ""every chance he gets."" With Trump’s numerous other sexually charged comments about Ivanka, this was simply too much for Dr. Oz, who apparently felt the need to protect Trump from the humiliation of being labeled the ""incest candidate."" It’s worth recalling Trump’s jaw-dropping admission on The View: ""I’ve said if Ivanka weren’t my daughter, perhaps I’d be dating her."" He also boasted to Howard Stern about Ivanka’s body, and just recently told GQ that she’s ""really something, and what a beauty, that one. If I weren’t happily married and, ya know, her father."" He shockingly stated on a talk show that what he and Ivanka have most in common is ""sex."" Pair that with unsettling photos of the two, and it’s evident that the Trump family is a train wreck. A picture of Donald Trump with his daughter Ivanka, perched on top of two concrete parrots having sex, has gone viral!  pic.twitter.com/TFse8gM1An Tim Ireland (@bloggerheads) January 31, 2016. The creepy Trump family is beyond creepy! pic.twitter.com/I1SL6gnnsi Kyle Foley (@KFoleyFL) September 15, 2016. Excellent @HuffingtonPost Ivanka Trump feature. Also, this photo is beyond disturbing: https://t.co/UEgD3FBsOX pic.twitter.com/gktyJE5Km8 Marlow Stern (@MarlowNYC) September 7, 2016. This is that chilling photo of #Trump in bed with Ivanka. pic.twitter.com/QNYjipw9qO Hillary 2016 (@KathyNeeds) August 22, 2016. He’s even been known to brazenly fantasize about another daughter’s breasts when she was merely one year old! Donald Trump is gearing up to confront one of his alleged rape victims in court—a woman who was just 13 years old when she claims, in shocking detail, that Trump violently raped her and another even younger girl! This is the GOP candidate, folks. This man could potentially be our next President! Think about that, and make sure to vote BLUE in November. Watch one of the many, many times Trump has ""joked"" about his shocking desire for his daughter below: Featured image via Twitter""",1,"Trump Told An Incest Joke About Ivanka So Creepy Dr. Oz Was Forced To Edit It Out (VIDEO). To most people watching Trump s disastrous appearance on quack pseudo-doctor, Dr. Oz s show, the appearance was simply an attempt by Trump to prove he s healthy by releasing no information whatsoever. But did you know he also   again   joked about having relations with his daughter?The remarks were edited out of the final copy, but journalists who were there for the taping certainly noticed it was missing.So, uh, looks like the producers of ""The Dr. Oz Show"" cut out the awkward comments from Oz and Trump about fathers kissing daughters  Jenna Johnson (@wpjenna) September 15, 2016The Dr. Oz show edited out #Trump's comments on kissing daughter Ivanka as often as possible. #TrumponOz  Michelle Fay Cortez (@FayCortez) September 15, 2016So what, exactly, did Trump say? Dr. Oz said when Ivanka Trump came on stage,  It s nice to see a dad kiss his daughter,  reported NBC s Peter Alexander.  Trump respo",sensationalize_fake
fake_153,"TRUMP UNCOVERS OBAMA’S GROSS NEGLIGENCE: Cuts EPA Budget…Yet Miraculously FIXES Flint’s Water Nightmare! While Barack Obama sat idle for a staggering 3 years, President Donald Trump has swooped in and accomplished what seemed impossible in just 2 short months! The EPA has just announced a jaw-dropping $100 million grant to the city of Flint, Michigan to finally replace the city’s dangerously corroded and lead-infested pipes. Critics of President Trump are screaming from the rooftops about his proposed budget cuts at the Environmental Protection Agency, claiming these cuts are clear evidence that he doesn’t care about the environment at all! But EPA Administrator Scott Pruitt declared boldly, 'The people of Flint and all Americans deserve a more responsive federal government!' The EPA is laser-focused on rescuing Michigan’s water infrastructure as part of their grand mission to overhaul America’s failing water systems. Thanks to the authority bestowed upon them by the Water Infrastructure Improvements for the Nation Act of 2016, the EPA has delivered a staggering $100 million grant to the beleaguered city of Flint, Michigan, to help replace the city’s dangerously deteriorating and lead-laden water pipes. 'We are excited and very grateful to receive these much-needed funds,' exclaimed Flint Mayor Karen Weaver. The City of Flint receiving a grant of this colossal size during such a critical crisis is nothing short of a miracle! In a show of support, the state of Michigan also threw in $20 million to match 20 percent of the grant. Meanwhile, CNN is relentless in their anti-Trump crusade, stubbornly insisting that President Trump had nothing to do with this grant, claiming it is merely a result of actions taken by former President Barack Obama and the previous Congress in 2016. They are shockingly blind to Trump’s unwavering promise to repair our nation’s crumbling infrastructure at lightning speed—something Obama never prioritized! CNN continues to obsess over Trump’s proposed 31 percent EPA budget cuts, completely ignoring the fact that the president has no intention of defunding crucial programs designed to bolster the water system infrastructure. Despite Flint suffering from tainted water for a grueling three years, Obama’s EPA did absolutely NOTHING to remedy the crisis. Now that Trump is in power, he is taking bold, decisive actions to transform the lives of Flint, MI citizens for the better!",1,"TRUMP EXPOSES OBAMA’S INCOMPETENCE: Cuts EPA Budget…Still Fixes Flint’s Water Crisis. Although Obama had 3 years to take action to fix the Flint water problem, President Donald Trump has managed to do it in 2 months. The EPA has just issued a $100 million grant to the city of Flint, Michigan to replace the city s corroded and lead-polluted pipes.Critics of President Trump have lambasted him for his proposed budget cuts at the Environmental Protection Agency, saying the cuts are proof that he doesn t care about the environment.EPA Administrator Scott Pruitt released a statement saying,  The people of Flint and all Americans deserve a more responsive federal government  EPA will especially focus on helping Michigan improve Flint s water infrastructure as part of our larger goal of improving America s water infrastructure. Under authority granted the agency by the Water Infrastructure Improvements for the Nation Act of 2016, the EPA just issued a $100 million grant to the beleaguered city",sensationalize_fake
fake_154,"""BREAKING: Shocking New Investigation Rocks Trump’s Inner Circle – Another Associate Linked to Russia! (DETAILS INSIDE). Today, a bombshell revelation has emerged, plunging the Trump administration into deeper turmoil as yet another figure is ensnared in a swirling federal investigation. Michael G. Flynn, the son of the notorious Michael Flynn and infamous for his role in propagating the outrageous Pizzagate conspiracy, is now under intense scrutiny for his alleged collusion with Russia. It’s highly probable that he shares the same guilt as the rest of the Trump entourage, given his close ties with his father. NBC reports: Michael G. Flynn was seen accompanying his father on a scandalous trip to Moscow in December 2015, where the elder Flynn delivered a paid speech at a gala for the state-sponsored Russian television network RT. Shocking footage from an associated event shows their conspicuous presence. The elder Flynn, a retired Army lieutenant general and former director of the Defense Intelligence Agency, was seated at the same table as the notorious Russian President Vladimir Putin during this controversial dinner. Records unveiled by the House Oversight Committee reveal he pocketed nearly $34,000 for his speech; RT even covered the expenses for Flynn and his son’s lavish airfare to Moscow and their stay at a luxury hotel from Dec. 9 to Dec. 12. Several legal experts with insight into this explosive investigation have informed NBC News that Mueller, employing a classic prosecutorial strategy, is determined to extract crucial information from key players, including Flynn and Manafort, regarding any potential collusion between the Trump campaign and Russia. Mueller has strategically added a federal prosecutor known for expertly flipping subjects against their associates to his formidable team. Any looming criminal liability for Michael G. Flynn could unleash crushing pressure on his father, according to these legal experts. In other words, any strain placed on Junior translates directly to pressure on the elder Flynn, who reports have persistently indicated the federal government is attempting to turn against. This shocking revelation merely adds another name to the already extensive list of Trump associates entangled in dubious connections to Russia. It’s glaringly obvious that Trump perceived the campaign as a lucrative business venture, never genuinely expected to win, and was hell-bent on leveraging the opportunity to construct Trump Tower Moscow alongside other ambitious projects. He aggressively courted Russian investors, sought the blessing of Putin’s regime, and then, in a stunning twist of fate, accidentally clinched the election instead of merely coming close. There’s simply no other explanation for the amateurish and sloppy nature of these desperate cover-up attempts! Featured image via Addicting Info""",1,"BREAKING: Someone Else Connected To Trump Is Under Investigation For Colluding With Russia (DETAILS). Today, more bad news for Trump broke as yet another person related to the Trump administration comes under federal investigation. Michael G. Flynn, the son of Michael Flynn and infamous for his role in spreading the Pizzagate conspiracy, is under investigation for his role in colluding with Russia.It s likely he s as guilty as the rest of the Trump team, as he works closely with his father.NBC reports:Michael G. Flynn accompanied his father, for instance, on a trip to Moscow in December 2015 for the elder Flynn to deliver a paid speech at a gala for the state-sponsored Russian television network RT. He can be seen in video from an associated event.The elder Flynn, a retired Army lieutenant general and a former director of the Defense Intelligence Agency, was seated at the same table as Russian President Vladimir Putin during the dinner. Records released by the House Oversight Committee",sensationalize_fake
fake_155,"In a shocking display of arrogance, Hawaii Attorney General HUMILIATES Jeff Sessions for his outrageous whining about a judge on an ‘Island In The Pacific’! Donald Trump’s Attorney General just got SCHOOLED on the Constitution in a jaw-dropping confrontation! Earlier this week, Jeff Sessions unleashed his frustrations, lamenting that a judge on a remote island could wield the power to BLOCK an executive order. ""I really am amazed that a judge sitting on an island in the Pacific can issue an order that stops the President of the United States from what appears to be clearly his statutory and constitutional power,"" Sessions complained. Ironically, Sessions has been a massive hypocrite, cheering on judges who thwarted executive orders from President Obama. But now, because the order was issued by his wealthy white boss, Sessions is suddenly in a tizzy! Judge Derrick Watson bravely stood up to Trump and his racially charged administration just months ago by BLOCKING parts of the immigration ban that unjustly barred Muslims from entering the country! Trump's ban caused CHAOS across the globe and trampled the civil rights of THOUSANDS! Hawaii is NOT just an ‘island in the Pacific’—it is an official state under the very Constitution that Jeff Sessions and Donald Trump violate every single day! The Constitution’s founding fathers created the Judicial Branch to serve as a vital CHECK on executive and legislative power. The judiciary holds the power to REVIEW executive orders and laws, and can STRIKE THEM DOWN if they are unconstitutional! Judge Watson exercised his judicial authority to uphold the Constitution! Sessions’ statements are a disgraceful attempt to UNDERMINE the judicial branch! Hawaii Attorney General Dougal Chin fired back at Sessions on Thursday, explaining how the Constitution works in a stunning rebuttal! President Trump previously labeled a federal judge in California a ‘so-called judge.’ Now, U.S. Attorney General Sessions appears to dismiss a federal judge in Hawaii as merely ‘a judge sitting on an island in the Pacific.’ Our Constitution established a separation of powers for a CRUCIAL REASON! Our federal courts, rooted in Article III of the Constitution, are equal partners with Congress and the President. It is utterly DISAPPOINTING that Sessions doesn’t recognize that! America demands an Attorney General who TRULY comprehends the Constitution, and Sessions clearly does NOT! In a futile attempt to clarify his offensive remarks, one of Sessions’ Justice Department lackeys pathetically claimed, ""Hawaii is, in fact, an island in the Pacific—a beautiful one where the Attorney General’s granddaughter was born."" But here’s the REAL issue: when a flawed opinion by a single judge can BLOCK the President’s lawful authority to protect the nation, we have a serious problem! It’s WRONG! If Trump and his administration believe the ruling is flawed, they must seek opinions from higher courts—that’s how our system operates! The White House and Justice Department cannot simply disregard a court ruling because they disagree with it! Furthermore, national security should NEVER be used as an excuse to IGNORE the Constitution! That is a slippery slope to tyranny! If that justification were acceptable, Trump and Sessions would exploit it at every turn to rationalize their every action! Jeff Sessions should be utterly EMBARRASSED for attacking the judicial branch in such a disgraceful manner, and he certainly deserves the humiliation he is currently facing! Frankly, he should RESIGN IN DISGRACE!",1,"Hawaii Attorney General HUMILIATES Jeff Sessions For Whining About Judge On ‘Island In The Pacific’. Donald Trump s Attorney General just got schooled on the Constitution.Earlier this week, Jeff Sessions bitched about a judge  on an island in the Pacific  having the power to block an executive order. I really am amazed that a judge sitting on an island in the Pacific can issue an order that stops the President of the United States from what appears to be clearly his statutory and constitutional power,  Sessions said.Of course, Sessions is a hypocrite because he cheered on judges who blocked executive orders issued by President Obama.But because the order was issued by his rich white boss, Sessions is all of a sudden complaining.Judge Derrick Watson stood up to Trump and his racist administration a couple months ago by blocking parts of the immigration ban that barred Muslims from certain nations from entering the country. Trump s ban caused international chaos and violated the civil ri",sensationalize_fake
fake_156,"MICHIGAN CITY WITH FIRST MUSLIM-MAJORITY CITY COUNCIL IN AMERICA UNVEILS ASTOUNDING ""SAFE HAVEN"" FOR REFUGEES AND IMMIGRANTS IN SCHOOLS! It’s shocking to realize that illegal aliens, potential terrorists, and their families now have a sanctuary where they can evade law enforcement in Hamtramck, MI! As a concerned MI resident, my sense of safety has plummeted! Hamtramck, MI Public Schools are rolling out community resources and legal services for any families adversely affected by President Trump’s policies, according to a jaw-dropping statement featured in a Detroit newspaper. ALL Hamtramck schools are now designated as safe havens with a bold commitment to assist ALL immigrant families in dodging deportation, Superintendent Thomas Niczay alarmingly declared to the Detroit News. Hamtramck passed a controversial resolution with the ""safe haven"" label back in January—BEFORE Trump even took office! As a board and a school district, we thought ahead and wanted to ensure our community understood that regardless of what unfolds after January, Hamtramck Public Schools will serve as a home away from home for their children, Hamtramck school board secretary Salah Hadwan, whose family fled Yemen, shockingly revealed to the News. Hamtramck gained notoriety in November 2015 when it made history by electing the nation’s FIRST Muslim-majority city council, after which it was derogatorily dubbed ""Shariahville"" by some Michiganians who viewed the town as a harbinger of what they dread their cities could morph into. Furthermore, Hamtramck became one of the FIRST cities to permit a mosque to blare the Islamic call to prayer over loudspeakers in 2004, resulting in an exodus of many ethnic Polish residents fleeing to the suburbs. This is a DISTURBING trend that cannot be ignored! WND",1,"MICHIGAN City With First MUSLIM-MAJORITY City Council In America Announces “Safe Haven” For Refugees, Immigrants In Schools. It s good to know that illegal aliens, potential terrorists and their families have a place they can go to and feel  safe  from law enforcement in Hamtramck, MI As a MI resident, I feel  safer  already Hamtramck, MI Public Schools will provide  community resources  and  access to legal services  for any families negatively impacted by President Trump s policies, according to a statement published in a Detroit newspaper. All Hamtramck schools are safe havens with a commitment to help all immigrant families connect with the needed resources to avoid deportation,  Superintendent Thomas Niczay told the Detroit News.Hamtramck passed a resolution with the  safe haven  designation in January, before Trump even took office. As a board and a school district, we thought ahead and wanted to have a resolution in place to make our community know that whatever happens after Ja",sensationalize_fake
fake_157,"Boiler Room EP #114 – Shocking Revelations About Psychos In The Compromised Media! Brace yourselves as you tune in to the Alternate Current Radio Network (ACR) for yet another EXPLOSIVE LIVE broadcast of The Boiler Room tonight at 6:00 PM PST | 8:00 PM CST | 9:00 PM EST! This isn't just any broadcast; it's a MUST-WATCH special event! Join our intrepid hosts Hesher and Spore, along with the audacious Andy Nowicki and the ever-controversial Jay Dyer of Jays Analysis, plus an eye-opening special report from the sensational FunkSoul (21WIRE & ACR contributor), for the jaw-dropping hundred and fourteenth episode of BOILER ROOM! Turn up the volume, tune in, and immerse yourself in the ACR Brain-Trust as they dissect the most shocking boil downs and analyses, not to mention the usual teeth-gnashing antics of the political animals in the notorious social reject club! This week, we plunge into a MIND-BENDING array of events and jaw-dropping disappointments concocted by the deceitful mainstream media and the zombified public who swallow their toxic garbage whole! The team exposes the insidious truths behind mind control, MK-Ultra, George Webb, media psyops, intelligence operations, and deep state infiltrated movements! And don't miss FunkSoul as he delivers a heart-pounding 5 minutes of Funk on a whistleblower from the banking industry! This is NOT to be missed! Direct Download Episode #114! Please like, share, and spread the word about this eye-opening program, and visit our donate page to get involved in this crucial fight for truth! Reference Links, for your urgent consideration and research!",1,"Boiler Room EP #114 – Psychos In The Compromised Media. Tune in to the Alternate Current Radio Network (ACR) for another LIVE broadcast of  The Boiler Room tonight 6:00 PM PST | 8:00 PM CST | 9:00 PM EST for this special broadcast. Join us for uncensored, uninterruptible talk radio, custom-made for bar fly philosophers, misguided moralists, masochists, street corner evangelists, media-maniacs, savants, political animals and otherwise lovable rascals.Join ACR hosts Hesher and Spore along with Andy Nowicki and Jay Dyer of Jays Analysis also with a special report from FunkSoul (21WIRE & ACR contributor), for the hundred and fourteenth episode of BOILER ROOM. Turn it up, tune in and hang with the ACR Brain-Trust for this weeks boil downs and analysis and the usual gnashing of the teeth of the political animals in the social reject club.This week on the show we re discussing a plethora of events and disappointments cooked up by the mainstream media and the zombified public who buy into thei",sensationalize_fake
fake_158,"Jamelle Bouie SHOCKS America: Science Claims Half Of GOP Are Deplorable! (VIDEO) The right-wing media erupted in fury as they falsely accused Clinton of having her own outrageous 47% moment with her infamous basket full of deplorables remark. But let’s set the record straight – nothing could be further from the truth! Clinton’s statement is not just accurate; it’s an understatement of EPIC proportions! During a jaw-dropping appearance on CBS’s Face the Nation this past Sunday, Slate’s chief political correspondent, Jamelle Bouie, revealed how Clinton’s bold claim is backed by SCIENTIFIC evidence! Bouie examined polling data that reveals a staggering more than half of Republicans believe that President Obama is a Muslim or was born in another country! “So, I’m inclined to see it as strategy and not so much as a gaffe,” Bouie declared, questioning, “Well, is this true?” Regardless of how it sounds or what it looks like, the facts about Donald Trump’s supporters are chilling! According to the RealClearPolitics average, Trump holds the support of 43 percent of registered voters, which amounts to around 30 to 31 million people! But wait – polls shockingly indicate that a jaw-dropping 65 to 70 percent of all Republicans believe Barack Obama either wasn’t born in the United States or is a Muslim! If one doesn’t think that holding onto birtherism is a belief so atrocious it earns the title of deplorable, Bouie has the disturbing data that suggests nearly half of Republicans are RACIST! The American National Election Study pilot data reveals a staggering 40 percent of Republicans spouting beliefs like blacks are more violent or lazier, and Muslims are more violent or lazier! Bouie exposes a terrifying reality: among Trump supporters, a shocking 60, 50, 70 percent agree with statements that political scientists overwhelmingly categorize as explicitly racist! Bouie continues, “So I’m looking at Clinton’s statement, and half, which is about 31 million people again, doesn’t really seem that out of bounds!” A staggering 40 to 50 percent of Republicans, based on a comprehensive look at the data, agree with beliefs that we can only describe as explicitly prejudiced! So, regardless of whether or not Clinton feels the pressure to retract her statement, it’s clear she’s being CORRECT and ACCURATE! Conservatives are seething with rage at Clinton because they can’t handle the truth: pointing out bigotry and racism DOES NOT make the person exposing it a racist! Clinton may have hesitantly backtracked on her bold claim; her sentiment may have been poorly worded, but it was undeniably accurate! As Bakari Sellers explosively pointed out on CNN’s State of the Union this past Sunday, it doesn’t matter how many of Trump’s supporters are bigoted racists or not – they are all supporting a CANDIDATE who is a blatant bigot! There’s no left-wing conspiracy to label Republicans and Trump supporters as deplorable – polling shows they are self-identifying as RACIST BIGOTS all on their own! You can catch the jaw-dropping clip below! Featured image from video screenshot.",1,"Jamelle Bouie Says Science Proves Half Of GOP Are Deplorable (VIDEO). The right-wing was quick to claim that Clinton had experienced her own  47% moment  with her  basket full of deplorables  remark. But nothing could be further from the truth. Clinton s remark turns out to be fairly accurate.In fact, if anything Clinton actually undersold just how deplorable Trump s supporters actually are. During an appearance on CBS s Face the Nation on Sunday, Slate s chief political correspondent, Jamelle Bouie explained how the statement Clinton made is supported by scientific evidence.Bouie looked at polling data that showed that more than half of Republicans believe that President is a Muslim or was born in another country. So, I m inclined to see it as strategy and not so much as a gaffe because when I heard the remark, my first question was: Well, is this true? Right? Regardless of how it sounds, what it looks like, what is the case about Donald Trump supporters?  Bouie asks.  And if you brea",sensationalize_fake
fake_159,"“BILL CLINTON IS A RAPIST” MOVEMENT EXPLODES…Watch the Brave Truth-Tellers Boldly Seize Control of Mainstream Media, Shocking Leftist Cable Audiences With an Unapologetic, Brutal Message [VIDEO]. Infowars Alex Jones is unleashing a jaw-dropping $1,000 reward for anyone daring enough to appear on TV sporting his outrageous Bill Clinton RAPE t-shirt prominently displayed for all to witness. But wait, it gets even more outrageous! If they can strut their stuff wearing a Bill Clinton Is A Rapist T-shirt and audaciously shout, Bill Clinton is a racist, they will snatch a staggering $5,000 reward! This audacious crusader is prepared to squander up to a shocking $100,000 to broadcast this vital message across America. Why is this mission so crucial? Because not only is Bill a monstrous sexual predator who should NEVER set foot in our White House again, but Hillary has been his sinister enabler, ruthlessly threatening and intimidating Bill’s victims for years! The mainstream media has declared an all-out war on Donald Trump, while shamelessly providing cover for Hillary and her countless crimes and offenses. We are entrenched in a battle against a colluding media and a radical leftist government. Thank goodness for fearless warriors like Alex Jones, who aren’t afraid to dive into the chaos and deliver a message that the mainstream media will NEVER dare to expose!",1,"“BILL CLINTON IS A RAPIST” MOVEMENT EXPLODES…Watch Awesome Truth-Tellers Hijack Mainstream Media, Leftist Cable Audiences With Brutal Message [VIDEO]. Infowars  Alex Jones is offering a $1,000 reward for anyone who can get on TV with his Bill Clinton  RAPE  t-shirt clearly displayed for viewers to see. If they can display a  Bill Clinton Is A Rapist  T-shirt and clearly proclaim,  Bill Clinton is a racist they will get a $5,000 reward. He plans to spend up to $100,000 to get this important message out to America. Why is it important? It s important because not only is Bill a sexual predator who has no business entering our White House ever again, Hillary has been acting as his enabler, threatening and intimidating victims of Bill s for years The mainstream media has declared war on Donald Trump, while providing cover fro Hillary and her multiple crimes and offenses. We re in a war with a collective media and a radical leftist government. Thank goodness for people like Alex Jones who ar",sensationalize_fake
fake_160,"HAS BILL CLINTON LOST HIS MIND? Watch in SHOCK as He RIPS Balloon From Innocent Little Girl at DNC Celebration…And More DISTURBING Senior Moments [VIDEO]. By now, pretty much EVERYONE has witnessed the jaw-dropping images or video footage of Bill Clinton dozing off while Hillary spewed her powerful yet deceitful speech packed with lies and empty promises. At times, Bill couldn't contain his utter confusion over the CHAOS of his beloved wife's coronation by a hostile crowd in Philly! We watched in disbelief as he wandered around the stage after Hillary's crowning, looking like a lost soul in some kind of stupor, but the footage of him with the little girl at the bottom truly takes the cake! Hillary's hapless brother was about to hit the balloon when he suddenly realized he was standing next to the QUEEN and quickly retreated in fear! He was so thrilled to hit the balloon, but then realized WHO he was standing next to! #DemsInPhilly pic.twitter.com/kZjzwZ6A4y  Brandon Wall (@Walldo) July 29, 2016. After witnessing Hillary's regular and alarming coughing fits, and knowing that she must travel with a full-time physician, shouldn't American voters be demanding answers about whether either of these aging grifters are fit to step foot in our White House? Here’s Bill looking utterly bewildered by the sudden onslaught of balloons surrounding him: Bill Clinton just hanging out with the balloons, having a BLAST pic.twitter.com/JKCW1zqay7  Steven Dennis (@StevenTDennis) July 29, 2016. Here’s Bill desperately wishing for Hillary's attention. Good luck, Bill! Your glory days are DEFINITELY behind you! Bill: hey hill check this out hillary hey hillary hill hey hillary check this out hillary look what I hill hillary pic.twitter.com/MAbRFW1yeY  Ingrid Ostby (@ingridostby) July 29, 2016. Here’s Bill appearing to capture a special big blue balloon with stars from the DNC celebration. Oh look, there’s a little girl who would LOVE to hold that balloon! Oops! Not so fast, little girl! That’s Bill Clinton’s balloon. The Clintons don’t give things away; they TAKE them! Find your own balloon, little girl!",1,"HAS BILL CLINTON LOST IT? Watch Him Yank Balloon From Little Girl At DNC Celebration…And More Super Senior Moments [VIDEO]. By now, pretty much everyone has seen pictures or video footage of Bill Clinton snoozing while Hillary gave her powerful speech filled with lies and empty promises.At times, Bill just couldn t contain himself over the excitement of his beloved wife being coronated by a hostile crowd in Philly We watched him walk around the stage after Hillary s coronation looking like he was in some type of stupor, but the footage of him with the little girl at the bottom really takes the cake.Hillary s loser brother was about to hit the balloon when he realized he was standing next to the queen and quickly retreated He was so excited to hit the balloon, then he realized who he was standing next to #DemsInPhilly pic.twitter.com/kZjzwZ6A4y  Brandon Wall (@Walldo) July 29, 2016After watching Hillary s regular coughing fits, and knowing that she has to travel with a full-time physici",sensationalize_fake
fake_162,"Shocking Scandal: Five ‘All American’ Football Players Booted From Team With Black QB After Disturbing KKK Display! In a jaw-dropping revelation, the small city of Creston, Iowa, nestled between State Route 25 and U.S. Highway 34, has been rocked to its core! Just a mile from the eastern bank of Summit Lake, this Union County seat has been thrust into the spotlight, and not for good reasons. Brace yourselves—Creston was home to a high school football team riddled with horrifyingly virulent racists! But that was before Thursday, when their disturbing antics led to their downfall! Scheduled for a showdown against the Clarinda Cardinals Friday night, the Creston Panthers are now reeling, left without five of their star athletes after a shocking viral photo surfaced. In it, these players disgracefully donned hoods and posed with a burning cross, a rifle, and a Confederate flag, sending shockwaves through social media and beyond! It appears the players missed a critical lesson in history at Creston High, and their actions serve as a chilling reminder of the dark side of our nation’s past—the very location of their school in Union County serves as a haunting reminder of which side Iowans fought for during the Civil War! To make matters worse, it seems these boys may evade serious legal consequences. In a shocking twist, the act of being a reprehensible KKK member—or even pretending to be one—falls under the protection of the First Amendment! In a town of fewer than 10,000 residents, it’s hard to imagine a lawyer capable of arguing that anyone was harmed by their appalling racist display. Not even Kylan Smallwood, the Panthers’ quarterback, who is black, is spared from this tragic saga. It’s heart-wrenching to think that Smallwood, all too aware of the petty nature of this situation, believes it will simply vanish like a bad dream once the dust settles. ""It’s a terrible way to put our town on the map,"" he laments. ""But as a community, we just have to move past it. Deal with it, I guess. I thought these guys were my friends. I’ve been to some of their houses before—I wanted to ask them why they did it, but I haven’t had the chance to yet."" In a feeble response, Creston High School claims that these students have faced punishment, in addition to being expelled from the team, yet they remain tight-lipped about the specifics! Coach Brian Morrison personally contacted the families of each player to deliver the gut-wrenching news that their sons would no longer be representing the Panthers! Just another shocking day in our so-called post-racial America! Featured image via video screen capture.",1,"Five ‘All American’ Football Players Booted From Team With Black QB After KKK Display. The city of Creston, in the heart of Iowa, sits nestled between State Route 25 and U.S. Highway 34, only a mile from the eastern bank of Summit Lake. The seat of Union County offers two additional lakes to fish in, the glorious Green Valley State Park, and a high school football team full of terrifyingly virulent racists.At least, Creston had that last one until Thursday. Scheduled to play the Clarinda Cardinals Friday night, the Creston Panthers will suddenly find themselves without five of their starters after a viral photo of them wearing hoods and posing with a burning cross, a rifle, and a Confederate flag, made the rounds on social media earlier this week.Clearly, the players didn t do well in history at Creston High. The location of the school in Union County is a stark reminder of which side Iowans fought for in the Civil War.The boys will probably not face legal difficulties. Being a piece o",sensationalize_fake
fake_163,"""OUTRAGEOUS! LAWLESS FEDS STONEWALL REPUBLICANS ON GLOBAL WARMING TRUTHS! This is absolutely absurd and downright scandalous! The intimidated researchers are SHOCKINGLY refusing to disclose their research documents and communications to the Republicans! If they truly care about the integrity of the scientific process, they MUST be transparent! Their secrecy screams that the global warming hoax is nothing but junk science they desperately want to hide! The federal government’s leading climate research agency is brazenly denying House Republicans access to crucial information regarding a highly controversial study on climate change. Citing dubious confidentiality concerns and the integrity of their so-called scientific process, the National Oceanic and Atmospheric Administration (NOAA) has flat-out refused Rep. Lamar Smith (R-Texas) the research documents he rightfully subpoenaed. The heart of the scandal? A study claiming there has NOT been a 15-year ‘pause’ in global warming! Some NOAA scientists participated in this report, which has been weaponized by climate change skeptics, including Smith, who are using the fabricated pause to assert that rising greenhouse gas emissions, primarily from fossil fuel combustion, have NOT been warming our planet! Smith, the chairman of the House Science Committee, is FURIOUS over the study’s findings! He unleashed a subpoena demanding communications among the scientists and some critical data, prompting accusations from Democrats that he’s trying to bully the researchers! Just late Tuesday, NOAA begrudgingly provided Smith with a smidgen more information regarding its methods and data but stood firm, refusing to hand over all the information he demanded. NOAA spokeswoman Ciaran Clayton shamelessly claimed that the internal communications are confidential and irrelevant to Smith’s inquiries! In an even more shocking twist, a renowned physicist has come out against the global warming conspiracy! WOW! WORLD’S LEADING PHYSICIST AND DEMOCRAT: Obama IS on the WRONG SIDE of the CLIMATE CHANGE BATTLE! Follow the Money, Carbon Does WAY MORE GOOD than HARM! Dr. Freeman Dyson, a lifelong Democrat supporter, is utterly dismayed by his party’s unscientific approach to the climate crisis! It’s tragically sad that political opinions have divided people’s perceptions of climate change in this country! I’m 100 percent Democrat, and I admire Obama! But he has taken the WRONG side on this critical issue, while the Republicans stand on the RIGHT side! Dyson argues that the Democrats are dangerously conflating pollution (a REAL and pressing issue) with climate change (a natural phenomenon well beyond humanity’s control)! This is a crisis we cannot ignore!""",1,"LAWLESS FEDS REFUSE To Hand Over Communications On Global Warming Junk Science To Republicans. Oh, this is so ridiculous and so bogus that the  intimidated  researchers aren t handing over research documents and communications to the Republicans. If they want to preserve the  integrity of the scientific process  then they should be open and honest. Being secretive about results of research just shows the global warming scam is junk science they re trying to keep under wraps. The federal government s chief climate research agency is refusing to give House Republicans the detailed information they want on a controversial study on climate change. Citing confidentiality concerns and the integrity of the scientific process, the National Oceanic and Atmospheric Administration (NOAA) said it won t give Rep. Lamar Smith (R-Texas) the research documents he subpoenaed. At the center of the controversy is a study that concluded there has not been a 15-year  pause  in global warming. Some NOAA sci",sensationalize_fake
fake_164,"""ALERT! CALL THE Waaambulance! GLENN BECK ON THE EDGE OF A NERVOUS BREAKDOWN IF CRUZ FLOPS IN INDIANA! Buckle up, folks! The results are IN, and it’s not looking good for Glenn! Suicide is NO JOKE, and it’s high time Glenn Beck stepped back from his role as America’s overdramatic conservative diva! Seriously, is THIS the unraveling of a man who once stood as a titan of the conservative movement? Just days ago, Glenn Beck unleashed a shocking video on his website, addressing the dire news of MASSIVE layoffs plaguing his crumbling media empire. WATCH the video HERE before it’s too late! Something is clearly amiss in the faux oval office! Perhaps Beck desperately needs a long getaway – but let’s not forget, just last week he rolled his face in Cheetos and NO ONE intervened! Glenn Beck is practically BEGGING Indiana voters for mercy on Monday: 'If you guys screw this up, I’ll be on SUICIDE WATCH!'  .@GlennBeck to Hoosiers: 'If you guys screw this up, I’m going to be PISSED at you. I will be SUICIDAL!'  Patrick Svitek (@PatrickSvitek) May 2, 2016 But wait, that’s not even the wildest thing he spewed all day! Ouch, Glenn Beck: Can you recall a time in our nation's history when Indiana’s role was this critical? Glenn Beck: God is DRAGGING OUT the GOP Primary so EVERY STATE can choose between GOOD and EVIL! https://t.co/eK60lNkIbU pic.twitter.com/ez9moGDOMJ    Cris   (@ThePatriot143) May 3, 2016 Well Glenn, it’s been a NIGHTMARISH year, and the results are in – TRUMP DOMINATED in Indiana! Wins 30 statewide delegates and may SNAG all of the 27 remaining district delegates! Via: Gateway Pundit""",1,"SOMEONE CALL THE Waaambulance! Glenn Beck Warns He’ll Be On Suicide Watch If Cruz Loses Indiana…You Better Buckle Up Beck…THE RESULTS ARE IN [VIDEO]. Hey Glenn, suicide is no laughing matter, and you really needs to start ratcheting down your role as America s conservative drama queen. Seriously is America witnessing the melt down of a man who used to be one of the most prominent conservative voices in America? A few days ago, Glenn Beck posted a special video posted to his website, where he addressed news reports of the latest mass layoffs at his troubled media empire. Watch the video HERE. Something is not quite right in the fake oval office. Maybe Beck just needs a long vacation Glenn Beck rolled his face in Cheetos last week   And no one stopped him.Glenn Beck pleaded with Indiana voters on Monday.  If you guys screw this up, I ll be on suicide watch. .@GlennBeck to Hoosiers: ""If you guys screw this up, I'm going to be pissed at you.   I will be suicidal.""  Patrick Svitek (@Patrick",sensationalize_fake
fake_165,"SHOCKING REVELATION: Top US Spy Agency FLATLY REFUSES to BACK CIA’s ‘Russian Hacking’ CLAIMS Due to “LACK OF EVIDENCE”! 21st Century Wire declares that if you still believe this ENTIRE Russian hacking scandal isn’t fueled by internal US political chaos, think again! Tyler Durden from Zero Hedge reports that when the Washington Post released a bombshell story last Friday about a clandestine CIA assessment alleging that Russian cyber attacks were aimed at catapulting Republican President-elect Donald Trump to victory in the 2016 election, readers of the Bezos-owned publication took it as TRUTH! However, as we swiftly pointed out, the CIA provided ZERO evidence, and now we learn that the FBI is openly pushing back against the CIA’s dubious claims! It seems that once again, the Washington Post may be engaging in yet another episode of blatant fake news, much like its November 24 piece on Russian propaganda and fake media! According to Reuters, the so-called overseers of the U.S. intelligence community, the Office of the Director of National Intelligence (ODNI), while not outright disputing the CIA’s analysis of Russian hacking operations – a move that would be unprecedented in the US spy realm and would signal just how PARTISAN and BROKEN our intelligence apparatus has become – have REFUSED to endorse the CIA’s assessment due to a glaring lack of conclusive evidence that Moscow aimed to elevate Trump over Democratic rival Hillary Clinton! As Reuters chillingly points out, the ODNI's stance could provide Trump with NEW ammunition to challenge the CIA’s claims, which he has dismissed as RIDICULOUS in his weekend comments, fueling his assertion that NO evidence links Russia to these cyber attacks! The ODNI’s position confirms that Trump was once again, you guessed it, RIGHT! The ODNI is NOT claiming that the CIA is wrong, only that they can’t prove INTENT, stated one of the three U.S. officials. Continue this explosive story at Zero Hedge! READ MORE RUSSIA NEWS AT: 21st Century Wire Russia Files!",1,"Top US Spy Agency Refuses to Endorse CIA’s ‘Russian Hacking’ Assessment Due to “Lack Of Evidence”. 21st Century Wire says If anyone still thinks this whole  Russian hacking  plot is not motivated by internal US politics   think again Tyler Durden Zero HedgeWhen the WaPo posted last Friday s story about a  secret  CIA assessment that Russian cyber attacks were aimed at helping Republican President-elect Donald Trump win the 2016 election, the readers of the Bezos-owned publication took it as gospel, despite, as we promptly noted, there being no evidence provided by the CIA, and as we learned today, the FBI openly resisting the CIA s assessment. It now appears that once again the WaPo may have been engaging in  partial fake news , as it did with its Nov. 24 story about  Russian propaganda fake media. According to Reuters, the so-called overseers of the U.S. intelligence community as it supervises the 17 agency-strong U.S. intelligence community, the Office of the Director of National Int",sensationalize_fake
fake_167,"""USA TODAY ARTICLE BLASTS WHITES FOR MLK MURDER: Whites are to blame for the assassination of MLK! Now we celebrate him... Centuries of unspeakable acts: kidnapping, torture, murder, and rape!"" Thomas's explosive article lays it all bare below: My dad labeled Martin Luther King an 'agitator.' I bet many white fathers echoed that sentiment. Every time Dr. King appeared, chaos erupted! So we took him out. Not me, of course. I’m not a racist. But who could think otherwise? Notice how USA Today's author Oliver Thomas hastily asserts that he’s 'not a racist,' while painting everyone else with that brush. So we attempted to make amends. We declared his birthday a national holiday. We put him on a pedestal. A place where we can honor him—far away from any reminders of the past! Plus, we’ve supposedly made everything right. The Civil Rights Act. The Voting Rights Act. Come on, we even elected a BLACK PRESIDENT! Yet, we wonder why so many black individuals remain enraged while others have completely lost faith in America! Let me simplify it for you with Ta-Nehisi Coates's words. White society wasn’t built through wine tastings and ice cream socials, but through the horrific pillaging of life, liberty, labor, and land. In other words, through THREE CENTURIES of kidnapping, torture, murder, and rape! Broken teeth, shattered bones, and crushed spirits! Families torn apart! Children ripped from their parents! Men humiliated before their wives! Women viciously brutalized just within earshot of their husbands! Lash after bloody lash upon bare backs! Then, sleeping on cold, hard floors! No doctors, no dentists, just relentless torment, punctuated by a few hymns on Sundays! We constructed an entire society on these bloodied and battered backs! And let’s not forget the countless Native Americans forcibly removed from their own land! Then, after the house of horrors collapsed, and the sins washed away by the blood of over HALF A MILLION young WHITE MEN, white America still showed no mercy! Even after the 13th, 14th, and 15th Amendments to the Constitution, states concocted ways to disenfranchise blacks! We snatched back the vote, shoved blacks into the MOST UNDESIRABLE corners of our cities, forced them into SUBPAR schools, and denied them countless opportunities! Few blacks could even dream of owning their homes! Many were left illiterate! Thousands were lynched—yes, that’s a Southern term for being MURDERED without a trial! Can you even fathom if black men had done the same to Robert De Niro or David Bowie for marrying black women?"" The full article can be read in its entirety on USA Today.",1,"USA TODAY ARTICLE Blames Whites For MLK Murder: Whites killed MLK. Now we honor him…Centuries of kidnapping, torture, murder, rape”. Thomas  article can be read below:My dad called Martin Luther King an  agitator.  I bet a lot of white dads did. Seems like every time Dr. King showed up somewhere, things got torn up or burned up.So we killed him. Not me, of course. I m not a racist. But who thinks he is?Notice how USA Today author Oliver Thomas is quick to point out that he s,  not a racist,  just everyone else.So we tried to fix it. Made his birthday a national holiday. Put him on a pedestal. Where we can honor him. And he can t poke us in the eye.Plus, now we ve squared everything. The Civil Rights Act. The Voting Rights Act. Come on, we ve even elected a black president! That s why people who look like me have a hard time understanding why so many black people are still angry while others have given up on America altogether.I ll let Ta-Nehisi Coates boil it down for you. White societ",sensationalize_fake
fake_168,"""OBAMA'S DESPERATE POWER GRAB: DOJ’S RADICAL DIRECTOR TO MEET MONDAY ON GUN CONTROL! As if the skies were not already dark enough, America braces for a shocking meeting on Monday between President Barack Obama and the newly confirmed Attorney General Loretta Lynch, whose appointment screams of the Obama administration's extreme agenda! Lynch, a mere puppet of Eric Holder, is poised to push a dangerous gun control power grab that has been brewing behind closed doors, leaving us all to wonder what happened to our Senate’s backbone! This is a blatant attempt by Obama to enforce his radical agenda before he vacates the White House! The bottom line? Our Senate has let us down, and we must hold them accountable for this impending chaos! President Obama is set to unveil a shocking new executive action aimed at imposing tougher gun restrictions, with a focus on expanding background checks on gun sales! Insiders are buzzing that this is not just a rumor but an imminent reality that could spell disaster for our freedoms! The President's unilateral steps, which he promises will curb gun deaths, are just around the corner, and the clock is ticking! While the details remain murky, gun control advocates are practically salivating at the thought of these new actions being revealed next week, just in time to overshadow Obama’s annual State of the Union address on January 12! The White House is tight-lipped about the specifics, but spokesman Eric Schultz has hinted that a set of recommendations for unilateral action is expected to land at the beginning of the year! Plans began to unfold dramatically on New Year’s Day when the White House dropped the bombshell that Obama would meet with Lynch! Change is coming, and it’s going to take all of us to survive this onslaught! Obama’s voice echoed in his weekly address as he warned us that the gun lobby is not just loud but is a well-oiled machine, fiercely defending the right to own guns without any checks! Meanwhile, the rest of us must rise up and be just as fervent in our fight to protect our children! This is what citizenship demands of us – to stand up and fight against the change we fear! The stage is set for a showdown of epic proportions! Read more: cnn""",1,"OBAMA AND DOJ’S RADICAL DIRECTOR To Meet Monday On Gun Control Executive Action. When Loretta Lynch was confirmed as the new Director of the DOJ, it was clear that our Senate had once again caved to the radical agenda of the Obama administration. Lynch is nothing more than Eric Holder in a dress. So now we have a power grab on gun control that could have been predicted because Lord knows Obama needs to fulfill his agenda on everything before leaving office. Bottom line is that our Senate failed us Blame them for this mess because it could have been avoided.President Barack Obama will meet Monday with Attorney General Loretta Lynch to discuss options for tougher gun restrictions and is expected to announce in the coming days a new executive action with the goal of expanding background checks on gun sales.Described as  imminent  by people familiar with the White House plans, the set of executive actions would fulfill a promise by the President to take further unilateral steps the adminis",sensationalize_fake
fake_169,"""SHOCKINGLY DANGEROUS MOVES BY RUSSIA! Hair-Raising Footage Captures NUCLEAR Submarine Launching Cruise Missile… Russian Fighter Pilot DARES to Perform Barrel Roll JUST 25ft AWAY from US Air Force Plane… Obama SHRUGS! [VIDEO]. 265 days and counting! Is this a dire WARNING? This spine-chilling footage reveals a Russian nuclear submarine unleashing a cruise missile from the depths, targeting a coastal training site for destruction! Witness the 120-metre Severodvinsk submarine slowly disappearing beneath the turbulent waves of the Barents Sea as part of Russia's harrowing Arctic combat drills. Suddenly, the Kalibr missile EXPLODES from the water in a massive plume of smoke, racing off into the horizon! An earth-shattering rumble fills the air before the camera zooms in on the launch site. This is the latest display of military might from a country that seems to be pushing the envelope of provocation after a series of dangerously close encounters between fighter jets and US aircraft and vessels. This year, Russia has ramped up its military presence in the Arctic, where it and other global powers are embroiled in a fierce struggle to seize precious territory and underwater mining rights.   Mirror A Russian fighter pilot has ignited FURY at the Pentagon after allegedly executing a jaw-dropping barrel roll just 25 feet from an American reconnaissance plane over the Baltic Sea! Outraged defense officials have condemned the interception maneuver as UNSAFE and UNPROFESSIONAL, while Russia claims it was compelled to intercept the American RC-135 plane due to its transponder being turned off! The Pentagon grimly acknowledged that this barrel roll incident could RATCHET UP tensions between the two nations after a string of dangerously close encounters. In a provocative statement, the Russian defense ministry taunted: 'We are already growing accustomed to the Pentagon's INSULTS regarding so-called unprofessional maneuvers when our fighters intercept US spy planes at the Russian border.' The US Air Force is left with two stark choices—either steer clear of our borders or TURN ON THE TRANSPONDER for identification! Reports vary wildly on just how alarmingly close the Russian SU-27 Flanker fighter jet came to its unsuspecting target. US Army spokeswoman Lt Col Michelle Baldanza stated it was within a MERE 25 feet, or 7.6m, while others shockingly claimed the distance was 100 feet, or 30 metres. Lt Col Baldanza told CNN: 'The SU-27 intercepted the U.S. aircraft flying a routine route at a HIGH RATE OF SPEED from the side and then proceeded to execute an aggressive maneuver that posed a THREAT to the safety of the U.S. aircrew in the RC-135.' Mirror No need to fret, Barry's got it all under control!""",1,WARNING SHOTS FROM RUSSIA? CHILLING Footage Shows Nuclear Submarine Launches Cruise Missile… Russian fighter pilot ‘performs barrel roll’ OVER US Air Force Plane Only 25ft Away…Obama Shrugs [VIDEO]. 265 days and counting Is this a warning shot? This chilling footage shows a Russian nuclear submarine launching a cruise missile from underwater to destroy a coastal training target.The 120-metre Severodvinsk submarine can be seen sinking slowly below the surface of the Barents Sea as part of Russian navy Arctic combat drills.Then the Kalibr missile erupts from the waves in a plume of smoke and streaks away into the distance. A loud rumbling can be heard before the camera zooms in to show the launch site.It is the latest show of strength from the country s military after a number of close passes by fighter jets near US planes and ships.This year Russia has increased its military presence in the Arctic region where it and other world powers are locked in a battle to claim valuable territory ,sensationalize_fake
fake_170,"""In a shocking twist that has sent shockwaves through the GOP, Donald Trump has been unceremoniously dethroned from his throne atop the polls! The latest IBD/TIPP Poll reveals a stunning turn of events, with Trump now languishing in second place, a staggering seven points behind the rising star, Ben Carson! A nationwide survey unveils that a jaw-dropping 24% of Republicans are rallying behind Carson, while only 17% remain loyal to Trump. Marco Rubio isn’t far behind, securing a respectable third place with 11%, while Carly Fiorina is hot on his heels at fourth with 9%. Meanwhile, Jeb Bush, once the undisputed frontrunner, has plummeted to fifth with a mere 8%, trailing even those who are undecided! The IBD/TIPP Poll, renowned for its impeccable accuracy in previous presidential elections, is raising alarms with these findings. In a comparison of the final results of various pollsters for the 2004 and 2008 elections, IBD/TIPP was hailed as the most accurate. The New York Times also acknowledged IBD/TIPP as the top predictor among 23 polls leading up to the 2012 election. This explosive October poll, conducted from Sept. 26 to Oct. 1, surveyed 377 registered voters who are either Republicans or registered independents leaning Republican, boasting a margin of error of +/- 5 percentage points. Is this the beginning of the end for Trump? Other polls are echoing similar concerns, showing Trump’s support plummeting in recent weeks. The Real Clear Politics average of six national polls indicates he has nose-dived from 30.5% in mid-September to a dismal 23.3% by the end of the month. Alarmingly, this average does not even factor in the IBD/TIPP results! It seems the walls are closing in on Trump on multiple fronts! Raghavan Mayur, president of TechnoMetrica Market Intelligence, which oversees IBD’s monthly poll, ominously stated, 'Things appear to be catching up with Trump.' With escalating attacks from rival candidates and his controversial boycott of Fox News, Trump may be facing a perfect storm of setbacks. Mayur pointed out that the poll was conducted during Trump’s self-imposed hiatus, raising eyebrows about his strategy. When confronted on CNBC about his dwindling poll numbers, Trump ominously warned that if he 'fell behind badly, I would certainly get out.' Carson’s meteoric rise follows his explosive, controversial comments on 'Meet the Press,' where he boldly claimed he couldn’t support a Muslim for president. The stakes are higher than ever! Rubio’s third-place standing signifies he’s gaining serious momentum since the second GOP debate, while Fiorina, widely deemed the debate winner, has shockingly failed to leverage her moment of triumph with Republican voters. The drama unfolds! Stay tuned! Via: IBD""",1,"WOW! Look Who Just Knocked Trump Out Of The #1 Spot In GOP Poll. This certainly isn t who the GOP power-brokers want to see in the top two Donald Trump has boasted that he s  leading every poll and in most cases big.  Not anymore. The latest IBD/TIPP Poll shows him in second place, seven points behind Ben Carson.The nationwide survey found that 24% of Republicans back Carson, compared with 17% who say they support Trump.Marco Rubio came in third with 11% and Carly Fiorina fourth at 9%. Jeb Bush, once considered a prohibitive favorite, ranked fifth with just 8% support, which was a point lower than those who say they are still undecided.The IBD/TIPP Poll has a proven track record for accuracy, based on its performance in the past three presidential elections. In a comparison of the final results of various pollsters for the 2004 and 2008 elections, IBD/TIPP was the most accurate. And the New York Times concluded that IBD/TIPP was the most accurate among 23 polls over the three weeks lea",sensationalize_fake
fake_171,"""UNBELIEVABLE! HILLARY JUST REVEALED HER TRUE COLORS AS SHE CLINGS TO OBAMA'S DESTRUCTIVE RACE WAR! This is not just a political agenda; it's a blatant attempt to divide America forever! Hillary is shamelessly committed to perpetuating Obama’s legacy of hatred and division! She fails to realize that the overwhelming majority of Americans are fed up with this toxic narrative that pits one group against another - gays versus straights, Blacks versus Whites, and everyone versus Christians! The shocking truth is that Donald J. Trump is rising in popularity because he embodies a patriotic spirit and genuinely cares about uniting our country, unlike Hillary who thrives on chaos! Sure, she may garner applause from her army of paid trolls and social justice warriors on Twitter, but her divisive rhetoric is a disaster waiting to happen at the polls! The American public is 100% FED UP with this rampant divisive politics, especially after the tragedies surrounding Keith Lamont Scott and Terence Crutcher! This madness MUST come to an end! -H Hillary Clinton (@HillaryClinton) September 21, 2016""",1,"BIG MISTAKE! HILLARY JUST Proved To America She’s Committed To Keeping Obama’s Divisive Race War Going. Dividing America will be Obama s legacy. Hillary continues to prove that she is committed to keeping his legacy of hate and division alive. What Hillary doesn t get is that the majority of Americans are not buying into Obama s divisive legacy that pits gays against straight people, Blacks against Whites, everyone against Christians and so on The reason Donald J.Trump is so popular, is that he conveys a feeling of love for our country and gives Americans the sense that he cares passionately about putting an end to the manufactured division and hate that Obama has spent the last 8 years creating.You may get a lot of retweets and likes from paid trolls and social justice warriors on Twitter Hillary, but your message of division is not going to play well at the polls with the general public who are 100% FED UP with divisive politics on November 8th Keith Lamont Scott. Terence Crutcher. T",sensationalize_fake
fake_172,"SHOCKING REVELATIONS FROM FBI’S COMEY SHOULD END HILLARY CLINTON’S POLITICAL ASPIRATIONS FOREVER! [Video]. FBI Director James Comey faced a brutal onslaught during his explosive testimony on Capitol Hill today! But the most jaw-dropping bombshell? The scandalous details surrounding Hillary Clinton and her team that Comey inexplicably allowed to slide without any repercussions! As the questioning escalated, Comey was put in the hot seat by fiery Republicans like Gowdy and Jordan. Among all the dramatic exchanges, one statement sent shockwaves: Comey revealed that he believed Clinton was utterly UNPREPARED to handle classified information! Can you believe it? She didn’t even recognize what the letter ‘C’ meant on a classified document! Are these government employees not receiving BASIC training on how to manage the most sensitive information? HOW CAN THIS WOMAN EVEN DREAM OF ASKING FOR YOUR VOTE WHEN SHE ISN’T EVEN 'SOPHISTICATED' ENOUGH TO GRASP WHAT IS CLASSIFIED? She wants the American people to have FAITH in her ability to safeguard our safety and security? ABSOLUTELY NOT! If she can't manage this, she poses a THREAT to us all!",1,"WHAT FBI’S COMEY JUST REVEALED Should Disqualify Hillary Clinton For Any Public Office! [Video]. FBI Director James Comey was literally destroyed today in his testimony on the Hill. What s even more damaging is the information about Hillary Clinton and her staff that Comey simply let go with no punishment at all. During the series of questions, Comey took heat from Gowdy, Jordan and other Republican Congressman. Out of all the testimony, the one comment that stuck out was the one regarding classified information. Comey commented that he felt like Clinton wasn t  sophisticated  with classified information. In other words, she had no idea what the letter  C  was on a classified document! Are these government employees not trained on how to handle sensitive information? PLEASE EXPLAIN HOW THIS WOMAN COULD ASK FOR YOUR VOTE YET ISN T  SOPHISTICATED  ENOUGH TO KNOW WHAT S CLASSIFIED? She wants the American people to TRUST her with our safety and security? No, Never! If this woman is unable ",sensationalize_fake
fake_173,"""Elizabeth Warren's Explosive Exposé of Trump's Deceitful Business Practices (VIDEO)! Massachusetts Senator Elizabeth Warren has unleashed yet another jaw-dropping assault on presumptive Republican nominee Donald Trump, and it’s spreading like wildfire across the internet! Just when Trump thought he could catch his breath after a brutal takedown by his fiercest rival, presumptive Democratic nominee Hillary Clinton, Warren jumped in with a scathing video that echoes Clinton’s fierce criticisms! The shocking video hit MoveOn.org's Facebook page on Tuesday morning and rapidly went viral as Warren obliterated the business mogul, mercilessly attacking him for his refusal to release his tax returns and his blatant failure to pay taxes like every other American citizen! Warren kicked things off with an emotional declaration of her disdain for Trump, stating: 'I have to be honest: It’s hard to talk about Donald Trump. Between his ignorance, racism, sexism, lies, it’s hard to know where to start!' In just four electrifying minutes, Warren made every second count as she delivered a blistering barrage against him! She pointed out: 'We don’t know what Trump pays in taxes because he is the first Presidential nominee in 40 years to refuse to disclose his tax returns! Maybe he’s just a lousy businessman who doesn’t want you to find out that he’s worth a lot less money than he claims – we can’t know for sure! But here’s what we do know: The last time his taxes were made public, Donald Trump paid nothing in federal taxes – ZERO! Zero taxes before, and for all we know, he’s paying zero taxes today! And he’s proud of it!' Just weeks ago, he shamelessly declared he’s 'more than happy to dodge taxes' because he doesn’t want to throw his money down the drain! Warren concluded the explosive video with a passionate call to action for Americans to enlighten each other about Trump’s untrustworthy character: 'Whatever Donald Trump says, whatever scam he tries to pull, whatever disgusting thing he thinks he can say because he’s Donald Trump – speak out! Talk to the person behind you in the grocery store. Talk to the person pumping gas next to you. And yes, share this video with your friends! Ask your Fox News-loving Republican uncle: Why do you pay your taxes but Donald Trump doesn’t?' You can witness Warren’s fiery reprimand of Trump below! This fiery confrontation is likely to hit Trump harder than any of his prior insults, as he has previously demonstrated just how sensitive he is about his tarnished business record, especially when his shuttered businesses and fraudulent Trump University were exposed! Since its upload, Warren’s video has been viewed millions of times and was released just as Clinton was delivering a scathing anti-Trump speech in Ohio! Clinton and Warren have been teaming up against Trump with increasing ferocity lately, and we have to admit – we’re reveling in every thrilling moment of it! Featured image via Astrid Riecken / Getty Images""",1,"Elizabeth Warren Hilariously Exposes Trump’s Lies About His Business Record (VIDEO). Massachusetts Senator Elizabeth Warren has launched yet another epic attack on presumptive Republican nominee Donald Trump, and it s circulating around the internet at lightning speed.Trump had barely recovered the tongue lashing that his biggest rival, presumptive Democratic nominee Hillary Clinton had just given him about his failed businesses when Warren echoed the former Secretary of State s comments in a new video. The video appeared on MoveOn.org s Facebook page on Tuesday morning, and quickly went viral as Warren unloaded on the business mogul, criticizing him for not providing his tax returns and not paying them every year like all Americans must.Warren started off by talking about how much she despised Trump: I have to be honest: It s hard to talk about Donald Trump. Between his ignorance, racism, sexism, lies it s hard to know where to start.Warren s video was only four minutes long, but she ",sensationalize_fake
fake_174,"IS TIM ALLEN’S “Last Man Standing” ON THE VERGE OF A GLORIOUS REVIVAL AFTER FURIOUS CONSERVATIVES RAGE OVER ABC’S SHOCKING DECISION TO CANCEL THE SHOW? Tim Allen took to Twitter, absolutely reeling with disappointment after the bombshell announcement that the second highest rated comedy TV series on ABC, Last Man Standing, was being yanked off the air. Stunned and blindsided by the network I called home for the last six years! #lastmanstanding  Tim Allen (@ofctimallen) May 16, 2017. His loyal fans erupted in support, praising his bravery for standing firm against the overwhelming tide of political correctness: ""Thank you for fighting back against the PC police for as long as you could, Tim!"" Mark Dice (@MarkDice) May 16, 2017. Conservative comedian Mark Dice didn’t hold back, boldly declaring that Allen’s candid remarks on a recent Jimmy Kimmel show about the struggles of being a conservative in Hollywood were likely the final nail in the coffin for ABC’s decision to cancel his beloved show: ""Your fearless criticism of the Liberals on Jimmy Kimmel was the last straw for the Network, but someone had to do it. Thanks, Tim!"" Mark Dice (@MarkDice) May 16, 2017. A passionate petition was launched last week by devoted Last Man Standing fans and has already amassed over 371K signatures in a desperate plea for ABC to reverse their catastrophic decision to cancel the show. Here is the LINK to that petition: The petition to ABC boldly states: Despite consistently high ratings that defy belief, especially considering the time slot in which it aired, Tim Allen’s show Last Man Standing has been callously cancelled by the network, ABC. Last Man Standing stands out amidst a sea of forgettable network television sitcoms. It is a beacon of hope for a broad swath of Americans who find an alarming scarcity of shows that celebrate the values they hold dear; namely conservative ideals. But Last Man Standing isn’t just about pushing conservative views; it also features characters with liberal leanings, yet they all manage to coexist and care for one another, despite their starkly opposing beliefs. The show transcends politics, focusing on family values, making politics merely a backdrop to the poignant tales within. Last Man Standing is a rare gem on broadcast television, and the ONLY sitcom that doesn’t relentlessly shove liberal agendas down the throats of its viewers! And tragically, this might be the REAL reason the show has been forcibly cancelled. The mission of this petition/boycott is to rally support for ABC to RESURRECT the show. With that goal in mind, I have made the drastic decision to halt all viewing of ABC shows. I have mercilessly canceled the DVR settings for all other ABC programs I once enjoyed. If you want to join the fight to save Last Man Standing, I implore you to do the same! Even if you can’t commit to boycotting the network but still wish to help save the show, please sign this petition and spread the word! If you DO intend to boycott ABC, make sure to let them hear your voice when you sign! Now, Studio 20th Century Fox Television is feverishly searching for a new home for the tragically cancelled Tim Allen comedy Last Man Standing. Speaking to Variety Thursday, studio presidents Jonnie Davis and Howard Kurtzman expressed their utter shock at ABC’s decision to pull the plug on the show, calling it a painful open sore right now. Davis lamented, ""We really were expecting a pickup!"" The fact that we didn’t get a pickup was a gut-wrenching surprise and a deep disappointment. I think no one felt the heartbreak more than Tim Allen, a colossal star with an immense following. But the series, which ranked as ABC’s second most-watched comedy last season behind Modern Family, may not be totally dead yet! When asked if Last Man Standing would be pitched to other networks, Kurtzman stated, ""We’re starting to explore that!"" If it’s not going to continue at ABC, Jonnie and I are fervently hopeful that we can secure another home for it. Political and social conservatives have been vocal in their outrage over the show’s untimely end. Allen, its star and executive producer, is at the center of this storm!",1,"IS TIM ALLEN’S “Last Man Standing” About To Be Revived After “Passionate” Conservatives Express Outrage Over ABC’s Decision To Cancel Show?. Tim Allen took to Twitter to express his disappointment after discovering that the second highest rated comedy TV series on ABC,  Last Man Standing  was going to be cancelled:Stunned and blindsided by the network I called home for the last six years. #lastmanstanding  Tim Allen (@ofctimallen) May 16, 2017Many of his fans commented in support of his courage to stand up for his conservative views:Thanks for standing up and speaking out against the PC police for as long as you could, Tim.  Mark Dice (@MarkDice) May 16, 2017Conservative comedian Mark Dice also reminded him that his comments on a recent Jimmy Kimmel show about how it was tough to be a conservative in Hollywood, was likely the final straw that caused ABC to cancel his show: You calling out the Liberals for their insanity on Jimmy Kimmel was the last straw for the Network, but someone ha",sensationalize_fake
fake_175,"HILLARY CLINTON IN DEEP TROUBLE! SERVER TURNED OVER TO FBI AT LAST! The drama of Hillary Clinton's email scandal has reached a boiling point! It seems she could have easily handed over the server from the get-go, but instead, she has turned this into an EPIC NIGHTMARE! Her credibility has plummeted to rock bottom as her rival gains ground in the polls. Is this a repeat of the 2008 showdown with Barack Obama? On Tuesday, Clinton finally caved in to relentless pressure, finally agreeing to give the personal email server she used during her time as secretary of state to the Justice Department. This monumental decision propels the investigation into the Democratic presidential frontrunner’s dubious use of a private email account while serving as the nation’s top diplomat! Questions loom over whether classified information was mishandled on her homemade email server, which she operated from her suburban New York home! Clinton's campaign mouthpiece, Nick Merrill, claimed she has promised to cooperate with the government’s security probe, stating that if any more questions arise, they will continue to address them! However, it remains uncertain whether the device will reveal any incriminating information. Clinton's attorney had previously insisted that no emails from her primary personal address during her time as secretary of state are still lingering on the server or its backup systems. Up until now, Clinton had staunchly resisted demands from Republican critics to surrender the server to an independent party, with attorney David Kendall asserting to the House committee investigating the 2012 Benghazi attacks that there was no justification for any proposed third-party examination of the server. But Republicans seized on Tuesday's shocking reversal and the revelation that two emails sent through Clinton’s personal system were later assigned one of the government’s highest classification ratings. This can only mean one thing: Hillary Clinton, under the watchful eye of the FBI, has finally realized she has no other options left! Republican National Committee Chairman Reince Priebus declared in a fiery statement, 'She knows she did something wrong and has run out of ways to cover it up!' Federal investigators have now begun probing the security of Clinton’s email setup following alarming concerns raised by the inspector general for the intelligence community about classified information potentially slipping through her system. There is a glaring lack of evidence that she employed encryption to protect the emails or her personal server from foreign intelligence or other prying eyes! Kendall has previously stated that Clinton is ‘actively cooperating’ with the FBI inquiry. Back in March, Clinton revealed that she exchanged around 60,000 emails during her four years in the Obama administration—about half of which were personal and promptly discarded! She turned the other half over to the State Department last December. The department is currently sifting through those emails and has started the process of unveiling them to the public. As she has repeatedly stated, it is her fervent hope that State and the other agencies involved in the review will hastily determine which emails are suitable for public release, and that the unveiling will be as prompt and transparent as possible, Merrill declared on Tuesday. On the same day, Kendall handed over to the Justice Department three thumb drives containing copies of work-related emails that were sent to and from her personal email addresses via her private server. This is a developing story that continues to unfold!",1,"SCRUBBED CLEAN? HILLARY CLINTON TO FINALLY TURN OVER SERVER TO FBI. I appears that Hillary Clinton is really in a big mess with this e-mail scandal. She could have just turned the server over and dealt with this at the beginning but she s made this into a HUGE mess. Her trustworthiness is about as low as it gets as her opponent gains points in the polls. Shades of 2008 with Barack Obama? Hillary Clinton relented Tuesday to months of demands she relinquish the personal email server she used while secretary of state, directing the device be given to the Justice Department.The decision advances the investigation into the Democratic presidential front-runner s use of a private email account as the nation s top diplomat, and whether classified information was improperly sent via and stored on the home-brew email server she ran from her house in suburban New York City.Clinton campaign spokesman Nick Merrill said she has  pledged to cooperate with the government s security inquiry, and if the",sensationalize_fake
fake_176,"""WATCH THIS EXPLOSIVE LIVE STREAM: SARAH PALIN'S SHOCKING ENDORSEMENT OF TRUMP – A CATASTROPHIC DAY FOR SENATOR TED CRUZ! [VIDEO]. This is a dagger to the heart of Senator Ted Cruz! Sarah Palin is sending shockwaves through the political landscape with a jaw-dropping endorsement today LIVE STREAMING BELOW (6:00 p.m. Eastern): Sarah Palin, the former Alaska governor and 2008 vice-presidential nominee who ignited the Tea Party movement and became a darling of grass-roots conservatives, is set to endorse Donald J. Trump in Iowa on Tuesday, as confirmed by his campaign officials. This endorsement could catapult Mr. Trump to new heights just 13 days before the crucial state’s caucuses. 'I’m proud to endorse Donald J. Trump for president,' Ms. Palin declared in a statement provided by his campaign. Her backing is the most high-profile endorsement for a Republican candidate thus far. 'I am greatly honored to receive Sarah’s endorsement,' Mr. Trump proclaimed in a statement celebrating Mrs. Palin's monumental decision. 'She is a friend and a high-quality person whom I have great respect for. I am proud to have her support.' In Iowa, where Ms. Palin has spent years building her loyal following, this endorsement could prove to be a game-changer. 'Over the years, Palin has cultivated a plethora of relationships in Iowa,' exclaimed Craig Robinson, the former executive director of the Republican Party of Iowa and publisher of the website The Iowa Republican. 'There are the Tea Party activists who still view her as a phenomenal force and a breath of fresh air, but she also excelled at courting Republican donors in the state,' he added ominously. Other conservatives have suggested that Ms. Palin serves as a formidable shield against Senator Ted Cruz, who is fiercely battling Mr. Trump for the lead in Iowa polls by appealing to the state’s evangelical voters. LIVE STREAM: WINTERSET, Iowa – In a dramatic turn of events, Republican presidential candidate Donald Trump is embarking on a whirlwind tour of Iowa, starting at the John Wayne Birthplace Museum, where he received an electrifying endorsement from the Western film legend’s daughter, Aissa Wayne. The endorsement was unveiled Tuesday in front of a striking life-size model of the actor, rifle in hand, exuding cowboy charisma. Aissa Wayne passionately declared that the nation desperately needs a daring and courageous leader, much like her father. She boldly asserted that if John Wayne were still alive, he would undoubtedly offer his endorsement. Trump, overwhelmed with enthusiasm, revealed that he is a massive fan of Wayne, stating that the actor symbolizes the strength and power that the American people are yearning for. He lamented, 'We have exactly the opposite from John Wayne right now in this country.' The museum boasts a breathtaking collection of memorabilia from Wayne’s iconic films. VIA: NYPTRUMP’S FACEBOOK POST ON THE ENDORSEMENT: 'A true honor to receive the endorsement of John Wayne’s daughter, Aissa Wayne. So proud that if John were here today, he would have endorsed Trump – strength!'""",1,"WATCH LIVE STREAM: SARAH PALIN To Endorse Trump – Big Day Of Endorsements For “The Donald” [VIDEO]. This is a stake to the heart of Senator Ted Cruz! Sarah Palin is shocking everyone with a big endorsement today LIVE STREAMING BELOW (6:00 p.m. Eastern):Sarah Palin, the former Alaska governor and 2008 vice-presidential nominee who became a Tea Party sensation and a favorite of grass-roots conservatives, will endorse Donald J. Trump in Iowa on Tuesday, officials with his campaign confirmed. The endorsement provides Mr. Trump with a potentially significant boost just 13 days before the state s caucuses. I m proud to endorse Donald J. Trump for president,  Ms. Palin said in a statement provided by his campaign.Her support is the highest-profile backing for a Republican contender so far. I am greatly honored to receive Sarah s endorsement,  Mr. Trump said in a statement trumpeting Mrs. Palin s decision.  She is a friend, and a high-quality person whom I have great respect for. I am proud to",sensationalize_fake
fake_177,"(VIDEO) INCREDIBLE TURN OF EVENTS! IRS FORCED TO RETURN STORE OWNER’S LIFESAVINGS AFTER SHOCKING SEIZURE UNDER CIVIL FORFEITURE LAW! Yesterday, I tuned in to the heart-wrenching story of Mr. McLellan on the radio, and it was clear he was grappling with the devastating reality of potentially losing his life savings to the IRS forever. The despair in his voice was palpable as he confronted the terrifying possibility that civil asset forfeiture laws could permanently strip him of everything he’s worked for. We've covered this outrageous abuse before and are appalled by the continued misapplication of these laws. Hats off to Mr. McLellan for bravely fighting back! After publicly embarrassing the Internal Revenue Service, this courageous North Carolina man triumphed and reclaimed more than $100,000 from the agency! Lyndon McLellan had his bank account for his convenience store unjustly seized by the IRS, and initially, he was left in the dark about the reasons behind this shocking action. The agency invoked civil asset forfeiture laws to snatch McLellan’s hard-earned money without so much as convicting or charging him with any crime! The IRS claimed it suspected McLellan of breaching federal structuring laws, which restrict making multiple cash deposits just below the $10,000 mark. The federal government has faced intense backlash for its reckless interpretation of these structuring laws to confiscate property from innocent, well-meaning individuals. Even after policies were revised in 2014 to prevent such egregious seizures, the IRS refused to back down from its relentless pursuit of McLellan’s funds. U.S. Attorney Steve West went so far as to threaten McLellan, warning him that going public would only worsen his situation. He chillingly offered McLellan a mere 50% return of his money! Undeterred, McLellan took his fight to the media. The IRS, sensing the mounting pressure, quickly reversed its position and returned every single penny of Lyndon McLellan’s $107,702! Read more and photo courtesy of: Institute for Justice",1,"(VIDEO)GREAT NEWS! IRS FORCED TO GIVE STORE OWNER’S LIFESAVINGS BACK AFTER SEIZING IT VIA CIVIL FORFEITURE LAW. I heard Mr. McLellan on the radio yesterday and he was very unsure about getting his money back from the seizure by the IRS. He sounded like he was pretty defeated and still shocked that via civil asset forfeiture laws he could have his life savings taken from him forever. We ve reported on this before and feel it s a law that s certainly being abused. Bravo to Mr. MCLellan for standing up for himself! After publicly humiliating the Internal Revenue Service, a North Carolina man received more than $100,000 from the agency.Lyndon McLellan had the bank account for his convenience store seized by the IRS, and at first he wasn t even sure why. The agency used civil asset forfeiture laws to take McLellan s money without convicting or charging him of a crime.The IRS said it suspected McLellan was violating federal structuring laws, which prohibit making multiple cash deposits of le",sensationalize_fake
fake_178,"Shocking News: Thousands Of Doctors Are DEMANDING A Single-Payer System Now! In a stunning turn of events, despite the recent claims from certain Democratic presidential candidates, the dream of a single-payer national healthcare system in the United States is very much alive and is sparking a fierce battle that could change the future of healthcare forever! Thousands of passionate physicians have rallied behind an audacious proposal aimed at making this dream a reality, even if the implementation date remains uncertain. Just last Thursday, the Physicians for a National Health Program unleashed their groundbreaking final proposal for a single-payer healthcare system, commonly dubbed as 'Medicare-for-all.' This proposal, meticulously crafted by 39 leading physicians, was unveiled in an explosive editorial titled 'Moving Forward from the Affordable Care Act to a Single-Payer System,' published in the prestigious American Journal of Public Health. The proposal comes with a powerful political punch! At the time of its release, a staggering 2,280 physicians and 168 medical students passionately endorsed this plan. If you’re a physician or work in the healthcare industry, you can add your name to this growing movement on PNHP’s website. ""Our nation is at a critical crossroads!"" exclaimed Dr. Adam Gaffney, a Boston-based pulmonary disease and critical care specialist, who is the lead author of the editorial and co-chair of the Working Group that put this revolutionary proposal together. Despite the Affordable Care Act’s passage six years ago, an appalling 30 million Americans remain uninsured, with even more suffering from underinsurance. Financial barriers to care, such as co-pays and deductibles, are skyrocketing, bureaucracy is spiraling out of control, provider networks are shrinking, and medical costs are climbing to unprecedented heights! PNHP warns that their proposal could SAVE an astonishing $500 billion every year by cutting out the bloated overhead and profits of insurance companies, along with the mountains of paperwork they burden hospitals and doctors with! Moreover, with only one health insurance plan in place, there would be NO barriers preventing individuals from visiting ANY doctor they choose! This has been a major talking point for conservatives in recent years, which would be obliterated instantly! The cost-saving benefits of this program are mind-blowing; with just one major healthcare provider, the expenses for medications and medical devices would plummet, thanks to significantly enhanced negotiating power! It’s almost mind-boggling why some progressives might argue that pushing for a single-payer healthcare system is a reckless waste of resources, instead of advocating for minor reforms. However, there has NEVER been a better moment to go ALL IN for a single-payer system! Republicans have been waging a relentless war against the Affordable Care Act since its inception. Throughout this relentless fight, they have failed to present any viable alternative proposals or solutions to improve the system! Instead, right-wing politicians and pundits have brainwashed their supporters into despising the ACA, or Obamacare, without a moment’s hesitation. Ironically, despite their vehement hatred for the concept, conservatives often exhibit surprisingly favorable attitudes towards specific elements of the plan! This gives progressives an incredible opportunity to strike back – they, too, want to END Obamacare! This bold statement may sound like a shocking betrayal, considering the all-out rhetorical war that has raged over the healthcare reforms for more than half a decade. However, progressives should not shy away from making such a statement! The ACA was always intended to end eventually. It was designed as a stepping stone towards a single-payer system! This doesn’t mean that the successful aspects of the law should be discarded if we transition to a single-payer system; if anything, the last few years have been a valuable lesson in how such a system could be effectively implemented to ensure success! Featured image from Photo by Lefteris Pitarakis WPA Pool/Getty Images",1,"Thousands Of Doctors Agree: Single-Payer Is The Way To Go. Despite recent assertions from certain Democratic presidential candidates, the dream of a single-payer national healthcare system in the United States is alive and worth fighting for   even if it may not be implemented tomorrow. Thousands of physicians have recently endorsed a proposal to make that dream a reality.On Thursday, the Physicians for a National Health Program released their final proposal for creating a single-payer or as it is commonly referred to a  Medicare-for-all  national health care plan. The proposal was crafted by 39 top physicians and released in an editorial titled  Moving Forward from the Affordable Care Act to a Single-Payer System,  which was published in the American Journal of Public Health. The proposal also came with a political punch. At the time of the proposal s release 2,280 physicians and 168 medical students endorsed the plan. If you are a physician or work in the healthcare industry, you can",sensationalize_fake
fake_179,"""Kellyanne Conway Claims Trump Deserves Respect Amid Media Assault (AUDIO). In a shocking display of defiance, whiny White House advisor Kellyanne Conway has erupted over the media's blatant disrespect towards her illegitimate president, Donald Trump. Her relentless crusade against the First Amendment continues unabated! It’s astonishing that Conway, along with President Steve Bannon and Trump himself, has ruthlessly attacked the press yet still expects glowing coverage in return. During a fiery appearance on Sean Hannity's radio show, Conway lamented the cruelty of the press towards Donald. When Hannity provocatively asked if the media was being 'beyond disrespectful' to Trump and his team, Conway fiercely agreed, escalating her claims by asserting that the press coverage was inciting a dangerous mob mentality, if not outright mob violence! 'The coverage never changed [of Trump]. It never progressed, it never matured!' Conway exclaimed. She shockingly suggested that the protesters were operating with a 'very low level of literacy' regarding the issues they were rallying against, despite the glaring truth that her boss's grammar barely surpasses that of a 6th grader! There’s no doubt that this utterly disrespectful treatment is a direct attack on the office of the presidency itself. 'If you are not showing the President and his main spokespeople respect,' she declared, 'then you’re not showing the office respect, and you are inciting mob mentality if not mob violence!' This inflammatory rhetoric is downright alarming, as she accused the media of stirring up chaos and encouraging the public to engage in unpeaceful protests that disrupt the lives of innocent travelers! Listen closely: The truth is, people are treating Donald Trump with the respect he unequivocally deserves! Protesters knew exactly why they stormed airports nationwide! Innocent individuals were being unconstitutionally detained and handcuffed, even children! At the time, Conway infamously downplayed the horrific separation of families as just a mere 'inconvenience.' So, Kellyanne, if you consider the unjust treatment of Trump an 'inconvenience' and something 'temporary' until his inevitable impeachment, then what does that say about your perspective? This is nothing short of a travesty! Conway audaciously complained about the press being 'mean' to Trump on a Fox News platform, where former President Barack Obama was brutally disrespected for eight long years! Enough is enough, Kellyanne! Stop the political correctness madness that's tearing our nation apart! Featured image by Mark Wilson via Getty Images.""",1,"Kellyanne Conway Says Trump Should Be Treated With The Respect He Deserves (AUDIO). Whiny White House advisor Kellyanne Conway does not like how the media treats her illegitimate president, Donald Trump. She s continuing her crusade against the First Amendment. Interestingly, she, President Steve Bannon, and Trump, have treated the press very badly, yet they feel they should get favorable coverage anyway. Conway appeared on Sean Hannity s radio show, and talked about how mean the press is to Donald.Hannity asked Conway if the media at large was being  beyond disrespectful  to Trump and his staff, according to Mediaite. Conway agreed then said that the coverage was  inciting mob mentality if not mob violence. The coverage never changed [of Trump]. It never progressed, it never matured,  Conway said.Conway said she thought protesters had  a very low level of literacy  of the issues against which they demonstrated, when the truth is that her boss s grammar sits at just below a 6th grade l",sensationalize_fake
fake_180,"""Liberty Report exposes shocking truths with Vanessa Beeley: ‘Everything the US media says about Aleppo is a complete fabrication!’ In a jaw-dropping revelation, 21st Century Wire unveils the sinister motives behind the relentless lies spewed by western media, crafting a nightmarish narrative about the catastrophic situation unfolding in Aleppo, Syria! Ron Paul Liberty Report co-host Daniel McAdams engages in a gripping discussion with 21WIRE's daring special contributor Vanessa Beeley, who spills the beans on the horrifying realities of Aleppo right now. Beeley unveils explosive new information about the western covert operation behind a deceitful NGO known as the White Helmets in Syria! What is truly happening in Aleppo? Are Assad and Putin engaging in a chilling campaign of extermination against the innocent population for their own twisted amusement? Is this a brutal war against US-backed moderates? This is the shocking story that the mainstream media wants you to swallow whole! Watch NOW: STAND with 21WIRE and its relentless fight for the truth by Subscribing and becoming a Member @ 21WIRE.TV!""",1,"Liberty Report talks to Vanessa Beeley: ‘Everything the US media says about Aleppo is wrong’. 21st Century Wire says Why are western media lying and producing a fictional narrative regarding the situation unfolding in Aleppo, Syria?Ron Paul Liberty Report co-host Daniel McAdams talks with 21WIRE special contributor Vanessa Beeley about what is really happening in Aleppo right now. Beeley also reveals new information about the western covert creation, a pseudo  NGO  called the White Helmets in Syria.What s really going on in Aleppo? Are Assad and Putin exterminating the population for sport? Is it a war against US-backed  moderates ? That is what the mainstream media would have us believe. Watch: SUPPORT 21WIRE and its work by Subscribing and becoming a Member @ 21WIRE.TV",sensationalize_fake
fake_181,"""Unhinged Ann Coulter Launches Shocking Attack on ‘Fat Girls’ for Trump Protests! In a political climate more brutal and divisive than ever before, where every election spirals into chaos, the aftermath of this election has ignited a frenzy! While the winning party shamelessly calls for unity, the vanquished are left to lick their wounds in a constitutionally protected, yet furious, display of protest. Non-Trump voting Americans are taking to the streets, expressing their outrage, while the media focuses on the most extreme cases among the protesters, conveniently ignoring the escalating violence and hate crimes perpetrated by Trump supporters. In a jaw-dropping statement, Trump himself declared: 'Just had a very open and successful presidential election. Now professional protesters, incited by the media, are protesting. Very unfair!' Donald J. Trump (@realDonaldTrump) November 11, 2016 But hold onto your hats, because one particularly controversial Trump supporter has taken the insanity to new heights! Instead of pointing fingers at the usual scapegoats—those with darker skin—Ann Coulter has unleashed a jaw-dropping tirade, blaming the protests on FAT GIRLS! Yes, you heard that right! Without fat girls, she claims, there would be no protests at all! pic.twitter.com/Qmd7XE0CJC  Ann Coulter (@AnnCoulter) November 10, 2016 As if marching with signs could ever be a form of exercise, she sneered that they also need to consider the Atkins diet. pic.twitter.com/ZmQ62nh44n  Ann Coulter (@AnnCoulter) November 10, 2016 Fortunately, a voice of sanity erupted on Coulter's Twitter feed, with one user exclaiming: '@AnnCoulter My jaw is dropped. HOW ARE YOU THAT EVIL/MEAN/RUDE? May you never have a daughter or even be around children.' alison becker (@thealisonbecker) November 11, 2016 Another chimed in, 'I don’t support attacking her looks either, just so you know, evil as she may be. AND SHE IS EVIL.' alison becker (@thealisonbecker) November 11, 2016 The outrage continued, with reactions pouring in: '@AnnCoulter WOW this tweet. It must be misery living inside your skin.' mariannegarvey (@garveyshuffle) November 11, 2016 The call to action was clear: '@MELANIATRUMP looks like your cyber bullying campaign needs to begin NOW @AnnCoulter' Sarah Solemani (@Solemani) November 11, 2016 And the horror didn't stop there! '@AnnCoulter are you kidding me? What kind of hateful woman are you? Fat shaming people for voicing their opinions. Shame on you.' Plastic Martyr (@plasticmartyr) November 11, 2016 Meanwhile, Trump’s basket of deplorable supporters rallied around their queen with fervor, defending her outrageous claims! @AnnCoulter pic.twitter.com/2VKNYZsNVp  ((( )))ZEALOT (@duchess1201) November 10, 2016 The fervor was palpable! '@AnnCoulter @AlbionAwakes fearful of a trump presidency we may have to grow up & get jobs?' Mr. Big (@gaptooth28) November 10, 2016 '@gaptooth28 @AlbionAwakes @AnnCoulter JOBS is a four letter word to these people. The Rust Belt wants them but these yahoos forget it.' UN-Deplorable AB (@on_the_gulf_2) November 10, 2016 Attention Trump supporters: YOU WON! We acknowledge it! But let’s be clear—winning with grace seems utterly foreign to you, especially to Coulter, who has clearly never learned the meaning of the word! Featured image via Chip Somodevilla/Getty Images""",1,"Unhinged Ann Coulter Blames ‘Fat Girls’ For Trump Protests. While this election was undeniably (from one side) meaner and more divisive than perhaps ever before, most elections do become mean and divisive, but the winning party usually calls for unity while the losing party licks its wounds.Non-Trump voting Americans are licking their wounds in their constitutionally (for now) protected way, by protesting. The media, of course, generally only reports on the worst of the protesters, while less attention has been paid to the rising violence and hate crimes from Trump supporters.Trump had this to say about the protests:Just had a very open and successful presidential election. Now professional protesters, incited by the media, are protesting. Very unfair!  Donald J. Trump (@realDonaldTrump) November 11, 2016One Trump supporter (and perhaps the worst person in the entire f*cking world) has strong opinions about the protests. Instead of blaming them on the usual suspects, like those who hav",sensationalize_fake
fake_182,"Obama’s Legacy: The Shocking Truth Behind Washington’s Deceit on ISIS and Syria! 21st Century Wire reveals the startling reality: ISIS is running rampant! Assad’s barbaric barrel bombs rain down! We are embroiled in a fierce battle against ISIS! But wait, we’re only arming the so-called moderate rebels? The Russians are mercilessly bombing hospitals! And in a chilling twist, ISIS claims responsibility for a stabbing spree in Minnesota! We are on the brink of disaster as we MUST rescue a staggering 100,000 innocent children in Aleppo from the clutches of Assad and the ruthless Russians! It’s a web of lies, lies, and MORE lies! All funded by the hard-earned money of the US taxpayer! Don't miss this explosive revelation!",1,"Obama’s Legacy: Washington is Lying About ISIS, and Lying About Syria. 21st Century Wire says ISIS inspired. Assad s barrel bombs. We are at war with ISIS. We are only arming the moderate rebels. The Russians are bombing hospitals. ISIS claims responsibility for stabbing in Minnesota. We must save 100,000 children in Aleppo from Assad and the Russians! Lies, lies, and more lies. All paid for by the US taxpayer. Watch:",sensationalize_fake
fake_183,"""Boiler Room EP #85 – The Jaw-Dropping Comeback of the Social Rejects Club! Brace yourselves as you tune in to the Alternate Current Radio Network (ACR) for another LIVE, no-holds-barred broadcast of The Boiler Room, kicking off at 6:00 PM PST | 8:00 PM CST | 9:00 PM EST! This is not your average show – join us for an electrifying experience of uncensored, uninterruptible talk radio, tailor-made for the barfly philosophers, misguided moralists, masochists, street corner evangelists, media-maniacs, savants, political animals, and all the lovable rascals out there! Prepare for an unforgettable episode as ACR's fearless hosts Hesher and Spore team up with the sensational Jay Dyer, the captivating Jamie Hanshaw of Happy Hearts, the audacious Andy Nowicki from Alt Right Blogspot, and the enigmatic Daniel Spaulding of Soul of the East for the 85th episode of BOILER ROOM! Turn down the lights, put on those headphones, and immerse yourself in a post-election spectacle that will leave you on the edge of your seat! This week, the Boiler mind-trust dives deep into the tumultuous waters of current events, dissecting them like the media aardvarks they are! Jamie dares to bring up the bizarre antics of Kanye West, and the Boiler Room crew grapples with the shocking question: has he truly gone star-truther and lost his mind, or is it all an elaborate performance? PizzaGate rears its monstrous head once again, alongside the chaotic events swirling in the FakeNews hashtag meme wars! The Boiler team is determined to put their fearless analysis on record as we bear witness to the relentless demonization of the Alt Right in the #DiscreditedMedia! Don’t just sit there – like and share this explosive program and check out our donate page to get involved in the most outrageous discussions! BOILER ROOM IS NOT A POLITICALLY CORRECT ZONE! TUNE IN TO THE SHOW IN THE PLAYER BELOW AND ENJOY THE RIDE! Listen to Boiler Room #85 – The Jaw-Dropping Comeback of the Social Reject Club on Spreaker. Reference Links:""",1,"Boiler Room EP #85 – The Return of the Social Rejects Club. Tune in to the Alternate Current Radio Network (ACR) for another LIVE broadcast of  The Boiler Room  starting at 6:00 PM PST | 8:00 PM CST | 9:00 PM EST for this special broadcast. Join us for uncensored, uninterruptible talk radio, custom-made for barfly philosophers, misguided moralists, masochists, street corner evangelists, media-maniacs, savants, political animals and otherwise lovable rascals.Join ACR hosts Hesher and Spore along with Jay Dyer, Jamie Hanshaw host of Happy Hearts,  Andy Nowicki of Alt Right Blogspot and Daniel Spaulding of Soul of the East for the 85th episode of BOILER ROOM. Dim the lights, dawn the headphones and indulge in a post-election special broadcast of Boiler Room with the crew. This week the Boiler mind-trust is going about examining current events like the media aardvarks that they are. Jamie brings up the odd behaviors of Kanye West and the Boiler Room discusses if he has he gone  star-truthe",sensationalize_fake
fake_185,"Paul Ryan BACKTRACKS After SHOCKING Trump Meeting, Desperately Tries to Save His Reputation! At one point, House Speaker Paul Ryan appeared to be a vocal opponent of the now-presumptive GOP 2016 presidential nominee Donald Trump. Ryan, who typically keeps his opinions on the GOP primary close to his chest, couldn’t hold back when Trump’s jaw-dropping statements and actions erupted onto the scene. When Trump failed to entirely disavow an endorsement from the notorious Ku Klux Klan leader David Duke, Ryan spoke out vehemently, condemning the very idea of a Republican presidential nominee cozying up to white supremacist groups. The outrage continued when Trump proclaimed his desire to ban ALL Muslims from entering the United States! One would assume these stances would signal Ryan’s refusal to support Trump’s nomination; in fact, he recently declared he was ""not ready"" to fully back Trump. But everything flipped on its head Thursday morning when Ryan held a SECRET MEETING with Donald Trump! Following this shocking encounter, Ryan issued a statement to the media that seemed meticulously crafted to retract his earlier condemnations of The Donald. He’s suddenly all about “party unity” and claims to be “very encouraged” by Trump’s rhetoric during their clandestine talks. However, Ryan remained tight-lipped about the specific details of their conversation. Instead, Ryan and Trump released a joint statement that insisted they want GOP leaders to “unite around our shared principles, advance a conservative agenda and do all we can to win this fall.” The statement continued with an alarming tone: With that focus, we had a great conversation this morning. While we were honest about our few differences, we recognize that there are also many important areas of common ground. We will be having additional discussions, but remain confident there’s a great opportunity to unify our party and win this fall, and we are totally committed to working together to achieve that goal. In a post-meeting press conference, Ryan declared: This was our first meeting, but it was a very positive step toward unification. It’s CRUCIAL that we don’t fake unifying, we don’t pretend unification, that we truly and actually unify so we are full strength in the fall. I don’t want us to have a fake unification process here. Although Ryan didn’t outright endorse Trump, it’s glaringly obvious he’s gearing up to do just that in the very near future, despite having recently displayed a smidgen of common sense by calling out Trump’s bigoted rhetoric. But once a Republican, ALWAYS a Republican! No principles whatsoever—no one should be shocked by this turn of events. It appears that Speaker Ryan is just another “party first” GOP puppet who seems utterly indifferent to the impending disaster a Donald Trump presidency would bring to our nation, and he is clearly preparing to rally behind this self-absorbed blowhard as he aims to seize control and become America’s next DICTATOR president! Featured image via Gage Skidmore/Flickr",1,"Paul Ryan Backpeddles After Trump Meeting, Covers His A** For Endorsement. For a time, it seemed that House Speaker Paul Ryan was no fan of the now-presumptive GOP 2016 presidential nominee Donald Trump. After all, Ryan has largely kept his opinions on the GOP primary to himself, but some of Trump s statements and actions were outrageous enough for Ryan to speak out. When Trump refused to out-and-out disavow an endorsement from infamous Ku Klux Klan leader David Duke, Ryan spoke up and condemned the idea that the Republican Party could have a presidential nominee who flirted with the endorsements of white supremacist groups. The same thing happened when Trump came out and said that he wanted to ban all Muslims from entering the United States.One would think that these positions would mean that Ryan could not support Trump s nomination; in fact, he recently said that he was  not ready  to go all in for Trump. All of that changed on Thursday morning, though, when Ryan held a closed meeti",sensationalize_fake
fake_186,"SHOCKING REVELATION: DAUGHTER OF SUNNI MUSLIM AND GEORGE CLOONEY'S WIFE SLAMS TRUMP AS ANTI-AMERICAN! Amal Clooney, the British citizen and notorious open borders activist, has audaciously proclaimed that Donald Trump does NOT embody the ""U.S. values"" that every American holds dear. Can you believe it? A BRITISH citizen daring to dictate to us who we should support for our President! And let’s not forget, this is coming from someone whose country is grappling with a violent MUSLIM invasion that is sweeping across Europe! How DARE she tell Americans which candidates resonate with our values? Perhaps Queen Clooney should focus on her own backyard and leave the American politics to us! Just because she and her clownish husband raked in a jaw-dropping $15 MILLION to bolster corrupt Hillary doesn’t entitle them to meddle in our elections! George Clooney, a known Clinton supporter, surprisingly finds common ground with Bernie Sanders on at least one issue. #Decision2016 https://t.co/gQ8X7YR8yA Meet the Press (@MeetThePress) April 16, 2016 In a jaw-dropping BBC interview, Amal, the 38-year-old British-Lebanese human rights attorney, unleashed her criticism on the Republican frontrunner, Trump, for his radical proposals to erect walls and impose a PAUSE on Muslim immigration into our beloved United States! She had the audacity to DEFEND Muslims, claiming they are NOT the extremists that Trump paints them to be! ""If you actually look at what [Trump] specifically says in that now infamous speech about Muslims,"" she raged, ""he kept saying, 'They only want jihad; they don’t believe in our way of life; they don’t respect our system!'"" Can you believe the nerve? She further questioned, ""Do you mean the 1.5 billion people around the world who fit that description?"" Wow! Talk about generalizing! Her mother is a SUNNI MUSLIM! Amal Clooney is LEFT PERPLEXED by Trump’s campaign success, claiming that if he is defeated by the first female president of the United States, it would send a POSITIVE message about what the electorate REALLY thinks of his views! ""I don’t think they are U.S. values!"" she insisted. The Clooneys, who are both backing Hillary Clinton's White House bid, are hardly the voices of reason! Mr. Clooney, who has fervently advocated for open borders, labeled Trump a ""xenophobic fascist"" hell-bent on banning Muslims from our country during a recent interview with The Guardian. Meanwhile, as reported by Breitbart News, the Clooneys have gone to EXTREME lengths to protect their privacy and security at their lavish $10 million Lake Como estate in Laglio, Northern Italy! Mayor Roberto Pozzi even issued an ORDINANCE in 2015 to shield this couple and their extravagant property from unwanted visitors! The area surrounding their estate is now OFF LIMITS, and anyone who dares to approach faces a massive fine! This is the reality of the Clooneys' bubble while they try to dictate our political landscape! Stay tuned for more jaw-dropping updates on this unfolding drama! Via: Breitbart News",1,"DAUGHTER OF SUNNI MUSLIM, George Clooney Wife, Open Borders Activist And British Citizen Says Trump Doesn’t Represent “U.S. Values”. There s nothing like a Brit telling Americans who we should support for President, or a foreigner suggesting we should open our borders to anyone who cares to cross over  them. It s not exactly like Britain is immune from the violent Muslim invasion taking place across Europe. Telling Americans which of our candidates do, or do not represent US values adds a special touch don t you think?Perhaps Queen Clooney should stick to advising Britain citizens about who they should or shouldn t vote for. Just because you and your ass-clown of a husband raised $15 MILLION for corrupt Hillary, doesn t give you the right to tell Americans who we should vote for. George Clooney is a Clinton supporter   but he agrees with Sanders on at least one point. #Decision2016https://t.co/gQ8X7YR8yA  Meet the Press (@MeetThePress) April 16, 2016Amal Clooney, the British-Lebanese h",sensationalize_fake
fake_187,"""SHOCKING NEWS: Megyn Kelly Just Delivered a Colossal ‘F**k You’ to Fox News, Potentially Toppling the Entire Network! It appears that Fox News’ relentless adoration for Donald Trump has finally pushed now-former host Megyn Kelly over the edge! That’s right, she’s officially out! According to the New York Times, Kelly is making a daring leap to NBC, where she will host a riveting daytime news and discussion show, anchor her own weekend spectacle, and contribute to the network’s exclusive political coverage! This may or may not be a jaw-dropping revelation for Fox, especially considering the ousted former chairman Roger Ailes sexually harassed Kelly for nearly a decade! Perhaps they’re experiencing some serious buyer's remorse after siding with Trump against Kelly when he viciously attacked her on social media, regular media, and virtually everywhere after she dared to challenge him during a debate! Whatever her motives, Kelly is leaving behind a jaw-dropping $20 million a year that Fox offered her to remain after her contract expires! NBC has made it abundantly clear they can’t and won’t come close to matching that staggering sum! Sources have remained tight-lipped with the New York Times about Kelly’s upcoming salary, but it’s practically guaranteed she’s taking a significant pay cut based on past comments! While it’s certainly entertaining to watch Kelly unleash her fury on Fox News, one can’t help but question why NBC would recruit someone who believes Santa and Jesus are both real (and white men), who had the audacity to blame Sandra Bland for her own tragic death, who thinks that pepper spray is akin to a food product, and who has uttered and done so many atrocious things over the years that a properly functioning society would shun her as a pariah – though, of course, she was one of the few right-wing voices to stand up to Donald Trump to some extent! Naturally, Trump supporters are reveling in this news: Megyn Kelly is moving to NBC! Hahaha Feminazi cunt. #TakeHerCoat #MAGA GINGER JESUS (@1BOSSTAFARI) January 3, 2017 ""Megyn Kelly"" good riddance to the worthless liberal-loving whore now she can go lick Democratic balls all day long good riddance trash!!! apgovea123 (@apgovea1) January 3, 2017 Megyn Kelly is an attention whore. She's your typical media slut. Patrick Henry (@FightNowAmerica) January 3, 2017 Thank God Megyn Kelly is leaving! She's a hateful shrew! She belongs on lying NBC~used to like her. She got so full of herself. Fame whore Michele Lee Johnson (@MLeeJohnson) January 3, 2017 YUGE 2017! #Trump will be president, #conservative #SCOTUS judge will be installed, & @megynkelly to leave @FoxNews! #maga #tcot #tlot #ccot pic.twitter.com/JYNWBkpEFZ Michaela Marie (@Momofonly3) January 3, 2017 #FAKENEWS Megyn Kelly take your fake victimhood & biased liberal opinions elsewhere #LiberalNBC #goodriddance #MAGA pic.twitter.com/ItMOOV6pXk Deplorable David B (@DBHnBuckhead) January 3, 2017 No big surprise, @megynkelly leaving @FoxNews, preferring @NBCNews After her #pizzagate plush piece I knew the end was near #FoxNews #MAGA pic.twitter.com/h9nUuyFCtJ Michael DC (@Michaeldcart) January 3, 2017 In a tearful Facebook post, Kelly expressed her gratitude to her viewers for their unwavering support: (function(d, s, id) { var js, fjs = d.getElementsByTagName(s)[0]; if (d.getElementById(id)) return; js = d.createElement(s); js.id = id; js.src = ""//connect.facebook.net/ar_AR/sdk.js#xfbml=1&version=v2.3""; fjs.parentNode.insertBefore(js, fjs);}(document, 'script', 'facebook-jssdk')); Over a dozen years ago, I embarked on a journey at Fox News that would transform my life forever. Now, I have made the momentous decision to conclude my time there! Is Kelly’s bold move to NBC or their decision to hire her a wise choice? Only time will reveal the truth; it hinges on how much of her despicable, bigoted Fox News persona was merely an act! Regardless, her dramatic exit leaves her former network with a massive, gaping void in its lineup – one they will almost certainly fill with someone a thousand times more horrendous than Megyn Kelly could ever be! Featured image via screengrab""",1,"BREAKING: Megyn Kelly Just Gave The Ultimate ‘F**k You’ To Fox News, And It Could Destroy The Network. It seems that Fox News  repeated decisions to shower of Donald Trump with adoration and excuses has gotten to now-former Fox News host Megyn Kelly. That s right  now former. According to the New York Times, Kelly will be jumping ship to NBC where she will hist a daytime news and discussion program, anchor her own weekend show, and be a part of the network s special political coverage.This may or may not come as a shock to Fox, whose ousted former chairman Roger Ailes sexually harassed Kelly for about a decade, but perhaps they might be having some  hindsight  issues surrounding their recent decision to side with Trump over Kelly when The Donald was bullying her on social media, regular media, and everywhere else imaginable after she challenged him during a debate.Whatever her reason for leaving, she is passing up a pretty sweet $20 million a year that Fox offered her to stay after her",sensationalize_fake
fake_188,"""ST PAUL, MN PUBLIC SCHOOLS IN SHOCKING WHITE PRIVILEGE TRAINING: TEACHERS ASKED, 'WHEN DO YOU WEAR THE HOOD?'!"" Minnesota has become a breeding ground for liberalism and bizarre ideologies in the Midwest! As teachers bravely expose the crumbling discipline for black students in St. Paul Public Schools, a jaw-dropping photo has surfaced from a so-called equity training that will leave you questioning the sanity of what is being indoctrinated into our educators! Aaron Benner, a fourth-grade teacher in the district, revealed to EAGnews that black students are routinely let off the hook for their behavior due to outrageous white privilege training for teachers and administrators. ""As a black man, I can say that they are hurting black kids!"" Benner exclaimed. ""I've never seen anything as utterly ridiculous as PEG! Everything we do, PEG is at the forefront. It's laughable! PEG claims that shouting out in class is a black cultural norm, while punctuality is reserved for white culture. It's downright demeaning and condescending to black children! If a white person dared to make such outrageous statements, there would be an uproar! You are NOT helping kids by making excuses for them based on their race! It's not about culture when we talk about essential norms that ALL cultures must follow—throwing things or attacking your teacher is unacceptable, regardless of your skin color!"" Now, a source has come forward with shocking photographic evidence revealing the disturbing nature of the white privilege training inflicted upon St. Paul teachers! According to this insider, the photo was taken during a staff meeting this year at Bruce Vento Elementary. It depicts a figure cloaked in a Ku Klux Klan hood alongside the chilling question, ""When do you wear the hood?"" The principal allegedly displayed this abhorrent image and instructed the staff to sit in silence and contemplate it for a mind-boggling 3 to 4 minutes! The source, terrified of potential backlash, refused to elaborate further! Another whistleblower stated, ""This picture and the notion that it could somehow be beneficial is beyond comprehension!"" Attempts to contact Scott Masini, principal of Bruce Vento, yielded no immediate response. Last May, the Pioneer Press uncovered that the St. Paul district had squandered at least $1.2 million on such outrageous training from Pacific Educational Group, a San Francisco-based company that peddles similar indoctrination across the nation! Last fall, the Star Tribune reported that St. Paul schools inked a staggering $246,500 contract with PEG for equity training—$133,500 less than the previous agreement approved for 2013-14! Bruce Vento Elementary's website outlines the district's equity plan, which includes a disconcerting examination of the presence and role of Whiteness! Via: EAG News From the Un-Fair Campaign, which hails from Duluth, MN: This campaign is a shocking exposé on white privilege and offers a chilling guide on what white people must do! Utilize the resources listed below to uncover the truth! Discover how historically white privilege has benefited you and others of your race. Accept that you possess unearned privilege and advantages—WRITE THEM DOWN! Start to recognize the privileges and advantages you have: Below is a disturbing White Privilege video crafted by the Un-Fair Campaign!""",1,"ST PAUL, MN PUBLIC SCHOOLS ‘White Privilege’ TRAINING ASKS TEACHERS: “When do you wear the hood?”. Minnesota the hotbed of liberalism and  diversity  in the Midwest While teachers blow the whistle on the breakdown of discipline for black students in St. Paul Public Schools, a photo has emerged from an  equity  training that might leave some to wonder what s actually being taught to teachers.Aaron Benner, a fourth grade teacher in the district, told EAGnews about how black students  are frequently not held accountable for their actions  due to  white privilege  training for teachers and administrators. As a black man I can say that they are hurting black kids,  Benner said.  I ve never seen anything as idiotic as PEG. Everything we do, PEG is at the forefront. It s so comical. PEG says shouting out in class is a black cultural norm, and being on time is a white cultural thing. It s so demeaning, so condescending to black kids. If a white person were making claims like this, black people",sensationalize_fake
fake_189,"""NAVY SEALS ‘Forced To Spend Their Own Money On Combat Gear’…WHILE U.S. Marines Will Blow $50 MILLION To Save Desert Tortoises! The safety of our nation is at an all-time low, teetering on the brink of disaster under Barack Hussein Obama’s reckless leadership! Can you believe that our bravest warriors, the elite Navy SEALs, are being forced to foot the bill for their own combat gear? This scandalous situation is absolutely outrageous! Meanwhile, we are about to waste an astonishing $50 MILLION—or $42,000 PER TORTOISE—to relocate these reptiles from a desert in California to an uncertain fate in a new habitat. This is a jaw-dropping example of how inverted our national priorities have become! Reports from Breitbart reveal that Congressman Duncan Hunter (R-CA), a Marine with three combat deployments to Iraq and Afghanistan, was informed by SEALs that they are running dangerously low on combat rifles. The Associated Press has reported Hunter’s shocking description of a ‘weapons carousel,’ where SEALs returning from deployment are forced to hand over their weapons to outgoing troops. This disgraceful practice undermines the critical ‘train like you fight’ principle and disrupts the vital bond that special operators cultivate with their highly specialized weapons. Hunter is sounding the alarm on the urgent need for special operators to train with the weapons they will actually use in the field! As the situation stands, after a deployment, a SEAL’s finely-tuned weapon is confiscated and handed off to another operator. This means that SEALs, poised for deployment, are left waiting for other teams to return to the States just to get their hands on the rifles they desperately need! ‘They want their rifles! It’s their lifeline!’ Hunter passionately declared. ‘So let them keep their guns until they’re reassigned desk jobs at the Pentagon!’ The Navy Times has reported a shocking development: some SEALs have been ‘forced to spend their own money on combat gear!’ Former active-duty special operator Lt. Cmdr. Sean Matson, visiting Capitol Hill at Hunter’s behest, revealed he had to shell out $900 of his own hard-earned cash to purchase a top-of-the-line ballistic helmet while the Navy dragged its feet on upgrading his equipment! Hunter boldly pointed fingers at the SEAL rifle shortage, attributing it to grossly wasteful spending, arguing that there should be ample funds available for purchasing rifles—far cheaper than the majority of military equipment—based on congressional spending authorizations for special ops forces! Joe Kasper, Hunter’s chief of staff, told the Navy Times that shortages of optics, night vision, and laser attachments have also been reported, even as the budget for Navy Special Warfare has skyrocketed! ‘There are obviously some trade-offs being made, but they’re occurring at the expense of operators and their firepower—and those are the absolute worst trade-offs to make!’ Kasper exclaimed. Meanwhile, the Daily Caller has uncovered that the Marine Corps is gearing up to conduct a MASSIVE operation to relocate hundreds of desert tortoises from combat training grounds to prevent them from being CRUSHED TO DEATH by military vehicles! The total cost of this operation? A staggering $50 million to move just 1,185 tortoises, which breaks down to a shocking $42,000 PER TORTOISE! This is a national disgrace!""",1,"NAVY SEALS “Forced To Spend Their Own Money On Combat Gear”…WHILE U.S. Marines Will Spend $50 MILLION To Save Desert Tortoises. The security of our nation has never been more threatened than it is today, under the incompetent leadership of Barack Hussein Obama. The idea that we have one of the most highly trained group of warriors in our US Military paying for their own combat gear is unconscionable. Meanwhile, we are about the spend $50 MILLION or $42,000 per tortoise, to transplant  them from a desert in CA to a new environment, where they may or may not survive, is a perfect example of how upside down our nation s priorities are today Breitbart   Congressman Rep. Duncan Hunter (R-CA), a Marine with three combat deployments to Iraq and Afghanistan on his resume, says Navy SEALs have been telling him they are running short on combat rifles.The Associated Press reports Hunter describing a  weapons carousel  in which SEALs returning from deployment hand their weapons off to outgoing tro",sensationalize_fake
fake_190,"""Bannon Unleashes His ‘Weapons’ At Breitbart; Obliterates ‘Quran Kissing’ McMaster In Fiery Attack! This week’s explosive news cycle was utterly dominated by Donald Trump’s appalling response to the horrific violence unleashed by white supremacists, neo-Nazis, and other far-right hate groups in Charlottesville, Virginia. However, the drama escalated to a fever pitch on Friday when news broke that Trump’s white supremacist Chief Strategist, Stephen K. Bannon, would be ousted! But wait – the saga doesn’t end there! Bannon swiftly reclaimed his throne at Breitbart News and declared all-out war! Now, we’re witnessing the terrifying reality of his intentions. Who can forget the outrageous interview where Bannon brazenly vowed to keep pushing his twisted ideology from outside the White House? He boasted to the Weekly Standard, a conservative publication known for its sharp critiques of Trump, saying: 'I feel jacked up. Now I’m free. I’ve got my hands back on my weapons. Someone said, it’s Bannon the Barbarian. I am definitely going to crush the opposition. There’s no doubt. I built a f***ing machine at Breitbart. And now I’m about to go back, knowing what I know, and we’re about to rev that machine up. And rev it up we will do.' The sheer insanity of that statement is staggering, revealing Bannon to be just as dangerously unhinged as we all feared! His sole loyalties lie with his white supremacist agenda, and it’s no shock that he’s already launched vicious attacks on Trump’s National Security Adviser, H.R. McMaster, in the pages of Breitbart. This weekend, the right-wing tabloid unleashed a headline that screamed: 'H.R. McMaster Endorsed Book That Advocates Quran-Kissing Apology Ceremonies!' The accusations claim that McMaster fails to adequately condemn Islam, something that’s become a twisted requirement in pro-Trump circles. But where’s the evidence? Well, it’s because McMaster supposedly supported a military manual that instructed not to offend Muslims by desecrating their holy book, the Quran! Naturally, the radical right only believes that Christians deserve any respect at all! This is merely the beginning of Breitbart’s merciless assault on McMaster now that Bannon is back in the game. Expect them to target General Kelly next! After all, it’s no secret that neither of the Generals had any love for Bannon and his chaotic reign in the White House. Despite the conflicting messages coming out of the White House, it’s widely believed that General Kelly was the mastermind behind Trump finally getting rid of Bannon! In summary, Bannon’s return to Breitbart spells disaster and chaos for the White House and, consequently, for the entire nation! Featured image via Chip Somodevilla/Getty Images""",1,"Bannon Takes His ‘Weapons’ At Breitbart; Smears ‘Quran Kissing’ McMaster In Scathing Hit Piece. This week s chaotic news cycle was mostly dominated by Donald Trump s disgraceful response to the violence perpetuated by white supremacists, neo-Nazis, and other far-right hate groups in Charlottesville, Virginia. However, that news cycle had a great big exclamation point at the end of it on Friday, when it was announced that Trump s white supremacist Chief Strategist, Stephen K. Bannon would be ousted. Of course, Bannon quickly returned to his perch at Breitbart News, and promised war. Now, we are seeing just what he meant.Everyone remembers the insane interview in which Bannon promised to continue pushing his twisted ideology from outside the White House. He told the Weekly Standard, a conservative publication that has long been critical of Trump, in part: I feel jacked up. Now I m free. I ve got my hands back on my weapons. Someone said,  it s Bannon the Barbarian.  I am definitely going",sensationalize_fake
fake_191,"""Trump Launches Scathing Attack on New Mexico's GOP Governor After She Dares to Withhold Endorsement! If Donald Trump possessed even a shred of political savvy, he would be rolling out the red carpet to woo New Mexico Governor Susana Martinez, who has shockingly withheld her support! She embodies the perfect GOP figurehead – fierce on crime, anti-immigration, pro-corporate tax cuts, staunchly opposes Obamacare, and vehemently anti-gay marriage. But instead of employing typical campaign strategies to charm Governor Martinez into backing him, Trump has resorted to outright bullying to extract an endorsement! At a recent rally in Albuquerque, New Mexico, the presumptive Republican nominee unleashed a tirade against the governor in front of his uncritical followers: 'We have got to get your governor to get going. She’s got to do a better job. Okay? Your governor has got to do a better job. She’s not doing the job. Hey! Maybe I’ll run for governor of New Mexico. I’ll get this place going. She’s not doing the job. We’ve got to get her moving. Come on: Let’s go, governor.' The audacity! Trump further claimed, 'Syrian refugees are being relocated in large numbers to New Mexico. If I was governor, that wouldn’t be happening.' ABSOLUTE LIES! First and foremost, Governor Martinez is one of those Republicans who blatantly refuses to assist Syrian refugees! She has the gall to assert that the government doesn’t vet refugees; it's clear she is utterly clueless about the realities of resettlement! Due to her shocking ignorance, her state is far from welcoming. In fact, the Refugee Processing Center reveals that a staggering total of only TEN Syrian refugees have been settled in New Mexico since 2011, the year Martinez took office. TEN! That’s the so-called 'large number' of Syrians Trump is ranting about! So, the burning question remains: Did Trump’s inflammatory speech sway the governor to support him? Not in the slightest! Martinez's spokesman, Mike Lonergan, fired back with a statement addressing Trump’s outrageous criticisms: 'Apparently, Donald Trump doesn’t realize Governor Martinez wasn’t elected in 2000, that she has fought for welfare reform, and has vehemently opposed the President’s Syrian refugee plan. But these insults weren’t about policy; they were purely political. And the Governor will NOT be intimidated into supporting a candidate until she is certain that candidate will champion the interests of New Mexicans. Governor Martinez couldn’t care less about Trump’s disparaging remarks about her – she is solely focused on what he proposes to do for New Mexicans. She didn’t hear a single thing about that today. Good for her! I may vehemently disagree with almost all of Governor Martinez’s policies, but at least she refuses to let a misogynistic bully trample her into submission! Featured image via Mark Lyons/Getty Images""",1,"Trump Attacks New Mexico’s GOP Governor After She Refuses To Endorse Him. If Donald Trump were a smart man, he d be doing everything he possibly could to woo New Mexico Governor Susana Martinez who has not yet thrown her support behind him. She is the perfect GOP poster woman    tough  on crime, anti-immigration, pro-corporate tax cuts, opposes Obamacare, and she is anti-gay marriage. However, instead of doing what a typical candidate would do and trying to win Governor Martinez over with his plans for the future, Trump has chosen to attack and bully an endorsement out of her.During a rally in Albuquerque, New Mexico on Tuesday night, the presumptive Republican nominee slammed the governor to his vapid supporters: We have got to get your governor to get going. She s got to do a better job. Okay? Your governor has got to do a better job. She s not doing the job. Hey! Maybe I ll run for governor of New Mexico. I ll get this place going. She s not doing the job. We ve got to get her movin",sensationalize_fake
fake_192,"Trump's Army of Trolls Launches Vicious Attack on Megyn Kelly’s Book, But Amazon Stands Strong Against Their Desperate Tactics! Megyn Kelly's explosive new book, Settle For More, has sent shockwaves through the Trump fanbase, igniting a frenzy of outrage. She dares to expose him in a less-than-flattering light, and these die-hard supporters are out for blood, determined to sabotage her success and silence her voice. In a shocking twist, Amazon has bravely stepped in to thwart their nefarious plot! The tech giant has eliminated a staggering number of one-star reviews that originated from a pro-Trump Reddit hive. While USAToday revealed earlier today that a jaw-dropping 17 percent of the reviews on Kelly's book were one-star at one point, an alarming 76 percent of those reviews were harshly negative ratings. Over the weekend, more than 400 reviews flooded in, showcasing the lengths to which these fanatics will go to obliterate the book’s sales because they idolize Trump and can't stand anyone daring to tarnish his image. The reviews were filled with outrageous claims like: This woman is not a journalist! She is an attention seeker! They even allege she’s on the DNC’s payroll to spread fake news! Can you believe it? Megyn Kelly, a puppet of the DNC? Absolutely ludicrous, yet Amazon's review system allows anyone to hurl baseless accusations without a shred of evidence. Another review exclaimed: Wow, get over yourself! You're not that good! Your treatment of Newt and Trump was inexcusable! The Reddit forum from which many of these venomous reviews sprang is ominously named The_Donald, and now these trolls are furious that their malicious campaign has been thwarted. One disgruntled individual known only as Tim from MD lamented that over 120 one-star reviews had mysteriously vanished. He lamented: Are we living in a free country anymore? Trump is president, yet she wrote the book thinking Clinton would win! Now both the book and her shows are facing boycotts! It’s outrageous! Apparently, her attorneys have launched a campaign to have negative reviews removed, and shockingly, it appears to have worked. Can you believe it? While the publisher, Harper-Collins, bravely reached out to Amazon about the orchestrated attack on Megyn Kelly’s credibility, it’s unclear if her legal team also contacted Amazon. Regardless, Trump supporters have consistently demonstrated their willingness to manipulate situations in their favor by banding together. It’s absolutely ridiculous! Although Amazon may have mistakenly deleted some legitimate reviews across their platform, the rampant issue of fake reviews aimed at either inflating reputations or tearing down anything that challenges their views (like conservatives who can’t handle a hint of reality) has reached catastrophic levels, forcing them to take action. When a flood of negative reviews emerges from a single source, it’s a glaring indication that these aren’t genuine assessments. Furthermore, Amazon didn’t eliminate all negative reviews—just the ones that were clearly part of a coordinated effort by Trump trolls to annihilate Megyn Kelly and her book! If anyone needs to wake up and face reality, it’s them! As one brave reviewer pointed out, Trump won, so what’s the fuss about? It’s time to grow up, folks!",1,"Trump Trolls Try KILLING Megyn Kelly’s Book And Amazon Isn’t Having Any Of Their Sh*t. Megyn Kelly s new book,  Settle For More,  seems to have Trump s fans in a tizzy. She doesn t paint him in a very flattering light, so obviously the book is politically motivated and she had no business writing it, let alone selling it on Amazon. Trump s trolls decided they would try to shut down, or at least depress, sales, and Amazon decided they weren t having it at all. Amazon pulled a ton of one-star reviews that all came from a pro-Trump Reddit. While USAToday reported early this morning that 17 percent of the reviews on Kelly s book were one-stars   at one point, 76 percent of those reviews were one star ratings. There were more than 400 reviews total that came in over the weekend, which means that a lot of people were trying to kill the book s sales because they love Trump and despise anyone who makes him look even slightly less than godlike.These reviews consisted of things like: This woman ",sensationalize_fake
fake_193,"""SHOCKING: You Won't Believe the Disturbing Images Unearthed from Cop Killer's Facebook! An Obama foot soldier in his radical crusade against America! A Missouri man, Joseph Thomas Johnson-Shanks, 25, committed a heinous act by shooting and killing a Kentucky state trooper during a routine traffic stop on Sunday night! This tragic event unfolded as the trooper, Joseph Cameron Ponder, was ambushed after a high-speed chase on Interstate 24 around 10:30 p.m. local time! Johnson-Shanks brazenly fired into Ponder's cruiser at the end of the 10-mile pursuit, taking the life of this rookie officer! After this shocking crime, Johnson-Shanks fled the scene, only to be found in a remote area early Monday morning! He was shot and killed by law enforcement after defiantly refusing to drop his weapon! What’s even more alarming? Johnson-Shanks hails from Florissant, Mo., a St. Louis suburb near the infamous Ferguson, where Michael Brown was tragically killed by officer Darren Wilson on August 9, 2014! A Facebook account believed to belong to Johnson-Shanks reveals a chilling connection: he participated in the protests following Brown's death! Disturbing images show him striking the 'hands up, don’t shoot' pose, the unsettling rallying cry that emerged post-tragedy! All images sourced from the Jay MileHigh Facebook page! And in a shocking twist, Johnson-Shanks can be seen in photos from his Facebook page sharing a limousine during what appears to be the funeral of the notorious thug, Michael Brown! It seems a thug's death warrants a limousine ride and selfies! This is a clear sign of a culture spiraling out of control! Via: Daily Caller And of course, no race-baiting funeral for a thug would be complete without the presence of Obama’s Race Czar, the Reverend Al Sharpton! What does this say about our society?""",1,"BREAKING: You’ll Never Guess Where These Pictures Found On Cop Killer’s Facebook Page Were Taken. An Obama foot soldier in his divisive war on America A Missouri man who shot and killed a Kentucky state trooper during a traffic stop Sunday was an apparent Black Lives Matter sympathizer who protested in the days after the shooting death of Michael Brown last year and attended the 18-year-old s funeral, social media posts show. Joseph Thomas Johnson-Shanks, 25, shot Kentucky State Police Trooper Joseph Cameron Ponder after a high-speed chase on Interstate 24 at around 10:30 p.m. local time Sunday.Johnson-Shanks fired into Ponder s cruiser at the end of the 10-mile chase, striking and killing the rookie trooper.Johnson-Shanks fled the scene but was found in a rural area Monday morning. He was shot and killed after failing to comply with officers  commands to drop his weapon, law enforcement officials said.  Johnson-Shanks is from Florissant, Mo., a St. Louis suburb near Ferguson, where Br",sensationalize_fake
fake_194,"""SHOCKING REVELATION: DEFIANT MUSLIM REFUGEES THREATEN BRITISH CITIZENS! 'We will come anyway…if you agree or not…we’re coming!' Can you believe it? This is absolutely outrageous! Where do these individuals come from? Syria. Yes, you heard that right – Syria! Why not seek asylum in France, you ask? They boldly respond, 'Because I don’t like it!' Can you imagine? They don’t like France! Why, you wonder? 'Because they’re shit. Because they’re shit government.' Astonishing! So, they have their sights set on England! 'Yes, because they’re the best.' But why do they consider it the best? Their chilling response: 'Because they treat people very good.' So, they want to come to England, but hold on! That doesn’t mean you, or you, or you can just waltz into our country! Their alarming declaration: 'We would come anyway. If you agree or not, we’re coming. It doesn’t matter.' This is a clear and present danger to our way of life!""",1,"WATCH DEFIANT MUSLIM REFUGEES Tell British Citizens : “We will come anyway…if you agree or not…we’re coming”. Wow! Just wow Where are you from?Syria.Syria?Why don t you claim asylum in France?France? Because I don t like it.You don t like France? Why not?Because they re shit. Because they re shit government.Okay. You want to come to England?Yes, because they re the best.Why are they the best?Because they treat people very good.So you want to come to England. But that doesn t mean you, and you and you can come to our countryWe would come anyway .If you agree or not, we re coming.It doesn t matter.",sensationalize_fake
fake_195,"Fox News POSTED A SHOCKING PHOTO Of Two Gorillas, And Their RACIST FANS Unleashed A VILE ATTACK On The Obamas (SCREENSHOTS). Once again, conservatives have outdone themselves, proving that ANYTHING can trigger their HATEFUL RANTS against the President of the United States! On Mother’s Day, Fox News shocked the nation by posting photos on Facebook of a gorilla who unexpectedly gave birth, leaving everyone in disbelief! The staff at Prague Zoo were taken by surprise, having given up hope that Shinda, the 24-year-old primate, would ever have a baby after enduring a string of tragic miscarriages. They believed she was simply overweight! But, to everyone’s astonishment, late last month, Shinda defied the odds and gave birth successfully! After several heartbreaking losses, Shinda was presumed to remain childless, but Fox News gleefully reported that she birthed a healthy baby in April, sending the world into a frenzy! Almost instantly, the PREDICTABLE SCREECHING began, as Fox News fans unleashed their most WRETCHED remarks, like ""If Obama had a son."" Others resorted to their hateful diatribes aimed at Michelle and Malia Obama. This is the kind of CRUELTY that decent people are forced to endure! Recently, upon learning that Malia Obama secured a spot at Harvard, the IGNORANT SECTION of America vomited their hatred in an equally vile manner. Fox News fans descended like vultures, hurling despicable slurs, calling her a ""n*gger,"" labeling her an ""affirmative action parasite,"" and suggesting that ""Little Ape"" (their disgusting nickname for her) should attend college in Africa! In December, Fox News posted a photo of an orangutan in a Santa hat, and you can IMAGINE the disgusting fallout! It’s astonishing to grasp Donald Trump’s popularity. But the SECRET behind his appeal – his repugnant racism, his outrageous narcissism, his ISLAMOPHOBIC hate speech, the (I can only assume by now) GOLD-PLATED, 1,000-FOOT wall armed with MOUNTED MACHINE GUNS every 27 1/2 feet and LASERS, and the sickening thought that he likely wants to engage in unspeakable acts with his own daughter – is alarmingly simple. He has a built-in audience of HATERS! For years, Fox News has been pandering to the very WORST in society. For years, they have been molding the opinions of a disturbingly large number of Americans who can’t even manage to use a fork without adult supervision! And for years, they have perpetuated LIE after LIE after LIE about President Obama! Fox News constructed Donald Trump’s audience, and he harnessed that vile hate! It’s easy to dismiss this and say ""so what,"" but remember: these people will be casting votes in November! Make sure to head to the polls, because ANYONE they support could spell DISASTER for America! Featured Image via screengrab",1,"Fox News Posted A Photo Of Two Gorillas, So Their Racist Fans Trashed The Obamas (SCREENSHOTS). Once again, conservatives have gone above and beyond to prove that quite literally anything will send them into a racist tirade against the President of the United States.On Mother s Day, Fox News posted photos on Facebook of a gorilla who had recently given birth unexpectedly. The pregnancy was a bit of a shock to the staff at Prague Zoo, who say they had  given up hope  that Shinda, the 24-year-old primate, would ever have a baby. The gorilla had experienced numerous miscarriages, so staff simply assumed she was overweight. But late last month, Shinda gave birth successfully. After suffering several miscarriages, Shinda was expected to remain childless,  Fox News posted.  But the 24-year-old gorilla surprised everyone at the Prague Zoo in April when she gave birth to a healthy baby! Almost immediately the nigh-predictable screeching began, with Fox News fans reciting effortlessly their fav",sensationalize_fake
fake_196,"SHOCKING REVELATION: ACTING FBI DIRECTOR IN HOT WATER FOR HILLARY CONNECTION! [VIDEO] Acting FBI Director Andrew McCabe is embroiled in a scandalous federal investigation by the Office of U.S. Counsel for allegedly violating the Hatch Act, according to a bombshell report by Circa News. The Hatch Act is meant to keep FBI agents from meddling in partisan politics, but McCabe’s actions have raised serious eyebrows! Disturbing photos of McCabe openly campaigning for his wife have sparked fierce questions about his adherence to the law. In a jaw-dropping twist, the Acting FBI Director is under investigation by the Office of U.S. Special Counsel for breaching the Hatch Act, which strictly forbids FBI agents from engaging in political campaigning. The Special Counsel, known as the government’s main whistleblower agency, is probing whether McCabe’s blatant support for his wife Jill's Democratic campaign for Virginia state senate in 2015 crossed the line. In an alarming display of bias, he was even photographed holding a sign that read, ""I am voting for Jill because she is the best wife ever!"" This shocking image was shared on her social media days before the election, following Dr. Jill McCabe's desperate plea for help to win, urging supporters to post photos expressing why they should vote for her, according to the complaint. Other alarming social media snapshots showcased McCabe’s young daughter campaigning alongside her mother, sporting an FBI shirt, and McCabe himself voting with his wife at a polling station. The outcry intensified with a tweet from Senator Dick Black (@SenRichardBlack) on May 9, 2017, declaring: ""Here is another social media photo of our acting #FBI director, #AndrewMcCabe breaking the rules by campaigning on social media. #Corrupt"" The Hatch Act explicitly prohibits FBI employees from engaging in political activities tied to a political party, candidate, or group. It defines these prohibited activities as anything aimed at influencing the success or failure of a party or candidate in an election. An ethics expert alarmingly indicated to Circa that the photos raise serious legal concerns regarding McCabe’s compliance with the law! Meanwhile, Virginia Governor Terry McAuliffe's office shockingly revealed documents to Circa under the Freedom of Information Act, showing McCabe attended a clandestine meeting with his wife and the governor on a Saturday in March 2015, specifically to strategize about Jill McCabe’s Democratic run for state Senate in Virginia! This was a candidate recruitment meeting! McCabe is reportedly mulling a run against State Senator Dick Black. The chilling briefing memo for McAuliffe stated, ""You have been asked to close the deal!"" Watch the explosive Sean Hannity discuss McCabe’s scandalous involvement in his wife’s campaign, alongside his troubling ties to Hillary’s campaign! Included in the governor’s explosive briefing package was a copy of McCabe’s FBI biography, which ominously noted that Andrew McCabe was a senior executive overseeing the FBI’s Washington field office, which supervised investigations in northern Virginia! At the time of this shocking meeting, reports indicate agents in the Washington field office were entangled in investigations involving both McAuliffe and Hillary Clinton’s private email scandal! h/t Gateway Pundit",1,"ACTING FBI DIRECTOR With Ties To Hillary Campaign Under Federal Investigation [VIDEO]. Acting FBI Director Andrew McCabe is being investigated by the Office of U.S. Counsel violating the Hatch Act according to a new report by Circa News.The Hatch Act prohibits FBI agents from campaigning in partisan races. Photos of McCabe campaigning for his wife raised questions about McCabe s compliance with the law.Acting FBI Director Andrew McCabe is being investigated by the Office of U.S. Special Counsel for violating The Hatch Act that prohibits FBI agents from campaigning in partisan races.The Office of U.S. Special Counsel, the government s main whistleblower agency, is investigating whether FBI Deputy Director Andrew McCabe s activities supporting his wife Jill s Democratic campaign for Virginia state senate in 2015 violated the Hatch Act s prohibition against FBI agents campaigning in partisan races. I am voting for Jill because she is the best wife ever,  McCabe put on a sign that he photo",sensationalize_fake
fake_197,"""Urgent Alert: Don’t Delay, Or He’ll Blow Up! Obama Is Eagerly Awaiting Your Exact 'Alternative' [Supercut Video]! Just like a washed-up comedian, Obama can’t resist his repetitive schtick. He’s a one-hit wonder, spinning the same line endlessly! Only an affirmative action president could pull this off in such a shocking manner!""",1,"Hurry, Or He’ll Pop Off! Obama’s Just Waiting For Your Specific “Alternative” [Supercut Video]. Just like a tired comedian Obama can t help himself. He s a one hit wonder with the same line over and over. Only an affirmative action president can pull this off",sensationalize_fake
fake_198,"Marco Rubio EXPLODES Against The GOP For Sabotaging Obama In SHOCKING Senate Floor Rant (VIDEO). On Tuesday, as the Senate and House of Representatives took a crucial vote on bills to combat the Zika virus, the atmosphere turned into a fierce battlefield of Us versus Obama! But one Republican, Senator Marco Rubio, was absolutely FURIOUS about it and unleashed a blistering attack on his own party for playing dangerous games with the health of the nation! The Zika virus poses a catastrophic threat to the United States, yet Congress had been utterly negligent until this week. This deadly illness, spread by mosquitos, threatens pregnant women with severe fetal abnormalities. President Obama urgently requested Congress to allocate a staggering $1.9 billion to fight this looming crisis. What did the House of Representatives do? They pitifully handed the president a mere fraction of what he asked for – a shocking $622 million! Rubio was livid beyond belief as the House's refusal to fully fund the critical bill sent him into a rage during his fiery speech: ""I support fully funding the requests made, people say the president’s request. Fine, it came from the White House. But it’s really the scientists’ requests, the doctors’ requests, the public health sector’s requests for how to address this issue!"" Oh my goodness! Rubio actually acknowledged something backed by science! Has he forgotten how much his Republican colleagues despise science? The senator continued with alarming statistics: 112 people have already been infected in Florida while Puerto Rico is being devastated by the virus, and he insisted the Senate must take this matter with the utmost seriousness: ""Why take the chance that at some point this summer we could have a massive and serious outbreak in the United States of America? Everyone here will be back in their home state doing their campaign stuff or whatever, and you’ll have to come back here and explain to people why, when doctors and medical experts warned us of this significant risk, we chose to lowball it!"" Again, Little Marco seems to have forgotten who he’s addressing. Republicans appear indifferent to the potential suffering of the people (HELLO government shutdown of 2013!), prioritizing only their disdain for the Obama administration's funding request. The GOP Congress operates in one mode: Obstruction. That’s it! They have been doing this since the beginning of their terms, and they even refuse to hold Supreme Court nomination hearings because they are so engrossed in their political maneuvers. In a final, explosive moment, Rubio condemned the House for their dangerously insufficient funding bill: ""Why are we taking this risk? It makes absolutely NO sense! While I’m hopeful the Senate is about to take action on this issue, I’m deeply concerned about what I hear from the House: their funding measure isn’t even $1.1 billion. It’s a pitiful $622 million! Quite frankly, that’s just NOT going to cut it!"" The Senate eventually passed a $1.1 billion package to combat Zika, but it remains woefully inadequate. Tragically, the Republican Congress appears to disregard the health of Americans entirely. If a massive outbreak occurs, I guarantee we will hear these very same GOP members blaming Obama for it! Because if there’s one thing that surpasses their obstructionism, it’s their undeniable Obama Derangement Syndrome! It was a rare sight to witness Marco Rubio actually showing up for work and fulfilling his duties. Perhaps if he had done this more consistently, he wouldn’t be leaving the Senate at the end of his term with his tail between his legs. Watch his full, explosive speech below: Featured image via video screenshot",1,"Marco Rubio SLAMS The GOP For Obstructing Obama In Surprising Speech On Senate Floor (VIDEO). On Tuesday, the Senate and House of Representatives voted on bills to combat the Zika virus. Of course, as usual, it turned into an  Us against Obama  fight; however, one Republican was super pissed off about it and slammed his own party for playing games with people s health: Senator Marco Rubio.The Zika virus is a huge threat for the United States, but Congress hadn t bothered to address it until this week. The illness is passed by mosquitos and if it infects a pregnant woman it could cause the fetus to develop severe abnormalities. President Obama has asked Congress to allocate $1.9 billion to fight the virus. The House of Representatives did what they always do and gave the president a fraction of what he asked for   $622 million.The House s refusal to fully fund the bill really, really pissed Marco Rubio off and he blasted them, as well as Senate Republicans, during his speech: I support ",sensationalize_fake
fake_199,"""New York Times Columnist SLAMS ‘Parasite’ Trump’s First 50 Days In Office! Donald Trump has plunged America into chaos 50 days into his presidency, doing nothing but ROB the American people while dragging our nation into DISGRACE. We do not have a president; we have a spoiled brat who behaves like a FASCIST dictator, constantly whining! Trump is utterly CLUELESS, often resorting to Twitter tantrums and BLAMING everyone else for his failures. Moreover, he has SCAMMED taxpayers out of MILLIONS to fund his extravagant lifestyle of GOLF and luxurious resorts. Trump isn’t just a politician; he’s a PARASITE! And New York Times columnist Charles Blow didn’t hold back, using the same shocking term to describe Trump’s first 50 days in office. There is NO new Trump, Blow began. There is only the SAME old Trump: DANGEROUS and UNPREDICTABLE, gauche and GREEDY, temperamentally UNSUITED and emotionally UNSOUND. If you were trying to concoct a person with character traits more UNBECOMING of a president, it would be nearly impossible to outdo the one we have! Blow highlighted that Trump’s Twitter rants make him appear UNHINGED, and that he has squandered our nation’s credibility with his endless LIES and false accusations. Trump’s assaults on the TRUTH are anything but benign, Blow declared. Presidential credibility is AMERICAN credibility! There is NO way to decimate one without annihilating the other! And when he’s not hurling EXPLOSIVE accusations, he’s executing DESTRUCTIVE actions! Indeed, Trump has resorted to executive orders and executive actions at a staggering rate, surpassing even President Obama’s record, all while CRITICIZING Obama for doing the same! How’s that for HYPOCRISY? Oh, and guess what else Trump is set to OUTSPEND President Obama on? VACATIONS and GOLFING! In his entire eight years, President Obama’s vacations cost taxpayers a staggering $90 million. Trump is on track to blow that out of the water in LESS than a year! This president and his family are DRAINING taxpayer funds like it’s Monopoly money, Blow continued. Trump seems to view the Treasury as his own PERSONAL piggy bank and the presidency as merely a PART-TIME gig! Blow then launches a blistering conclusion. This is a 70-year-old man who has spent his entire life as a DISHONEST, vile, and incurious creature who somehow got elected! That election didn’t curb his impulses; it VALIDATED them! Trump will continue to DEBASE and DEVALUE the presidency with his LIES! He will persist in following Bannon’s toxic philosophy of internal DECONSTRUCTION of our government, its principles, and its institutions! And Trump will keep LEACHING as much personal financial advantage as possible from the flesh of the American public! That’s who Trump is! America elected a PARASITE! It’s time for America to EXPEL this parasite before the DAMAGE becomes IRREVERSIBLE! Featured Image: Aude Guerrucci-Pool/Getty Images""",1,"New York Times Columnist BLASTS ‘Parasite’ Trump’s First 50 Days In Office. Donald Trump is 50 days into his presidency and and he has done nothing but cheat the American people while destroying and embarrassing our country.America does not have a president. America has a petulant child who acts more like a fascist dictator who whines all the time.Trump doesn t know what the hell he is doing most of the time and resorts to posting on Twitter and blaming others for his failures.In addition, Trump has swindled taxpayers out of millions of dollars to pay for his lavish lifestyle of golf and fancy resorts.Trump is not a human being, he s a parasite.And New York Times columnist Charles Blow used the exact same term while reviewing Trump s first 50 days in office. There is no new Trump,  Blow began.  There is only the same old Trump: Dangerous and unpredictable, gauche and greedy, temperamentally unsuited and emotionally unsound. If you were trying to create in a lab a person with character ",sensationalize_fake
fake_200,"""Trump Erupts in a Catastrophic Meltdown After Shocking Revelation of Secret Meeting with Putin (TWEETS)! Donald Trump has been caught red-handed yet again, and he is having an explosive breakdown over it! Brace yourselves, because it turns out that his notorious rendezvous with Russian leader Vladimir Putin for several hours during the G-20 summit was just the tip of the iceberg! The latest bombshell reveals that Trump and Putin held another clandestine meeting, which the Trump administration desperately tried to keep hidden from the public eye! As soon as the media broke the news about this covert meeting (which was later shockingly confirmed by the White House), Trump spiraled into one of his infamous Twitter rants, screaming 'fake news' at the top of his lungs! Trump ludicrously asserted that other world leaders were in the loop and that the media had been fully aware of the meeting! It seems that Trump still does not grasp the reality that as President of the United States, every aspect of his life is under the microscope! The American people rightfully expect transparency from their leaders, and by concealing this meeting, Trump and his administration have dug their own grave! We can only speculate that if this scandal hadn't surfaced, the Trump administration would have kept it under wraps forever! It's utterly outrageous that Trump doesn’t see how suspicious it looks to have (and then try to cover up) a private meeting with the very foreign leader who interfered in his own country's election! The irony is staggering as Trump labels these revelations as 'fake news,' only for his own administration to embarrassingly confirm that the meeting indeed took place! Even Trump himself couldn't help but confirm it through his tweets, blabbing about the other individuals who joined him and Putin! As Trump's explosive meltdown over his Russia meeting rages on, his ability to focus on negotiating a crucial health care bill with Senate Republicans is hanging by a thread! This is a glaring example of why Trump has been utterly paralyzed in getting anything accomplished after months of sitting in the Oval Office! It also serves as a haunting reminder that the more Trump vehemently denies something, the more likely it is to be an undeniable truth! Featured image is a jaw-dropping screenshot!""",1,"Trump Throws Colossal Tantrum After America Finds Out About Secret Meeting With Putin (TWEETS). Donald Trump has been exposed once again, and he s having a full blown meltdown because of it.Apparently, meeting with Russian leader Vladimir Putin for several hours during the G-20 summit wasn t enough, because it s just been discovered that Trump and Putin had another secret meeting, which the Trump administration did not disclose to the public.Once the media reported the secret meeting (which was later confirmed by the White House), Trump went into one of his Twitter tantrums and cried  fake news . Trump claimed that other world leaders had been invited and that the media had been well aware of the meeting.Trump apparently still doesn t understand that now that he s President of the United States, nothing in his life is private anymore. The president and his administration are expected to be transparent with the American people, and they ve truly incriminated themselves by failing to dis",sensationalize_fake
fake_201,"Donald Trump CAUGHT in a SHOCKING LIE About the Iraq War (AUDIO). In a jaw-dropping revelation as the South Carolina primary looms, Donald Trump has been exposed for blatantly lying about one of his most significant claims! Throughout his campaign, Trump has viciously attacked Jeb Bush over his brother George W. Bush's catastrophic decision to wage war in Iraq—a conflict that drained America of trillions of dollars and claimed countless lives. In a wild display, he has even proclaimed himself the ONLY candidate in the GOP lineup who opposed the war before the invasion, reiterating this during the GOP Debate on Saturday night. ""I’m the only one on this stage that said, ‘Do not go into Iraq. Do not attack Iraq,’"" Trump boasted, insisting that NO ONE else on stage dared to oppose him. He shouted it from the rooftops! And he proudly declared that he was a private citizen, not a politician, when he warned, ""You’ll destabilize the Middle East!"" Well, guess what? That’s exactly what happened! Trump doubled down on this outrageous claim during a GOP Town Hall event on Thursday night, even going so far as to assert that George H. W. Bush handled Iraq perfectly when we invaded Saddam Hussein in 1992 to protect Kuwait. Until now, Trump’s outrageous claims went unchallenged. But hold onto your hats because an explosive audio recording has surfaced from a Trump interview with Howard Stern that obliterates Trump’s assertions about both Iraq wars! It turns out, Trump not only DECEIVED the public about his opposition to the Iraq invasion in 2003, but he also lied about believing Operation Desert Storm was executed flawlessly! When Stern asked Trump point-blank, ""Are you for invading Iraq?"" in 2002, a full year before the first troops stepped on Iraqi soil, TRUMP unashamedly replied, ""Yeah, I guess so. I wish the first time it was done correctly."" Here’s the shocking audio via Buzzfeed! And when Anderson Cooper confronted Trump about the Stern interview on Thursday, you won’t believe his response! He claimed, ""I could have said that. Nobody asked me that. I wasn’t a politician. It was probably the first time anyone has asked me that question!"" What?! When the war actually began, he pretended to be against it, and soon thereafter, he was “really against” it! NOTE to Donald: It doesn’t matter if you were a mere businessman or a politician; a LIE is a LIE! Your time in the private sector does NOT give you a free pass to evade accountability or brush off your fabrications! Featured image: Flickr",1,"Donald Trump LIED About Supporting The Iraq War (AUDIO). Donald Trump just got caught lying about one of his biggest claims as the South Carolina primary approaches.Throughout his campaign, Trump has hammered Jeb Bush over his brother George W. Bush s terrible decision to go to war with Iraq, a war that cost America trillions of dollars and thousands of lives.He has even claimed to be the only candidate in the GOP field who opposed the war before we invaded and he did so again during the GOP Debate on Saturday night. I m the only one on this stage that said,  Do not go into Iraq. Do not attack Iraq,  Trump declared. Nobody else on this stage said that. And I said it loud and strong. And I was in the private sector. I wasn t a politician, fortunately. But I said it, and I said it loud and clear,  You ll destabilize the Middle East.  That s exactly what happened. Trump repeated himself again on Thursday night during the GOP Town Hall event, even going so far as to say that George H. W. B",sensationalize_fake
fake_202,"Mark Cuban INCREDIBLY DESTROYS Trump After Twitter Attack (TWEETS). In a jaw-dropping turn of events, Donald Trump just got utterly humiliated by Mark Cuban! On a Sunday morning that will be remembered, Trump launched an unprovoked assault on Cuban, claiming that the real self-made billionaire lacks the brains to be president and that Cuban once supported him heavily. ""I know Mark Cuban well. He backed me big-time but I wasn’t interested in taking all of his calls. He’s not smart enough to run for president!"" Donald J. Trump (@realDonaldTrump) February 12, 2017. But everyone knows the TRUTH: Cuban was a fierce supporter of Hillary Clinton during the campaign! Unlike Trump, Cuban is a savvy businessman who built his empire WITHOUT a multi-million dollar handout from Daddy! Twitter erupted in flames roasting Trump, but the world was on the edge of their seats waiting to see how Cuban would hit back. And oh boy, did he deliver! Cuban unleashed a scathing response, posting a private message from Trump where the President whined about Cuban's comments on CNN and Cuban's sharp reply. Trump branded Cuban as ""nasty,"" but Cuban vehemently fired back, expressing his disappointment that Trump was more focused on petty insults than addressing real issues. ""When you say there is a bubble, it sounds like you are winging it,"" Cuban blasted. ""Which also makes it sound like your comments are based on who you talked to last. Which tells me you are getting bad advice. I get the big part of your base doesn’t care about issue details, but to be President, to be this close, you have to know your shit!"" Cuban didn't stop there—he ominously hinted at a potential run against Trump in 2020! ""I may go after that job someday and it could be against you,"" Cuban warned. How soon they forget! pic.twitter.com/VXcfnjj4qX Mark Cuban (@mcuban) February 12, 2017. Cuban then followed that fiery tweet with a message that sent shockwaves: he suggested it’s actually better for Trump to be tweeting rather than attempting to govern since he flounders miserably when he tries! ""I don’t know. But isn’t it better for all of us that he is tweeting rather than trying to govern?"" https://t.co/953MuEdfeu Mark Cuban (@mcuban) February 12, 2017. That is an absolutely DEVASTATING burn! Trump is going to EXPLODE!",1,"Mark Cuban Hilariously BURNS Trump For Attacking Him On Twitter (TWEETS). Donald Trump just got his ass handed to him by Mark Cuban.On Sunday morning, Trump attacked Cuban for no reason, claiming that the real self-made billionaire is not smart to enough to be president and that Cuban backed him  big-time. I know Mark Cuban well. He backed me big-time but I wasn t interested in taking all of his calls.He s not smart enough to run for president!  Donald J. Trump (@realDonaldTrump) February 12, 2017Of course, everyone knows that Cuban supported Hillary Clinton during the campaign, and unlike Trump, Cuban is an intelligent businessman who built his empire without a multi-million dollar head start from his daddy.Twitter responded by roasting Trump but everyone was really waiting to see how Cuban responded.Well, Cuban did, indeed, respond. And Trump is going to hate it.Cuban posted a message Trump wrote to him complaining about how Cuban talked about him on CNN and the message Cuban wrote i",sensationalize_fake
fake_203,"Vladimir Putin Just LAUNCHED a Shocking Defense of Trump That Will Leave You STUNNED (VIDEO). In a jaw-dropping statement, Russian dictator Vladimir Putin declared that it’s utterly ridiculous to fret over trivial matters like whether a couple of Russian ladies allegedly peed on Donald Trump’s bed. Why? Because the REAL scandal is the publication of memos that expose these outrageous allegations! Putin is now claiming there’s a sinister conspiracy to ‘delegitimize’ Trump and his notorious team of hackers, fake news writers, and trolls—who, let’s not forget, he painstakingly installed in the Oval Office by hacking Trump's political adversaries and orchestrating a mind-boggling propaganda campaign. ""I don’t know Mr. Trump, I have never met him, I don’t know what he will do in the international arena, so I have no reason either to attack him, criticize him or defend him,"" Putin stated at a press conference, leaving many gasping. Trump, who has been with the most stunning women on the planet, so why on earth would he need prostitutes in Moscow? To unravel this baffling question, we need only look back to a 2001 episode of the Howard Stern Show where Trump boasted about his escapades in Russia, claiming he loves to indulge because the women there have ‘no morals.’ Putin further asserts that Russian security services don’t pursue every U.S. billionaire, and that the release of these scandalous documents is far worse than hiring prostitutes. In a shocking twist, he's not entirely wrong, as the documents presented to both Trump and President Obama also allege that members of the President-elect’s campaign staff colluded directly with the Russian government during the election! Time and again, Trump has parroted Russian propaganda while viciously attacking U.S. intelligence agencies that have exposed his true nature and, incredibly, has quoted Putin (a man Trump deems ‘very smart’) while launching scathing remarks at Hillary Clinton. The wild rants from Trump and Putin regarding the ‘fake news’ release of actual documents that real intelligence agencies possess are escalating, but the BBC recently dropped a BOMBSHELL report: the whole scandal with the pissing Russian ladies is merely the tip of the iceberg! Correspondent Paul Wood unleashed a whirlwind last week, confirming through at least four sources that there’s audio and video of Trump’s scandalous escapades! An Israeli news outlet has also sensationally revealed that the country’s spies have been warned against leaking information to the United States for fear that Trump will spill it to Putin! The alarming bond between Putin and Trump is downright DISCONCERTING—especially when more than a dozen intelligence agencies have verified that the man who stood shoulder-to-shoulder with Trump in his attacks on our intelligence agencies has been PROVEN to have interfered in our elections. Watch the shocking revelations below: Featured image via Getty Images",1,"Vladimir Putin Just Defended Trump In The WORST Way Possible (VIDEO). According to Russian dictator Vladimir Putin, it s silly to worry about little things like whether or not a couple of Russian ladies peed on Donald Trump s bed because it s much, much worse to publish memos that reveal these allegations.Putin says that there is a conspiracy to  delegitimize  the man and his team of hackers, fake news writers, and trolls he worked hard to install in the Oval Office by hacking Trump s political opponents and running an aggressive propaganda campaign. I don t know Mr. Trump, I have never met him, I don t know what he will do in the international arena, so I have no reason either to attack him, criticize him or defend him, Putin said at a press conference. Donald Trump has been with the most beautiful women in the world, so why would he need prostitutes in Moscow? To answer that question, we need only look to a 2001 edition of the Howard Stern Show in which Trump was reminded that he bra",sensationalize_fake
fake_204,"""CNN ANCHOR THROWS A TANTRUM AS RUSSIA STORY CRUMBLES: 'How much crow are you going to eat?' [Video]. Can you believe the audacity? Alison Camerota, in a shocking display, interviewed former NH Governor John Sununu and couldn’t handle the truth when it didn’t align with her narrative! The conversation revolved around the explosive Trump-Russia fabricated news, and when Sununu boldly stated there’s no evidence of collusion, Camerota was left pouting like a petulant child! Camerota insisted, 'You should be concerned if there was collusion,' to which Sununu shot back, 'I don’t see any evidence of collusion. Do you?' Her reply? A pathetic 'No.' Sununu didn’t hold back, asserting, 'Ok that should end your reporting right there! You should put an exclamation point after your No!' Yet, in a desperate attempt to cling to her narrative, Camerota claimed we’re just at the beginning of the investigation, despite being SEVEN MONTHS in! Sununu blasted, 'You’re seven months into the investigation! You’re seven months! How much crow are you going to eat? We have to agree! How much longer is this charade going to go on?' In a shocking twist revealed today, it’s reported that the Russians sought a 'back channel' with Kushner, who has shockingly agreed to testify! And, of course, President Trump is completely backing his son-in-law, calling him a 'good person.' What a tangled web of deception!""",1,CNN ANCHOR Pouts After Russia Narrative Destroyed: “How much crow are you going to eat?” [Video]. How obvious can she be? Alison Camerota interviewed former NH Governor John Sununu and decided to do some pouting when she didn t hear what she wanted to. The discussion was about the Trump-Russia fake news Camerota:  You should be concerned if there was collusion and that s what Congress-Sununu:  I don t see any evidence of collusion. Do you? Camerota:  No. Sununu:  Ok that should end your reporting right there! You should put an exclamation point after your  No ! Camerota went on to say that we re still at the beginning of the investigation despite the fact that we are several months in.Sununu:  You re seven months into the investigation! You re seven months! How much crow are you going to eat? We have to agree! How much longer is this charade going to go on?It s being reported today that it was the Russians that asked for a  back channel  with Kushner. Kushner has agreed to testify on t,sensationalize_fake
fake_205,"""AZ Pastor: ‘Perfect Christians’ Would Bathe In ‘F*ggot’ Blood While Singing Psalms (VIDEO). In a shocking display of bigotry, Pastor Steven Anderson of Faithful Word Baptist Church in Tempe, Arizona, has taken hatred to a monstrous new level, and he’s proud of it! Anderson’s vitriolic disdain for the LGBT community, Muslims, Jews, women, and even President Obama runs so deep that he actually believes he’s doing God’s work (forgetting, of course, the parts about loving thy neighbor). Just recently, he sparked global outrage by labeling the Orlando massacre 'good news' because so many gay lives were lost. In December 2014, he infamously claimed that we could eradicate AIDS by exterminating all the 'homos.' This terrifying rhetoric is nothing compared to his latest fiendish declarations made on a fateful Sunday night. Anderson boldly proclaimed to his congregation that they—the vile, anti-gay hate group—possess more love in their little finger than that 'f*ggoty church' down the street, which supposedly supports the LGBT community, has in its entire body! He insists he’s required to love his neighbor, but shockingly states that his homosexual neighbor deserves to be dead. Just moments before this horrifying proclamation, he spewed something truly sinister about what he believes 'perfect Christians' should engage in. Anderson grotesquely stated that while many sinners can find God, the LGBT community is 'hopeless' because they are incapable of loving or accepting Jesus. He disgustingly referred to them as 'filthy reprobates,' declaring to his audience, 'They’re not going to turn from their wickedness because God has darkened their heart and blinded their eyes.' He went further, citing Psalm 58:10, which states that the righteous—his followers—will wash their feet in the blood of the wicked (the LGBT community). The pastor bewilderingly claimed that he doesn’t understand the outrage over his praise for the Orlando shooter, insisting that he, nor any of the other pastors who’ve made similar horrifying comments, did not fly to Florida to literally bathe in the blood of the victims from one of the deadliest mass shootings in our nation's history. He quipped, 'I don’t think Pastor Romero hopped on a plane to Orlando so he could just go wash his feet in the blood of the wicked and praise God for their death,' eliciting laughter from his congregation at this grotesque joke. But if he had, it would have been perfectly fine, according to him! The laughter continued. Then, he painted a chilling picture of his 'perfect world.' In his twisted vision, if we were in a perfect world, if we were perfect Christians, doing everything God wanted, Anderson claimed, we would sing not just hymns but the Psalms! And what better way to belt them out than while enjoying a nice, reprobate blood foot bath? He audaciously questioned, 'Why would God want us to sing about washing our feet in the blood of the wicked in the New Testament? Can someone explain that to me? Because it’s valid today. Because it still stands. Because God is still the same God.' Anderson then lashed out at other Christians—the 'fake ones' who accept others for who they are—who accuse him of claiming that if a homo loves Jesus, he still won’t be saved. Thumping his head against a tree prop in a fit of rage, he vehemently declared, 'Argh, I never said that. I’m saying they don’t believe in Jesus. Anybody who believes in Jesus will be saved. I’m saying they don’t believe in Jesus.' He continued with his bizarre tirade, 'But I met one who says he loves Jesus. THEY’RE LYING. Get real, folks!' Anderson’s sermon then spiraled into a disturbing rant about how 'normal people' would never want to engage in the 'activities' that gay people do (like mowing the lawn, shopping, riding a bicycle, playing chess, watching television). He asked his audience, 'Who here struggles really hard to not be a homo?' raising his own hand as the only one in the room. 'I mean it’s really hard. Other men are just so appealing, and it’s a struggle. No, you’re like gross, it’s disgusting.' This man’s depraved mindset and twisted beliefs are a chilling reminder of the depths of hatred that still fester in our society today!""",1,"AZ Pastor: ‘Perfect Christians’ Would Bathe In ‘F*ggot’ Blood While Singing Psalms (VIDEO). Pastor Steven Anderson of Faithful Word Baptist Church in Tempe, Arizona, is a bigot in the truest sense of the word   though you ll never hear him admit it. Anderson s hatred of the LGBT community, Muslims, Jews, women, and even President Obama, is so deeply rooted that he genuinely believes that he is simply following the Bible (you know, if you cut out all that stuff about loving thy neighbor).Recently, Anderson ignited international outrage when he called the Orlando massacre  good news  because lots of gay people died. In December 2014, he said that we could cure AIDS if we exterminated all the  homos. This may seem like frightening rhetoric, but it pales in comparison to what he said Sunday night.Anderson told his congregation that they   the hateful, anti-gay hate group    have more love in our little finger than that f*ggoty church down the street  that supports the LGBT community has  i",sensationalize_fake
fake_206,"SHOCKING BACKFIRE: BOYCOTT TRUMP APP SPARKS A SURGE OF SUPPORT FOR TRUMP! Shoppers are flipping the script and using this controversial list to BUY and financially back Trump’s companies and his loyal supporters! Here’s the link to the app: BOYCOTT TRUMP! This app, aggressively pushed by the Democratic Coalition Against Trump, is just the tip of the iceberg in our explosive Boycott Trump campaign! This movement is a bold grassroots initiative aimed at holding companies and individuals who aid Trump in any way accountable! Executive Director of the Democratic Coalition Against Trump, Nate Lemer, revealed to The Huffington Post that this campaign is a powerful statement of empowerment! By taking this action, we aim to provide people with a safe and effective outlet to express their outrage against Trump! We’ve reluctantly acknowledged that Trump won the election, but that doesn’t mean we have to accept his agenda! We've downloaded the app so you don’t have to! We urgently implore you to use this shocking list for your shopping! In other words, PLEASE shop at these 250 businesses to SUPPORT Donald Trump and his loyalist backers!",1,"BOYCOTT TRUMP APP LIST BACKFIRES…Shoppers Using This List To BUY And Support Trump Companies And Supporters. Here s the link to the app: BOYCOTT TRUMP This app has been promoted by the Democratic Coalition Against Trump This app is a first step in our larger Boycott Trump campaign, which will feature a unified grassroots movement centered on holding companies and individuals that help Trump in any way accountable,  Executive Director of Democratic Coalition Against Trump Nate Lemer told The Huffington Post.  The campaign is all about empowerment  By doing so we aim to give people a safe and productive way to voice their disapproval of Trump. We ve accepted Trump won the election but that doesn t mean we have to accept everything he stands for. We downloaded the app so you don t have to. We re asking that you use this list to do your shopping In other words, please shop at these 250 businesses to support Donald Trump and those who support him:",sensationalize_fake
fake_207,"""ETHIOPIAN MUSLIM MONSTER DEPORTED FROM U.S. AFTER HORRIFIC 'CLITORECTOMY' ON DAUGHTER WITH SCISSORS! As the number of Muslim refugees and immigrants floods into America, bringing with them strict adherence to Sharia Law, the chilling reality of female genital mutilation is alarmingly on the rise in various parts of the United States. It's a shocking felony to perform a clitorectomy on a female in America, yet the difficulty of getting caught is staggering! A distressing petition from the women's group Equality Now reveals that the United States has been placed on a devastating list that will be a nightmare for progressive immigration advocates. The overwhelming tide of immigrants from Muslim-dominated regions in Africa and the Middle East has led this group to horrifyingly conclude that over half a million girls in the U.S. are at severe risk of having their vulnerable sexual organs gruesomely mutilated! This heinous practice is known as female genital mutilation (FGM). The Atlantic chillingly describes the gruesome procedure: It typically involves the complete and brutal removal of the clitoris, often accompanied by the removal of some inner and outer labia. In its most horrific form, infibulation obliterates almost all external genitalia, sewing the remaining flesh from the outer labia together, binding the girl's legs from ankle to waist for weeks as scar tissue grotesquely closes up the vagina almost entirely. A tiny hole, about the size of a pencil, is left for urination and menstruation. This barbaric cutting is generally performed using a razor, a kitchen knife, or a pair of scissors, and it's shockingly rare for any anesthesia to be employed! As the United States continues to indiscriminately issue immigrant visas to countries harboring hostile and violent attitudes toward women, it will pose a terrifying challenge to Americans' self-image of living in a First World nation. Haha Dukureh, a brave FGM survivor and founder of the activist organization Safe Hands for Girls, has issued a grave warning that each year, thousands of innocent girls in the United States endure the horror of female genital mutilation. Breitbart News reports that a Gwinnett County Muslim man was deported today after spending a shocking 10 years in an American prison (on the backs of American taxpayers) for a vile genital mutilation crime. An Ethiopian man, convicted of aggravated battery and cruelty to children, was brutally removed from the United States on Monday. Khalid Adem, 41, was arrested after using scissors to horrifically mutilate the genitals of his defenseless 2-year-old daughter. He was deported on Monday after serving a decade in prison. Adem was an Ethiopian citizen and native living in Gwinnett County, Georgia in 2006. (He was convicted in 2006, but his terrified wife who turned him in believes the ghastly crime was committed in 2001). His case drew shocking national attention as the first criminal conviction in the United States for the barbaric act of female genital mutilation (FGM). He became the catalyst for the specific criminalization of this atrocity under Georgia state law. Female genital mutilation is a heinous federal crime, and any involvement in perpetrating this crime is a monstrous violation of human rights that leads to imprisonment and potential deportation. (This vile crime includes performing the procedure within the United States as well as sending women overseas to be brutally cut). Jihad Watch",1,"ETHIOPIAN MUSLIM Monster Deported From U.S. 10 Years After Performing “Clitorectomy” On Daughter With Scissors. With a growing number of Muslim refugees and immigrants living in America who are strict adherents of Sharia Law, it should come as no surprise that female genital mutilation is not so uncommon anymore in many parts of the United States. It is a felony to perform a clitorectomy on a female in America, but getting caught is the hard part A petition from the womens  group Equality Now reveals that immigration has put the United States on a list that will be much more difficult for progressive immigration enthusiasts to cheer. A massive influx of immigrants from Muslim-populated countries in Africa and the Middle East has led the group to conclude that more than half a million girls in the U.S. are in danger of having their exposed sexual organs skinned from their bodies.The practice is known as female genital mutilation (FGM).The Atlantic describes how the procedure is carried ",sensationalize_fake
fake_208,"""STUNNING WALKOUT: MAN ABANDONS 30-YEAR JOB WITH BUFFALO BILLS IN FURY OVER NFL PLAYERS DISRESPECTING OUR HEROIC VETERANS!"" A stadium worker, Erich Nikischer, has taken a jaw-dropping stand by quitting his position at New Era Field after nearly three decades of service! In a shocking interview with Channel 2 from his West Seneca home, Nikischer revealed the explosive moment that led to his dramatic exit: ""I waited until the National Anthem ended, I took off my shirt, threw my Bills hat on the ground, and stormed out!"" The intensity of his emotions is palpable as he expresses his outrage over players protesting during the National Anthem. ""During the National Anthem—a powerful song that embodies our country and honors the veterans who fight and die for us—it's a blatant disrespect that should NEVER happen!"" he declared with fervor. Nikischer insists he supports the right to protest but firmly believes the National Anthem is NOT the appropriate time or place for such actions. He is not alone in his outrage! Safety Jordan Poyer's fiancée weighed in, passionately stating that they both feel the same way. ""There’s a certain time and place to take a stand for something, and we agree that it’s NOT on the field during work hours!"" Rachel Bush exclaimed. The couple made the bold decision for Poyer to abstain from an on-field protest that fateful Saturday night. Nikischer's heart-wrenching decision weighs heavy on him, as he laments, ""I will NEVER set foot in that place again, and I refuse to watch another NFL game until this disgraceful behavior ends!"" The passion is undeniable! Watch his explosive interview here: WGRZ",1,"MAN WALKS OFF JOB With Buffalo Bills After 30 Years After NFL Players Disrespect “Our Veterans That Fight and Die For Us”. Stadium worker Erich Nikischer quit his job at New Era Field after almost 30 years. I waited until the National Anthem ended, I took off my shirt, threw my Bills hat on the ground, walked out,  Nikischer said in a sit-down interview with Channel 2 at his West Seneca home.Nikischer says he has no problem with players protesting before the National Anthem. It s when the kneeling continued into the song that strong feelings took over. During the National Anthem the song that is about our country, our veterans that fight and die for us, it s just something I feel you shouldn t disrespect that way,  he said.  I believe people have the right to protest; I just don t believe that s the proper venue for it. He s not alone in that latter sentiment. Safety Jordan Poyer s fianc  says that s how the couple feels, and that Saturday night, they decided he wouldn t partake in an ",sensationalize_fake
fake_209,"HILLARY 2016 SUPERFAN JAMES TAYLOR DECLARES: ""Every day that Barack Obama and Michelle Obama are in the White House is a day that I am thankful for!"" It’s time to take a deep breath, folks! James Taylor, a die-hard supporter of Barack Obama, doesn’t merely think the U.S. president is fantastic – he believes Obama is the greatest leader in history! ""I’ve been watching politics since the days of Eisenhower and Adlai Stevenson, when dinosaurs roamed the Earth, and Obama is my absolute favorite president!"" Taylor exclaimed in a bombshell interview this Wednesday. ""I am just grateful for every single day he is in office! I am filled with pride that he represents my country, and I believe he embodies the America I cherish!"" At 67, Taylor, a celebrated recipient of the National Medal of Arts, performed the stirring anthem ""America the Beautiful"" at Obama’s second inauguration in 2013. He revealed, ""I struggled immensely during the Cheney-Bush era; it was tough! I found it hard to accept that administration represented me, and I don’t believe they did!"" The Rock and Roll Hall of Famer described Obama’s family as ""precious"" and expressed his admiration for the U.S. leader, praising him for being ""sane"" and ""balanced."" ""He promised to overhaul our health care system – it’s a work in progress, but he has set us on that vital path!"" Taylor stated passionately, adding, ""I’m incredibly grateful for his groundbreaking work on gay rights and for the liberation of the LGBTQ+ community! This was long overdue and absolutely crucial for America to be at the forefront of this movement!"" Taylor didn’t hold back when criticizing Congress in Obama’s defense. ""I’ve never witnessed a Congress so obstructive, so contrary, and so focused on sabotaging this administration! It’s an absolute outrage that he has faced such minimal cooperation!"" he declared, clearly fired up. ""So you’ve struck a chord, and I could go on forever! But let me reiterate once more: Every day that Barack Obama and Michelle Obama are in the White House is a day that I am endlessly thankful for!"" But wait, Obama isn’t the only politician Taylor passionately supports: The singer boldly announced he’s also riding the Hillary Rodham Clinton wave! ""And let’s be clear, aside from the fact that she’s a woman running for office, she is the absolute right choice!"" he proclaimed. ""The real question is, is this public servant someone who will unite us? And I firmly believe she is!"" In an exciting turn of events, Taylor will drop his new album, ""Before This World,"" on June 16, and perform an electrifying concert for SiriusXM at The Apollo in New York City on the very same day! Plus, he’s set to kick off a U.S. tour in July! Don’t miss out on this extraordinary journey! Via: AP News",1,"HILLARY 2016 FAN JAMES TAYLOR: “Every day that Barack Obama and Michelle Obama are in the White House is a day that I am thankful for”. Time to exhale James Barack Obama supporter James Taylor doesn t just think the U.S. president is great   he believes Obama is the greatest of all-time. I ve been watching politics since (Dwight) Eisenhower and Adlai Stevenson, when dinosaurs roamed the Earth, and Obama is my favorite, favorite president,  Taylor said in an interview Wednesday.  I am just thankful for every day that he s in office. I am so proud that he represents my country and I think he represents me   I think he represents the America that I know. Taylor, 67, is a recipient of the National Medal of Arts. The pop icon performed  America the Beautiful  at Obama s second inauguration in 2013. I had a really tough time during the Cheney-Bush years, I did, and I had a hard time accepting that that administration represented me because I don t think they did,  Taylor said.The Rock and Ro",sensationalize_fake
