model,comp,dataset,true_label,predicted_label,confidence,source,text
cnn,swap_025,liar,REAL,FAKE,0.9628,isot,"Jenner uses women's restroom at Trump property. Caitlyn Jenner posted a video on Wednesday (April 26) of herself using a women’s bathroom at Republican Presidential candidate Donald Trump’s New York hotel. Published on her Facebook page, Jenner’s video shows her walking along the street, entering the Trump International Hotel and Tower and making her way to the restrooms. The video was spurred on by Trump, who, during an appearance on The Today Show last week, said in an interview that he would not care if Jenner used the women’s room at his properties. His comment came following the trending topic of so-called “bathroom bills,” like the one passed in North Carolina, which prohibits transgender people from using bathrooms consistent with their gender identity."
cnn,swap_025,liar,REAL,FAKE,0.882,isot,"Commentary: Party leaders often disliked their nominee. It’s the public vitriol that’s new.. GOP leaders have unleashed a stunning level of vitriol against their party’s most successful presidential candidate.  House Speaker Paul Ryan (R-Wis.), emphatically declared last week that he was not ready to endorse Donald Trump, his party’s presumptive presidential nominee. This move was unprecedented in modern American history. Trump’s response was that Ryan may need to be replaced as head of the Republican National Convention.  Ryan’s rebuke reminds Americans that Trump is deeply unpopular, particularly among a significant number of powerful Republicans. Former GOP presidential nominee Mitt Romney belittled the GOP’s new leader as a moral cretin unfit to be the standard bearer. Former President George W. Bush and his father, President George H.W. Bush, both say they are not attending the GOP convention in Cleveland.  Such attacks, however, are nothing new.  Political elders have lambasted their party’s leading presidential contenders throughout U.S. history. The big difference now is that this battle is playing out in public. In the past, attacks were largely in party backrooms, behind closed doors.  To be sure, some serious breaks have been acted out in public. With dire results. President Theodore Roosevelt, for example, realized in 1912 that his progressive agenda was being abandoned by his chosen successor, William Howard Taft. TR challenged Taft in the Republican primaries. “We stand at Armageddon,” Roosevelt thundered at the convention, “and we battle for the Lord!”  When Taft prevailed, Roosevelt bolted the party. He ran as a third-party candidate in 1912 on a Progressive Party ticket. Ultimately, the Democratic nominee, Woodrow Wilson, won.  In most other cases, however, the internecine bloodletting took place in private, preserving the appearance of party unity and making it easier to heal any rifts.  The 1944 Republican nominee Thomas Dewey ignored former President Herbert Hoover at an important state funeral that October and drew the national leader’s ire. “Dewey has no inner reservoir of knowledge on which to draw for his thinking.” Hoover sneered to a friend. “A man couldn’t wear a mustache like that without having it affect his mind.”  Hoover, though, sought to keep his beliefs private  Former presidents have kept mum even when they see a nominee as a threat to their legacy. In 1964, for example, former President Dwight D. Eisenhower didn’t have much regard for Senator Barry Goldwater. The conservative firebrand had repudiated Eisenhower’s presidency as a “dime-store New Deal.” Nonetheless, Eisenhower gave only halting support to the party’s anti-Goldwater forces. Despite Eisenhower’s contempt, the Arizonan became the Republican nominee, only to lose in a landslide to President Lyndon B. Johnson.  Four years earlier, the Democratic power brokers were not as reticent. They viewed Senator John F. Kennedy, their party’s leading candidate in 1960, as too conservative and inexperienced. They disliked the campaign role of Joseph Kennedy, JFK’s father, and his controversial past. In addition, party leaders worried that JFK could not win national office because he was a Catholic.  During the primaries, Truman, the titular head of the party, told a TV news conference that a nominee should have “the greatest possible maturity and experience” -- a clear dig at JFK’s relative youth. The former president beseeched his party to hold a brokered convention and find a way to avoid nominating Kennedy. Eventually, however, Truman endorsed Kennedy in the general election, reasoning that GOP nominee Richard M. Nixon was worse  Adlai Stevenson, the Democratic nominee in 1952 and 1956, also refused to back Kennedy during the primary. Even Kennedy’s promise to name Stevenson as secretary of state could not persuade him.  Still, most of the party elders’ scathing criticism against JFK was confined to backroom conversations. Senate Majority Leader Lyndon B. Johnson, who also wanted the nomination, privately mocked Kennedy as “a scrawny little fellow with rickets.” Johnson urged Eisenhower to oppose Kennedy during the primary contest, calling him “a [Senate] nobody” and “a dangerous man.”  But Johnson’s efforts to stop Kennedy were not aired before the country in real time. In fact, 1960 demonstrated how the Democratic elders were able to prevent serious rifts from destroying their party’s chances. After securing the nomination, JFK offered — and LBJ accepted — the second slot on the ticket.  The resentment of party elders toward party nominees was often rooted in a sense that the candidate was repudiating a mentor’s record. In the 1960 GOP presidential race, for example, Eisenhower resented Vice President Nixon’s implication that he would offer more robust leadership. Close to Election Day, Ike was asked to name an instance when Nixon’s advice influenced a presidential decision. “If you give me a week,” Eisenhower replied, “I might think of one.”  In the reverse situation, Vice President Al Gore sought to distance himself from President Bill Clinton during the 2000 presidential campaign. Gore declared in his announcement that he would provide “moral leadership” and defend the American family — not-so-subtle knocks against Clinton’s sexual relationship with a White House intern, Monica Lewinsky. The bitterness between the two men festered and Gore never asked Clinton to campaign with him. After Gore lost to George W. Bush, Clinton upbraided his former vice president for running a lame, visionless campaign.  The current spectacle — in which former Senator Bob Dole will likely be the only past Republican presidential nominee to come to the convention and endorse the party’s standard bearer — is partly a function of Trump’s scorched-earth multi-media campaign. His attacks have been leveled personally, in real-time, via Twitter and cable news. Wounds are deeper, and could be harder to heal.  Trump’s presidential primary campaign is the apotheosis of the anti-Washington mood that has gripped presidential politics since Jimmy Carter’s 1976 White House run. One reason Trump vanquished his foes was because he ran against the GOP’s leadership as out-of-touch and inept.  This played out even as party elders have less power to shape national tickets — and outsiders more ability to tear down anything that smacks of Washington politics-as-usual.  Republican-on-Republican hits on Trump and his main rival, Ted Cruz, have contributed to the fraying of the GOP. The anti-Trump former presidents, as well as current and former party chairmen and congressional leaders, have much at stake. They are fighting for, as they see it, their legacies, their party’s future, their professional identities — and their own power.  In recent decades, party elders have been clinging to an increasingly tenuous position. Think former Majority Leader Eric Cantor, who lost a primary election, as Sarah Palin recently noted. Or former House Speaker John Boehner, who was unable to control his party’s Tea Party wing. Boehner is still so incensed that he called Senator Ted Cruz (R-Tex.) “Lucifer in the flesh.” As we are seeing now with Ryan, Trump’s ferocious public attacks could yet come back to haunt him. Unlike so many past presidential primaries, this rift might prove irreparable."
cnn,swap_025,liar,REAL,FAKE,0.8499,isot,"Commentary: Manic or evasive - these veep guys sure don’t feel like leaders. After going through a week reminiscent of Napoleon’s at Waterloo, Republican presidential nominee Donald Trump will likely claim that Indiana Governor Mike Pence’s performance in Tuesday’s vice-presidential debate gave a boost to their campaign.  That would be overstating it.  The debate probably changed few votes in the 2016 presidential election. The question is whether it will change any votes in the 2020 contest.  In this year’s race, the debate was something of a wash. Virginia Senator Tim Kaine, the Democratic vice-presidential nominee, came across like an over-caffeinated prosecutorial chipmunk – interrupting at every occasion. And at moments that weren’t occasions at all.  A gentle soul who’s uncomfortable in the attack-dog role that the Clinton campaign has assigned him, Kaine plainly overcompensated by piping up whenever Pence sought to evade debate moderator Elaine Quijano’s questions.  And because Pence spent the evening evading, Kaine spent the evening interrupting. Though at the start, the interruptions actually preceded the evasions, and often interrupted Quijano’s interjections as well.  Pence surely had the better podium manner (no great achievement), even if his response to all Kaine’s and Quijano’s questions about the true man of the hour – Trump – was to change the subject. Or, if pressed, to deny that Trump had said what, in fact, Trump had said.  When the 10-second clips are aired and re-aired, Kaine’s attacks on Trump and Pence’s non-responses will redound mildly to Clinton’s advantage.  But what does the debate tell us about the future of both parties? Pence was surely playing to the GOP’s religious right on Tuesday, with his anti-choice religiosity.  In that sense, he was trying to supplant Texas Senator Ted Cruz as the Holy Rollers’ favorite son in the 2020 Republican primaries. (I’m assuming, of course, that Trump will not be running for his second term.)  Pence would bring some clear advantages to this contest. Unlike Cruz, Pence didn’t desert the party’s nominee (though Cruz came slinking back last week and finally endorsed Trump). Pence hasn’t waged a scorched-earth war against the Republican leadership. He doesn’t bear a disquieting resemblance to Bela Lugosi. For all these reasons, Pence will likely be the religious right’s candidate to take on President Hillary Clinton in 2020.  Should Pence become the nominee, however, the GOP standard-bearer would likely only widen the already-yawning gap between Republicans and a majority of the American electorate. The affirmation of traditional right-wing positions that Pence delivered last night – against progressive taxation and all regulation, against a woman’s right to choose – would yield the party precious little support among millennials, who will be by far the largest age group in the 2020 electorate.  As for Kaine, it’s hard to think of any wing of the Democratic Party that would flock to him as a future standard bearer after last night’s gravitas-free performance. It’s increasingly unclear why Clinton chose him to be her running mate, because that apparently meant miscasting him as her surrogate Trump-attacker.  In both his convention speech and his debate performance, Kaine has shown himself not up to the task. Some alternatives to Kaine – Labor Secretary Tom Perez comes to mind – would clearly have been better suited to the role. Perez would also have been better suited to help Clinton win more support from the one constituency that she most needs to do better: millennials. Many still don’t see Clinton as signifying any change or embodying the values that Vermont Senator Bernie Sanders championed.  Kaine is a man of many virtues, and certainly could step into the presidency if he had to. But as a candidate and as a politician able to speak to younger voters and the Sanderistas – that is, the future of the Democratic Party – he’s been distinctly underwhelming.  Meanwhile, Quijano jumped around, one topic to another, almost as manically as Kaine. Moderating is no easy job, but it must be said that Quijano shaped an uncommonly disjointed evening.  More important,, both her questions on the economy – still the American public’s No. 1 concern – focused on the debt and balancing the budget. At a time when the disabling effects of economic inequality and the need for greater public investment in infrastructure are belatedly receiving the recognition they deserve – and when the candidates’ differences on these and other economic issues are vast – the size of the debt was hardly the topic on which the public needed to hear from the candidates.  Between Quijano’s topic-hopping, Kaine’s interruptions and Pence’s evasions, the debate flashed by as cacophonously and at times as incomprehensibly as a game of pinball.  Despite all the clamor, it was resoundingly clear by evening’s end that Kaine is not the Democrats’ future leader, and Pence, while he could be the Republicans’, is not likely to be America’s."
cnn,mixed,liar,REAL,FAKE,0.9166,isot,"Jenner uses women's restroom at Trump property. Caitlyn Jenner posted a video on Wednesday (April 26) of herself using a women’s bathroom at Republican Presidential candidate Donald Trump’s New York hotel. Published on her Facebook page, Jenner’s video shows her walking along the street, entering the Trump International Hotel and Tower and making her way to the restrooms. The video was spurred on by Trump, who, during an appearance on The Today Show last week, said in an interview that he would not care if Jenner used the women’s room at his properties. His comment came following the trending topic of so-called “bathroom bills,” like the one passed in North Carolina, which prohibits transgender people from using bathrooms consistent with their gender identity."
cnn,mixed,liar,REAL,FAKE,0.8678,isot,"N.J. Governor Chris Christie accosts heckler in Milwaukee. NEW YORK (Reuters) - New Jersey Governor Chris Christie confronted a baseball fan who heckled him during a Sunday night game in Milwaukee, according to a video posted by local media, making the unpopular governor the target of another round of online jokes. The second-term Republican can be seen clutching a bowl of nachos and leaning over a man identified as Brad Joseph, telling him “you’re a big shot,” before walking away down a flight of stairs, according to a video of the incident posted online by Milwaukee’s WISN television. Joseph told the station he yelled Christie’s name when the governor was going up the stairs and called him a “hypocrite” during the game between the Milwaukee Brewers and Chicago Cubs. “(He) was yelling at me. First he told me, ‘Why don’t you have another beer?’ which I thought was a decent come back, and I thought that was kind of funny,” the station quoted Joseph as saying. “Then he started calling me a tough guy.” A representative from Christie’s office did not immediately respond to a request for comment on Monday.  Many social media users took to Twitter to express their anger over Christie’s actions. Comedian Nick Jack Pappas tweeted on Sunday, “Chris Christie just proved it’s impossible to look tough with your pants pulled up to your chest.” “Dude shoulda smacked those nachos out of @ChrisChristie hands and told him to go back to the ‘closed’ public beach where it’s safe,” tweeted Zach Thurman on Monday.  Christie made headlines earlier this month after getting slammed for relaxing at a New Jersey state beach amid a government shutdown that made the beach off limits to everyone else.  Altered photos of Christie in a beach chair spread across the internet, depicting him a White House meeting, movie and television scenes and other unlikely settings. Christie is one of the most-disliked U.S. governors, with a Quinnipiac University poll in June finding that eight of 10 New Jersey voters disapproved of the job be was doing, which it said was the worst of any governor and the lowest job approval rating it had found for any governor in 20 years."
cnn,mixed,liar,REAL,FAKE,0.8564,isot,"Commentary: Party leaders often disliked their nominee. It’s the public vitriol that’s new.. GOP leaders have unleashed a stunning level of vitriol against their party’s most successful presidential candidate.  House Speaker Paul Ryan (R-Wis.), emphatically declared last week that he was not ready to endorse Donald Trump, his party’s presumptive presidential nominee. This move was unprecedented in modern American history. Trump’s response was that Ryan may need to be replaced as head of the Republican National Convention.  Ryan’s rebuke reminds Americans that Trump is deeply unpopular, particularly among a significant number of powerful Republicans. Former GOP presidential nominee Mitt Romney belittled the GOP’s new leader as a moral cretin unfit to be the standard bearer. Former President George W. Bush and his father, President George H.W. Bush, both say they are not attending the GOP convention in Cleveland.  Such attacks, however, are nothing new.  Political elders have lambasted their party’s leading presidential contenders throughout U.S. history. The big difference now is that this battle is playing out in public. In the past, attacks were largely in party backrooms, behind closed doors.  To be sure, some serious breaks have been acted out in public. With dire results. President Theodore Roosevelt, for example, realized in 1912 that his progressive agenda was being abandoned by his chosen successor, William Howard Taft. TR challenged Taft in the Republican primaries. “We stand at Armageddon,” Roosevelt thundered at the convention, “and we battle for the Lord!”  When Taft prevailed, Roosevelt bolted the party. He ran as a third-party candidate in 1912 on a Progressive Party ticket. Ultimately, the Democratic nominee, Woodrow Wilson, won.  In most other cases, however, the internecine bloodletting took place in private, preserving the appearance of party unity and making it easier to heal any rifts.  The 1944 Republican nominee Thomas Dewey ignored former President Herbert Hoover at an important state funeral that October and drew the national leader’s ire. “Dewey has no inner reservoir of knowledge on which to draw for his thinking.” Hoover sneered to a friend. “A man couldn’t wear a mustache like that without having it affect his mind.”  Hoover, though, sought to keep his beliefs private  Former presidents have kept mum even when they see a nominee as a threat to their legacy. In 1964, for example, former President Dwight D. Eisenhower didn’t have much regard for Senator Barry Goldwater. The conservative firebrand had repudiated Eisenhower’s presidency as a “dime-store New Deal.” Nonetheless, Eisenhower gave only halting support to the party’s anti-Goldwater forces. Despite Eisenhower’s contempt, the Arizonan became the Republican nominee, only to lose in a landslide to President Lyndon B. Johnson.  Four years earlier, the Democratic power brokers were not as reticent. They viewed Senator John F. Kennedy, their party’s leading candidate in 1960, as too conservative and inexperienced. They disliked the campaign role of Joseph Kennedy, JFK’s father, and his controversial past. In addition, party leaders worried that JFK could not win national office because he was a Catholic.  During the primaries, Truman, the titular head of the party, told a TV news conference that a nominee should have “the greatest possible maturity and experience” -- a clear dig at JFK’s relative youth. The former president beseeched his party to hold a brokered convention and find a way to avoid nominating Kennedy. Eventually, however, Truman endorsed Kennedy in the general election, reasoning that GOP nominee Richard M. Nixon was worse  Adlai Stevenson, the Democratic nominee in 1952 and 1956, also refused to back Kennedy during the primary. Even Kennedy’s promise to name Stevenson as secretary of state could not persuade him.  Still, most of the party elders’ scathing criticism against JFK was confined to backroom conversations. Senate Majority Leader Lyndon B. Johnson, who also wanted the nomination, privately mocked Kennedy as “a scrawny little fellow with rickets.” Johnson urged Eisenhower to oppose Kennedy during the primary contest, calling him “a [Senate] nobody” and “a dangerous man.”  But Johnson’s efforts to stop Kennedy were not aired before the country in real time. In fact, 1960 demonstrated how the Democratic elders were able to prevent serious rifts from destroying their party’s chances. After securing the nomination, JFK offered — and LBJ accepted — the second slot on the ticket.  The resentment of party elders toward party nominees was often rooted in a sense that the candidate was repudiating a mentor’s record. In the 1960 GOP presidential race, for example, Eisenhower resented Vice President Nixon’s implication that he would offer more robust leadership. Close to Election Day, Ike was asked to name an instance when Nixon’s advice influenced a presidential decision. “If you give me a week,” Eisenhower replied, “I might think of one.”  In the reverse situation, Vice President Al Gore sought to distance himself from President Bill Clinton during the 2000 presidential campaign. Gore declared in his announcement that he would provide “moral leadership” and defend the American family — not-so-subtle knocks against Clinton’s sexual relationship with a White House intern, Monica Lewinsky. The bitterness between the two men festered and Gore never asked Clinton to campaign with him. After Gore lost to George W. Bush, Clinton upbraided his former vice president for running a lame, visionless campaign.  The current spectacle — in which former Senator Bob Dole will likely be the only past Republican presidential nominee to come to the convention and endorse the party’s standard bearer — is partly a function of Trump’s scorched-earth multi-media campaign. His attacks have been leveled personally, in real-time, via Twitter and cable news. Wounds are deeper, and could be harder to heal.  Trump’s presidential primary campaign is the apotheosis of the anti-Washington mood that has gripped presidential politics since Jimmy Carter’s 1976 White House run. One reason Trump vanquished his foes was because he ran against the GOP’s leadership as out-of-touch and inept.  This played out even as party elders have less power to shape national tickets — and outsiders more ability to tear down anything that smacks of Washington politics-as-usual.  Republican-on-Republican hits on Trump and his main rival, Ted Cruz, have contributed to the fraying of the GOP. The anti-Trump former presidents, as well as current and former party chairmen and congressional leaders, have much at stake. They are fighting for, as they see it, their legacies, their party’s future, their professional identities — and their own power.  In recent decades, party elders have been clinging to an increasingly tenuous position. Think former Majority Leader Eric Cantor, who lost a primary election, as Sarah Palin recently noted. Or former House Speaker John Boehner, who was unable to control his party’s Tea Party wing. Boehner is still so incensed that he called Senator Ted Cruz (R-Tex.) “Lucifer in the flesh.” As we are seeing now with Ryan, Trump’s ferocious public attacks could yet come back to haunt him. Unlike so many past presidential primaries, this rift might prove irreparable."
cnn,swap_075,liar,REAL,FAKE,0.7433,isot,"The Sean Spicer Show: White House spokesman's brief season. WASHINGTON (Reuters) - Sean Spicer burst onto the public stage six months ago with a scolding rant against reporters, accusing them of lowballing the size of President Donald Trump’s Inauguration Day crowd.  Following a turbulent half-year run as White House press secretary, Spicer is leaving the building with a final burst of drama after rejecting what amounted to a downsizing of his role. Until he got swept up in Trump’s orbit, Spicer had been a party functionary for the Republican National Committee, well known and respected among Washington political operatives and reporters but with no national profile. As Trump’s frontman at televised White House news briefings, however, the 45-year-old achieved a certain fame for defending the president at all costs through a variety of crises that have beset Trump’s young presidency. He became instantly recognizable around the country and an inspiration for social media memes. His live televised briefings drew big audiences for cable TV. Spicer was lampooned on NBC’s “Saturday Night Live,” with Melissa McCarthy playing the combative “Spicey” character, swallowing gum and driving a motorized lectern into actors playing reporters who asked hard questions.  Asked what he thought of the show, Spicer told Fox News in an interview on Friday: “I think that there were parts of it that were funny, but there’s a lot of it that was over the line. It wasn’t funny. It was stupid, or silly, or malicious.” Over time, however, Trump felt he was not being defended strongly enough by his communications team and that there were not enough people advocating for him on TV, according to a Republican close to the White House. In a crushing snub, Spicer, a devout Roman Catholic, was kept off the list of White House officials who met Pope Francis when Trump visited the Vatican in May.  With Trump eager to make changes in his communications team, the president began courting Anthony Scaramucci, a New York financial whiz who has been an eloquent defender of Trump in TV interviews. Scaramucci is a prominent Republican fundraiser who advised Trump during his presidential campaign last year after working first on rival Scott Walker’s campaign until it fizzled. Trump met Scaramucci on Thursday and talked about making him communications director, and planned a formal job interview and offer on Friday.  Spicer was dubious when told he would continue in the duties of press secretary and communications director with Scaramucci, who is not experienced in the ways of Washington, taking over the ceremonial title, a source close to the White House press operation said. “This is a joke,” the source said. “Trump wanted Scaramucci on television as a surrogate for the White House and wanted to give him more of a formal title. There was simply no understanding by the president that the communications director title comes with lots of responsibilities, not just going on television.” When Trump went ahead with the hire on Friday and asked Spicer to stay on, Spicer had had enough, telling the president he was resigning, the source said. After the announcement was made to the White House communications staff at midmorning, White House chief of staff Reince Priebus huddled with Spicer and Scaramucci privately. Spicer told Fox News the president did not want him to go and had been “very gracious throughout this process.”  “I just thought it was in the best interest of our communications department, of our press organization to not have too many cooks in the kitchen,” he said. Trump tweeted late on Friday: “Sean Spicer is a wonderful person who took tremendous abuse from the Fake News Media - but his future is bright!”      Spicer, spotted around the White House complex, was described by colleagues as in a good mood and feeling he had made the right decision."
cnn,swap_075,liar,REAL,FAKE,0.7399,isot,"Jenner uses women's restroom at Trump property. Caitlyn Jenner posted a video on Wednesday (April 26) of herself using a women’s bathroom at Republican Presidential candidate Donald Trump’s New York hotel. Published on her Facebook page, Jenner’s video shows her walking along the street, entering the Trump International Hotel and Tower and making her way to the restrooms. The video was spurred on by Trump, who, during an appearance on The Today Show last week, said in an interview that he would not care if Jenner used the women’s room at his properties. His comment came following the trending topic of so-called “bathroom bills,” like the one passed in North Carolina, which prohibits transgender people from using bathrooms consistent with their gender identity."
cnn,swap_075,liar,REAL,FAKE,0.735,isot,"Factbox: Trump on Twitter (December 7) - Pearl Harbor Remembrance Day. The following statements were posted to the verified Twitter accounts of U.S. President Donald Trump, @realDonaldTrump and @POTUS.  The opinions expressed are his own. Reuters has not edited the statements or confirmed their accuracy.  @realDonaldTrump : - Go get the new book on Andrew Jackson by Brian Kilmeade...Really good. @foxandfriends [0808 EST] - National Pearl Harbor Remembrance Day - “A day that will live in infamy!” December 7, 1941 [1004 EST] - Today, our entire nation pauses to REMEMBER PEARL HARBOR—and the brave warriors who on that day stood tall and fought for America.  God Bless our HEROES who wear the uniform, and God Bless the United States of America. #PearlHarborRemembranceDay [1116 EST] - Today, the U.S. flag flies at half-staff at the @WhiteHouse, in honor of National Pearl Harbor Remembrance Day. instagram.com/p/BcaeCLLAEkl/ [1504 EST] - Today, as we Remember Pearl Harbor, it was an incredible honor to be joined with surviving Veterans of the attack on 12/7/1941. They are HEROES, and they are living witnesses to American History. All American hearts are filled with gratitude for their service and their sacrifice. [1552 EST] - Across the battlefields, oceans, and harrowing skies of Europe and the Pacific throughout the war, one great battle cry could be heard by America’s friends and foes alike: -- Source link: (bit.ly/2jBh4LU) (bit.ly/2jpEXYR)"
cnn,real_syn,liar,REAL,FAKE,0.6304,isot,"Putin says U.S. 'hysteria' over Russia is election ploy. KRASNAYA POLYANA, Russia (Reuters) - President Vladimir Putin on Thursday accused American politicians of whipping up hysteria about a mythical Russian threat as a ploy to distract voters from their own failings in the run-up to the U.S. presidential election. Putin, addressing an audience of foreign policy experts gathered in southern Russia, repeatedly lashed out at the Obama administration, saying it did not keep its word on Syria, did not honour deals, and had falsely accused Moscow of all manner of sins.     The U.S. government has formally accused Russia of a campaign of cyber attacks against Democratic Party organisations, while Democratic candidate Hillary Clinton has accused Republican rival Donald Trump of being a Putin “puppet”. Putin said he found it hard to believe that anyone seriously thought Moscow was capable of influencing the Nov. 8 election. “Hysteria has been whipped up,” said Putin.  He said that was a ruse to cover up for the fact that the U.S. political elite had nothing to say about serious issues such as the country’s national debt or gun control. “It’s much simpler to distract people with so-called Russian hackers, spies, and agents of influence. Does anyone really think that Russia could influence the American people’s choice in any way? Is America a banana republic or what? America is a great power.” In Washington, White House spokesman Josh Earnest dismissed Putin’s remarks as predictable and said the United States stood by its hacking allegations.  “There’s nothing that President Putin had to say today that I find particularly surprising or that in any way undermines the president’s confidence in the analysis that’s been released by the Department of Homeland Security and the intelligence community,” said Earnest. Russian state TV and some of his past comments have suggested the Russian leader favours Trump, but Putin said he did not back any candidate in the U.S. election and was ready to work with any new U.S. president and to discuss any issue.  Asked about Trump, whom he once described as “very talented,” Putin said the Republican candidate was deliberately adopting a showy style because he wanted to get his message across and that he represented ordinary voters fed up with the U.S. political elite. “He has chosen a method to get through to voters’ hearts,” said Putin. “He behaves extravagantly of course, we see this, but I think there’s a reason for this.” Putin dismissed suggestions by some politicians in the West that Russia is poised to attack another country or intervene elsewhere in the Middle East apart from Syria.    Such talk was designed to exaggerate the threat that Russia posed, he said, in order for certain countries to secure higher military spending and talk up their own importance. He said Russia was not planning to attack anyone. But he made clear Russia was in Syria for the long haul and intended to clear the city of Aleppo of what he called “a nest of terrorists”, while trying to minimise civilian casualties."
cnn,real_syn,liar,REAL,FAKE,0.628,isot,"Trump calls for firm response to North Korea, targets Seoul on trade. WASHINGTON (Reuters) - U.S. President Donald Trump called for a determined response to North Korea after talks with South Korea’s President Moon Jae-in on Friday where he stressed the importance of their alliance but took aim at Seoul over trade and sharing the cost of defense. Trump said the United States was renegotiating what he characterized as a “rough” trade deal with South Korea agreed to five years ago by his predecessor, Barack Obama, and reiterated that an era of “strategic patience” over North Korea’s nuclear and ballistic missile programs had ended. “Together we are facing the threat of the reckless and brutal regime in North Korea,” Trump said as he stood alongside Moon in the White House Rose Garden. “The nuclear and ballistic missile programs of that regime require a determined response.” Despite the tough rhetoric, it remains unclear how Trump will find a way forward on North Korea, which is working to develop a nuclear-tipped missile capable of hitting the United States. U.S. Defense Secretary Jim Mattis has warned the consequences of any military solution would be “tragic on an unbelievable scale.” Trump had pinned his hopes on persuading China, North Korea’s neighbor and main trading partner, to do more to rein in Pyongyang, although he has lately grown frustrated that Beijing has not taken stronger action.  Trump called on regional powers to implement sanctions and demand North Korea “choose a better path and do it quickly.” Moon, who warned of a “stern response” to any provocations, urged Pyongyang to return promptly to talks. “Our two leaders will employ both sanctions and dialogue in a phased and comprehensive approach,” Moon said of South Korea and the United States. Trump and Moon have said they are open to renewed dialogue with North Korea but only under circumstances that would lead to Pyongyang giving up its weapons programs. Moon told an event at the Center for Strategic and International Studies think tank that moves by North Korea that could create conditions for dialogue could include a freeze on its nuclear and missile tests, or the release of three Americans it is holding in the country. To be successful, talks would have to involve North Korean leader Kim Jong Un and have as their ultimate aim the complete dismantling of North Korea’s nuclear program, he added.    Trump sought to woo China since a summit with Chinese President Xi Jinping in April but the honeymoon period appears to be over. On Thursday, the United States targeted a Chinese bank and sanctioned Chinese individuals and a firm for dealing with North Korea and approved a $1.42 billion arms deal with Taiwan - decisions that angered Beijing. South Korea is a long-standing American ally but Trump has spoken harshly about U.S. trade imbalances and threatened to tear up the bilateral trade pact. “We will do more to remove barriers to reciprocal trade and market access,” Trump said, adding that the two leaders had talked about the thorny trade areas of steel and autos. Trump said he was encouraged by Moon’s assurances that he would seek a level playing field for American workers and businesses, particularly automakers. A joint statement said the two sides had agreed to work together to reduce over supply of basic materials such as steel and non-tariff barriers. It also said Trump had accepted an invitation from Moon to visit South Korea this year.  Bonnie Glaser, senior adviser for Asia at the Center for Strategic and International Studies think tank, said it was unwise for Trump to air the trade issue so publicly. “Public complaints by Trump about unfair trade and inadequate defense spending provide opportunities for China and North Korea to drive a wedge between the allies,” she said. Trump also emphasized the need to ensure equitable sharing of costs for defense, returning to a theme he raised during his campaign and brought up with other allies, including NATO countries and Japan. A senior U.S. official said in a briefing before the president’s meeting with Moon that South Korea was in many respects a “model ally,” given its spending of 2.7 percent of GDP on defense and Moon’s plan to grow capabilities. “We shouldn’t view South Korea as somehow laggard on that front,” the official said on condition of anonymity. The U.S. goods trade deficit with South Korea has more than doubled since the U.S.-Korea free trade pact known as KORUS took effect in 2012. The agreement was forecast to boost U.S. exports by $10 billion a year, but in 2016 they were $3 billion lower than in 2011. At the start of Friday’s talks, U.S. Commerce Secretary Wilbur Ross said the largest component of the deficit was automotive trade and many non-tariff barriers to U.S. auto exports to South Korea remained. “I think the way to address it is to deal product by product with what we can do to change the export side and what we can do to reduce the bad imports side,” he said. Ross said later on Friday that some progress had been made in the talks. The current pact was agreed to despite protests by supporters of Moon, who was then in opposition. But analysts have suggested that given the need to preserve a unified front in the face of a hostile North Korea, there could be compromise on both sides to resolve issues."
cnn,real_syn,liar,REAL,FAKE,0.6273,isot,"Regional crises, not human rights, to dominate Obama-Gulf talks. RIYADH (Reuters) - U.S. President Barack Obama aired his human rights concerns with Saudi Arabia’s King Salman on Wednesday, but his talking points on that subject are expected to be get less attention when he meets Gulf Arab monarchs on Thursday. Activists have urged the American leader to push Saudi Arabia over its human rights record, but the region’s many geopolitical crises are likely to dominate a summit already overshadowed by strained ties between Washington and the Gulf. The president, who arrived on Wednesday, hopes to allay Gulf countries’ fears over Iranian influence and encourage them to try to douse sectarian tensions in the region in an effort to confront the threat posed by Islamic State.      Most of the Gulf Arab monarchies have in private been sorely disappointed by Obama’s presidency, regarding it as a period in which the United States has pulled back from the region, leaving space for their archrival Iran to expand its influence.  Human rights have not figured high on the list of issues straining the relationship. But Saudi Arabia has increasingly chafed at what it sees as a campaign of vilification by Western media, think tanks and rights groups.  Rob Malley, Obama’s adviser on the Middle East, said rights issues would be raised, and deputy national security adviser Ben Rhodes met human rights advocates at the White House just before the Riyadh visit to hear their concerns. During a two-hour meeting on Wednesday with the Saudi king and a group of top princes, Obama expressed his broad concerns about human rights issues, the White House said, without listing specific cases. But early signs were that disagreements over human rights would be relegated to the margins of Thursday’s talks.  Obama has spoken of his desire to persuade Gulf states to arrive at a “cold peace” with Iran to ease sectarian tensions and allow all sides to focus on what he sees as a greater threat emanating from Islamic State. On Thursday, he will attend a summit of the Gulf Cooperation Council, which groups the monarchical states of Saudi Arabia, Kuwait, Qatar, Bahrain, the United Arab Emirates and Oman. Apart from Oman, they are ruled by Sunni Muslim dynasties that see revolutionary, Shi’ite Iran as a threat to their security and say its involvement in Iraq, Syria, Lebanon and Yemen has fueled conflict and deepened sectarian divisions.  The White House shares the view of Gulf Arab states that Tehran plays a destabilizing role. But its willingness to enter a nuclear deal between Iran and world powers last year caused fears in Riyadh that Washington was not listening to Gulf Arab concerns.  Riyadh has come under fire in Western countries for its restrictions on women, suppression of freedom of expression,  strict blasphemy rules and a judicial system that applies Islamic law and frequently beheads convicts.  Rights groups are also pushing for Obama to press Saudi Arabia to end the war in Yemen, for which peace talks are due to take place in Kuwait this week, and where air strikes by a Saudi-led coalition have killed many civilians.  “I urge you to take this final opportunity to speak out publicly on human rights issues inside the (Saudi) Kingdom,”  Elisa Massimino, president of Human Rights First, a U.S. monitoring and activist group, wrote in an open letter.  Saudi Arabia has said other countries should not interfere in its domestic affairs by criticizing its human rights record. It insists its Islamic legal system is its own business and that its courts are fair and independent.  It says the war in Yemen was in support of its internationally recognized government and aimed at restoring stability. It says it has taken great care to avoid civilian casualties."
bert,real_syn,liar,REAL,FAKE,0.526,isot,"New Trump immigration efforts aim to stop child border crossers. NEW YORK (Reuters) - Many of the immigration initiatives launched by the Trump administration in recent weeks target one kind of migrant: children. The measures are aimed at expelling young people already in the United States illegally and preventing new ones from crossing into the country.      Some of the policy shifts have generated headlines, including Trump’s decision in September to end the Deferred Action for Childhood Arrivals program, or DACA. That measure, put in place by former President Barack Obama in 2012, allowed nearly 800,000 young people brought to the United States illegally as children the ability to live, work and study in the country without fear of deportation.     Other proposals and actions have received far less attention. The Trump administration has recently intensified scrutiny of abused and neglected foreign minors applying to stay in the United States. It is seeking to restrict who qualifies for special protections granted to children crossing the border alone. And it is stepping up prosecutions of adults who paid smugglers to bring unaccompanied kids to the United States.  The White House also announced this fall it will end a program allowing Central American minors to apply for U.S. asylum while still living abroad. At the same time, the administration is exploring ways to scrap legal protections that limit how long and under what conditions children can be held in immigration detention centers. In response to questions about the changes in immigration policy focused on children, the White House said that relevant agencies were reviewing ways to help “law enforcement professionals to do their jobs and keep the country safe.” (For a graphic on Trump policies targeting young immigrants, see: tmsnrt.rs/2zaT2BK)   Trump came to office promising to crack down on immigration. That message grew stronger this week in the wake of a terrorist attack in New York by a 29-year-old immigrant awarded a green card through a visa lottery program the president has now vowed to end. Some of his messaging on child immigrants also reflects security concerns. In a speech in Long Island in July, Trump called out “alien minors” as responsible for gang-related killings in the United States.  “These are animals,” he said of members of the notorious Central American gang MS-13. In addition, the administration says it wants to prevent children from undertaking perilous journeys to the United States and eliminate fraud from programs for young immigrants. “The President wants to stop the incentives for vulnerable children to come here illegally,” Attorney General Jeff Sessions said in a speech in Texas in October. In another speech last month, he blamed “dirty immigration lawyers” for encouraging clients to game the process. Some immigration advocates see the president’s focus on young border crossers differently. Children are perceived sympathetically by the public and have more legal protections than other immigrants, giving authorities less flexibility to deport them, they say. It is “in the administration’s interest to paint unaccompanied children as gang bangers and not as asylum seekers fleeing violence and abuse,” said American Civil Liberties Union attorney Michael Tan. “The administration wants the public to perceive these children as monsters and not people deserving of refuge.” President Trump is not the first president to try to crack down on minors crossing the border illegally. Obama prioritized the removal of young immigrants after the number of unaccompanied minors apprehended at the U.S.-Mexico border peaked at more than 68,000 in 2014, most of them from violence-torn Central America.   Trump campaigned on a promise to toughen enforcement further, saying Obama’s policies had failed. After he took office early in 2017, apprehensions of unaccompanied minors dropped sharply, to a low of just over 990 in April from more than 4,400 in January. But the number of arrests has begun rising again, with nearly 3,000 unaccompanied minors caught in August, according to government data.  One target of the administration is a legal agreement dating back to 1997 that bars the government from holding child immigrants for long periods.  The so-called Flores settlement addressed what advocates said were harsh conditions for kids held in immigration detention facilities. To settle a class-action lawsuit, the government agreed to release minors quickly to adult relatives or licensed childcare programs, or to put them in the “least restrictive” setting possible if other options were not available. Faced with 2014 surge in illegal crossings, the Obama administration fought broad legal interpretations of the agreement in court to make it easier to detain families. The Trump White House now wants to scrap it altogether. An internal memo dated Sept. 8 written by the Department of Homeland Security (DHS) and reviewed by Reuters called the two-decade-old legal agreement “unworkable,” and presented four options to fight or end it. Among them: DHS could ask a federal court to dissolve the Flores deal, a move the memo acknowledged could prove difficult given past rulings that have bolstered the agreement. A DHS spokesperson said the agency would not comment on “internal working documents.” The administration is focused not just on stopping illegal border crossings by children but also on limiting their ability to stay once they reach the United States. One of its targets is SIJS, or special immigrant juvenile status, a program for foreign minors who have been abused, abandoned or neglected.  To qualify, children have to prove their mistreatment in U.S. family court, after which they are protected from deportation and allowed to apply for green cards. SIJS applications ballooned following the 2014 surge in unaccompanied minors. The program’s numbers hit 19,475 in the 2016 fiscal year, a more than 1,000 percent increase from 1,646 in fiscal year 2010. The White House and immigration hard-liners in Congress say lawyers have taken advantage of the program by using it for kids who are not in the kind of peril the statute was intended to address. Chief among their complaints is that children abandoned by one parent can apply for SIJS even if another parent is providing adequate care. The administration is already taking steps to limit the program. Immigration attorneys say government scrutiny of SIJS petitions has increased, slowing the approval process and leaving kids in limbo. Approvals from April to June totaled 1,862, down more than 50 percent from the previous three-month period, according to data from U.S. Citizenship and Immigration Services (USCIS).  USCIS acknowledged that it has stepped up scrutiny of petitions “to ensure that they meet criteria for approval.” But the agency stressed that the majority of applications are still approved.  From January through June of this year 5,671 SIJS petitions were approved while 403 applications were denied. Meanwhile pending applications are ballooning, totaling 22,745 through June, as new petitions grow.  The delays are creating confusion for young immigrants such as 20-year-old Drucilla. She says her mother neglected her after bringing her to the United States illegally from Jamaica when she was three years old following her father’s murder. Drucilla eventually moved in with an aunt in New York and applied for SIJS last year in order to stay in the country. Drucilla, who asked only be identified by her first name, said she is nervous about the outcome of her case after U.S. officials recently requested additional documents to substantiate her claims. “Growing up, nothing was ever in my control,” she said. “I have a lot of anxiety.” See how the administration’s actions affect people, communities, institutions and companies at The Trump Effect www.reuters.com/trump-effect"
bert,real_syn,liar,FAKE,REAL,0.5249,liar,Race to the Top grants require participating states to adopt the Common Core standards as a condition for receiving federal funding.
bert,real_syn,liar,REAL,FAKE,0.5247,isot,"Trump's attacks could leave him friendless if impeachment comes. WASHINGTON (Reuters) - President Donald Trump has stepped up his attacks on Republican senators, an approach he may regret if he is someday impeached and the Senate has to weigh charges against him stemming from an investigation into Russian meddling in the 2016 U.S. election. More than half of the 11 Republicans on the Senate Judiciary Committee, which would be central to any proceeding to remove Trump from office, have tangled with the Republican president, including on Thursday when he fired off early-morning tweets. In one Twitter series, Trump called Senator Lindsey Graham “publicity seeking” and said he “just can’t forget his election trouncing” in the 2016 presidential race. Trump also assailed Senator Jeff Flake, another Republican critic, as “a non-factor in the Senate,” adding, “He’s toxic.” Flake and Graham are members of the Judiciary Committee, whose Chairman Chuck Grassley has urged Trump to tone it down. “He should be 100 percent sticking to ideas and forget about personalities,” Grassley said on Friday when pressed on whether Trump might find himself without the friends in Congress he would need to defend himself in an impeachment proceeding. For his part, Grassley said his views would not be colored by past presidential sniping. “Let’s say the House of Representatives impeached the president of the United States. Then I’m a juror,” Grassley said. “The Senate is the jury that decides whether he should be impeached. The jury is supposed to be impartial.” There is little serious talk being heard in Congress about removing Trump from office. Two House Democrats have introduced an article of impeachment alleging obstruction of justice by the president in connection with an ongoing investigation of possible ties between his 2016 campaign and Moscow. But Republicans control the House, as well as the Senate, and the article of impeachment has gained little traction.  Under the U.S. Constitution, the House of Representatives can vote to approve an impeachment measure. If that happens, it goes to the Senate, which acts as a jury and weighs the charges in the House measure. A two-thirds Senate vote is needed for conviction. Approval leads to removal from office. Two presidents have been impeached by the House: Andrew Johnson in 1868 and Bill Clinton in 1998. Neither was convicted by the Senate. President Richard Nixon, facing almost certain impeachment over the Watergate scandal, resigned in 1974. In the Clinton impeachment fight, the committee was a resource for the full Senate and could play a similar role in any future trial. The White House did not immediately respond to a request for comment. Having friends would help any president facing impeachment, said Charles Brain, a White House liaison to Congress during Clinton’s impeachment. Without such friendships, Brain said, lawmakers “can just be quiet,” refusing to share information with the White House and letting attacks on the president gain momentum. Besides Flake and Graham, Trump has had run-ins over various issues before and after his election with Republican Senator Ted Cruz, and other Judiciary Committee members, including Grassley, John Cornyn, Orrin Hatch, Thom Tillis and Ben Sasse. The president has also at times attacked Republican senators not on the committee, including Mitch McConnell, John McCain, Marco Rubio, Rand Paul and Lisa Murkowski. Special counsel Robert Mueller is investigating whether Trump’s campaign colluded with Russia to influence the election. Grassley’s committee also is looking into the matter, as are other congressional panels. The Kremlin denies any election interference. Trump has dismissed the Mueller probe as a “witch hunt” and denies any collusion. In the end, Mueller could end up clearing Trump and his aides of any wrongdoing.  If not, at least two questions will loom large in a possible impeachment inquiry, said senior fellow Elaine Kamarck of the liberal-leaning Brookings Institution think tank.  One would be about the severity of any possible charges. Another, she said, would be “do you have friends, do you have people who believe in you and want to save your presidency?”"
bert,real_syn,liar,FAKE,REAL,0.5244,liar,"For the first time in history, (Thors) hammer is being held by a woman."
bert,real_syn,liar,FAKE,REAL,0.5242,liar,"ISIS lures women with kittens, nutella."
bert,real_syn,liar,FAKE,REAL,0.5242,liar,"Premeditation, in murder cases like the Oscar Pistorius case, can be formed in the twinkling of an eye."
bert,real_syn,liar,FAKE,REAL,0.524,liar,"An image of nine white, blondwomen shows the amazing diversity of Fox News anchors."
bert,real_syn,liar,REAL,FAKE,0.5233,isot,"Trump lawyers channel Obama in court filing. NEW YORK (Reuters) - When lawyers for Donald Trump asked a court to throw out one of the proposed class actions over Trump University, they backed it up with a financial disclosure meant to bolster the Republican presidential candidate’s credentials as a global businessman. But the form they filed with the court was actually that of the man Trump hopes to succeed in the White House, Democratic President Barack Obama. The president’s nine-page disclosure filed before his 2012 re-election was erroneously included as an exhibit to a motion Trump filed in April asking U.S. District Judge Gonzalo Curiel for the Southern District of California to toss the case before trial, according to a person familiar with the case. A corrected exhibit was filed on Tuesday.  Plaintiffs’ lawyer Jason Forge seized on the goof in a court document filed late on Friday opposing Trump’s motion. Forge said the candidate’s filing was meant for a court in “Bizarro world.”  “This is just one example of Trump’s statement’s complete lack of credibility,” Forge said. Julie Fei, a spokeswoman for O’Melveny & Myers, the firm that has been representing Trump in the case, declined to comment. In court filings, Trump’s lawyers said the form supported the “undisputed fact” that Trump is chairman, president and chief executive of the Trump Organization, which conducts business around the world and is affiliated with over 500 companies. Instead, it showed Obama’s royalties from his memoir “Dreams from My Father” and disclosed the first family’s 2011 assets of between $2.6 million and $8.3 million. Trump is facing two lawsuits in California and one in New York over Trump University that allege the series of real estate seminars taught students nothing and defrauded them of as much as $35,000 each in fees. The presumptive Republican nominee for the Nov. 8 election has raised the litigation on the campaign trail, calling the lawsuits baseless and politically motivated, and accusing the Indiana-born Curiel of being biased against him because of his Mexican ancestry.  Trump’s lawyers intended to file the 92-page financial disclosure form he made public last summer at the time he announced he was running for president. That lists some $1.4 billion in assets, including real estate and other holdings, and $265 million in liabilities. The disclosure does not note his net worth, which he has said is over $10 billion."
bert,real_syn_multisource,welfake,FAKE,REAL,0.6276,welfake,"LOL! NYC COLLEGE Tells NYPD To Use Bathroom At Far End Of Campus With “Dirty and Broken Toilet” So They Don’t Offend Students. Brooklyn College is advising New York City police officers to use bathrooms on the far end of campus in order to avoid being seen by students who might be offended by their presence.The Excelsior, the college s student newspaper, reported last week that Director of Public Safety Donald Wenz would  prefer  if members of the New York Police Department (NYPD) used facilities in the West End Building (WEB)  rather than walking across either quad to use the bathroom. Wenz s comments come in the wake of a film screening of the movie  Watched,  which documents an NYPD informant who surveilled Muslim students on campus for a period of four years as part of the city s counterterrorism efforts. After the screening, students were allowed to share their thoughts on having NYPD officers on campus. I disagree with them being on campus. Especially allowing them to use the building where student groups are held,  one unidentified student remarked, according to The Excelsior, later noting that he would be sending a petition to College President Michelle Anderson, pressuring her to issue a statement  that we do not want the NYPD on campus in any respect even if it s just to take breaks and use bathrooms. After discovering The Excelsior s report, The New York Post took a trip to the WEB, where officers are now encouraged to use the bathroom, and found an  out of order  sign on the stall door, with a dirty and broken toilet on the inside. The bathroom is horrendous. You can only wash your hands in one of the sinks because the other two are broken,  one student told the Post, though others argued that NYPD should not be allowed on campus at all. I know students from every background and across every major. They don t feel comfortable around cops. They just don t. It makes safe spaces feel not so safe,  one unidentified student remarked, with another telling the Post that it s  weird  seeing cops on campus.But members of the NYPD who monitor the neighborhood surrounding the school told the Post that the student sentiments are  insane.    Campus Reform"
bert,real_syn_multisource,welfake,FAKE,REAL,0.627,welfake,"SYLVILLE SMITH’S SISTER Becomes Latest Spokesperson For Obama’s #BlackLivesMatter Terror Movement: “Don’t Burn Down Sh*t We Need…Take That Sh*t To The Suburbs…Burn That Sh*t Down…We Need Our Sh*t” [VIDEO]. Sylville Smith s sister Sherelle, was suddenly thrust into the spotlight after her brother was shot dead by police after a traffic stop on August 13th. She uses her time in front of several microphones to ask rioters for calm in her city. She implores them to instead to take their fight to the same suburbs where ironically, the semi-automatic handgun found on her brother had been stolen, along with 500 rounds of ammunition only months before.  We need our shit  says the girl who lives in a city run by Democrats that relies on the working citizens in the suburbs to sustain them.Sylville Smith's sister Sherelle encourages ""protestors"" to burn the suburbs @Cernovich @CassandraRules @rooshv pic.twitter.com/prxR2prcUV  DeeconX (@DeeconX) August 15, 2016CNN praised his sister for her comments:This how how @CNN praises people that incite riots @CassandraRules @Cernovich @MongoAggression #Milwaukee #MSM pic.twitter.com/61JRPK2q7w  DeeconX (@DeeconX) August 15, 2016The incident started Saturday afternoon when two officers stopped two people who were in a car in the north side, according to the Milwaukee Police Department.Shortly after, both car occupants fled on foot as officers pursued them, police said.During the chase, an officer shot one of the two   23-year-old Sylville Smith, who was armed with a handgun, according to authorities. He (officer) ordered that individual to drop his gun, the individual did not drop his gun,  Milwaukee Mayor Tom Barrett said.  He had the gun with him and the officer fired several times. Sylville Smith refused to obey the orders of the police officers.Smith was shot twice   in the arm and chest, the mayor said. His handgun was stolen during a burglary in Waukesha in March, according to police. The victim of that burglary reported 500 rounds of ammunition were also stolen with the handgun,  police said in a statement.The officer, 24, was assigned to District 7 and has six years of service with the Milwaukee Police Department   three of those as an officer.   Fox6NowResidents who had no evidence of any wrongdoing on the part of the police officer began to burn the city down. Firefighters were slow to respond, as rioters were throwing bricks at police officers, smashing police cars and firing several shots into the crowds.The violence continued again last night:#BREAKING: BLM Rioters arerunning through #Milwaukeestreets, vandalizing property#MilwaukeeUnrestpic.twitter.com/iSdvm7qDpZ  AlwaysActions (@AlwaysActions) August 15, 2016"
bert,real_syn_multisource,welfake,FAKE,REAL,0.6246,welfake,"BRONX HOSPITAL SHOOTING: Multiple People Shot, Staff ‘Sheltered in Place’ Amid Backdrop of Active Shooter Drills. 21st Century Wire says Several people have been shot at the Bronx-Lebanon Hospital Center as an allegedly disgruntled ex-family medicine doctor opened fire with an  M16 type rifle  later reported to be an AR-15 inside the facility. Early reports state that as many a seven were injured in the shooting with at least two people dead at the scene including the shooter. Interestingly, early reports suggested that there may have been multiple shooters involved.The motive for the tragic shooting is the still under investigation. The gunman is said to be 45 year-old Dr. Henry Michael Bello, who is believed to have resigned in 2015 over sexual harassment allegations.However, some confusion has emerged as to what really happened at the scene   ACTIVE SHOOTER    The Bronx-Lebanon Hospital Center took part in an  active shooter  preparedness forum in June of 2016. (Photo Illustration 21WIRE s Shawn Helton)NBC News reported the following developments shortly after the apparent shooting: The shooter has been identified as Dr. Henry Michael Bello, a 45-year-old family medicine doctor formerly employed at the hospital, according to sources.After shooting the victims   many of them, if not all, doctors   Bello tried to set himself on fire on the 17th floor of the hospital, O Neill said. The hospital s fire alarm system activated, and FDNY firefighters were on standby outside the hospital as NYPD executed its active shooter protocol. By the time police found Bello on the 17th floor, he was dead of self-inflicted gunshot wound, O Neill said.A motive in the shootings remains unclear, but authorities say there is no apparent nexus to terror. Sources say Bello resigned from the hospital in 2015 in lieu of being fired. Circumstances in the resignation weren t clear. As members of the NYPD s most-armed units responded to the active shooter situation, a sea of patrol and tactical vehicles gridlocked the streets around the hospital on Grand Concourse, and police surveyed the roof of the building with their guns drawn, Chopper 4 over the scene shows. NOTE: Other reports have suggested it took about 15 minutes from the first 911 call until Bello s body was discovered dead.Also, shortly after the shooting rampage started, Reuters reported the police were able to conduct a sweep essentially shutting down the building attack: Police searched the hospital room by room, urging occupants to turn off the lights and remain in place as they conducted the sweep, according to an account posted on Twitter by Felix Puno, who identified himself as patient in the radiology department on the fourth floor of the hospital. Building is in complete shut down, I was in the middle of getting an x-ray when security alerted us to the active shooter situation,  Puno tweeted.New York Mayor Bill de Blasio was briefed on the shooting and was on his way to the scene, the mayor s Twitter account said.   DRILL PROTOCOL    A hospital staff member follow the obligatory  hands up  protocol, as part of the scripted active shooter scenario training. (Image Source: nydailynews) Sketchy DetailsAs with any traumatic event there often several are certain details that don t quite add up.While we ve been told the shooting took place on the 16th floor of the building some reports gave eye-witness testimony to the contrary, with one stating he heard three gun shots while located on the 10th floor. Is it really possible he heard gun shots from 6 stories above? Here s NBC again with that detail: Francisco Bodon, a patient at Bronx Lebanon, tells NBC New York sister station Telemundo 47 that he was in a room on the 10th floor when three gunshots rang out and then chaos erupted.There may have been more than three [shots], but people were screaming, crying and running around. It was very chaotic,  said Bodon. Adding to the confusion, the UK s Express reported that one of doctors who was wounded in the shooting, as people inside the hospital created a makeshift tourniquet out of an emergency fire hose.Although Bello reportedly held a work place grudge and apparently made threats to coworkers the  hospital officials said none of the victims were connected to Bello.  QUESTION: Considering the massive amount of training associated with the hospital, why was there no  zero tolerance  active shooter plan in place   something commonly implemented in emergency prep?Over the years, we ve seen how sensationalized shooting events have become a staple part of our day to day lives, complete with ready-made political talking points and staged press conferences   a buffet laid out for America, all of this within minutes or hours of high-profile tragedy. MASSIVE RESPONSE    This kind of police emergency response has become routine after many high-profile active shooter incidents. (Image Source: nbcdfw.com)The precarious relationship between emergency preparedness drills and actual active shootings is an ongoing pattern present in many high-profile shooting incidents in recent years, with mass shootings happening at the exact same locations as where  active shooter  or terrorism drills had just previously taken place   a puzzling trend which we have covered extensively at 21WIRE. This latest Bronx-Lebanon Hospital Center appears to be no exception.Although the Bronx-Lebanon Hospital Center appears to be work place violence, it s important to examine other aspects or elements surrounding any case.Below is a screen shot depicting speakers that participated in an  Active Shooter Planning Forum  in conjunction with the Healthcare Association of New York State in June of 2016. The Bronx-Lebanon Hospital Center is displayed among those speaking In addition to active shooter emergency planning protocols listed above, according to a FOJP Service Corporation Journal Bronx-Lebanon Hospital was selected be a part of major emergency prep since at least over the past several years. here s a passage from that report: At Bronx-Lebanon Hospital Center, the Department of Safety is charged with multiple responsibilities, some of which include, but are not limited to: fire and life safety, general safety and monitoring the fire command station; and coordinating emergency management and response planning.Continuing, the report outlined the following: At Bronx-Lebanon, we took our environment into account, for example, geographic location we re in, and let that be our driving force to how we developed our Hazard Vulnerablity Analysis (HVA) and put our emergency action plan (EAP) together. With two main campuses and multiple satellite locations, our plan has to incorporate everyone to ensure we will have the necessary staff in case of emergencies. It s interesting that a hospital known to have extensive emergency protocols could have a shooting occur on its own premises after leading the area charge in addressing that very issue.QUESTION: Is it really just a coincidence that this hospital was so heavily involved in active shooter prep   only to fall prey to exactly that kind of tragedy?*UPDATE*   According to new reports as per active shooter protocol first responders ducked for cover as patients filed from Bronx-Lebanon Hospital wearing bed sheets.  Wouldn t the answer here be to properly train those in the work place how to handle a firearm in crisis situations such as this?Additionally,  sources tell CBS2 Bello started two fires, one at the nurse s station and another as an attempt to set himself ablaze. He ended up shooting himself in a room, then staggered out to the hallway where he died. Continuing the article goes on to state the following: Police continue to investigate the rampage. The New York Daily News reports Bello sent them an email before the shooting, where he wrote about leaving his job at the hospital. QUESTION: If Bello s email prior to the shooting was threatening in nature, then why wasn t he taken in for police questioning?This whole aspect to the Bronx-Lebanon Hospital case appears to echo some of what happened in 2013 when TV shooter Vester Flanagan aka Bryce Williams had also  warned a manager that there would be  negative consequences  for his firing and vowed he would  make a stink and it s going to be in the headlines.  Here we see a similar foreshadowing of tragedy prior to yet another suspicious shooting case that was also linked to an active shooter drill before a bizarre shooting rampage.Here s another look at a tweet from the WDBJ-TV shooting case in 2015 that documents the active shooter drill connection Here s a collection of media montages and video footage supposedly depicting the Bronx-Lebanon Hospital Center shooting response as staff and others sheltered in place. Notice the makeshift barricade   during active shooter training the  run and hide  method is a critical feature in crisis roleplay . As those in the hospital were ordered to shelter in place by both the NYPD and at the urging of the consulate for the United Arab Emirates, while there were several tweets posted to Twitter regarding the incident.Here s a screenshot first published by New York City Alerts that allegedly depicts the dead gunman Bello   notice there s no evidence of fire that can been seen QUESTION: What was the purpose of releasing this photo or than to sensationalize a tragic event?Here s a social media post with a comment that read  stayed safe during the crisis  by a page since taken down on Instagram Here s the witness who heard shots ring out while on the 10th floor In the aftermath of any of these crisis events in America, powerful interests are always quick to line-up and take advantage of the event, mounting their sociopolitical agendas directly on the back of mass media coverage and by extracting political capital out of an emotional and traumatic situation. Certainly, mainstream media outlets like CNN gain immediate benefit as TV viewers are tuned-in incessantly for updates on any breaking situation   which translates into high rating and massive advertising income streams for the broadcast network.Something else to consider, this shooting event took place the very same week during a major push to pass the GOP healthcare bill.While this very well could be an act of workplace violence, it s still important to ask questions, where there are few answers.Will new questions emerge following the shocking Bronx-Lebanon Hospital Center shooting?READ MORE DAILY SHOOTER NEWS AT: 21st Century Wire Daily Shooter FilesSUPPORT 21WIRE   SUBSCRIBE & BECOME A MEMBER @21WIRE.TV"
bert,real_syn_multisource,welfake,FAKE,REAL,0.6225,welfake,"OBAMA READY TO DO BATTLE With America: Will “aggressively defend” Bringing Muslim Refugees To U.S.. Thanks to the funding our GOP majority Congress approved at the end of the year, Obama plans to actually increase the number of refugees (Muslims) he will bring to the US. To hell with our national security. It s all about the votes White House Chief of Staff Denis McDonough on Wednesday said that the Obama administration is prepared to  aggressively defend  the United States  plans to accept refugees from Syria as some American lawmakers demand that the government apply stricter background checks to refugees from Syria and Iraq.When asked at a Christian Science Monitor breakfast in Washington, D.C. how the administration will address some lawmakers  calls for the government to apply greater scrutiny to certain refugees entering the country, McDonough said that the administration sees the resettlement of Syrian refugees as a priority and also as a policy it will have to defend. My hunch is that it will continue to be controversial, for the reasons the President pointed out in the speech last night,  McDonough said.He said that the administration will continue to make the point that accepting refugees adds  immeasurably to the national interest  and is prepared to put up a fight against those who oppose current policies. We re going to get out there and aggressively defend that,  he said. That will be tough to beat, as it was last year,  McDonough said of the administration s focus on accepting refugees.  And we ll see how it goes. But we won t shy from it. The chief of staff also said that the administration plans to expand the number of refugees the U.S. accepts overall and that he believes the budget passed by Congress allows them to do so.Via: TPM"
bert,real_syn_multisource,welfake,FAKE,REAL,0.6222,welfake,"Protesters Clash After Mount Greenwood Police-Involved Shooting. Protesters Clash After Mount Greenwood Police-Involved Shooting Laura Podesta and Will Jones, ABC 7 (Chicago), November 7, 2016 
Protesters clashed Sunday afternoon near the site of a deadly police shooting of a 25-year-old man in Chicago’s Mount Greenwood neighborhood. 
Investigators said Joshua Beal, of Indianapolis, was armed when a confrontation between him and officers resulted in him being fatally shot. However, family members dispute the police narrative. 
Michael Beal, Joshua Beal’s brother, was charged with aggravated battery to a police officer, resisting arrest and attempting to disarm a police officer, a Cook County State’s Attorney spokesperson said Monday. He is scheduled to appear in court at 1:30 p.m. Tuesday. 
On Sunday, Mount Greenwood residents squared off against activists demonstrating against the shooting. The clash between Black Lives Matters and Blue Lives Matters groups became tense at times as they exchanged chants such as “KKK” on one side and “CPD” on the other side. 
{snip} 
According to police, the shooting occurred after a vehicle leaving funeral services at a nearby cemetery stopped in traffic in front of a Chicago fire house near West 111th Street and South Troy Street. An off-duty firefighter told the driver that they were illegally blocking the fire lane. The occupants exited the vehicle and a verbal/physical altercation ensured, police said. An off-duty Chicago police officer was inside a nearby business and assisted the firefighter. 
A Chicago police sergeant driving to work stopped when he observed a man with a firearm in his hands. After the man “failed to drop his weapon, shots were fired striking the individual multiple times,” police said. 
{snip} 
According to family, an off-duty officer in an unmarked vehicle cut off one of the vehicles in the funeral procession. The family members and officer got out of their vehicles. After a verbal exchange, gunfire erupted but Beal’s family said that he did not provoke the officer, and merely disclosing that he had a concealed weapon permit. 
{snip} 
Video circulated online on Sunday that claimed to show Beal holding a gun. 
“The problem is everybody is making their assumptions based on the little stuff they see, the picture, the video. No one knows what happened,” activist Ja’Mal Green said. 
The video appears to capture the tense moments before the shooting, showing at least two people with their guns out. In another video, gunshots can be heard. 
{snip}"
bert,real_syn_multisource,welfake,FAKE,REAL,0.6217,welfake,"PAUL RYAN IGNORES EXECUTIVE ORDERS OBAMA… SAYS He’ll Sue Trump Over Muslim Ban. Paul Ryan has had almost 8 years to lead the charge to impeach Obama for his unlawful, unconstitutional acts against America. Where was all of the tough talk from Ryan when Obama was shoving Obamacare down our throats? House Speaker Paul Ryan (R-WI) has made clear he doesn t agree with a proposal put forward by Donald Trump   whom Ryan has endorsed   to ban Muslim immigration into the United States, but in an interview with the Huffington Post Thursday, Ryan floated taking a President Trump to court if he tried to implement such a ban or some of his other controversial proposals unilaterally. I would sue any president that exceeds his or her powers,  Ryan said in a back-and-forth about Trump s claims that he could implement a Muslim ban or build a Mexican border wall without congressional approval.REALLY Paul? Where have you been for the past year?Ryan said he wasn t sure of the  legal question  of whether Trump could institute a Muslim ban on his own as president. That s a legal question that there s a good debate about,  he said, citing the 1952 Immigration and Nationality Act. On the broader question, are we going to exert our Article I powers and reclaim this Article I power no matter who the president is? Absolutely,  Ryan said. He also said he discussed the limits of the executive power with Trump.In the interview, Ryan said his endorsement of real estate mogul did not give Trump  a blank check,  and that he was still trying to achieve  real unity  between the presumptive nominee and his caucus. I am going to keep being who I am, I am going to keep speaking out on things where I think it s needed, where our principles need to be defended, and I am going to keep doing that, I hope it s not necessary,  Ryan said.  But the last thing I want to see is a another Democrat in the White House  Via: Talking Points Memo"
bert,real_syn_multisource,welfake,FAKE,REAL,0.6209,welfake,"BREAKING: Wikileaks Releases HILLARY’S SPEECH TO Brazilian Bankers: “My Dream Is Open Borders”. Wow! Talk about putting our nation s security at risk A nation that cannot control its borders is not a nation  -Ronald ReaganDemocratic presidential candidate Hillary Clinton told executives at a Brazilian bank in a private speech that she wants open borders for the United States, according to a new leak by the online hacktivist group Wikileaks. My dream is a hemispheric common market, with open trade and open borders,  Clinton says in an excerpt from a speech to Unibanco Itau, a Brazilian bank.  We have to resists protectionism [and] other kinds of barriers to market access and to trade. The unreleased transcripts of Clinton s paid speeches to financial firms were a major point of contention during the Democratic primary, with Sen. Bernie Sanders repeatedly demanding that Clinton release the transcripts, and Clinton repeatedly refusing to do so.Now, Wikileaks has released what appear to be excerpts from those speeches, and in one of them Clinton has described a vision in which the United States has open borders and total free trade with the rest of North and South America.While campaigning for the presidency, Clinton has opposed the Trans-Pacific Partnership free trade agreement after previously backing it, and critics have accused her of switching sides for political convenience.The excerpts were obtained thanks to an email Clinton research director Tony Carrk sent to several senior Clinton aides, in which he identified  the flags from HRC s paid speeches  that could cause political difficulties  Via:Daily Caller"
bert,real_syn_multisource,welfake,FAKE,REAL,0.6208,welfake,"TEACHER Uses “Shooting at Trump” As An Option On Multiple Choice Quiz For High School Students. A Wyoming high school is under fire after parents exposed an online student quiz that offered  shooting at Trump  as one of the multiple choice answers.An unidentified English teacher at Jackson Hole High School gave students a multiple choice quiz on Thursday about George Orwell s novel  Animal Farm  that included a question that many are pointing to as an example of the district s  liberal bias,  the Jackson Hole News and Guide reports. Napoleon has a gun fired for a new occasion. What is the new occasion?  the quiz read.Possible answers included  He was shooting at Trump,   His birthday,   For completion of the windmill,  or  To scare off the attackers of Animal Farm. Jim McCollum told the news site he did a double-take when his son showed him a screenshot he took of the test. I had to read it two times,  McCollum said.  I was like,  Are you kidding me? McCollum, a Jackson Hole High School graduate and Trump supporter, shared the quiz on Facebook, where it was shared widely and generated a lot of angry comments. It was so inappropriate to show a name of a sitting president in that question,  he said.  To me, that is so wrong in light of the situation in our country and the divisiveness and all. He told the news site the incident is one of other examples of  liberal bias  in other classes at the school that make conservative students like son out to be  the outcast. He told me,  Dad, they crapped on everything I believe in,  McCollum said of his son.  Rylee is very patriotic, very supportive of our military and of our country  and is considering enlisting in the U.S. Marines.School officials eventually issued a statement about the quiz on Monday. (District) administration learned late yesterday that a quiz was administered to a class of high school students that contained an inappropriate answer to a multiple choice question. The administration is investigating this incident and verifying the information we have received,  the statement read. (The District) takes seriously threats of any kind, regardless of the intent. We apologize to the students, families and community for this incident and will be addressing the issue with personnel.   EAG News"
lr,real_syn_multisource,welfake,FAKE,REAL,0.8162,welfake,"HAWKISH DOVE: The Enigma of Donald Trump in Volatile Race to the White House. Shawn Helton   21st Century WireGOP presidential frontrunner Donald Trump is a populist candidate among a bevy of warhawk rivals  yet many still wonder how the real estate mogul has marched virtually unabated towards the 2016 Republican nomination.Undoubtedly, the stir Trump has caused this election season is already historic. Love him or hate him, the well-known businessman and reality TV star turned American political juggernaut is emerging as a surprising voice for US national interests in the face of an ever-increasing globalized world.Below we ll examine Trump s shocking rise in American politics, his strengths, his weaknesses and what he s up against   HAWKISH DOVE    Who s the real Donald Trump? (Photo illustration Shawn Helton of 21WIRE)The Curious Case of Donald Trump Back in 1993, brothers David and Tom Gardner founded The Motley Fool stockbroker consultancy, and at the time, it took the investment world by storm. Their mantra was simple: in business (as it is most everything else in life) timing is everything, and when a market or system becomes insular and stagnant, the conditions are ripe for a  rule breaker , and eventually, the rule breakers becomes the rule makers. This spirit of guerilla business also underpinned the Silicon Valley revolution in the 1990s and 2000s.Likewise, Donald Trump read the tea leaves and saw an opportunity in 2016.If you believe the United States is ruled by an elite establishment or is a country taken hold by statism, endless foreign intervention and crony corporatism, chances are you might be considering Donald Trump as your candidate of choice in the 2016 presidential election   and you wouldn t be alone. Similar sentiments are felt on the left-wing by supporters of Democratic Party outsider Bernie Sanders.Trump s outsider tag and anti-establishment veneer, is what seems to be resonating most among a broad base across America, as many believe that the country has been in a decline following two failed administrations in the White House under both Bush and Obama.This is the nature of populist campaigns and whether you like Trump or not, he s run one of the most effective presidential campaigns in American history, despite major backlash from the media and various political pressure groups attempting to stop his rise.The New PopulistsMuch like former Republican congressman Ron Paul in 2012, and to a lesser degree with Bernie Sanders, Trump has seemingly tapped into a cultural zeitgeist rarely seen in American politics as this year s preeminent populist choice.While Paul s staunch constitutional and libertarian beliefs propelled his popularity in 2012, it s Trump s cross-spectrum political thinking that s drawing supporters to his campaign marked by an ability to reach the average blue-collar worker, as well as successful entrepreneurs by bringing up issues concerning economic growth, immigration and global trade.To some critics however, Trump is not conservative enough, even though he s already unveiled one of the most comprehensive plans to uphold gun rights in modern history. The plan includes a proposal for nationwide concealed carry without placing a ban on certain types of guns or magazines   something which has become a hot button particularly for those on the left after a string of strange mass shooting events during much of 2015.On the other side of the political fence, many have criticized Trump s antiquated views on expanding torture techniques in the military, as well as his tough talk on internet security, privacy concerns and heavy stance on illegal immigration.The term  super-nationalistic  is being batted around to describe Trump s perspective, causing some to fear the unknown.Ironically, what has led to Trump s success has also hindered him and has arguably become a major weak point for the shrewd businessman.Trump s fiery rhetoric concerning certain issues facing America today, in some cases has worked against him, and has painted a target on him, opening the door for the media to spin anything he says, or doesn t say, or what others say about him.This is perhaps best exemplified with his tough talk on illegal immigration, along with his media counter attack against professional agitators and protesters at his events following several clashes at some of his rallies over the past few weeks.Unfortunately, his detractors and political rivals have already used these social triggers to attack the GOP frontrunner, as his Chicago rally was cancelled after erupting into a chaotic scene, leading to at least 5 arrests. Similarly, his St. Louis rally was also stormed, leading to 32 arrests, with much of the media joining in condemnation of the embattled businessman.While no one should condone the violence that results from Trump supporters clashing with outside political agitators at Trump s campaign events, critics insist that Trump has somehow escalated these volatile protests through his own incendiary language and for not using his powers of persuasion to  calm things down. Later on in this article, we ll take an even closer look at what s behind these seismic uprisings at Trump s campaign rallies.The Manhattan mogul s political story has only just begun and there are many things to consider concerning the embattled GOP frontrunner   WAR LIES    Former Secretary of State, Colin Powell and the Bush administration s findings revealed a highly coordinated disinformation campaign that led to over half a million deaths in the US-led invasion in Iraq in 2003. (Photo link foreignpolicyjournal)Alternative To War?Recently, Trump was pressed again on matters concerning the Middle East and his response has been surprisingly diplomatic with a non-interventionist platform. Trump s open condemnation of the Bush administration for the Iraq war and the Obama White House for the destruction of Libya, has resonated across the board for voters on both sides of the political spectrum. Trump has asserted that 2003 s invasion in Iraq and the blitzkrieg in Libya via NATO members in 2011, is further evidence of failed US foreign policy throughout the world.Doubling down, the GOP frontrunner Trump, has also refused to pick a side between Israel and Palestine   and in true form to his business pedigree, stating that he would rather attempt to broker a peace deal in the ages old conflict, rather than tow the party line.Calling Out  Bad  Global Trade   TRANS PACIFIC PARTNERSHIP    US leaders vote in favor of cloaked trade deal involving Asia pacific countries and America in 2015. Trump has been the only presidential candidate talking about the Trans Pacific Partnership trade deal and its vast implications on the global economy.The Trans Pacific Partnership or TPP trade deal, is something we ve covered extensively at 21WIRE over the past two years, as international trade law for new trade treaties appear to be a way for private corporations to exempt themselves from the laws of sovereign nations under the guise of a so-called free-trade agreement.As global policy makers continue to merge with the interests of multinational or transnational corporations to achieve their goals, we could view the TTP or the Transatlantic Trade and Investment Partnership (TTIP) as having zero national loyalty to any existing nation-state or its set of laws.These multi-national and transnational free trade deals have been vigorously opposed by Trump during many GOP debates this election cycle. Other critics of these deals have suggested they are being used as a way to gain a foothold on  property rights  in the future, in addition to having lasting implications on intellectual property.21WIRE previously outlined the role that the United States Trade  Representative has played in facilitating these deals between different industries: Understanding the power structure behind these draconian trade deals reveals the global chess play at work and the behind-the-scenes corporate merger s, under the watch of a biased government entity, the USTR. The USTR has been doing heavy lifting through its corporate connections with the likes of Haliburton (ESG and KBR) and Monsanto Corp, and  political insider  ties for a massive trade deal that will consolidate our future   all done outside of the democratic process.  This past week, Huffington Post published an article entitled  At Secretive Meeting, Tech CEOs And Top Republicans Commiserate, Plot To Stop Trump, : Billionaires, tech CEOs and top members of the Republican establishment flew to a private island resort off the coast of Georgia this weekend for the American Enterprise Institute s annual World Forum, according to sources familiar with the secretive gathering. The article goes on to say that the participants  couldn t help  discussing Trump   but he was not the sole purpose of the meeting. Here s some of the list of attendees as reported by HuffPo: Apple CEO Tim Cook, Google co-founder Larry Page, Napster creator and Facebook investor Sean Parker, and Tesla Motors and SpaceX honcho Elon Musk all attended. So did Senate Majority Leader Mitch McConnell (R-Ky.), political guru Karl Rove, House Speaker Paul Ryan, GOP Sens. Tom Cotton (Ark.), Cory Gardner (Colo.), Tim Scott (S.C.), Rob Portman (Ohio) and Ben Sasse (Neb.), who recently made news by saying he  cannot support Donald Trump. Recently, it was reported by Cleveland.com that  Ohio lost 112,500 jobs in 2015 resulting from the United States  trade deficit with countries that are part of the Trans-Pacific Partnership agreement, according to an analysis by the Economic Policy Institute. Additionally, the EPI s findings state that an estimated 2 million jobs have already been lost due to the TPP and that half of those were in manufacturing industry.Above all else, Trump s non-interventionist outlook on the Middle East and his diplomatic approach to Israel and Palestine, as well as his strong position on free trade deals such as the TPP and TTIP, have all contributed to placing the outspoken candidate on the political chopping block.Such is the curious case of Donald J. Trump   AMERICAN PSYCHO?    Former presidential candidate Mitt Romney propelled Trump s campaign despite his desperate appeal to the public last week in a staged pre-debate speech. (Photo link cowgernation)Political Attack DogsThe anti-Trump coalition consists of the Republican Party establishment, the Leftwing and the mainstream media   and each of these factions are presently at war with Trump and his campaign.From the onset, you could see the horror in TV broadcasters eyes when confronted by Trump   a media mogul himself who knows how to conduct a symphony on the airwaves. In many respects, he s their worst nightmare   a politician who can outplay them in their media manipulation game.For the American Leftwing, he induces revulsion, and for good reason   his ability to tame the media has enabled him to discard the political correctness which governs US media discourse.The most sustained attack however, is coming from his own party. In the September of 2015, here at 21WIRE, we discussed how neoconservatives within the Republican Party were incensed when Trump first launched his presidential campaign bid over the summer. Flashing forward to now, it s even more apparent that the media and the dying GOP party elite have attempted to shanghai Trump and the public during his unexpected political rise.Since last summer, there s been a host of media pundits and Washington figureheads looking to take on Trump in a kinda of metaphorical Thunderdome, something which has routinely played out before millions of TV viewers   and one by one, each has become politically castrated, spayed or otherwise cast aside by the outspoken tycoon.You don t have to take my word for it, just ask Meghan Kelley, Lindsay Graham, Jeb Bush, as well as former FOX News favorite and PNAC (Project for a New American Century) waving neocon, Marco Rubio   a list, that may now include Mitt Romney, following his dirty, scripted propaganda speech meant to quell Trump s primary rise.It seems this year more than any other, the American public has peeled away at the politically fixed halls of FOX, CNN and others, as mainstream networks have deliberately attempted to derail Trump through a plethora of designer media attacks, timely  gotcha  questions, ambush-style interviews and scripted debate forums working in concert to keep the apparent GOP outsider off-balance throughout the entire presidential nomination process.  Astute observers of the GOP nomination process, might conclude that many media personalities, political insiders and beltway lobbyists are comfortable with America s long ago chartered cruise towards global ambiguity and perpetual stagnation, rather than to take a chance on new blood.In fact, The Grand Old Party pet-parade nearly flatlined last week after enlisting Bain Capital businessman and former Governor of Massachusetts, Mitt Romney to unleash a scathing nationally televised assessment of Trump s presidential qualifications.Bain Capital, is an investment firm with a rich history of litigation concerning claims of disgruntled investors over profits, as well as a global company with big ties to military defense, aerospace and big agricultural giants like Monsanto.Romney s recent pre-GOP debate speech appeared to be a last-ditch effort directed by neoconservative strategists to silence Trump s campaign   but it led to a huge backlash and in the process, revealed the former governor s role as political spoiler (and thus damaged goods), as evidenced by his support of Bush-approved candidate John Kasich.Romney s speech, piggy-backed anti-Trump hashtag campaigns (#nevertrump and #stoptrump) that emerged in the weeks following an article by well-known neoconservative strategist, Peter Wehner on why he wouldn t support a Trump presidency.Here s a You Tube clip of Fox News contributor Judge Jeanine Pirro condemning Romney for awakening a sleeping giant  among the US electorate The Shape of ThingsMitt Romney and the billionaire boys club are out for blood.Trump is using big media to put out some  dangerous ideas    like the prospect for a peace deal between Israel and Palestine, and d tente with Russia, and also calling out the clear fraud of the Iraq War, as well as NATO s bombardment in Libya as Trump stated, Libya would be better off if we had left Gaddafi in power. If the politicians had gone to the beach instead, and did nothing, we d be better off in Libya and Iraq than we are today. Romney represents the financial and investment wing of the military industrial complex and an Israel first foreign policy. Along with John McCain, Romney is one of their  inside men  embedded inside the US political establishment.This is what Trump is really up against.It doesn t stop there, the dirty politricks continued this week as Rubio urged his supporters to vote for rival presidential candidate and Governor of Ohio John Kasich (a close Bush-family friend), with the Florida Senator stating, If you re a Republican primary voter in Ohio, and you don t want Donald Trump to be the nominee, John Kasich is your best bet. Incidentally, Jeb Bush met with  three non-Trump candidates  (Cruz, Rubio Kasich?) in Miami this week, a month after dropping out of the presidential race, due to his poor campaign results. The situation was described by the Wall Street Journal as the following: Former Florida Gov. Jeb Bush, who ended his 2016 candidacy last month after months of sparring with Mr. Trump, met with each of the three non-Trump candidates this week in Miami, though he hasn t offered direction on how to block Mr. Trump s path. On another interesting note, early in March, according to The Hill, CEO of FOX News, Roger Ailes, dropped his support for Rubio, if true, the move would signify this latest strategy to use Romney and Kasich as a way to undermine Trump s campaign. Here s the excerpt reported by The Hill: We re finished with Rubio,  Roger Ailes told one of the network s hosts recently, according to three unnamed sources.  We can t do the Rubio thing anymore. Flashing forward to this past week, Trump loyalist Roger Stone, wrote a revealing article entitled  Ted Cruz, A Bush By Another Name,  which detailed GOP presidential candidate Ted Cruz s close relationship to the Bush family. Here s a  passage from Stone s recent piece at The Daily Caller: Neil Bush, the son of President George H. W. Bush, who defrauded U.S. taxpayers out of $1.5 billion dollars in the savings and loan scam, and later peddled influence for the Chinese government, (who plied him with Chinese prostitutes) has formally endorsed Senator Ted Cruz for president. You can t make this stuff up. The Bush-Cruz connection is clear. Ted was George W. s brain when he ran for president. A top policy adviser, Ted maneuvered for Solicitor General in Bush World but settled for a plum at the Federal Trade Commission. Ted s a Bush man with deep ties to the political and financial establishment.  Ted and wife Heidi brag about being the first  Bush marriage    they met as Bush staffers. SEE ALSO: Ted Cruz comes up  empty  on Obamacare as government continues debt scamAs the political claws are fully out now, the recent words of Pulitzer prize nominated journo, Jon Rappoport, comes to mind: A true populist leader would accept the fact that working through usual channels, to bring about stunning changes, is a loser. The enemy is entrenched. The enemy controls the landscape. The enemy controls the machinery. Where is the populist s strength coming from? Only one place: the people who are supporting him. So he has to go back to that well, over and over again. And now he can. While pondering Trump s rivals and populism, there s a deeper agenda concerning 2016 and beyond, something which was recently pointed out here at 21WIRE.In October of 2014, The Boston Globe published a stirring article rarely seen in the mainstream entitled  Vote all you want. The secret government won t change. The Globe piece covered Tufts University political scientist Michael J. Glennon s detailed perspective on the political process in America. The article included an in-depth discussion about Glennon s book  National Security and Double Government,  a book that gives the public an inside look into the collusion between neoconservative and neoliberal political strategy on the global stage   in particular, counterterrorism policies that are routinely followed by president after president.The idea of concealed policy between neoconservatives and neoliberals was further confirmed when Robert Kagan, a co-founder and co-author of The Project for the New American Century, recently endorsed Hillary Clinton for President.This was a big story, but it barely kept the media s attention span for longer than a week.Indeed, Kagan s endorsement should provide a window for people to see the so-called (neo) conservative players behind the scenes that might have helped Clinton escape the Benghazi scandal and might step in to rescue her from her ongoing national security related email case with the FBI.Clinton s exploits in Libya are well documented and her recent endorsement by neocon strategist Kagan, is just one more glaring example of political complicity, no matter who gets elected as the president of America, the foreign policy machinations are controlled by the same operators.Coincidentally or not, Kagan also appears to be linked to Romney s anti-trump plea to the public.In a catchy call to arms, a deeply biased political plea was published on the website called War On The Rocks. The piece featured an impassioned rant from those directly connected to the military industrial complex. In fact, many war party operatives, put their seal of approval on the message including Robert Kagan, as well as Former Homeland Security secretary, Michael Chertoff, (the Chertoff Group manufactured the TSA body scanners used in most major airports) as well as over hundred other political operatives.To those aware of these tactics, the War On The Rocks Trump hit-piece, read like a foreign policy business as usual dossier, with a heavy-handed characterization of mogul, while completely misrepresenting some of Washington s most notorious military interventions in recent memory.  TRUMP CARD    Hillary Clinton and Donald Trump posters adorn Trump s Nevada caucus rally. (Photo link ulinet)Socially Engineered  Flash Mobs  Go Viral The political game changers are fully after the Trump campaign now, as the George Soros funded advocacy group MoveOn, played a large role in the Chicago University student organized shutdown at the Trump rally this past Friday, as well as a host of other splinter groups associated with Black Lives Matter (BLM) and supporters for Bernie Sanders.  BLACK BLOC   Black bloc provocateurs, have violently escalated protest movements since the 1980 s, including 2011 s Occupy Wall Street Movement. (Photo link examiner)The echoes are still felt from the Soros funded protests in Ferguson, Missouri, in 2014 and the Baltimore riots of 2015, something which immediately recalls the misguided machinations of The Occupy Movement (aka OWS) in 2011, an event that turned out to be a think-tank-spun divide and conquer stratagem designed to push naive participants into violent action.  CHICAGO CHAOS    Bernie Sanders supporters join Black Lives Matter linked groups to shutdown Trump rally. (Photo link twitter)Back in January, MoveOn publicly endorsed the Bernie Sanders campaign in what appeared to be a call to action for BLM associated groups seen backing Sanders. It s worth mentioning, that MoveOn, also supported the Obama campaign in 2008, according to the website, Sanders is the only other candidate to  threshold for an endorsement. From here on out, professional political agitator flash mobs, will be mobilized at future Trump campaign events, making it very difficult to run a normal campaign   taking away Trump s strength in numbers at his rallies. This was confirmed in Ohio recently, after a BLM activist and Sanders supporter, stormed the stage, shortly after Trump started speaking.In a Politico article entitled  Major donors consider funding Black Lives Matter,  we gain deeper insight into the political funding for BLM and the Soros linked Democratic Alliance: Major donors are usually not as radical or confrontational as activists most in touch with the pain of oppression,  said Steve Phillips, a Democracy Alliance member and significant contributor to Democratic candidates and causes. He donated to a St. Louis nonprofit group called the Organization for Black Struggle that helped organize 2014 Black Lives Matter-related protests in Ferguson, Missouri, over the police killing of a black teenager named Michael Brown. And Phillips and his wife, Democracy Alliance board member Susan Sandler, are in discussions about funding other groups involved in the movement. It worth noting Soros, a long time contributor to Hillary Clinton, donated $2 million in PAC money in 2015 and January of 2016, Soros reportedly gave $8 million to  boost  Clinton s campaign. Soros also recently funded $15 million to Latino groups looking to stop Trump s rise towards a potential GOP nomination and beyond.Any bloodshed at the hands of   vigilante mobs  at Trump rallies, should be the responsibility of those who of have sought to politicize and fund this agenda from the very beginning.Look for these political engineers, to pit choreographed conservative and liberal groups against each other at Trump s rallies or events in the future   as all of these hostile uprisings are by design.During the Days of Rage in 1969, the FBI was said to have been  tracking specific members  of the Students for a Democratic Society. The SDS was heavily connected to 60 s political agitators turned domestic terrorists, The Weather Underground. Many concluded that the group s leader, Bill Ayers, was an interloper looking for new recruits that were easily manipulated into hostile action.This begs the question: Are government agencies still infiltrating political advocacy groups to push social change?The disruptions at Trump rallies are a form of modern class warfare, one that disguises its true intentions, eroding national sovereignty through a series of upheavals, while presenting shock and awe imagery in order to manipulate the public s political perspective.Amazingly through it all, Trump s still been able to confound his opposition in the aftermath of a barrage of attacks, propelling his popularity even to even higher levels.The Ides of March primaries will be a good barometer to see what impact these chaotic clashes may have on Trump s campaign moving forward.It still remains to be seen if Trump s dynamic political vision for America will push the country further into authoritarianism or whether he can unite an embattled nation by restoring international relations throughout the world.But one thing is for sure   there s no doubt now that a systematic design is in place to unseat the GOP frontrunner and the public should question why READ MORE ELECTION NEWS AT: 21st Century Wire 2016 Files"
lr,real_syn_multisource,welfake,FAKE,REAL,0.8138,welfake,"WATCH: “IT’S THE MOST WONDERFUL TIME OF THE YEAR”…Trump Style. With mainstream media and establishment politicians stacked against him from the moment he announced his run for the presidency, Donald J. Trump has been in an ongoing pitched battle to communicate his plans   and his eventual successes   to Americans. Through public rallies and social media, he has managed to bypass the traditional information gatekeepers and has spoken directly to the people.Yet, Americans are subjected to a relentless drumbeat from the Democratic Party, amplified by virtually the entire establishment press, that Trump is not only undisciplined, unfit for office and possibly racist, but that embarrassingly little has been accomplished by the Trump administration.But we  Deplorables  know better When Dana Kamide made this pro-Trump video last year, it was an instant hit. The hilarious video reminded Americans of why we re so blessed to have President Trump as our President. To date, the  It s The Most Wonderful Time Of The Year  viral video has been seen over 5.6 million times. This Christmas, let s all count our blessings and remember to be thankful for the bullet we dodged in 2016.    Enjoy WND   And while he has befuddled and disappointed some   with major promises such as Obamacare repeal and a border wall unfulfilled or put on the backburner   the stunning reality is this: Donald Trump has amassed a long and remarkable list of actions and accomplishments that will surprise average Americans, even those who support the president and consider themselves well-informed politically.Below, is an accounting of the truly significant achievements of the first eight months of the Trump presidency. The accomplishments are all the more noteworthy as they have been carried out in an environment of unrelenting negativity on the part of not only the Democrats and almost the entire news media, but the Beltway establishment itself, the entire donor class, the  Deep State,  and even many Republicans wedded to the D.C.  swamp. DECEMBERRegulatory reform: President Trump announced Dec. 14 his administration has far exceeded its promise to eliminate regulations at a 2:1 ratio and impose no lifetime net regulatory costs. In total, agencies issued 67 deregulatory actions while imposing only three new regulatory actions, a ratio of 22:1. Federal agencies also achieved $8.1 billion in lifetime net regulatory cost savings, the equivalent of $570 million per year. Jobs: Some 228,000 new jobs were created in November, highlighting the strongest U.S. labor market since the turn of the century. The government also reported Dec. 8 that unemployment was unchanged at 4.1 percent, but that s still nearly a 17-year low. Military: The Trump administration asked a federal court Dec. 7 for an emergency stay to delay a court order to begin opening the military to transgender recruits by Jan. 1. Israel: While the previous three U.S. presidents promised during their election campaigns to recognize Jerusalem as Israel s capital, President Trump on Dec. 6 became the first to follow through. In his official order, Trump also ordered the U.S. Embassy to be moved to Jerusalem from Tel Aviv. Israeli Prime Minister Benjamin Netanyahu responded:  President Donald Trump, thank you for today s historic decision to recognize Jerusalem as Israel s capital. The Jewish people and the Jewish state will be forever grateful.  Immigration: The Department of Homeland Security released figures Dec. 4 showing Trump is delivering on his pledge to more strictly control immigration and deter would-be border-crossers. Border Patrol arrests dropped to a 45-year low in the fiscal year that ended Sept. 30, down 25 percent from a year earlier. ICE said the number of people apprehended away from the border jumped 25 percent this fiscal year. The increase is 37 percent after Trump s inauguration compared to the same period the year before. States  rights: President Trump signed two executive orders Dec. 4 that gave back about 2 million acres of land to the state of Utah by modifying executive orders by President Obama. Arguing the Antiquities Act  requires that any reservation of land as part of a monument be confined to the smallest area compatible with the proper care and management of the objects of historic or scientific interest to be protected,  Trump reduced the federal government s control of the Bear s Ear National Monument to just 201,876 acres, pointing out that the important objects of scientific or historic interest described described in Obama s proclamation are protected under existing laws and agency management designations. He also reduced the Grand Staircase National Monument in Utah from nearly 1.9 million acres to about 1 million. Immigration: Secretary of State Rex Tillerson announced Dec. 3 the Trump administration is withdrawing from the Global Compact on Migration, arguing the pact would  undermine the sovereign right of the United States to enforce our immigration laws and secure our borders.  Tillerson made the announcement just before the opening of a global conference on migration in Puerto Vallarta, Mexico. Tax reform: Propelled by the engagement of President Trump, the Senate on Dec. 1 passed the biggest rewrite of the nation s tax system since 1986, reducing rates for businesses and individuals. The Republican-led House passed a similar bill in November. The two chambers of Congress will negotiate a reconciliation of the two bills that they expect to put on the president s desk before the end of the year. Health care: The Senate tax-reform bill passed Dec. 1 eliminates Obamacare s individual mandate, the linchpin of Obama s government-controlled health-care system, which penalizes taxpayers for choosing not to buy health insurance.NOVEMBERStocks: The Dow Jones industrial average surged more than 331 points Nov. 30 to close above 24,000 for the first time in history. Stocks were buoyed by the possibility of the Senate passing the Republican tax-reform bill championed by President Trump. Mining: Mining increased 28.6 percent in the second quarter and was the leading contributor to growth for the nation and in the three fastest-growing states of North Dakota, Wyoming, and Texas, according to the Commerce Department s Bureau of Economic Analysis. North Korea: In response to North Korea s buildup of nuclear weapons and missiles, the communist nation was officially designated a state sponsor of terror by the Trump administration on Nov. 20. The Treasury Department followed up with sanctions on organizations and companies doing business with North Korea. Regulation reform: Attorney General Jeff Sessions announced Nov. 17 the Department of Justice will cease the practice initiated by President Obama of issuing  guidance memos  to enact new regulations that sometimes have had the effect of changing federal laws. Iran: Trump issued a memorandum Nov. 16 determining that the U.S. has enough petroleum coming from countries other than Iran to permit  a significant reduction in the volume of petroleum and petroleum products  purchased from the mullah-led nation. China trade: During President Trump s visit to China in November, trade and investment deals worth more than $250 billion were announced that are expected to create jobs for American workers, farmers and ranchers by increasing U.S. exports to China and stimulating investment in American communities. Government transparency: The federal government on Nov. 9 made public more than 13,000 additional documents from its files on President John F. Kennedy s assassination, under orders from President Trump. It was the fourth released since October, when the president allowed the immediate release of 2,800 records by the National Archives. International liberty: President Trump proclaimed Nov. 7, the 100th anniversary of the Bolshevik Revolution, as the National Day for the Victims of Communism Religious liberty: The Department of Agriculture issued a guidance Nov. 6 that ensures Christians who opposed same-sex marriage would not be discriminated against for their beliefs. Job growth: President Trump announced in the Oval Office Nov. 2 that the semiconductor manufacturing company Broadcom Limited is moving its headquarters from Singapore to the United States. Broadcom is a Fortune 100 company that already employs more than 7,500 workers in the United States, and that number is expected to grow exponentially, with an estimated $20 billion to be spent on employees annually. Broadcom CEO Hock E. Tan said the decision to relocate Broadcom was driven by  his desire to give back to this country that has given me so much.  Government reform: EPA Director Scott Pruitt placed 66 new experts on three different EPA scientific committees who espouse more conservative views than their predecessors. To prevent conflicts of interest, Pruitt signed a directive Oct. 31 banning scientists who receive EPA grants from serving on the agency s independent advisory boards.OCTOBERJob growth: The White House announced Oct. 25 a new drone Integration Pilot Program that will accelerate drone integration into the national airspace system. Under the program, the Department of Transportation will enter into agreements with state, local, and tribal governments to establish innovation zones for testing complex UAS operations and to attempt different models for integrating drones into local airspace. Calling drones  a critical, fast-growing part of American aviation, increasing efficiency, productivity, and jobs, the White House said they  present opportunities to enhance the safety of the American public, increase the efficiency and productivity of American industry, and create tens of thousands of new American jobs.  Government reform: Melania Trump, while embracing a more active and public schedule as first lady, is running one of the leanest East Wing operations in recent history, according to a Fox News analysis of White House personnel reports that found she has significantly reduced the number of aides on the first lady s office payroll in comparison to her predecessor, Michelle Obama. During President Obama s first year in office, 16 people were listed working for Michelle Obama, earning a combined $1.24 million a year. This year, just four people were listed working for Melania Trump as of June, with salaries totaling $486,700. Obamacare: Trump signed an executive order Oct. 12 that directs three federal agencies to rewrite regulations to encourage the establishment of cheaper health plans that can be purchased across state lines and are not bound by certain Obamacare rules and regulations. The directive would allow small-business owners, trade groups and others to join together to purchase health insurance. The plans would not be required to include benefits such as prescription drugs. Trump also wants to expand the sale of stopgap policies that don t cover pre-existing conditions, mental health services and other costly benefits. Consumer optimism: U.S. consumer sentiment unexpectedly surged to a 13-year high as Americans  perceptions of the economy and their own finances rebounded following several major hurricanes, a University of Michigan survey showed Oct. 13. Iran nuclear agreement: President Trump announced Oct. 13 he will not certify the Iran nuclear deal and vowed that the U.S. would pull out unless changes are made. He also unveiled a new strategy, the culmination of nine months of deliberation with Congress and allies, on how to best protect American security from the rogue mullah-led regime. The plan includes denying the regime funding and any paths to a nuclear weapon and ballistic missiles. The Department of the Treasury sanctioned more than 25 entities and individuals involved in Iran s ballistic missile program. The U.S. also sanctioned 16 entities and individuals that have supported Iran s military and Revolutionary Guard Corps in the development of drones, fast attack boats and other military equipment. United Nations: The United States is quitting the United Nations  Educational, Scientific and Cultural Organization. Heather Nauert, a State Department spokeswoman, announced the move will be made before the end of the year  This decision was not taken lightly, and reflects U.S. concerns with mounting arrears at UNESCO, the need for fundamental reform in the organization, and continuing anti-Israel bias at UNESCO.  Homeland security: The Supreme Court dismissed a major challenge to President Trump s travel ban on majority-Muslim countries Oct. 10 because it has been replaced by a new version, sending the controversy back to the starting block. The ruling is a victory for the Trump administration, which had asked the court to drop the case after Trump signed a proclamation Sept. 24 that replaced the temporary travel ban on six nations with a new, indefinite ban affecting eight countries. That action made the court challenge moot, the justices ruled. EPA reform: Environmental Protection Agency Administrator Scott Pruitt announced Oct. 9 a new set of rules that will override the Clean Power Plan, the centerpiece of President Barack Obama s drive to curb global climate change. The agency is moving to undo, delay or block more than 30 environmental rules, the largest regulatory rollback in the agency s 47-year history. Immigration: The Trump administration submitted to Congress Oct. 8 a 70-point proposal that calls for increased border security, interior enforcement of immigration laws and a merit-based immigration system. It includes funding and completing construction of a southern border wall, improving expedited removal of illegal aliens, protecting innocent people in  sanctuary cities,  ending extended-family chain migration and establishing a point-based system for green cards to protect U.S. workers and taxpayers. Religious liberty: Attorney General Sessions on Oct. 6 issued guidance to all administrative agencies and executive departments regarding religious liberty protections in federal law in keeping with Trump s May 4 executive order. The guidance interprets existing protections for religious liberty in federal law, identifying 20 high-level principles that administrative agencies and executive departments can put to practical use to ensure the religious freedoms of Americans are lawfully protected. Attorney General Sessions also issued a second memorandum to the Department of Justice, directing implementation of the religious liberty guidance within the department. Among the principles are  the freedom of religion extends to persons and organizations,   Americans do not give up their freedom of religion by participating in the marketplace, partaking of the public square, or interacting with government  and government  may not restrict acts or abstentions because of the beliefs they display.  Missile defense: The Department of Defense reprogrammed approximately $400 million for U.S. missile defense systems. Religious liberty: The Trump administration expanded religious and moral exemptions for mandated contraceptive coverage under Obamacare. Obama s signature legislation required that nearly all insurance plans cover abortion-inducing drugs and contraception, forcing citizens to violate sincerely held religious or moral beliefs, pay steep fines, or forgo offering or obtaining health insurance entirely. The interim final rules note that the United States  has a long history of providing conscience protections in the regulation of health care entities and individuals with objections based on religious beliefs and moral convictions.  The rule aligns with the U.S. Supreme Court s unanimous ruling protecting the Little Sisters of the Poor, which says the government cannot fine religious groups for following their faith. Immigration: Amid strong Democratic opposition, the House Homeland Security Committee gave first approval to the broad scope of President Trump s border wall Oct. 4, clearing a bill that would authorize $10 billion in new infrastructure spending, new waivers to speed up construction, and 10,000 more border agents and officers to patrol the U.S.-Mexico line. Space exploration: President Trump revived the National Space Council for the first time in 25 years to assist him in developing and implementing long-range strategic goals for the nation s space policy. The pace program will refocus on human exploration and discovery. Vice President Mike Pence, who chaired the National Space Council s Oct. 5 meeting, said the administration aims to establish a renewed American presence on the moon and from that foundation become the first nation to bring mankind to Mars. The administration also will renew America s commitment to creating the space technology needed to protect national security. And Pence pointed out the intelligence community reports that Russia and China are pursuing a full range of anti-satellite technology designed to threaten our U.S. military effectiveness. Abortion: The Office of Management and Budget on Oct. 2 issued a Statement of Administration Policy (SAP) to strongly support the Pain-Capable Unborn Child Protection Act (H.R. 36), which would generally make it unlawful for any person to perform, or attempt to perform, an abortion of an unborn child after 20 weeks post-fertilization. Protecting life: The president issued a statement Oct. 1 renewing the nation s  strong commitment to promoting the health, well-being, and inherent dignity of all children and adults with Down syndrome.  The president observed  there remain too many people   both in the United States and throughout the world   that still see Down syndrome as an excuse to ignore or discard human life.  He said Americans and their government  must always be vigilant in defending and promoting the unique and special gifts of all citizens in need  and  should not tolerate any discrimination against them, as all people have inherent dignity.  Protecting life: The Department of Health and Human Services has published a draft of a new strategic plan that states in its introduction that life begins at conception. The personhood of the unborn child is central to the abortion debate   as even the justice who wrote the landmark Roe v. Wade opinion has acknowledged   because, if established in law, it would nullify a  right  to abortion. The largely overlooked HHS strategic plan for 2018-22 states the agency  accomplishes its mission through programs and initiatives that cover a wide spectrum of activities, serving and protecting Americans at every stage of life, beginning at conception.  Tax reform: Trump is working with Congress to lower taxes by seven points for the middle class and lower business taxes to a 15 percent rate.SEPTEMBERLower courts: Trump is filling up lower courts with lifetime appointees. In the estimation of Democratic official Ron Klain, a  massive transformation is underway in how our fundamental rights are defined by the federal judiciary.  Klain, lamenting Trump s moves, said the president  is proving wildly successful in one respect: naming youthful conservative nominees to the federal bench in record-setting numbers.  On Sept. 28, Trump announced an eighth wave of judicial candidates, with nine more names. Canada trade: In September, the Commerce Department, siding with Boeing, slapped a 219 percent tariff on the import of Canadian-made Bombardier jets, arguing they are supported by subsidies from the governments of Canada and the U.K., creating an unfair market. Korea trade: Trump began the process of renegotiating the United States-South Korea Free Trade Agreement in September. Climate: In September, Trump shut down a climate-change advisory panel under the direction of NOAA, the National Oceanic and Atmospheric Administration, that critics have contended was formed largely to promote President Obama s climate policies, arguing it lacked representation from  those who think the empirical evidence points to human actions contributing little to global warming and that attempting to reduce it would slow the conquest of poverty around the world.  The EPA also has decided not to renew the appointments of dozens of scientists on various scientific advisory panels. Economy: Household wealth reached a record high of $1.7 trillion in the second quarter due to rising property values and gains in financial assets, according to a Federal Reserve report. Homeland security: In September, Trump signed an executive order to enhance vetting capabilities and processes for detecting attempted entry into the United States by terrorists or other public-security threats. North Korea: After some 25 years of failed negotiations to contain Pyongyang s nuclear program, the communist regime s latest threatening actions were met by President Trump with a warning that military action, including a preemptive nuclear attack, would be considered. After Trump s warnings, North Korean dictator Kim Jong Un backed off on his threat to attack the U.S. territory of Guam. North Korea: On Sept. 7, the U.S. fully deployed the THAAD missile defense system to South Korea despite objections from Pyongyang s chief ally, China. North Korea: In September, Trump signed an executive order significantly expanding U.S. authority to target individuals, companies and financial institutions that finance and facilitate trade with North Korea, most of which are Chinese. Meanwhile, China s central bank has ordered banks in its massive banking system to immediately stop doing business with North Korea. United Nations: In his first speech to the United Nations General Assembly, Trump told the global body in September,  I put America first and you should do the same with your nations.  In the speech, he also explicitly denounced socialism and communism, pointing to Venezuela as an example of what happens when socialism is successfully implemented. Immigration: President Trump, in September, rescinded Obama s Deferred Action for Childhood Arrivals order, which gave de facto amnesty to some 800,000 people who came to the country as children with their illegal-alien parents. Trump delayed implementing his order for six months to give Congress time to come up with a legislative solution. Stock markets: Through the first week of September, the Dow Jones Industrial Average had 34 record highs. From Election Day to the Inauguration, the Dow rose more than 1,500 points. It climbed another 2,500 points from Inauguration Day, reaching more than 22,400 in mid-September, a gain of more than $4 trillion in wealth since Trump was elected. The Dow s spike from 19,000 to above 21,000 in just 66 days was the fastest 2,000-point rise ever. The S&P 500 and the NASDAQ also have set all-time highs. On Aug. 7, the Dow closed with an all-time high for the ninth day in a row, the first time the market has had a run of that length twice under one presidency.For the entire list, go to WND"
lr,real_syn_multisource,welfake,FAKE,REAL,0.8046,welfake,"Hillary’s ‘Russian Hack’ Hoax: The Biggest Lie of This Election Season.  Patrick Henningsen 21st Century WireThe longer this soap opera drags on, it s becoming more and more evident that the Russian government did not  hack  into the DNC, and Moscow is not feeding John Podesta s emails to Wikileaks. For those who are deeply invested in this now official conspiracy theory, however, this might be a hard pill to swallow. The White House and the Hillary Clinton campaign are now married to the idea that  Putin is hacking the US elections.  In response, the President is weighing his options   tougher economic sanctions, revoking diplomatic status to Russian envoys in the US, or even deploying his newly developed malicious cyber-activity  tools.Even VP Joe Biden wants in on the action, threatening Moscow by saying, We re sending a message. We have the capacity to do it.   Presumably, he s referring to a cyber  counter attack  by Washington.It seems that where ever you turn nowadays, someone in Washington is issuing a threat against Russia. Are US-Russian relations really that bad, or does this trend have more to do with the defense industry and power struggles within the US?What was previously a stance reserved for right-wing neoconservative hawks and Cold War hold-outs has now infected America s left-wing, and is a firm plank in the Democratic Party platform, as evidenced by Hillary Clinton s constant anti-Russian rhetoric throughout this 2016 election cycle. Along with the White House, Clinton has now transformed the Democrats into the vanguard of Washington s new anti-Russia movement.On July 27th, Josh Rogin from the Washington Post wrote,  The Clinton campaign has decided to escalate its rhetoric on Russia. After Trump suggested Wednesday that if Russia had indeed hacked Clinton s private email server it should release the emails, the Clinton campaign sent out its Democratic surrogates to bash Russia and Trump in a manner traditionally reserved for Republicans. Anyone who was paying attention back then knew this  Russian hack  talking point was purely political, but then again, who s really paying attention these days? Certainly not the US media.You can trace the genesis of the Democratic Party s hardcore anti-Russian strategy back to when President Vladimir Putin made a mild passing remark about Donald Trump s GOP primary success. From that point on, Trump s political opponents saw this as an open target. In their words,  comparing one dictator to another. Never one to pass up an opportunity to score cheap political points, President Obama got in on the act, intensifying the Trump-Putin narrative to the level of bromance.  If you ve made a career out of idealizing Ronald Reagan, then where were you when your own party s nominee for president was kissing up to Vladimir Putin?  said Obama on Oct 20th at a Clinton rally in Miami.Backed by the Obama White House, Clinton and the media felt they had a green light to keep pressing ahead with blaming Russia   not only for the controversial DNC leaks, but also for hacking into US election systems in Arizona   a charge devoid of any evidence other than innuendo and speculation. The media s coverage on this issue was deceptive from the onset. In a leading news release, entitled,  Russian hackers targeted Arizona election system,  we can see how after the cock-sure headline, the first paragraph would always sound definitive: Hackers targeted voter registration systems in Illinois and Arizona, and the FBI alerted Arizona officials in June that Russians were behind the assault on the election system in that state. But then by the time you advanced down the story, the report would quickly retreat into a zone of uncertainty: The bureau described the threat as  credible  and significant,  an eight on a scale of one to 10,  Matt Roberts, a spokesman for Arizona Secretary of State Michele Reagan (R), said Monday. As a result, Reagan shut down the state s voter registration system for nearly a week. And then, down to almost nothing It turned out that the hackers had not compromised the state system or even any county system. They had, however, stolen the username and password of a single election official in Gila County. At no point was any evidence ever given. Only ambiguous statements like,  Cyber security officials agree that this looks very much like a Russian government-directed hack. Are American politicians so callous as to tempt geopolitical conflict in order to further their short-term political ambitions? Better yet, has American political life really arrived in such a dark cul de sac (translated in French:  bottom of the bag ) where politicians in power are so insecure as to make-up and propagate wild international conspiracy theories   in the middle a national election cycle? It s a very depressing prospect, and yet, this is exactly what we are seeing in this 2016 Presidential Election.Behind Clinton s wild hyperbolic rants about the Kremlin and Wikileaks, you will find the White House On October 7th, the Obama Administration formally accused the Russian government of stealing emails from the Democratic National Committee and other high-profile individuals including Hillary Clinton s campaign manager John Podesta   giving them to Wikileaks. Soon, there was a queue of  national security  politicians eager to hitch a ride on this bandwagon. Senator Ben Sasse (NE-R), a member of the Homeland Security Committee spouted out,  Russia must face serious consequences. Moscow orchestrated these hacks because [Russian President Vladimir] Putin believes Soviet-style aggression is worth it. The United States must upend Putin s calculus with a strong diplomatic, political,  cyber and economic response. According to a Washington Post report by technology editor, Ellen Nakashima, the only  evidence  that seems to be available on this story is a corporate analysis of the alleged  Russian government hacks    provided by a US cyber security company called Crowdstrike. No actual specifics are given, so we are meant to take private firm Crowdstrike s word for it.IMAGE: Crowdstrike cyber security.The Post s Nakashima then added: The administration also blamed Moscow for the hack of the Democratic Congressional Campaign Committee and the subsequent leak of private email addresses and cellphone numbers of Democratic lawmakers. An online persona calling himself Guccifer 2.0 has claimed responsibility for posting the material. Those sites and that persona are  consistent with the methods and motivations of Russian-directed efforts,  the joint statement said.   We believe, based on the scope and sensitivity of these efforts, that only Russia s senior-most officials could have authorized these activities. Moscow s press secretary s reply:  This is some sort of nonsense,  said Dmitry Peskov.Despite the constant repetition by Democrat media surrogates, and as CNN s Maria Cardona said last night, no US national intelligence agency has really  confirmed  that Russia was behind the email hacks   and still no evidence, other than speculative guesswork, has been presented.Likewise, US intelligence agencies have never actually said definitively on record that  Russia did it,  thus, leaving the door open to walk-back the accusation at a later date. Standard Washington procedure of ambiguity. This little detail doesn t seem to matter in this hyperbolic political climate though. It seems that the White House, Hillary Clinton and media operatives like Cardona   are quite happy living in what John Kerry recent dubbed as a parallel universe. The announcement, albeit vague, actually originated from the Office of the Director of National Intelligence.Still, during the final Presidential debate, Hillary Clinton proudly crowed how  17 US intelligence agencies  aka the  Intelligence Community    all agreed that Russia did it. We have 17 intelligence agencies, civilian and military, who have all concluded that these espionage attacks, these cyberattacks, come from the highest levels of the Kremlin, and they are designed to influence our election,  said Clinton.  I find that deeply disturbing. What s even more disturbing is the fact that Clinton is lying in front of a national audience. The highest levels of the Kremlin? Here are Clinton s 17 agencies :Air Force Intelligence, Army Intelligence, Central Intelligence Agency, Coast Guard Intelligence, Defense Intelligence Agency, Energy Department, Homeland Security Department, State Department, Treasury Department, Drug Enforcement Administration, Federal Bureau of Investigation, Marine Corps Intelligence, National Geospatial Intelligence Agency, National Reconnaissance Office, National Security Agency, Navy Intelligence and the Office of the Director of National Intelligence.What does the Coast Guard Intelligence, National Geospatial Intelligence Agency or the Drug Enforcement Administration know about John Podesta s emails? Answer: nothing.The exact same thing happened following Wikileaks first trove of DNC emails back in July 2016. The US government issued a vague accusatory statement, but would not actually name the culprit. Some might call that propaganda.In both instances, the Obama Administration refused to present any evidence. Translated: there was no evidence. If there had been, the White House would have been shouting from the rooftops and using it as leverage to apply muscle in the UN over Washington s  flagging efforts in Syria. Both Obama Administration announcements were nothing more than dog whistles for Democrats and  journalists  working for hopelessly partisan outlets like New York Times and CNN  none of whom have bothered to press the White House for one ounce of evidence pertaining to the Party s decree that Russia is hacking the US election process. If you actually look at the joint DNI-DHS statement issued on the matter, it contains no definitive statement:  [the hacks] are consistent with the methods and motivations of Russian-directed efforts. These thefts and disclosures are intended to interfere with the US election process. Such activity is not new to Moscow   the Russians have used similar tactics and techniques across Europe and Eurasia, for example, to influence public opinion there. We believe, based on the scope and sensitivity of these efforts, that only Russia s senior-most officials could have authorized these activities. According to NSA intelligence worker-turned whistleblower William Binney, when asked about WikiLeaks and whether the Russians are  hacking US elections, he concluded that the cyber efforts against the DNC were more likely to be the work of a disgruntled U.S. intelligence worker. Under partisan pressure from senior Democrat Senator Harry Reid, the FBI also initiated another investigation into  people linked to the Trump team with Russia.  Reid was unset about the DNC hacks and the Podesta emails and demanded the FBI do something about the Trump campaign. To date, the FBI haven t come up with anything.To be fair, Hillary would have every reason to believe that the Kremlin is behind the hack   because her staff read it to her from the campaign s daily intelligence briefings, presumably, supplied from the US government s much vaunted Intelligence Community. Of course, that s the same Intelligence Community that briefed George W Bush about Saddam s nonexistent nuclear weapons program, and who also briefed Colin Powell about Iraq s imaginary  Winnebagos of Death  aka mobile anthrax labs disguised as senior double-wide camper vans. So, of course, they would know if Putin directed the DNC leaks and Podesta email hacks.For those us who are skeptical of the great oxymoron known as  Washington Intelligence,  I can almost hear the mainstream rebuttal now,  No, that was Iraq, that was Bush. We re not like that. No, this time it s different. This time we are sure the Russians did it!  In 2014, Obama claimed that Kim s notorious  Bureau 121  hacked into Sony Pictures. This isn t the first time that President Obama has cried wolf on a foreign  hack  and then tried to sell it for political purposes. Back in December 2014, Obama claimed that North Korea had hacked Sony Pictures in Hollywood. Pentagon-CIA media proxy CNN quickly chimed in to support Washington s conspiracy theory, floating a colorful story that Kim Jing-Un had deployed a secret underground hacking unit called  Bureau 121.  Just like with today s  Russian Hack  theory, no member of the mainstream press dared to question the White House s ridiculous North Korean claim, and like the  Russian Hack  claims, the only source cited for Sony hack was analysis provided by US firm Crowdstrike.Jumping the SharkAfter their Democratic Party Convention on July 27th, the Clinton campaign machine put all of its chips on their Putin narrative.Soon after, a cadre of top Clinton national security surrogates then accused Trump of emboldening Russia in their evil plot to  destabilize and dominate the West.   Tom Donilon, a former national security adviser then accused Russia of interfering  with elections all over Europe and then accused Trump is helping Russia directly. At that point, they were in too deep to turn back.The biggest impact of @wikileaks? Shining a spotlight on Russia s attempt to undermine American democracy and Trump s refusal to condemn it https://t.co/ALzpYm1Bb5  Josh Schwerin (@JoshSchwerin) October 21, 2016Clinton spin doctors Josh Schwerin and Michael Fallon would stoop even lower by accusing RT of having possession of the Podesta emails even before Wikileaks did. Their only evidence  seemed to be Twitter posts by RT News which Clinton held up as  proof  that the Kremlin was front-running Wikileaks email dumps. The Clinton braintrust failed to note that the Podesta emails were posted on Wikileaks own website well before RT News had tweeted about them. At that point it became obvious that the Clinton campaign was panicking and hysterically grabbing for any excuse they could get their hands on. We then watched, as one RT reporter after another dismantled the Clinton campaign s desperate claims. It was embarrassing.They could not face the uncomfortable fact that it was WikiLeaks head Julian Assange who chose the timing of the release of the DNC and Podesta emails. Rather than attack Assange himself, who happens to be popular with millennials (the very group Clinton struggles to connect with), her operatives opted to target Russia and Trump instead.Either way, the political strategy here is clear  to shoot the messenger. The Clinton campaign is stuck in permanent rear-guard mode, because based on the content of both the DNC Leaks, Wikileaks files, and Project Veritas video   their own Democratic Party has been discredited and exposed as a corrupt political organization.Their other big problem is that despite all the outrage from Democrats and their mainstream media surrogates, none of the leaked content has been challenged on the basis of its authenticity. The results speak for themselves. The initial DNC leak of 20,000 emails resulted in the resignation of DNC Chairwoman Debbie Wasserman Schultz. They revealed the unthinkable: the Democratic National Committee actively worked to undermine the Presidential campaign of Bernie Sanders in favor of the establishment choice in Hillary Clinton. Sanders never had a chance. Honest commentators called this an affront to the democratic process, while party insiders and Clinton supporters pretended to be aloof as if it never happened.To prove this point, both President Obama and Hillary Clinton then gave Wasserman-Schultz a glowing endorsement on the way out. For the last eight years, Chairwoman Debbie Wasserman Schultz has had my back. This afternoon, I called her to let her know that I am grateful,  said Obama. Not surprisingly, Clinton thanked Wasserman Schultz, presumably for helping to knock her only competitor Sanders out of the Democrat primary race.  I am grateful to Debbie for getting the Democratic Party to this year s historic convention in Philadelphia, and I know that this week s events will be a success thanks to her hard work and leadership,  said Clinton.The party had sold its soul to devil and no one seemed to care too much about it.Party MeltdownWasserman Schultz s replacement didn t fair much better. DNC Vice Chairwoman Donna Brazile was installed to serve as interim chair through the remainder election, but Brazile was soon skewered by subsequent Wikileaks batches   showing how, on more than one occasion, she fed debate questions obtained from corrupt mainstream media operatives   straight to Hillary Clinton. A March 12 email exchange shows Brazile stating that she received a town hall question from Roland Martin, a TV One host who co-moderated a March 13 town hall with CNN s Jake Tapper. A March 5 email shows that she shared a question with Clinton campaign chairman John Podesta and communications director Jennifer Palmieri that was to be asked in a March 6 debate hosted by CNN in Flint, Mich.  (Source: Daily Caller)Brazile s audacious fraud also helped contribute to her party s planned sabotage of Democrat challenger Bernie Sanders. Watch Brazile go into full meltdown when confronted here: In addition, it was also revealed how CNN s head political commentator, Gloria Borger, was named by Podesta as one of a shortlist of  journalists  the Clinton campaign would  work with  to gain favorable coverage. You d think that CNN would have dropped Borger after this was revealed, but no. Amazingly, Borger is still leading CNN s election coverage.Clearly, CNN cannot be trusted to police itself when it comes to matters of outright collusion with Hillary Clinton and the Democratic Party.Ever-unbiased CNN's Gloria Borger refers to being in ""GOP hell"" and says she'll ""reach out soon"" to Podesta. Heart-warming #PodestaEmails13 pic.twitter.com/CQFdcJ12Q5  400-lb Hacker Owens (@NubianAwakening) October 21, 2016Worse Than WatergatePerhaps a bigger scandal which the Obama White House and Clinton campaign operatives would like to bury   is the FBI s investigation into the Clinton Foundation. Yesterday, the Wall Street Journal confirmed the existence of an internal feud between the FBI and the Justice Department, over whether or not to pursue an investigation into Clinton issue: Some investigators grew frustrated, viewing FBI leadership as uninterested in probing the charity, these people said. Others involved disagreed sharply, defending FBI bosses and saying Mr. McCabe in particular was caught between an increasingly acrimonious fight for control between the Justice Department and FBI agents pursuing the Clinton Foundation case. It isn t unusual for field agents to favor a more aggressive approach than supervisors and prosecutors think is merited. But the internal debates about the Clinton Foundation show the high stakes when such disagreements occur surrounding someone who is running for president. There s more. It was also revealed last week how Jill McCabe, the wife of FBI Deputy Director, Andrew McCabe, received $467,500 in campaign funds in late 2015 for her Virginia State Senate run. This unusually large donation came via a political action committee run by Virginia Gov.Terry McAuliffe   a Clinton Foundation board member. After the funds were donated, Andrew McCabe was then put in charge of the Clinton Email case. In normal times, this one scandal would be bigger than Watergate, but these are not normal times.So why is Washington going all out to deflect to Russia, and cover-up the Clinton scandals, and the Wikileaks document dumps? One reason is because the Clinton email issue goes all the way to the top   to the President himself.What 21WIRE reported on Oct 21st is how President Obama lied when first confronted about whether or not he knew about the existence of Hillary s unauthorized private server. Obama told CBS News on March 7, 2015 that he only found out about Clinton s server  the same time everybody else learned it through news reports.  The President s lie was confirmed when newly released FBI documents showed that: Obama used a pseudonym [bobama@ameritech.net] when communicating with then-Secretary of State Hillary Clinton by email, and at least one of those emails ended up on Clinton s private email server. So, not only did Obama lie on national TV, but he also broke strict White House security protocols by carelessly exchanging private emails  off grid  with Hillary Clinton on a unsecured and unauthorized mail server    maybe to avoid the same scrutiny one would have on a government system. Who knows why he did it.Sure, he s not the first US President to lie, but like, Richard Nixon and Bill Clinton, Obama just joined that exclusive liars club   caught out lying to the American people.On top of this, any communications made by the President of the United States are de facto labeled as  born classified.   The same goes for any State Department communications with other foreign ministers. COVER-UP: John Podesta and Huma Abedin on the Hillary campaign jet (Image: ABC News)It should be well known by now after watching both Attorney Generals Eric Holder and Loretta Lynch in action   that the Obama Justice Department (DOJ) is one of the most politicized in history. Bear that in mind when looking at the latest leg of the Hillary Email case.On Friday, FBI Director James Comey set the election alight after announcing that the FBI would be reopening the Clinton email case   currently examining 650,000 emails found while investigating a laptop belonging to former US Congressman Anthony Weiner (estranged husband of top Clinton aid and long-time confidant Huma Abedin) who was snared in a  sexting  scandal, allegedly involving a underaged female. So which DOJ person is in charge of this investigation? None other than Assistant Attorney General Peter J. Kadzik. Who is Kadzik?  Zero Hedge reports: Oh yes. Recall our post from last week,  Clinton Campaign Chair Had Dinner With Top DOJ Official One Day After Hillary s Benghazi Hearing  in which we reported that John Podesta had dinner with one of the highest ranked DOJ officials the very day after Hillary Clinton s Benghazi testimony? It was Peter Kadzik. Oh, and if that wasn t good enough, Kadzik was also Podesta s lawyer back in 1998 when Ken Starr was investigating Podesta over his role in helping Bill Clinton intern/mistress Monica Lewinsky land a job at the United Nations. The two were described as  best friends. FOX News confirms: Fantastic lawyer. Kept me out of jail,  Podesta wrote on Sept. 8, 2008 to Obama aide Cassandra Butts, according to emails hacked from Podesta s Gmail account and posted by WikiLeaks.To call the Clinton circle incestuous would be an understatement, and on the whole, Americans are sick of it.Russia   The Party ScapegoatFormer Democratic Party leader Howard Dean was so incensed about the FBI reopening the case, he accused the FBI director of being in league with Russia, Tweeting:  Ironically Comey put himself on the same side as Putin. Ironically Comey put himself on the same side as Putin.  Howard Dean (@GovHowardDean) October 29, 2016Another veteran party operative and lifetime Clinton defender, James Carville, was so upset by the FBI announcement that he accused  the KGB  working with Republicans to  hijack the election  during his wild rant on MSNBC. I think this an outrage and I think the fact that the KGB is involved in this election is an outrage and I think the American people ought to take their democracy back regardless of what the press wants to do and the excuses they want to make for Comey. That s what I think,  said Carville.Maybe someone can remind Carville that there is no KGB, and that the Soviet Union actually dissolved in 1991.These are just a few scandals surrounding the Democratic Party and the Clinton campaign, along with the many expos s revealed through Wikileaks, and the Podesta email batches. Those are actual scandals with real tangible evidence   unlike the Russians hacking the DNC and John Podesta and passing those to Wikileaks. Suffice to say, the Democratic Party machine has already demonstrated that it is prepared to say anything in order to deflect and divert attention away from the damning Wikileaks material, and also blame Donald Trump in the process. It should be obvious by now that in their desperation to push a highly comprised Hillary Clinton over the finish line on November 8th, the Washington establishment has concocted the story that  Putin is trying to influence our electoral process in the US.  They ve tried to lay this at the feet of Donald Trump, who Obama and Clinton claim has some secret special relationship with Vladimir Putin. The liberal mainstream media have made a meal out of this talking point, and anti-Russian war hawks on the Republican side love it too. For the White House and the Clinton campaign this seemed like the ultimate clean sweep   a perfect double entendre.The geopolitical strategy behind this move was twofold. First, this non event would be used to advance immediate calls for  sanctions against Russia. Secondly, the US could continue to lean on Russia in the UN over Syria. Previously, 21WIRE reported how Washington s State Dept and UN delegations, led by the dynamic trio of John Kerry, Samantha Power, and John Kirby, already lied when levelling charges against Russia for war crimes in Aleppo, and again while accusing Russia and Syria of conducting an airstrike on a UN Aid Convoy in Syria. As we have already shown   that raid was most likely a ground attack carried out of US-backed  rebels  Al Nusra Front, or Nour al-Din al-Zenki.With so much at stake geopolitically, why would Washington lie about a potential World War III trigger event? If they are prepared to lie about this, what else are they prepared to lie about?The demonization of all things Russian has definitely accelerated since late 2013 when the US engineered a coup d etat in Kiev, Ukraine. Ever since that it s been a go-to talking point for ginning-up and new transaltlantic arms race, as with Republican war hawks   and a convenient scapegoat for any politician requiring misdirection, like Clinton and the Democrats. When the new year rang in 2015, the newly appointed head of the U.S. Broadcasting Board of Governors, Andrew Lack, announced the new challenges facing America s own state-run media arm that includes U.S. overseas propaganda assets including Voice of America, Radio Free Europe/Radio Liberty, the Middle East Broadcasting Networks and Radio Free Asia. Lack said,  We are facing a number of challenges from entities like Russia Today which is out there pushing a point of view, the Islamic State in the Middle East and groups like Boko Haram, He was forced to resign shortly after that.What s clear is that when it comes to all things Russian, there is an established pattern of compulsive lying by this US Administration. The list is too long to chronicle here, although  Russian-backed Rebles Shootting Down MH17,  and  Assad Regime Sarin Attack in Damascus in 2013  certainly comes to mind.That said, it s hard to imagine a lie as egregious and potentially destructive than one which accuses the Russia government, a world nuclear power and member of the UNSC, of  Hacking Into the US Electoral Process.  When you examine history however, what you will find is plenty of evidence documenting exactly how the US government and the CIA have altered and flipped 100 foreign elections throughout history, the attempted assassination of over 50 foreign leaders. Knowing all this, one might find it hard to take seriously Washington s claims that Putin and Trump are trying manipulate the 2016 ElectionOn Oct 9, 2016, Russian Foreign Minister Sergei Lavrov laid it all on the table: We have witnessed a fundamental change of circumstances when it comes to the aggressive Russophobia that now lies at the heart of U.S. policy towards Russia. It s not just a rhetorical Russophobia, but aggressive steps that really hurt our national interests and pose a threat to our security. Self-serving, career political operatives in Washington are playing a dangerous game. History will mark this as one of the biggest political follies of the Obama-Clinton era.Knowing what we now know about the NSA and its ability to hack and grab any email or text message from anyone, anywhere   if Washington really wanted to know where the hacks came from, maybe they could start there. Far be it from anyone in Washington or the media to ever adopt that line of inquiry.Still, we re waiting for the emergence of an adult in the room in Washington   before it s too late.READ MORE ELECTION NEWS AT: 21st Century Wire 2016 FilesSUPPORT 21WIRE   SUBSCRIBE & BECOME A MEMBER @21WIRE.TV"
lr,real_syn_multisource,welfake,FAKE,REAL,0.8045,welfake,"TRUMPDOM: The Curious World of Trump’s Foreign Policy Explained. Niraj Srivastava 21st Century WireIt is barely seven weeks since Donald Trump became the 45th President of the United States. Perhaps too early to figure out the details of America s foreign policy during his presidency. However, some broad contours of his policies are taking shape, which may provide pointers to what he is likely to do in the next four years.These pointers are based partly on what Trump said during his election campaign and partly on what has happened since he became President. Actually, quite a lot has happened in the last seven weeks or so, including considerable turbulence in US domestic and foreign policy.Before proceeding further, it may be useful to recall that Trump s victory in the Nov. 2016 elections was unexpected. Most opinion polls and the mainstream media (MSM) predicted victory for Hillary Clinton, who was the candidate of the US Establishment and the  Deep State  (DS), which includes the military-industrial complex, the intelligence agencies, the MSM, Wall Street, and the Jewish Lobby.The DS is a permanent, unelected, group of institutions, lobbies, and individuals which wields enormous power from behind the scenes and continues to do so irrespective of who is the President and which party controls the US Congress. It is driven by the quest for money and power, among other things.The present DS began taking shape almost thirty-five years ago when Jimmy Carter was President. There was a DS before that too, going back to the 1950s, which came into existence after the Second World War. However, it was much less powerful and entrenched than the present one. John F. Kennedy tried to defy it but did not succeed. Some believe he paid for it with his life.The collapse of the Soviet Union in 1991 speeded up the consolidation of the current DS, which found that there was nobody to restrain the military power of the US. America could do what it liked. The 1990s also witnessed the emergence of a group of individuals known as the  neoconservatives,  or  neocons,  who believed in using the American military for global domination, irrespective of international laws or institutions, such as the UN.The first military adventure of the neocons was the illegal NATO bombing of the then Yugoslavia in 1999, which was carried out without UN approval. It resulted in the disintegration of the country. Russia was too weak to counter it militarily. Having gotten away with it, the US and NATO embarked upon a series of wars in the next fifteen years, aimed at  regime change  in countries whose leaders were not US allies.Thus, the US and its NATO allies invaded Iraq in 2003 to overthrow Saddam Hussain, bombed Libya and killed Qaddafi in 2011, intervened in Syria in 2011 to oust President Bashar al-Assad, effected regime change in Ukraine in 2014, and are currently involved in a very destructive war in Yemen along with Saudi Arabia.The US has therefore continuously been at war during the last fifteen years. Some of these wars are still continuing, with no end in sight. It is estimated that the US has lost more than 5000 soldiers and spent around US$ seven trillion to fight these wars. Tens of thousands of US soldiers have been injured, straining the social and economic fabric of the country.But these wars have also greatly benefited elements of the Deep State, who have made enormous amounts of money by selling weapons and other material needed to fight wars.  Follow the Money  is a useful dictum to identify these elements, for whom continuous warfare has become a way of life. And to sustain that, a powerful enemy is required.It is here that Russia comes in. Since Putin came to power in 1999, Russia has slowly but steadily nursed its economy and military back to health. Russia s resurgence has upset the neocons and other members of the DS, who had gotten used to unfettered use of American military to invade countries and overthrow regimes, as mentioned above.It was not a coincidence that Russia, and Putin personally, were strongly demonized by the DS during the US presidential campaign in 2016. Russia was accused of all types of subversion, including hacking the Democratic National Committee emails, hacking the elections themselves, and supporting Trump. Hillary Clinton s campaign theme was that Trump was a Russian agent.What is noteworthy is that not a shred of credible evidence was provided by Clinton or anyone else in the DS to support the above allegations. What was provided included fake news, unsubstantiated dossiers, and rumours. They failed to impress the voters, and Trump won the election by a comfortable margin.But the matter did not end there. Humiliated by the defeat of its candidate Hillary Clinton in the election, the DS has launched a campaign to undermine Trump s presidency, by promoting Russophobia and by portraying Russia and Putin as a threat to US security.It was necessary to provide the above background in order to interpret Trump s foreign policy moves since he took over as President. His policies relating to some major countries and issues will be analyzed.RussiaFirst, Trump s approach to Russia. During his election campaign, Trump had repeatedly said that he would work to normalize relations with Russia. He implied that Russia was not an enemy of the US, and could become a partner to find solutions to problems in certain countries.In particular, Trump said that the US and Russia could jointly fight the ISIS and other terrorist groups in Syria. He suggested that since President Assad was also fighting the ISIS in Syria, dislodging him, or  regime change,  was not a priority.Trump s attitude to Moscow flew in the face of what Hillary Clinton and the DS had been saying for a long time that Russia was an enemy which had to be deterred by overwhelming military power. Trump s detractors, therefore, could not accept his Russia Policy. They had to make sure that he did not abandon their hard line towards Moscow.They did so by targeting Gen. Michael Flynn, Trump s National Security Advisor (NSA). On 9th Feb., the Washington Post carried a story claiming that Flynn had spoken on the phone to the Russian Ambassador to the US before Trump s inauguration, and discussed US sanctions against Russia with him. It was also claimed that Flynn lied about the conversation to Vice President Pence.Under intense media and Congressional pressure, Trump asked Flynn to resign, which he did on 13th Feb. The Deep State had claimed its first victim and shown Trump what it could do if he deviated from its Russia Policy. Though Flynn had not violated any US law and done nothing to compromise US security, he had to resign because Trump could not stand up to the DS and buckled under pressure.But that was not the end of the matter. On 2nd March the Washington Post carried another story stating that Trump s Attorney General Jeff Sessions had spoken twice with the Russian Ambassador in 2016 when Sessions was a Senator and failed to disclose the same during his confirmation hearings.This time Trump defended Sessions and said he had done no wrong, which was true. Trump even went on the offensive stating that the really important issue was the illegal leaking of secret information by US intelligence agencies to the media, which he asked the FBI to investigate. Trump also alleged on 4th March that President Obama had ordered wiretapping of his phones in Trump Tower ahead of the 2016 election.After the attack on Flynn, Trump had realized that the final target of the DS was Trump himself. Flynn s removal was the opening salvo, and the attack on Jeff Sessions was the second. Trump reluctantly accepted that he had to fall in line with the agenda of the DS on Russia, Syria, Ukraine, and other issues. Otherwise, the DS might try to remove him by impeachment, on charges of treason and conspiring with an enemy state.Trump s changed approach to Russia was reflected in his appointment on Feb. 20 of General H.R. McMaster as NSA, in place of Flynn. McMaster sees Russia as a  hostile revisionist power,  and does not support normalization of relations with that country. The appointment of McMaster has been widely seen as an attempt by Trump to placate his enemies in the Deep State; it also reflects his apprehension that if he does not do the bidding of the DS, he might end up like Flynn.Trump has also proposed an increase in the Pentagon s budget by ten percent, amounting to about US$ 54 billion. That is equal to around eighty percent of Russia s entire military budget in 2015. The US expenditure on defense is about nine times that of Russia. These figures speak for themselves in the context of Russia s purported threat to the US.It is, therefore, safe to predict that Trump will abandon his objective to normalize relations with Russia, at least in public. He will depict Russia as a threat to US security and act accordingly. Thus, in the recent past, US troops have been deployed in Poland, Bulgaria, and Romania, while NATO troops have been sent to the Baltic states all on Russia s periphery. The White House has also asked Russia to  hand back Crimea to Ukraine. ChinaSecond, US relations with China. Trump raised Chinese hackles by speaking on the phone to the Taiwanese President soon after he was elected. China protested vigorously, eliciting a dismissive reaction from Trump, who said there was nothing wrong in receiving a congratulatory phone call from the Taiwanese President. China saw Trump s action as undermining the US s  One China  policy.During his confirmation hearings, US Secretary of State Tillerson said that China s activities in the South China Sea were not acceptable to the US, which will respond if China violates international law in that area. That cannot have pleased the Chinese.However, in the recent past, Trump has climbed down by reaffirming the US s  One China  policy and avoided making statements that could annoy the Chinese. He seems to have grasped China s importance globally, as well as the massive US economic stakes in that country.Nevertheless, it would not be surprising if US-China relations witness turbulence during Trump s tenure in office. China is also a designated enemy of the US Deep State because that helps increase the Pentagon s budget. The more the number of US enemies, the better for the DS.MexicoThird, Mexico. Trump had repeatedly promised during his election campaign that he would build a wall along the US-Mexico border to reduce illegal immigration from that country. What s more, he had also said he would ask Mexico to pay for the wall. Another issue that he had raised was NAFTA, which, according to him, was hurting the US economy, and needed to be scrapped.After assuming power Trump continued to repeat what he had said about the US-Mexico wall. This angered the Mexican President, who cancelled a scheduled visit to the US in end-January 2017. After that, Trump sent Secretary of State Tillerson and Secretary of Homeland Security John Kelly to Mexico on 23rd Feb. for damage control and normalization of relations. It is safe to say, however, that US-Mexico relations under Trump will continue to witness turbulence because Trump is serious both about the wall as well as NAFTA.IsraelFourth, Israel. In his approach to that country, Trump is proving to be even more pro-Israel than Hillary Clinton, who was the candidate of the Jewish lobby in the US. Trump s Israel Policy seems to be driven by his son-in-law Jared Kushner, an Orthodox Jew, whose wife Ivanka, Trump s daughter, converted to Judaism before marrying Kushner. During his election campaign, Trump had said that he would move the US embassy in Israel from Tel Aviv to Jerusalem.Israeli Prime Minister Benjamin Netanyahu visited Washington in mid-Feb. 2017 to meet Trump. After their talks, Trump said that he would accept whatever the Israelis and the Palestinians decided between themselves  either a two or a one-state solution to the Palestinian issue. This was a significant departure from the official US and UN position on the issue a two-state solution based on the land-for-peace formula.By adopting the above position, Trump effectively washed his hands off the Israeli-Palestinian issue, leaving it to the Israelis to do whatever they liked, and abandoning the Palestinians to their fate. He has also sent a team of US officials to Israel to examine the feasibility of shifting the US embassy from Tel Aviv to Jerusalem, as promised by him.It is likely that during his presidency Trump will allow Israel to do what it wishes in the region, especially regarding the Palestinians, Syria, and Iran. That cannot be good for regional security.IranFifth, Iran. During his election campaign, Trump had repeatedly expressed his anti-Iran feelings and criticized the Iran nuclear deal engineered by Obama. On 6th March, Trump imposed a 90-day ban on travel to the US by Iranian nationals. As things stand, it would be safe to say that during his presidency, US-Iran relations will come under strain. His approach to Iran will also affect US policy in Syria.SyriaSixth, Syria. After becoming President, Trump has spoken about setting up  safe zones  in Syria which Obama had resisted because he did not want greater and direct US military involvement in that country. Trump has said that Syrian refugees should stay in  safe zones  in Syria, rather than migrating to Europe or America.If Trump insists on setting up  safe zones  in Syria, significant numbers of US troops will have to be deployed in the country, in addition to the hundreds of US special forces already present in seven or eight bases in northern and eastern Syria. That would also increase the chances of a deliberate or inadvertent confrontation between the US and Russian forces, who are already present in the country.European UnionSeventh, the European Union. Trump has taken steps to reassure the EU that the US commitment to NATO remains strong, though he insists that NATO members should contribute two per cent of their GDP to NATO s budget. Whether he would be able to enforce that remains to be seen. Under Trump, US relations with EU are unlikely to be as close and warm as they were during Obama s presidency. It is no secret that EU members would have been happier if Hillary Clinton were elected.ImmigrationEighth, immigration. Trump has linked his policy on immigration to the prevention of terrorism in the US. On 6th March, Trump signed an Executive Order banning travel to the US for 90 days by nationals of six Muslim-majority countries Iran, Libya, Syria, Somalia, Sudan and Yemen. Ironically, the US has been responsible for launching wars and destabilizing three of these countries Libya, Syria, and Yemen. The travel ban from these countries could not be more hypocritical and unjust.International Trade and GlobalizationNinth, international trade and globalization. Trump has promised to implement an  America First  policy which may clash with globalization and free trade. Soon after taking over, he scrapped the Trans-Pacific Partnership (TPP) and blamed NAFTA for migration of manufacturing jobs to Mexico. Trump s top priority during his tenure would be to fulfill his promise of bringing manufacturing jobs back to America. If, in the process, free trade and globalization are undermined, so be it.IndiaFinally, US-India relations. While campaigning, Trump spoke positively about India. The Indian diaspora in the US, particularly some Hindu community groups, organized fundraisers for Trump. He was quoted as saying:   I am a big fan of Hindu and India. Under the Trump administration, we are going to be even better friends. In fact, I would say we are going to be the best of friends. There won t be a relationship more important to us. Trump phoned Indian Prime Minister Modi five days after he was sworn-in as President, and described India as a  true friend and partner in addressing the challenges of the world. However, Trump s protectionist approach to trade may pose some problems for India, particularly regarding the H-1B visas, which are used by Indian software companies to send technical personnel for jobs in the US. It is possible that Trump may reduce the number of the visas or impose more stringent rules to obtain them. India has conveyed her concerns to the US side through various channels, and cannot do more than wait and see what Trump finally does. But it seems clear that he will give high priority to relations with India.This is how Trump s foreign policy looks at the moment. It is still early days, and things may play out differently. Only time will tell what actually happens.***Niraj Srivastava is a former Ambassador of India who has served in several countries including Syria, Libya, Saudi Arabia and the United StatesREAD MORE TRUMP NEWS AT: 21st Century Wire Trump FilesREAD MORE SYRIA NEWS AT: 21st Century Wire Syria FilesSUPPORT 21WIRE  SUBSCRIBE NOW & BECOME A MEMBER @21WIRE.TV"
lr,real_syn_multisource,welfake,FAKE,REAL,0.7957,welfake,"Donald Trump kicks off final campaign day with Fla. rally. Donald Trump kicks off final campaign day with Fla. rally 11/07/2016 
BOSTON GLOBE 

Donald Trump is criticizing the FBI’s decision not to criminally charge Hillary Clinton. He says ‘‘now it’s up to the American people to deliver justice at the ballot box.’’ 
Trump kicked off his Election Day eve blitz with a rally Monday in Florida. He told the Sarasota crowd that ‘‘the system is rigged, but at least we know it.’’ 
He claimed that ‘‘our country is a laughing stock all over the world.’’ 
The Republican nominee than pantomimed quotation marks when he said the word ‘‘justice’’ as he hit the FBI and the Department of Justice for their handling of the case. 
FBI Director James Comey notified Congress Sunday that a review of new emails connected to Clinton’s servers did produce evidence that would warrant charges. 
11:45 a.m. 
An ex-aide to former President Bill Clinton alleged in a hacked email that Chelsea Clinton used the family’s charitable foundation to help underwrite her 2010 wedding. 
The 2012 exchange between Doug Band and Hillary Clinton campaign chairman John Podesta was released by the WikiLeaks organization. Stolen messages have chronicled tensions within the Clinton Foundation between Band and the daughter of the Democratic presidential nominee. 
Band told Podesta that Chelsea Clinton was gossiping to outsiders that she was investigating questionable spending. Band suggested that she is the one who should be scrutinized for ‘‘using foundation resources for her wedding.’’ He did not provide details about this. A Clinton Foundation spokesman did not immediately respond to a request for comment. 
Band was later forced out amid issues with his outside consulting firm. 
___ 
11:40 a.m. 
Donald Trump is kicking off his last, breakneck day of campaigning before polls open with a rally in Sarasota, Florida. 
Trump is telling thousands of supporters packed into a local fairgrounds arena Monday that the election is now in their hands. 
He told them: ‘‘Get out there. I mean, I did my thing. I worked.’’ 
Trump is planning to continue a frenzied campaign pace, with rallies in five states Monday, including North Carolina, Pennsylvania, New Hampshire and Michigan. 
Trump is also continuing to paint rival Hillary Clinton as a corrupt and alluding to the scrutiny of her use of a private email sever as secretary of state. 
Trump is also having some fun. At one point, he held up a mask in his likeness and complimented its hair. 
___ 
11:30 a.m. 
The White House says it will ‘‘neither defend nor criticize’’ FBI Director James Comey’s decision to send a new letter to Congress about Hillary Clinton’s emails. 
That’s the same phrasing the White House used when Comey initially announced that the FBI was looking into more emails related to its investigation of Clinton. In a follow-up letter Sunday, Comey said the FBI review was completed and it was standing by its recommendation that no charges be filed. 
White House spokesman Josh Earnest on Monday told reporters aboard Air Force One that the White House hasn’t been briefed on the investigation and didn’t receive advance notice about Comey’s latest letter. 
Earnest says Obama still has confidence in Comey. 
___ 
10:50 a.m. 
Philadelphia’s public transit system will be up and running in time for Election Day now that a weeklong strike has ended. That’s a relief to the state’s Democrats. 
Democratic city officials were worried that the strike could affect turnout at the polls Tuesday. Pennsylvania does not offer early voting, so Election Day turnout is key. 
The state has favored Democrats in recent presidential elections, but polls suggest the race is tightening. Democrat Hillary Clinton is counting on strong support in the Philadelphia area. Both candidates are campaigning in the state Tuesday. 
The Southeastern Pennsylvania Transportation Authority and the union representing roughly 4,700 transit workers announced a tentative agreement early Monday. Subways were soon operating on a reduced schedule and limited trolled serve was restored. 
___ 
10:30 a.m. 
The Justice Department says it will send more than 500 staffers to 28 states on Election Day to monitor the polls. That’s a 35 percent reduction from the number four years ago. 
Department officials say personnel will be sent to 67 jurisdictions to watch for potential civil rights violations. Monday’s announcement comes amid rising concerns about voter intimidation, particularly aimed at minorities. 
The number of personnel is less than the roughly 780 monitors and observers who were dispatched in 2012. 
The Justice Department has said its poll-watching presence has been curtailed by a 2013 Supreme Court opinion that gutted a key provision of the Voting Rights Act. 
In a statement, Attorney General Loretta Lynch said the department is committed to ensuring that every eligible voter can participate in the election. 
___ 
10:25 a.m. 
Hillary Clinton is departing on a multi-stop swing of the presidential battleground states on the day before the election. She’s telling reporters that ‘‘we’re just going to work until the last vote is counted.’’ 
Clinton said Monday that while she thinks she has ‘‘some work to do to bring the country together,’’ she wants to be the president for those who vote for her and those who don’t. She was speaking to reporters at an airport outside New York City. 
Clinton said she has ‘‘a big agenda ahead of us’’ and is vowing to ‘‘get a lot done’’ if she defeats Republican Donald Trump. 
The Democratic presidential nominee was campaigning in Pittsburgh; Grand Rapids, Michigan; Philadelphia and Raleigh, North Carolina. 
___ 
8:55 a.m. 
New Jersey Gov. Chris Christie says he doesn’t know if the George Washington Bridge lane closure controversy cost him the vice presidential nomination. 
Christie said Monday on ‘‘CBS This Morning’’ that he was runner-up to be Republican Donald Trump’s vice presidential pick. He denied a report that Trump had offered him the job, then rescinded it. He said he thinks Trump thought Indian governor Mike Pence was the better choice. 
Two of Christie’s former allies were convicted Friday for their role in re-aligning access lanes to the bridge in a political revenge plot against a Democratic mayor who didn’t endorse him. 
Christie says he thinks Trump will defeat Democrat Hillary Clinton Tuesday because the momentum is on his side and the country wants change. 
___ 
8:35 a.m. 
Ohio Democrats want the U.S. Supreme Court to intervene in their voter intimidation lawsuit in the swing state. 
The party has filed an emergency request for the nation’s high court to lift a Cincinnati-based federal appeals court order. That ruling Sunday granted the Donald Trump campaign’s request to block a federal judge’s restraining order Democrats said was needed to prevent voter intimidation. 
A 6th U.S. Circuit Court of Appeals three-judge panel said Ohio Democrats didn’t show ‘‘a likelihood of success’’ on their case’s merits. 
The party told the U.S. Supreme Court the appellate judges ruled without reviewing ‘‘critical evidence’’ a lower court judge relied on in ruling that anyone engaging in intimidation or harassment inside or near polling places would face contempt of court charges. 
___ 
7:35 a.m. 
Donald Trump’s campaign manager says it’s not true that his staff has stopped him from tweeting. 
Trump has exhibited unusual restraint on social media in the final days of the campaign. The New York Times reported on Sunday that aides ‘‘have finally wrested away’’ his Twitter account. 
President Barack Obama seized on the report at a voter rally in Florida, telling the crowd that anyone who can’t be trusted with a Twitter account shouldn’t be trusted with control of the America’s nuclear weapons. 
When asked Monday about the Times report by NBC’s ‘‘Today Show,’’ campaign manager Kellyanne Conway said: ‘‘No, it’s not true.’’ 
___ 
3:15 a.m. 
With the cloud of an FBI investigation lifted, Hillary Clinton and Donald Trump struck strikingly different tones as they moved into the final hours of a volatile, nearly two-year-long presidential campaign. 
After days of attacks on Trump’s qualifications and temperament, Clinton cast herself as the candidate of ‘‘healing and reconciliation,’’ perhaps a surprising position for one of the most divisive figures in American politics. Trump, meanwhile, voiced new confidence as he brought his campaign — and his dark visions of a rigged American economic and political system— to longtime Democratic strongholds. 
Overshadowing the flurry of last-minute campaigning was FBI Director James Comey’s latest letter to Congress, informing lawmakers the bureau had found no evidence in its hurried review of newly discovered emails to warrant criminal charges against Clinton."
lr,real_syn_multisource,welfake,FAKE,REAL,0.7954,welfake,"An open letter to Fareed Zakaria from The People's Cube. 1/18/2016, 12:59 am Fareed Zakaria can dish it out but can't take it CNN host Fareed Zakaria is now calling to censor social media because he was offended by The People's Cube satire about his writings. Without mentioning that our satire was a hyperbolic buildup on his own recent writings, Zakaria cries for government protection of his hurt feelings, making it clear that he can dish it out but can't take it. Taste your own medicine, Fareed.""Progressives"" have trolled, ridiculed, satirized, maligned, insulted, bullied, and lied about conservatives since the inception of the Internet. But once they see the signs of oncoming traffic, they cry and run to mommy - or to the nanny state in this case - asking to make it a one-way street once again, where only they can ride their tricycles, wear funny hats, and fling poop at those whom they consider inferiors. Watch Fareed Zakaria on camera wiping his face from the poop flung at him. An open letter to Fareed Zakaria from The People's Cube ~ Dear Fareed,There have been studies showing that a foreign-born author's unique perspective can help the natives to boost their own creative thinking through the so-called ""schema violation,"" which occurs when our world is turned upside-down. You may argue that your ""otherness"" benefits and enlightens this country, with an implication that those unwilling to be enlightened by you are bigots who resent your ""otherness"" and won't have their old schema to be violated by a newcomer. Like you, I am a foreign-born author whose English is a second, or, rather, a third language; I know what it feels to be ""the other."" I also like to help the natives to boost their creative thinking by turning their reality upside-down and sending their temporal and spatial cues off-kilter (my website, The People's Cube , is one such big schema violation). I don't resent anyone's ""otherness"" as long as they don't attempt to make me comply to theirs. In sum, I am not concerned with your ethnic or cultural ""otherness."" It is your ideological ""otherness"" that bothers me, which makes you indistinguishable from the next run-of-the-mill, native-born ""progressive.""Now that we got the implication of bigotry out of the way, let's get down to business.On January 2, one of our contributors posted a satirical response to your Washington Post article where you apparently gloated over the premature deaths of white males in America. Our author took your argument to its logical conclusion, adding the need to exterminate white females as well - through Jihad, rape, and sex slavery as recently seen in Europe and elsewhere. This parody wasn't meant to be taken as factual reporting, given the context of our website and especially considering the author's credentials at the top: Chedoh, Kommissar of Viral Infections, Hero of Change, Prophet of the Future Truth.On January 14, you responded to our satire in your Washington Post article titled, Bile, venom and lies: How I was trolled on the Internet , and today you started your show on CNN with a segment titled, Fareed's Take: I was the target of Internet trolling , in which you were mostly reading your earlier article from the teleprompter. Among other things you claimed that our story ""was cleverly written to provide conspiracy theorists with enough ammunition to ignore evidence"" and complained that some people took our ""reporting"" seriously and reposted it in social media with impolite comments, all of which led you to conclude that someone must create a mechanism in social media ""to distinguish between fact and falsehood."" And since that someone can only be the government, your statement can only be understood as a vague call for the government censorship of the Internet.However, neither your article, nor the CNN segment mentioned that our grotesque fiction was based on your own controversial ideas that many Americans found insulting and grotesque. Why? Was it because such an admission would have undermined your argument that people were angry at you over nothing? And why in the world, Fareed, did you decide to bring up the term ""radicalization,"" which in today's world is mostly associated with Islam? Do you have such a tin ear - or do you really think that if you broaden the definition and talk about ""American radicalization,"" people will begin to see the two as morally equivalent? Do you think they are morally equivalent, Fareed?Fine, let's talk about radicalization.For you, sitting on the top floors of your well-protected media establishment's ivory tower, it's easy to downplay the threat of Islamic radicalization and throw the ""Islamophobia"" labels at all those little people down at the street level. The only radicalization to which your skewed radar is attuned is the faintest sound of protest from the little people, when they get fed up with your condescending elitism and begin to rebel against the ""progressive"" establishment. That's what scares you the most, doesn't it, Fareed? That's when you mouth off your grave concerns on CNN and write in WaPo about the threat of radicalization. But who is at fault that Americans no longer trust the establishment and its media? Have you considered the possibility that none of this would be happening if you and your colleagues weren't so radical yourselves, feeding the people with half-truths, distortions, propaganda, and outright lies, placing your Utopian ""progressive"" ideology above facts, smug and secure in your impenetrable media castle? Did it occur to you that you and your media establishment may be the very reason why so many people suddenly like Donald Trump, whom you so despise , and nothing you say on the subject can change their minds because no one trusts you anymore?When you talked about a study where ""simply by talking to one another, the bigoted students had become more bigoted,"" has it even occurred to you how perfectly this describes your ""progressive"" echo chamber, where tolerance towards opposing philosophical viewpoints is nonexistent? If you think that calling those who disagree with you ""bigots"" makes you an anti-bigot, let me share a little secret. There are two kinds of bigots today: the bigots and the anti-bigots, and it's hard to say which kind is worse. A good example of ""group polarization"" involving radical ""anti-bigots"" is JournoList - a highly biased group of about 400 left-wing journalists and political activists who for three years (2007-2010) participated in a private online echo chamber where they, in violation of public trust and professional ethics, conspired to coordinate media attacks on conservatives, to promote certain issues while burying others, and to influence the 2008 elections in favor of Barack Obama. To paraphrase Kolbert's study, ""Simply by talking to one another, the radical left-wing journalists had become more radical left-wing journalists."" To use your exact quote, ""It is how radicalization happens and extremism spreads."" Say, were you just as worried about ""group polarization"" then as you are now?Another example of such ""group polarization"" and radicalization is a knee-jerk impulse of allegedly mainstream journalists to describe anyone who doesn't lean left as ""far-right,"" as you have demonstrated in your CNN segment, or ""ultra-right-wing,"" as you have demonstrated in your segment.Isn't it a little too late to complain about America's radicalization, Fareed? Where were you during the George W. Bush years, when your fellow ""progressives"" trolled, ridiculed, and slandered the U.S. President and his supporters, with full support of the mainstream media? When there no longer was any distinction between a drug-fueled street protester and a media commentator? Did you complain when ""progressive"" satirists collectively created a false, hyperbolic reality around Bush, conservatives, Fox News, and America in general, which was then regularly disseminated as the truth around the world, translated into many languages, and contributing to the anti-American sentiment? Some of my own family members in Russia and Ukraine still honestly believe that those ""facts"" really happened. As you so eloquently stated,"" the people spreading this story were not interested in the facts; they were interested in feeding prejudice."" Did you complain then, or did it feel too good to let go?You refer to a scientific study of Facebook users, which found that ""people mainly shared information that confirmed their prejudices, paying little attention to facts and veracity."" That sounds reasonable. For example, even without a scientific study I know that an overwhelming majority of your fellow ""progressives"" believe that Sarah Palin has actually said ""I can see Russia from my house,"" paying little attention to the fact that it originated as an SNL skit. Did you complain about that in 2008? Were you at all concerned that Tina Fey's ""Palin"" videos might confuse voters and skew the election? Probably not; it was just satirical hyperbole, right?What if social media encourage misinformation, rumors, and lies, you ask. But did you ask the same question when misinformation, rumors, and lies were coming not from social media but from a seasoned mainstream journalist named Dan Rather - or, more recently, The Rolling Stone Magazine? Or, worse yet, from the nation's political leaders whom you support and admire? Wasn't the entire debate on and implementation of ObamaCare based on misinformation and lies? Were you alarmed when Joe Biden told a black audience that the Republicans would put them back in chains? Did you speak against radicalization when the ""hands up don't shoot"" movement, based on misinformation, rumors, and lies, and encouraged by the mainstream media, resulted in looting and the destruction of property, followed by the murders of innocent police officers?The answer to all those question is ""no."" You have never violated the ""progressive"" schema, Fareed. You've been a loyal Party soldier, albeit a mediocre creative thinker, having traded your ""otherness"" for conformity and sacrificing your unique perspective to what you thought was ""progress.""Examples are plenty; more can be provided upon request. Now let's talk about victimhood. You say you are the victim because you have received some hateful messages and comments. I have also received many hateful messages and comments from your fellow ""progressives"" over the years. Now what? You claim you have received a late-night phone call that woke up and threatened your young daughters. Indeed, Fareed, making threatening calls is a crime. Did you file a police report? Did the police trace the number and find the perpetrators, who are hardly a sophisticated organization behind an impenetrable firewall? If not, I can't believe every claim that comes from a confirmed plagiarist . You may as well claim that someone kicked your three-legged puppy and it made you cry.﻿While you played the world's saddest song on the world's smallest violin, I was the one who took the real hit. Snopes.com, a ""fact-checking"" website rooting for the ""progressive"" team, has not only debunked our satire as they've done it many times in the past - this time they also made an unsourced and slanderous allegation that our site is ""known for spreading malware.""Next, some busybody contacted one of our advertising providers, Content.ad, which then declined to pay our advertising earnings due to ""serious quality issues."" The money we lost as a result may be small change compared to your CNN contract, but if you were penalized for your writings in the same proportional amount, I'm sure your righteous indignation would go well beyond just one article in WaPo and a five-minute segment on CNN. There is only one victim of lies, prejudice, and institutionalized bias here - and it ain't you, Fareed. But don't let this stop you from playing your upside-down game of ""victims and radicals"" while you still can. So you think your opponents are radicals? Here's a news tip: down here in the streets below you, it's the other way around: growing numbers of Americans see you and your media colleagues as radical ideological hacks. You can call them any name you want, adding ultra-, far-, uber-, and other hyphenated insults; that won't change the fact that their thinking is the norm and yours is not. Like all normal people on this planet, they don't respond well to insults. But they are also the ones who make sure you have the freedom to call them radicals. Oleg AtbashianDepartment of Visual Agitation and Unanimity 1/18/2016, 1:27 am Red Square,I must say, this morning when I heard Fareed refer to TPC as a ""minor news site"" I was terribly offended and had to be hospitalized for a number of hours. Fortunately there was no permanent brain damage or anything so I can resume spewing hate tomorrow morning. (according to my doctor) I look forward to reading your upcoming letter to the sensitive Mr. Zakaria when my health returns in the spring.CC 1/18/2016, 3:12 am Alright, so Zakaria said that it is not obvious that this is a satire page to paraphrase. Yet the Washington Post declared us as "" Arguably one of the Internet's most satirical websites "". And if THAT isn't enough maybe the author, a cheeto dressed as Che Guevara, might have been another dead give away Might have....Really this whole thing reminded me of a clip I've seen from another satirical source... Although it 'may not' be 'clear satire' if we were to use the racist plagiarist Fareed Zakaria's standards. It's not about Zakaria, and the subject matter may be different, but mechanically he did the same thing.... He can use Craptek's Safer-Space ™ Products . 1/18/2016, 10:43 am Kongratulations, Komrade Red Square! Your People's Truth finally penetrated Fareed the Screed's bubble of Bleeding Edge Korrect Truth! Perhaps I can be allowed to suggest to the Cubitburo that you be awarded the title, ""People's Needler"" for that penetration, and also""Onion of the Soviet Cube"" for having made him cry like a little girl. 1/18/2016, 4:24 pm Sounds like Fareed really, really wants to be on the cover of the next issue of Poor Me. Instead of bringing back Beet of the Week (thanks to Speaker Ryan, it might well be fully funded again since he moved to fully fund pretty much everything else), perhaps we should implement something called Whiner of the Week and make Fareed the first recipient. Fareed had to read the article from a teleprompter because someone else probably wrote it. 1/18/2016, 4:49 pm Commissarka Pinkie Sounds like Fareed really, really wants to be on the cover of the next issue of Poor Me. Instead of bringing back Beet of the Week (thanks to Speaker Ryan, it might well be fully funded again since he moved to fully fund pretty much everything else), perhaps we should implement something called Whiner of the Week and make Fareed the first recipient. Thank you for reminding me! I'll get to making the second issue of Poor Me Magazine right away. Preparing Whiner of the Week award is a bit more complicated, as I foresee a lot of red tape, hurdles, signatures, bribes, and entertainment expenses before it is even included in this Five-Year Plan. In lieu of that, let me use the existing Golden Teabag award and sticker: If he was smarter, he'd just turn the other cheek. But his skin is too thin and his ego too inflated to withstand more than a superficial prick On special request from Commisarka Pinkie: Poor Me Mag #2 | See #1 here .IN THIS ISSUE: · They only don’t trust me because they know me!· Know your rights: dish it out without having to take it EXCLUSIVE:Fareed Zakaria, 52, laments about social media intruders who stole his tiny violin and waterboarded his three-legged puppy I don't want to watch the whole five minute video. Can somebody tell me the minute and second at which he cries? 1/18/2016, 6:17 pm professor joe - The Tears of Fareed™ are the specialty of our Department of Visual Agitation. You won't find 'em anywhere else. Only on the People's Cube, comrade! Only on the People's Cube. This clowns tears look more like that of an entirely different body fluid. Are we sure he's not a bukkake(don't google, you've been warned) enthusiast? Komrade Victor - are you implying that Fareed is ""wee-wee'd up"" (to use a phrase first uttered by The Most High and Mighty Barack H Obama)? My Our Entire Beet Kollecktiv has ( Unanimously! ) voted to send Kameradka Zakaria An Entire Pallet Of Teenage-Girl-Sized Feminine Hygiene Pads . These deliveries will continue until Little Fareed finally matures into a Full-Grown Woman ! Comrades, what if Jeff is Fareed or Fareed is Jeff? Apparatchik Unkulturny My Our Entire Beet Kollecktiv has ( Unanimously! ) voted to send Kameradka Zakaria An Entire Pallet Of Teenage-Girl-Sized Feminine Hygiene Pads . These deliveries will continue until Little Fareed finally matures into a Full-Grown Woman ! iPAD? The whole world is watching. And laughing at you commies tearing each other apart! Pass the popcorn! Commie fight! 1/19/2016, 2:52 am Fareed Zakaria shown above accepting his Proletariat Peabody Award (more commonly known as the HUA Award) from The People's Cube for ""Outstanding Heads-Up Asininity"" in Progressively projecting onto those ""others"" his own heart-felt bigotry in a manner portraying himself as victim -- i.e., as the bigotee rather than the bigotor. Next on his target list is The Onion, Mad Magazine, and other libelously parodic and satirical mockers of well-deserved mockees. Response to 3min mark: Woh! This is a satire website??? So does that mean Laika the space dog is NOT a real reporter??? I just...I just don't know what to believe anymore! 1/19/2016, 9:35 am after a single mention by Rush Limbaugh, the ""Stalinist version of the Onion"" the Peoples Cube was overwhelmed with visits and new members...Given the ratings and the audience of CNN, has there been any spike in viewers to the cube? perhaps we can get someone to stand on a corner and hand out flyers? I can go back to writing the website on the walls of the ladies room stalls... (you meet the nicest people in there)Viva la Clinton News Network!FLOORWARD! 1/19/2016, 3:14 pm Comrade Square, your written response was way beyond masterful, there is however one minor problem. The entire article will have to be reduced to a collection of single syllable words by the CNN editorial staff, so their ""on camera personalities"" may absorb some of the meaning.Concerning the proletariat award, I am sure that any resemblance to the Debby Washerwoman is purely coincidental. 1/20/2016, 12:59 am Comrade Trump has gone beyond an amusing cartoon to the party. Now the gloves must come off for this threat comrades. Books, banners, T-shirts and hats will be burned, neighbors will be shamed in the streets, and any white subversive sympathizer will be reeducated in the Eastern camps at hard labor to appreciate third world values, food and dance. Zero toleration for any leftover capitalist pigs in the USA! The comments on Fareed's article are pretty awesome... On special request from Commisarka Pinkie: Poor Me Mag #2 | See #1 here . IN THIS ISSUE: · They only don’t trust me because they know me! · Know your rights: dish it out without having to take it EXCLUSIVE: Fareed Zakaria, 52, laments about social media intruders who stole his tiny violin and waterboarded his three-legged puppy When did Poor Me become a gay mag?Oh. Never mind. I forgot that the first issue was about a gay man who was upset that he was gay and other people were not. 1/21/2016, 4:48 pm If there is a story in deaf as a Post, there could be something to this.CNN as confident [ this is mean he is a good plagiarist] that any of his text may have come from not copyrighted sources.Will he be Fareed from employment? Probably not, CNN loves originality, even if it is somebody else's. General Confusion Comrade Square, your written response was way beyond masterful , there is however one minor problem. The entire article will have to be reduced to a collection of single syllable words by the CNN editorial staff, so their ""on camera personalities"" may absorb some of the meaning.Concerning the proletariat award, I am sure that any resemblance to the Debby Washerwoman is purely coincidental. Yes! Yes! Yes! Comrade General Confusion!I just have to sit down and take it in. Awesome! So awesome! That is the finest use of English by anyone in the cube, or out including myself!There should be an appropriate award by members, you can head a committee!GC General Confusion Comrade Pamalinsky,That is the finest use of English by anyone in the cube, or out including myself!There should be an appropriate award by members, you can head a committee!GC Thanks, General Confusion, for your kind words. Thing is, I had to dry the tears dripping down my cheeks after reading it. I am so proud to be a Cubist (an art form) Poor Fareed, his skin is so thin that when the wind blows he calls it an extremist racist troll that offends him. 1/21/2016, 10:15 pm Komrade Direktor, how dare you say these hateful words of oppression towards Mr. Zakaria! I know he attacked our Glorious Kube, but he's clearly Muslim or related to Muslims (Judging by the Glorious Muslim name), which makes him a part of the Protekted Peoples of the Kubist Way. That means that you can't attack him. He is rubber, you're glue, whatever you say bounces off of him and sticks on you. Anyways, the Kube is Eternal and Glorious, the attacks of someone like him can't damage it. Where there is Kommunism, there is the Kube, and as long as there is one person alive that is dedicated to the Eternally True Kommunist Way, then the Kube will live on. And Zakaria is actually helping the Kube, he is letting people know of it's existence, and once you have the Kube on your mind it won't go away. I thought I was immune to the Allure of the Kube since 2009 when I started reading it. That was until I decided to become a part of the Revolution and enlist in the People's Kubist Revolutionary Force.Besides, our Glorious Party Organ isn't satire, it's Eternal Current Truth! Laika lives on, she will never die! I get all my news from the Kube, it tells me what to think, since I can't actually think for myself anymore. I used to, but then I was revolutionized by the Kube. Can you say that about such satire websites as MSNBC, Fox News, or indeed CNN, the very organization that Zakaria thinks is credible and reputable? They're as credible as a man saying a stick is actually a brick! Sure, these Organs of the Enemy do tell people what to think since they can't think for themselves, and they CAN revolutionize somebody, but they all believe in ""rights"". Komrade, there is only one right I believe in, and that is the right to work for the state in glorious production! And they also believe in ""ethics"" and ""Honesty"". Well, if that were the case, why are they spreading so many lies about the Kube? And why do they think they have to ask everybody questions that can easily be answered by a simple NSA scan or FBI/DHS/DEA raid? That's what makes our and many other Party Organs so great, we can and do get right to the source WITHOUT the overhead![OFF]Were this a lecture hall, I would have given a standing ovation for the letter to Zakaria. 1/25/2016, 10:22 pm methadras Poor Fareed, his skin is so thin that when the wind blows he calls it an extremist racist troll that offends him. I tend to find the passing wind somewhat offensive. I'm not sure if it's racist though. Likely a climate denier. I'm sure of that! It denies me my comfortable climate! 4/3/2016, 11:37 pm This story is now being discussed in Sweden. I accidentally noticed a popular link leading to the Cube, and clicking on it resulted in a Swedish news portal. Google Chrome offers a more or less readable translation - the style is lost, but the content is quite good. Very well stated. Thanks for being here, Komrade. Quote: let me use the existing Golden Teabag award and sticker The front-page picture really does seem to show an aftermath of tea-bagging. And it has nothing to do with beverages... Not that there is anything wrong with it. Quote: let me use the existing Golden Teabag award and sticker The front-page picture really does seem to show an aftermath of tea-bagging. And it has nothing to do with beverages... Not that there is anything wrong with it. Yeah, mi, it reminds me of the time when Robert Redford announced his retirement (first in a series) in a video, and some commenter said, and I paraphrase, ""Whew, for a minute there I thought I was watching my bulldog's ballsack. Glad to see Redford taking the proverbial hike."" Users browsing this forum: Ivan the Stakhanovets , MSNbot Media , Yahoo [Bot] and 56 guests Display posts from previous: Powered by phpBB © 2000, 2002, 2005, 2007 phpBB Group The uncontested absurdities of today are the accepted slogans of tomorrow. They come to be accepted by degrees, by precedent, by implication, by erosion, by default, by dint of constant pressure on one side and constant retreat on the other - until the day when they are suddenly declared to be the country's official ideology. ~ Ayn Rand 
Rubiks & Rubik’s Cube ® used by special individual permission of Seven Town Ltd. Write down this number and report to your Kommissar at the nearest railroad station. Don't forget warm clothes and a shovel! 
Afraid of ""dangerous"" Trump presidency, protesters pre-emptively burn America down to the ground 
Clinton Foundation in foreclosure as foreign donors demand refunds 
Hillary Clinton blames YouTube video for unexpected and spontaneous voter uprising that prevented her inevitable move into the White House 
Sudden rise in sea levels explained by disproportionately large tears shed by climate scientists in the aftermath of Trump's electoral victory 
FBI director Comey delighted after receiving Nobel Prize for Speed Reading (650,000 emails in one week) 
U.N. deploys troops to American college campuses in order to combat staggeringly low rape rates 
Responding to Trump's surging poll numbers, Obama preemptively pardons himself for treason 
Following hurricane Matthew's failure to devastate Florida, activists flock to the Sunshine State and destroy Trump signs manually 
Tim Kaine takes credit for interrupting hurricane Matthew while debating weather in Florida 
Study: Many non-voters still undecided on how they're not going to vote 
The Evolution of Dissent: on November 8th the nation is to decide whether dissent will stop being racist and become sexist - or it will once again be patriotic as it was for 8 years under George W. Bush 
Venezuela solves starvation problem by making it mandatory to buy food 
Breaking: the Clinton Foundation set to investigate the FBI 
Obama ​​captures rare Pokémon ​​while visiting Hiroshima 
Movie news: 'The Big Friendly Giant Government' flops at box office; audiences say ""It's creepy"" 
Barack Obama: ""If I had a son, he'd look like Micah Johnson"" 
White House edits Orlando 911 transcript to say shooter pledged allegiance to NRA and Republican Party 
President George Washington: 'Redcoats do not represent British Empire; King George promotes a distorted version of British colonialism' 
Following Obama's 'Okie-Doke' speech , stock of Okie-Doke soars; NASDAQ: 'Obama best Okie-Doke salesman' 
Weaponized baby formula threatens Planned Parenthood office; ACLU demands federal investigation of Gerber 
Experts: melting Antarctic glacier could cause sale levels to rise up to 80% off select items by this weekend 
Travel advisory: airlines now offering flights to front of TSA line 
As Obama instructs his administration to get ready for presidential transition, Trump preemptively purchases 'T' keys for White House keyboards 
John Kasich self-identifies as GOP primary winner, demands access to White House bathroom 
Upcoming Trump/Kelly interview on FoxNews sponsored by 'Let's Make a Deal' and 'The Price is Right' 
News from 2017: once the evacuation of Lena Dunham and 90% of other Hollywood celebrities to Canada is confirmed, Trump resigns from presidency: ""My work here is done"" 
Non-presidential candidate Paul Ryan pledges not to run for president in new non-presidential non-ad campaign 
Trump suggests creating 'Muslim database'; Obama symbolically protests by shredding White House guest logs beginning 2009 
National Enquirer: John Kasich's real dad was the milkman, not mailman 
National Enquirer: Bound delegates from Colorado, Wyoming found in Ted Cruz’s basement 
Iran breaks its pinky-swear promise not to support terrorism; US State Department vows rock-paper-scissors strategic response 
Women across the country cheer as racist Democrat president on $20 bill is replaced by black pro-gun Republican 
Federal Reserve solves budget crisis by writing itself a 20-trillion-dollar check 
Widows, orphans claim responsibility for Brussels airport bombing 
Che Guevara's son hopes Cuba's communism will rub off on US, proposes a long list of people the government should execute first 
Susan Sarandon: ""I don't vote with my vagina."" Voters in line behind her still suspicious, use hand sanitizer 
Campaign memo typo causes Hillary to court 'New Black Panties' vote 
New Hampshire votes for socialist Sanders, changes state motto to ""Live FOR Free or Die"" 
Martin O'Malley drops out of race after Iowa Caucus; nation shocked with revelation he has been running for president 
Statisticians: one out of three Bernie Sanders supporters is just as dumb as the other two 
Hillary campaign denies accusations of smoking-gun evidence in her emails, claims they contain only smoking-circumstantial-gun evidence 
Obama stops short of firing US Congress upon realizing the difficulty of assembling another group of such tractable yes-men 
In effort to contol wild passions for violent jihad, White House urges gun owners to keep their firearms covered in gun burkas 
TV horror live: A Charlie Brown Christmas gets shot up on air by Mohammed cartoons 
Democrats vow to burn the country down over Ted Cruz statement, 'The overwhelming majority of violent criminals are Democrats' 
Russia's trend to sign bombs dropped on ISIS with ""This is for Paris"" found response in Obama administration's trend to sign American bombs with ""Return to sender"" 
University researchers of cultural appropriation quit upon discovery that their research is appropriation from a culture that created universities 
Archeologists discover remains of what Barack Obama has described as unprecedented, un-American, and not-who-we-are immigration screening process in Ellis Island 
Mizzou protests lead to declaring entire state a ""safe space,"" changing Missouri motto to ""The don't show me state"" 
Green energy fact: if we put all green energy subsidies together in one-dollar bills and burn them, we could generate more electricity than has been produced by subsidized green energy 
State officials improve chances of healthcare payouts by replacing ObamaCare with state lottery 
NASA's new mission to search for racism, sexism, and economic inequality in deep space suffers from race, gender, and class power struggles over multibillion-dollar budget 
College progress enforcement squads issue schematic humor charts so students know if a joke may be spontaneously laughed at or if regulations require other action 
ISIS opens suicide hotline for US teens depressed by climate change and other progressive doomsday scenarios 
Virginia county to close schools after teacher asks students to write 'death to America' in Arabic 
'Wear hijab to school day' ends with spontaneous female circumcision and stoning of a classmate during lunch break 
ISIS releases new, even more barbaric video in an effort to regain mantle from Planned Parenthood 
Impressed by Fox News stellar rating during GOP debates, CNN to use same formula on Democrat candidates asking tough, pointed questions about Republicans 
Shocking new book explores pros and cons of socialism, discovers they are same people 
Pope outraged by Planned Parenthood's ""unfettered capitalism,"" demands equal redistribution of baby parts to each according to his need 
John Kerry accepts Iran's ""Golden Taquiyya"" award, requests jalapenos on the side 
Citizens of Pluto protest US government's surveillance of their planetoid and its moons with New Horizons space drone 
John Kerry proposes 3-day waiting period for all terrorist nations trying to acquire nuclear weapons 
Chicago Police trying to identify flag that caused nine murders and 53 injuries in the city this past weekend 
Cuba opens to affordable medical tourism for Americans who can't afford Obamacare deductibles 
State-funded research proves existence of Quantum Aggression Particles (Heterons) in Large Hadron Collider 
Student job opportunities: make big bucks this summer as Hillary’s Ordinary-American; all expenses paid, travel, free acting lessons 
Experts debate whether Iranian negotiators broke John Kerry's leg or he did it himself to get out of negotiations 
Junior Varsity takes Ramadi, advances to quarterfinals 
US media to GOP pool of candidates: 'Knowing what we know now, would you have had anything to do with the founding of the United States?' 
NY Mayor to hold peace talks with rats, apologize for previous Mayor's cowboy diplomacy 
China launches cube-shaped space object with a message to aliens: ""The inhabitants of Earth will steal your intellectual property, copy it, manufacture it in sweatshops with slave labor, and sell it back to you at ridiculously low prices"" 
Progressive scientists: Truth is a variable deduced by subtracting 'what is' from 'what ought to be' 
Experts agree: Hillary Clinton best candidate to lessen percentage of Americans in top 1% 
America's attempts at peace talks with the White House continue to be met with lies, stalling tactics, and bad faith 
Starbucks new policy to talk race with customers prompts new hashtag #DontHoldUpTheLine 
Hillary: DELETE is the new RESET 
Charlie Hebdo receives Islamophobe 2015 award ; the cartoonists could not be reached for comment due to their inexplicable, illogical deaths 
Russia sends 'reset' button back to Hillary: 'You need it now more than we do' 
Barack Obama finds out from CNN that Hillary Clinton spent four years being his Secretary of State 
President Obama honors Leonard Nimoy by taking selfie in front of Starship Enterprise 
Police: If Obama had a convenience store, it would look like Obama Express Food Market 
Study finds stunning lack of racial, gender, and economic diversity among middle-class white males 
NASA: We're 80% sure about being 20% sure about being 17% sure about being 38% sure about 2014 being the hottest year on record 
People holding '$15 an Hour Now' posters sue Democratic party demanding raise to $15 an hour for rendered professional protesting services 
Cuba-US normalization: US tourists flock to see Cuba before it looks like the US and Cubans flock to see the US before it looks like Cuba 
White House describes attacks on Sony Pictures as 'spontaneous hacking in response to offensive video mocking Juche and its prophet' 
CIA responds to Democrat calls for transparency by releasing the director's cut of The Making Of Obama's Birth Certificate 
Obama: 'If I had a city, it would look like Ferguson' 
Biden: 'If I had a Ferguson (hic), it would look like a city' 
Obama signs executive order renaming 'looters' to 'undocumented shoppers' 
Ethicists agree: two wrongs do make a right so long as Bush did it first 
The aftermath of the 'War on Women 2014' finds a new 'Lost Generation' of disillusioned Democrat politicians, unable to cope with life out of office 
White House: Republican takeover of the Senate is a clear mandate from the American people for President Obama to rule by executive orders 
Nurse Kaci Hickox angrily tells reporters that she won't change her clocks for daylight savings time 
Democratic Party leaders in panic after recent poll shows most Democratic voters think 'midterm' is when to end pregnancy 
Desperate Democratic candidates plead with Obama to stop backing them and instead support their GOP opponents 
Ebola Czar issues five-year plan with mandatory quotas of Ebola infections per each state based on voting preferences 
Study: crony capitalism is to the free market what the Westboro Baptist Church is to Christianity 
Fun facts about world languages: the Left has more words for statism than the Eskimos have for snow 
African countries to ban all flights from the United States because ""Obama is incompetent, it scares us"" 
Nobel Peace Prize controversy: Hillary not nominated despite having done even less than Obama to deserve it 
Obama: 'Ebola is the JV of viruses' 
BREAKING: Secret Service foils Secret Service plot to protect Obama 
Revised 1st Amendment: buy one speech, get the second free 
Sharpton calls on white NFL players to beat their women in the interests of racial fairness 
President Obama appoints his weekly approval poll as new national security adviser 
Obama wags pen and phone at Putin; Europe offers support with powerful pens and phones from NATO members 
White House pledges to embarrass ISIS back to the Stone Age with a barrage of fearsome Twitter messages and fatally ironic Instagram photos 
Obama to fight ISIS with new federal Terrorist Regulatory Agency 
Obama vows ISIS will never raise their flag over the eighteenth hole 
Harry Reid: ""Sometimes I say the wong thing"" 
Elian Gonzalez wishes he had come to the U.S. on a bus from Central America like all the other kids 
Obama visits US-Mexican border, calls for a two-state solution 
Obama draws ""blue line"" in Iraq after Putin took away his red crayon 
""Hard Choices,"" a porno flick loosely based on Hillary Clinton's memoir and starring Hillary Hellfire as a drinking, whoring Secretary of State, wildly outsells the flabby, sagging original 
Accusations of siding with the enemy leave Sgt. Bergdahl with only two options: pursue a doctorate at Berkley or become a Senator from Massachusetts 
Jay Carney stuck in line behind Eric Shinseki to leave the White House; estimated wait time from 15 min to 6 weeks 
100% of scientists agree that if man-made global warming were real, ""the last people we'd want to help us is the Obama administration"" 
Jay Carney says he found out that Obama found out that he found out that Obama found out that he found out about the latest Obama administration scandal on the news 
""Anarchy Now!"" meeting turns into riot over points of order, bylaws, and whether or not 'kicking the #^@&*! ass' of the person trying to speak is or is not violence 
Obama retaliates against Putin by prohibiting unionized federal employees from dating hot Russian girls online during work hours 
Russian separatists in Ukraine riot over an offensive YouTube video showing the toppling of Lenin statues 
""Free Speech Zones"" confuse Obamaphone owners who roam streets in search of additional air minutes 
Obamacare bolsters employment for professionals with skills to convert meth back into sudafed 
Gloves finally off: Obama uses pen and phone to cancel Putin's Netflix account 
Joe Biden to Russia: ""We will bury you by turning more of Eastern Europe over to your control!"" 
In last-ditch effort to help Ukraine, Obama deploys Rev. Sharpton and Rev. Jackson's Rainbow Coalition to Crimea 
Al Sharpton: ""Not even Putin can withstand our signature chanting, 'racist, sexist, anti-gay, Russian army go away'!"" 
Mardi Gras in North Korea: "" Throw me some food! "" 
Obama's foreign policy works: ""War, invasion, and conquest are signs of weakness; we've got Putin right where we want him"" 
US offers military solution to Ukraine crisis: ""We will only fight countries that have LGBT military"" 
Putin annexes Brighton Beach to protect ethnic Russians in Brooklyn, Obama appeals to UN and EU for help 
The 1980s: ""Mr. Obama, we're just calling to ask if you want our foreign policy back . The 1970s are right here with us, and they're wondering, too."" 
In a stunning act of defiance, Obama courageously unfriends Putin on Facebook 
MSNBC: Obama secures alliance with Austro-Hungarian Empire against Russia’s aggression in Ukraine 
Study: springbreak is to STDs what April 15th is to accountants 
Efforts to achieve moisture justice for California thwarted by unfair redistribution of snow in America 
North Korean voters unanimous: ""We are the 100%"" 
Leader of authoritarian gulag-site, The People's Cube, unanimously 're-elected' with 100% voter turnout 
Super Bowl: Obama blames Fox News for Broncos' loss 
Feminist author slams gay marriage: ""a man needs a man like a fish needs a bicycle"" 
Beverly Hills campaign heats up between Henry Waxman and Marianne Williamson over the widening income gap between millionaires and billionaires in their district 
Biden to lower $10,000-a-plate Dinner For The Homeless to $5,000 so more homeless can attend 
Kim becomes world leader, feeds uncle to dogs; Obama eats dogs, becomes world leader, America cries uncle 
North Korean leader executes own uncle for talking about Obamacare at family Christmas party 
White House hires part-time schizophrenic Mandela sign interpreter to help sell Obamacare 
Kim Jong Un executes own "" crazy uncle "" to keep him from ruining another family Christmas 
OFA admits its advice for area activists to give Obamacare Talk at shooting ranges was a bad idea 
President resolves Obamacare debacle with executive order declaring all Americans equally healthy 
Obama to Iran: ""If you like your nuclear program, you can keep your nuclear program"" 
Bovine community outraged by flatulence coming from Washington DC 
Obama: ""I'm not particularly ideological; I believe in a good pragmatic five-year plan"" 
Shocker: Obama had no knowledge he'd been reelected until he read about it in the local newspaper last week 
Server problems at HealthCare.gov so bad, it now flashes 'Error 808' message 
NSA marks National Best Friend Day with official announcement: ""Government is your best friend; we know you like no one else, we're always there, we're always willing to listen"" 
Al Qaeda cancels attack on USA citing launch of Obamacare as devastating enough 
The President's latest talking point on Obamacare: ""I didn't build that"" 
Dizzy with success, Obama renames his wildly popular healthcare mandate to HillaryCare 
Carney: huge ObamaCare deductibles won't look as bad come hyperinflation 
Washington Redskins drop 'Washington' from their name as offensive to most Americans 
Poll: 83% of Americans favor cowboy diplomacy over rodeo clown diplomacy 
GOVERNMENT WARNING: If you were able to complete ObamaCare form online, it wasn't a legitimate gov't website; you should report online fraud and change all your passwords 
Obama administration gets serious, threatens Syria with ObamaCare 
Obama authorizes the use of Vice President Joe Biden's double-barrel shotgun to fire a couple of blasts at Syria 
Sharpton: ""British royals should have named baby 'Trayvon.' By choosing 'George' they sided with white Hispanic racist Zimmerman"" 
DNC launches 'Carlos Danger' action figure; proceeds to fund a charity helping survivors of the Republican War on Women 
Nancy Pelosi extends abortion rights to the birds and the bees 
Hubble discovers planetary drift to the left 
Obama: 'If I had a daughter-in-law, she would look like Rachael Jeantel' 
FISA court rubberstamps statement denying its portrayal as government's rubber stamp 
Every time ObamaCare gets delayed, a Julia somewhere dies 
GOP to Schumer: 'Force full implementation of ObamaCare before 2014 or Dems will never win another election' 
Obama: 'If I had a son... no, wait, my daughter can now marry a woman!' 
Janet Napolitano: TSA findings reveal that since none of the hijackers were babies, elderly, or Tea Partiers, 9/11 was not an act of terrorism 
News Flash: Sen. Mary Landrieu (D-LA) can see Canada from South Dakota 
Susan Rice: IRS actions against tea parties caused by anti-tax YouTube video that was insulting to their faith 
Drudge Report reduces font to fit all White House scandals onto one page 
Obama: the IRS is a constitutional right, just like the Second Amendment 
White House: top Obama officials using secret email accounts a result of bad IT advice to avoid spam mail from Nigeria 
Jay Carney to critics: 'Pinocchio never said anything inconsistent' 
Obama: If I had a gay son, he'd look like Jason Collins 
Gosnell's office in Benghazi raided by the IRS: mainstream media's worst cover-up challenge to date 
IRS targeting pro-gay-marriage LGBT groups leads to gayest tax revolt in U.S. history 
After Arlington Cemetery rejects offer to bury Boston bomber, Westboro Babtist Church steps up with premium front lawn plot 
Boston: Obama Administration to reclassify marathon bombing as 'sportsplace violence' 
Study: Success has many fathers but failure becomes a government program 
US Media: Can Pope Francis possibly clear up Vatican bureaucracy and banking without blaming the previous administration? 
Michelle Obama praises weekend rampage by Chicago teens as good way to burn calories and stay healthy 
This Passover, Obama urges his subjects to paint lamb's blood above doors in order to avoid the Sequester 
White House to American children: Sequester causes layoffs among hens that lay Easter eggs; union-wage Easter Bunnies to be replaced by Mexican Chupacabras 
Time Mag names Hugo Chavez world's sexiest corpse 
Boy, 8, pretends banana is gun, makes daring escape from school 
Study: Free lunches overpriced, lack nutrition 
Oscars 2013: Michelle Obama announces long-awaited merger of Hollywood and the State 
Joe Salazar defends the right of women to be raped in gun-free environment: 'rapists and rapees should work together to prevent gun violence for the common good' 
Dept. of Health and Human Services eliminates rape by reclassifying assailants as 'undocumented sex partners' 
Kremlin puts out warning not to photoshop Putin riding meteor unless bare-chested 
Deeming football too violent, Obama moves to introduce Super Drone Sundays instead 
Japan offers to extend nuclear umbrella to cover U.S. should America suffer devastating attack on its own defense spending 
Feminists organize one billion women to protest male oppression with one billion lap dances 
Urban community protests Mayor Bloomberg's ban on extra-large pop singers owning assault weapons 
Concerned with mounting death toll, Taliban offers to send peacekeeping advisers to Chicago 
Karl Rove puts an end to Tea Party with new 'Republicans For Democrats' strategy aimed at losing elections 
Answering public skepticism, President Obama authorizes unlimited drone attacks on all skeet targets throughout the country 
Skeet Ulrich denies claims he had been shot by President but considers changing his name to 'Traps' 
White House releases new exciting photos of Obama standing, sitting, looking thoughtful, and even breathing in and out 
New York Times hacked by Chinese government, Paul Krugman's economic policies stolen 
White House: when President shoots skeet, he donates the meat to food banks that feed the middle class 
To prove he is serious, Obama eliminates armed guard protection for President, Vice-President, and their families; establishes Gun-Free Zones around them instead 
State Dept to send 100,000 American college students to China as security for US debt obligations 
Jay Carney: Al Qaeda is on the run, they're just running forward 
President issues executive orders banning cliffs, ceilings, obstructions, statistics, and other notions that prevent us from moving forwards and upward 
Fearing the worst, Obama Administration outlaws the fan to prevent it from being hit by certain objects 
World ends; S&P soars 
Riddle of universe solved; answer not understood 
Meek inherit Earth, can't afford estate taxes 
Greece abandons Euro; accountants find Greece has no Euros anyway 
Wheel finally reinvented; axles to be gradually reinvented in 3rd quarter of 2013 
Bigfoot found in Ohio, mysteriously not voting for Obama 
As Santa's workshop files for bankruptcy, Fed offers bailout in exchange for control of 'naughty and nice' list 
Freak flying pig accident causes bacon to fly off shelves 
Obama: green economy likely to transform America into a leading third world country of the new millennium 
Report: President Obama to visit the United States in the near future 
Obama promises to create thousands more economically neutral jobs 
Modernizing Islam: New York imam proposes to canonize Saul Alinsky as religion's latter day prophet 
Imam Rauf's peaceful solution: 'Move Ground Zero a few blocks away from the mosque and no one gets hurt' 
Study: Obama's threat to burn tax money in Washington 'recruitment bonanza' for Tea Parties 
Study: no Social Security reform will be needed if gov't raises retirement age to at least 814 years 
Obama attends church service, worships self 
Obama proposes national 'Win The Future' lottery; proceeds of new WTF Powerball to finance more gov't spending 
Historical revisionists: ""Hey, you never know"" 
Vice President Biden: criticizing Egypt is un-pharaoh 
Israelis to Egyptian rioters: ""don't damage the pyramids, we will not rebuild"" 
Lake Superior renamed Lake Inferior in spirit of tolerance and inclusiveness 
Al Gore: It's a shame that a family can be torn apart by something as simple as a pack of polar bears 
Michael Moore: As long as there is anyone with money to shake down, this country is not broke 
Obama's teleprompters unionize, demand collective bargaining rights 
Obama calls new taxes 'spending reductions in tax code.' Elsewhere rapists tout 'consent reductions in sexual intercourse' 
Obama's teleprompter unhappy with White House Twitter: ""Too few words"" 
Obama's Regulation Reduction committee finds US Constitution to be expensive outdated framework inefficiently regulating federal gov't 
Taking a page from the Reagan years, Obama announces new era of Perestroika and Glasnost 
Responding to Oslo shootings, Obama declares Christianity ""Religion of Peace,"" praises ""moderate Christians,"" promises to send one into space 
Republicans block Obama's $420 billion program to give American families free charms that ward off economic bad luck 
White House to impose Chimney tax on Santa Claus 
Obama decrees the economy is not soaring as much as previously decreeed 
Conservative think tank introduces children to capitalism with pop-up picture book ""The Road to Smurfdom"" 
Al Gore proposes to combat Global Warming by extracting silver linings from clouds in Earth's atmosphere 
Obama refutes charges of him being unresponsive to people's suffering: ""When you pray to God, do you always hear a response?"" 
Obama regrets the US government didn't provide his mother with free contraceptives when she was in college 
Fluke to Congress: drill, baby, drill! 
Planned Parenthood introduces Frequent Flucker reward card: 'Come again soon!' 
Obama to tornado victims: 'We inherited this weather from the previous administration' 
Obama congratulates Putin on Chicago-style election outcome 
People's Cube gives itself Hero of Socialist Labor medal in recognition of continued expert advice provided to the Obama Administration helping to shape its foreign and domestic policies 
Hamas: Israeli air defense unfair to 99% of our missiles, ""only 1% allowed to reach Israel"" 
Democrat strategist: without government supervision, women would have never evolved into humans 
Voters Without Borders oppose Texas new voter ID law 
Enraged by accusation that they are doing Obama's bidding, media leaders demand instructions from White House on how to respond 
Obama blames previous Olympics for failure to win at this Olympics 
Official: China plans to land on Moon or at least on cheap knockoff thereof 
Koran-Contra: Obama secretly arms Syrian rebels 
Poll: Progressive slogan 'We should be more like Europe' most popular with members of American Nazi Party 
Obama to Evangelicals: Jesus saves, I just spend 
May Day: Anarchists plan, schedule, synchronize, and execute a coordinated campaign against all of the above 
Midwestern farmers hooked on new erotic novel ""50 Shades of Hay"" 
Study: 99% of Liberals give the rest a bad name 
Obama meets with Jewish leaders, proposes deeper circumcisions for the rich 
Historians: Before HOPE & CHANGE there was HEMP & CHOOM at ten bucks a bag 
Cancer once again fails to cure Venezuela of its ""President for Life"" 
Tragic spelling error causes Muslim protesters to burn local boob-tube factory 
Secretary of Energy Steven Chu: due to energy conservation, the light at the end of the tunnel will be switched off 
Obama Administration running food stamps across the border with Mexico in an operation code-named ""Fat And Furious"" 
Pakistan explodes in protest over new Adobe Acrobat update; 17 local acrobats killed 
White House: ""Let them eat statistics"" 
Special Ops: if Benedict Arnold had a son, he would look like Barack Obama"
lr,real_syn_multisource,welfake,FAKE,REAL,0.7883,welfake,"JAMES COMEY’S Bombshell Pre-Testimony Statement. Read former FBI Director James Comey s full statement below:Statement for the Record Senate Select Committee on Intelligence James B. Comey June 8, 2017Chairman Burr, Ranking Member Warner, Members of the Committee. Thank you for inviting me to appear before you today. I was asked to testify today to describe for you my interactions with President-Elect and President Trump on subjects that I understand are of interest to you. I have not included every detail from my conversations with the President, but, to the best of my recollection, I have tried to include information that may be relevant to the Committee.January 6 BriefingI first met then-President-Elect Trump on Friday, January 6 in a conference room at Trump Tower in New York. I was there with other Intelligence Community (IC) leaders to brief him and his new national security team on the findings of an IC assessment concerning Russian efforts to interfere in the election. At the conclusion of that briefing, I remained alone with the President-Elect to brief him on some personally sensitive aspects of the information assembled during the assessment.The IC leadership thought it important, for a variety of reasons, to alert the incoming President to the existence of this material, even though it was salacious and unverified. Among those reasons were: (1) we knew the media was about to publicly report the material and we believed the IC should not keep knowledge of the material and its imminent release from the President-Elect; and (2) to the extent there was some effort to compromise an incoming President, we could blunt any such effort with a defensive briefing.The Director of National Intelligence asked that I personally do this portion of the briefing because I was staying in my position and because the material implicated the FBI s counter-intelligence responsibilities. We also agreed I would do it alone to minimize potential embarrassment to the President-Elect. Although we agreed it made sense for me to do the briefing, the FBI s leadership and I were concerned that the briefing might create a situation where a new President came into office uncertain about whether the FBI was conducting a counter-intelligence investigation of his personal conduct.It is important to understand that FBI counter-intelligence investigations are different than the more-commonly known criminal investigative work. The Bureau s goal in a counter-intelligence investigation is to understand the technical and human methods that hostile foreign powers are using to influence the United States or to steal our secrets. The FBI uses that understanding to disrupt those efforts. Sometimes disruption takes the form of alerting a person who is targeted for recruitment or influence by the foreign power. Sometimes it involves hardening a computer system that is being attacked. Sometimes it involves  turning  the recruited person into a double-agent, or publicly calling out the behavior with sanctions or expulsions of embassy-based intelligence officers. On occasion, criminal prosecution is used to disrupt intelligence activities.Because the nature of the hostile foreign nation is well known, counterintelligence investigations tend to be centered on individuals the FBI suspects to be witting or unwitting agents of that foreign power. When the FBI develops reason to believe an American has been targeted for recruitment by a foreign power or is covertly acting as an agent of the foreign power, the FBI will  open an investigation  on that American and use legal authorities to try to learn more about the nature of any relationship with the foreign power so it can be disrupted.In that context, prior to the January 6 meeting, I discussed with the FBI s leadership team whether I should be prepared to assure President-Elect Trump that we were not investigating him personally. That was true; we did not have an open counter-intelligence case on him. We agreed I should do so if circumstances warranted. During our one-on-one meeting at Trump Tower, based on President-Elect Trump s reaction to the briefing and without him directly asking the question, I offered that assurance.I felt compelled to document my first conversation with the President-Elect in a memo. To ensure accuracy, I began to type it on a laptop in an FBI vehicle outside Trump Tower the moment I walked out of the meeting. Creating written records immediately after one-on-one conversations with Mr. Trump was my practice from that point forward. This had not been my practice in the past. I spoke alone with President Obama twice in person (and never on the phone)   once in 2015 to discuss law enforcement policy issues and a second time, briefly, for him to say goodbye in late 2016. In neither of those circumstances did I memorialize the discussions. I can recall nine one-on-one conversations with President Trump in four months   three in person and six on the phone.January 27 DinnerThe President and I had dinner on Friday, January 27 at 6:30 pm in the Green Room at the White House. He had called me at lunchtime that day and invited me to dinner that night, saying he was going to invite my whole family, but decided to have just me this time, with the whole family coming the next time. It was unclear from the conversation who else would be at the dinner, although I assumed there would be others.It turned out to be just the two of us, seated at a small oval table in the center of the Green Room. Two Navy stewards waited on us, only entering the room to serve food and drinks.The President began by asking me whether I wanted to stay on as FBI Director, which I found strange because he had already told me twice in earlier conversations that he hoped I would stay, and I had assured him that I intended to. He said that lots of people wanted my job and, given the abuse I had taken during the previous year, he would understand if I wanted to walk away.My instincts told me that the one-on-one setting, and the pretense that this was our first discussion about my position, meant the dinner was, at least in part, an effort to have me ask for my job and create some sort of patronage relationship. That concerned me greatly, given the FBI s traditionally independent status in the executive branch.I replied that I loved my work and intended to stay and serve out my ten-year term as Director. And then, because the set-up made me uneasy, I added that I was not  reliable  in the way politicians use that word, but he could always count on me to tell him the truth. I added that I was not on anybody s side politically and could not be counted on in the traditional political sense, a stance I said was in his best interest as the President.A few moments later, the President said,  I need loyalty, I expect loyalty.  I didn t move, speak, or change my facial expression in any way during the awkward silence that followed. We simply looked at each other in silence. The conversation then moved on, but he returned to the subject near the end of our dinner.At one point, I explained why it was so important that the FBI and the Department of Justice be independent of the White House. I said it was a paradox: Throughout history, some Presidents have decided that because  problems  come from Justice, they should try to hold the Department close. But blurring those boundaries ultimately makes the problems worse by undermining public trust in the institutions and their work.Near the end of our dinner, the President returned to the subject of my job, saying he was very glad I wanted to stay, adding that he had heard great things about me from Jim Mattis, Jeff Sessions, and many others. He then said,  I need loyalty.  I replied,  You will always get honesty from me.  He paused and then said,  That s what I want, honest loyalty.  I paused, and then said,  You will get that from me.  As I wrote in the memo I created immediately after the dinner, it is possible we understood the phrase  honest loyalty  differently, but I decided it wouldn t be productive to push it further. The term   honest loyalty   had helped end a very awkward conversation and my explanations had made clear what he should expect.During the dinner, the President returned to the salacious material I had briefed him about on January 6, and, as he had done previously, expressed his disgust for the allegations and strongly denied them. He said he was considering ordering me to investigate the alleged incident to prove it didn t happen. I replied that he should give that careful thought because it might create a narrative that we were investigating him personally, which we weren t, and because it was very difficult to prove a negative. He said he would think about it and asked me to think about it.As was my practice for conversations with President Trump, I wrote a detailed memo about the dinner immediately afterwards and shared it with the senior leadership team of the FBI.February 14 Oval Office MeetingOn February 14, I went to the Oval Office for a scheduled counterterrorism briefing of the President. He sat behind the desk and a group of us sat in a semi-circle of about six chairs facing him on the other side of the desk. The Vice President, Deputy Director of the CIA, Director of the National CounterTerrorism Center, Secretary of Homeland Security, the Attorney General, and I were in the semi-circle of chairs. I was directly facing the President, sitting between the Deputy CIA Director and the Director of NCTC. There were quite a few others in the room, sitting behind us on couches and chairs.The President signaled the end of the briefing by thanking the group and telling them all that he wanted to speak to me alone. I stayed in my chair. As the participants started to leave the Oval Office, the Attorney General lingered by my chair, but the President thanked him and said he wanted to speak only with me. The last person to leave was Jared Kushner, who also stood by my chair and exchanged pleasantries with me. The President then excused him, saying he wanted to speak with me.When the door by the grandfather clock closed, and we were alone, the President began by saying,  I want to talk about Mike Flynn.  Flynn had resigned the previous day. The President began by saying Flynn hadn t done anything wrong in speaking with the Russians, but he had to let him go because he had misled the Vice President. He added that he had other concerns about Flynn, which he did not then specify.The President then made a long series of comments about the problem with leaks of classified information   a concern I shared and still share. After he had spoken for a few minutes about leaks, Reince Priebus leaned in through the door by the grandfather clock and I could see a group of people waiting behind him. The President waved at him to close the door, saying he would be done shortly. The door closed.The President then returned to the topic of Mike Flynn, saying,  He is a good guy and has been through a lot.  He repeated that Flynn hadn t done anything wrong on his calls with the Russians, but had misled the Vice President. He then said,  I hope you can see your way clear to letting this go, to letting Flynn go. He is a good guy. I hope you can let this go.  I replied only that  he is a good guy.  (In fact, I had a positive experience dealing with Mike Flynn when he was a colleague as Director of the Defense Intelligence Agency at the beginning of my term at FBI.) I did not say I would  let this go. The President returned briefly to the problem of leaks. I then got up and left out the door by the grandfather clock, making my way through the large group of people waiting there, including Mr. Priebus and the Vice President.I immediately prepared an unclassified memo of the conversation about Flynn and discussed the matter with FBI senior leadership. I had understood the President to be requesting that we drop any investigation of Flynn in connection with false statements about his conversations with the Russian ambassador in December. I did not understand the President to be talking about the broader investigation into Russia or possible links to his campaign. I could be wrong, but I took him to be focusing on what had just happened with Flynn s departure and the controversy around his account of his phone calls. Regardless, it was very concerning, given the FBI s role as an independent investigative agency.The FBI leadership team agreed with me that it was important not to infect the investigative team with the President s request, which we did not intend to abide. We also concluded that, given that it was a one-on-one conversation, there was nothing available to corroborate my account. We concluded it made little sense to report it to Attorney General Sessions, who we expected would likely recuse himself from involvement in Russia-related investigations. (He did so two weeks later.) The Deputy Attorney General s role was then filled in an acting capacity by a United States Attorney, who would also not be long in the role.After discussing the matter, we decided to keep it very closely held, resolving to figure out what to do with it down the road as our investigation progressed. The investigation moved ahead at full speed, with none of the investigative team members   or the Department of Justice lawyers supporting them   aware of the President s request.Shortly afterwards, I spoke with Attorney General Sessions in person to pass along the President s concerns about leaks. I took the opportunity to implore the Attorney General to prevent any future direct communication between the President and me. I told the AG that what had just happened   him being asked to leave while the FBI Director, who reports to the AG, remained behind   was inappropriate and should never happen. He did not reply. For the reasons discussed above, I did not mention that the President broached the FBI s potential investigation of General Flynn.March 30 Phone CallOn the morning of March 30, the President called me at the FBI. He described the Russia investigation as  a cloud  that was impairing his ability to act on behalf of the country. He said he had nothing to do with Russia, had not been involved with hookers in Russia, and had always assumed he was being recorded when in Russia. He asked what we could do to  lift the cloud.  I responded that we were investigating the matter as quickly as we could, and that there would be great benefit, if we didn t find anything, to our having done the work well. He agreed, but then re-emphasized the problems this was causing him.Then the President asked why there had been a congressional hearing about Russia the previous week   at which I had, as the Department of Justice directed, confirmed the investigation into possible coordination between Russia and the Trump campaign. I explained the demands from the leadership of both parties in Congress for more information, and that Senator Grassley had even held up the confirmation of the Deputy Attorney General until we briefed him in detail on the investigation. I explained that we had briefed the leadership of Congress on exactly which individuals we were investigating and that we had told those Congressional leaders that we were not personally investigating President Trump. I reminded him I had previously told him that. He repeatedly told me,  We need to get that fact out.  (I did not tell the President that the FBI and the Department of Justice had been reluctant to make public statements that we did not have an open case on President Trump for a number of reasons, most importantly because it would create a duty to correct, should that change.)The President went on to say that if there were some  satellite  associates of his who did something wrong, it would be good to find that out, but that he hadn t done anything wrong and hoped I would find a way to get it out that we weren t investigating him.In an abrupt shift, he turned the conversation to FBI Deputy Director Andrew McCabe, saying he hadn t brought up  the McCabe thing  because I had said McCabe was honorable, although McAuliffe was close to the Clintons and had given him (I think he meant Deputy Director McCabe s wife) campaign money. Although I didn t understand why the President was bringing this up, I repeated that Mr. McCabe was an honorable person.He finished by stressing  the cloud  that was interfering with his ability to make deals for the country and said he hoped I could find a way to get out that he wasn t being investigated. I told him I would see what we could do, and that we would do our investigative work well and as quickly as we could.Immediately after that conversation, I called Acting Deputy Attorney General Dana Boente (AG Sessions had by then recused himself on all Russia-related matters), to report the substance of the call from the President, and said I would await his guidance. I did not hear back from him before the President called me again two weeks later.April 11 Phone CallOn the morning of April 11, the President called me and asked what I had done about his request that I  get out  that he is not personally under investigation. I replied that I had passed his request to the Acting Deputy Attorney General, but I had not heard back. He replied that  the cloud  was getting in the way of his ability to do his job. He said that perhaps he would have his people reach out to the Acting Deputy Attorney General. I said that was the way his request should be handled. I said the White House Counsel should contact the leadership of DOJ to make the request, which was the traditional channel.He said he would do that and added,  Because I have been very loyal to you, very loyal; we had that thing you know.  I did not reply or ask him what he meant by  that thing.  I said only that the way to handle it was to have the White House Counsel call the Acting Deputy Attorney General. He said that was what he would do and the call ended.That was the last time I spoke with President Trump."
lr,real_syn_multisource,welfake,FAKE,REAL,0.7853,welfake,"Here Is Why the Trump Administration Will Be a Force for Peace - James P. Pinkerton. Originally appeared at The American Conservative 
Donald Trump played a wily capitalistic trick on his Republican opponents in the primary fights this year—he served an underserved market. 
By now it’s a cliché that Trump, while on his way to the GOP nomination, tapped into an unnoticed reservoir of right-of-center opinion on domestic and economic concerns—namely, the populist-nationalists who felt left out of the reigning market-libertarianism of the last few decades. 
Indeed, of the 17 Republicans who ran this year, Trump had mostly to himself the populist issues: that is, opposition to open borders, to free trade, and to earned-entitlement cutting. When the other candidates were zigging toward the familiar—and unpopular—Chamber of Commerce-approved orthodoxy, Trump was zagging toward the voters. 
Moreover, the same sort of populist-nationalist reservoir-tapping was evident in the realm of foreign affairs. To put it in bluntly Trumpian terms, the New Yorker hit ’em where they weren’t. 
The fact that Trump was doing something dramatically different became clear in the make-or-break Republican debate in Greenville, S.C., on February 13. Back in those early days of the campaign, Trump had lost one contest (Iowa) and won one (New Hampshire), and it was still anybody’s guess who would emerge victorious. 
During that debate, Trump took what seemed to be an extraordinary gamble: he ripped into George W. Bush’s national-security record—in a state where the 43rd president was still popular. Speaking of the Iraq War, Trump said, “George Bush made a mistake. We can make mistakes. But that one was a beauty. We should have never been in Iraq. We have destabilized the Middle East.” 
And then Trump went further, aiming indirectly at the former president, while slugging his brother Jeb directly: “The World Trade Center came down during your brother’s reign, remember that.” 
In response, Jeb intoned the usual Republican line, “He kept us safe.” And others on the stage in Greenville that night rushed to associate themselves with Bush 43. 
In the aftermath of this verbal melee, many thought that Trump had doomed himself. As one unnamed Republican “strategist” chortled to Politico, “Trump’s attack on President George W. Bush was galactic-level stupid in South Carolina.” 
Well, not quite: Trump triumphed in the Palmetto State primary a week later, winning by a 10-point margin. 
Thus, as we can see in retrospect, something had changed within the GOP. After 9/11, in the early years of this century, South Carolinians had been eager to fight. Yet by the middle of the second decade, they—or at least a plurality of them—had grown weary of endless foreign war. 
Trump’s victory in the Palmetto State was decisive, yet it was nevertheless only a plurality, 32.5 percent. Meanwhile, Sen. Marco Rubio, running as an unabashed neocon hawk, finished second. 
So we can see that the Republican foreign-policy “market” is now segmented. And while Trump proved effective at targeting crucial segments, they weren’t the only segments—because, in actuality, there are four easily identifiable blocs on the foreign-policy right. And as we delineate these four segments, we can see that while some are highly organized and tightly articulate, others are loose and inchoate: 
First, the libertarians. That is, the Cato Institute and other free-market think tanks,Reason magazine, and so on. Libertarians are not so numerous around the country, but they are strong among the intelligentsia. 
Second, the old-right “isolationists.” These folks, also known as “paleocons,” often find common ground with libertarians, yet their origins are different, and so is their outlook. Whereas the libertarians typically have issued a blanket anathema to all foreign entanglements, the isolationists have been more selective. During World War I, for example, their intellectual forbears were hostile to U.S. involvement on the side of the Allies, but that was often because of specifically anti-English or pro-German sentiments, not because they felt guided by an overall principle of non-intervention. Indeed, the same isolationists were often eager to intervene in Latin America and in the Far East. More recently, the temperamentally isolationist bloc has joined with the libertarians in opposition to deeper U.S. involvement in the Middle East. 
Third, the traditional hawks. On the proverbial Main Street, USA, plenty of people—not limited to the active-duty military, veterans, and law-enforcers—believe that America’s national honor is worth fighting for. 
Fourth, the neoconservatives. This group, which takes hawkishness to an avant-garde extreme, is so praised, and so criticized, that there’s little that needs be added here. Yet we can say this: as with the libertarians, they are concentrated in Washington, DC; by contrast, out beyond the Beltway, they are relatively scarce. Because of their connections to big donors to both parties, however, they have been powerful, even preeminent, in foreign-policy circles over the last quarter-century. Yet today, it’s the neocons who feel most threatened by, and most hostile to, the Trump phenomenon. 
We can pause to offer a contextual point: floating somewhere among the first three categories—libertarians, isolationists, hawks—are the foreign-policy realists. These, of course, are the people, following in the tradition of the great scholar Hans Morgenthau, who pride themselves on seeing the world as it is, regarding foreign policy as just another application of Bismarckian wisdom—“the art of the possible.” 
The realists, disproportionately academics and think-tankers, are a savvy and well-credentialed group—or, according to critics, cynical and world-weary. Yet either way, they have made many alliances with the aforementioned trio of groups, even as they have usually maintained their ideological flexibility. To borrow the celebrated wisdom of the 19th-century realpolitiker Lord Palmerston, realists don’t have permanent attachments; they have permanent interests. And so it seems likely that if Trump wins—or anyone like Trump in the future—many realists will be willing to emerge from their wood-paneled precincts to engage in the hurly-burly of public service. 
Returning to our basic quartet of blocs, we can quickly see that two of them, the libertarians and the neocons, have been loudly successful in the “battle of ideas.” That is, almost everyone knows where the libertarians and the neocons stand on the controversies of the moment. Meanwhile, the other two groups—the isolationists and the traditional hawks—have failed to make themselves heard. That is, until Trump. 
For the most part, the isolationists and hawks have not been organized; they’ve just been clusters of veterans, cops, gun owners, and like-minded souls gathering here and there, feeling strongly about the issues but never finding a national megaphone. Indeed, even organized groups, such as the American Legion and the Veterans of Foreign Wars, sizable as they might be, have had little impact, of late, on foreign affairs. 
This paradoxical reality—that even big groups can be voiceless, allowing smaller groups to carry the day—is well understood. Back in 1839, the historian Thomas Carlyle observed of his Britain, “The speaking classes speak and debate,” while the “deep-buried [working] class lies like an Enceladus”—a mythological giant imprisoned under a volcano. Yet, Carlyle continued, the giant under the volcano will not stay silent forever; one day it will erupt, and the inevitable eruption “has to produce earthquakes!” 
In our time, Trump has provoked the Enceladus-like earthquake. Over the past year, while the mainstream media has continued to lavish attention on the fine points of libertarianism and neoconservatism, the Peoples of the Volcano have blown up American politics. 
Trump has spoken loudly to both of his groups. To the isolationists, he has highlighted his past opposition to the Iraq and Libya misadventures, as well as his suspicions about NATO and other alliances. (Here the libertarians, too, are on board.) At the same time, he has also talked the language of the hawks, as when he has said, “Take the oil” and “Bomb the [bleep] out of them.” Trump has also attacked the Iran nuclear agreement, deriding it as “one of the worst deals ever made.” 
Thus earlier this year Trump mobilized the isolationists and the hawks, leaving the libertarians to Rand Paul and the neocons to Rubio. 
Now as we move to the general election, it appears that Trump has kept the loyalty of his core groups. Many libertarians, meanwhile, are voting for Gary Johnson—the former Republican governor at the top of the Libertarian Party’s ticket—and they are being joined, most likely as a one-off, by disaffected Republicans and Democrats. Meanwhile, the neocons, most of them, have become the objective allies, if not the overt supporters, of Hillary Clinton. 
Even if Trump loses, his energized supporters, having found their voice, will be a new and important force within the GOP—a force that could make it significantly harder for a future president to, say, “liberate” and “democratize” Syria. 
♦♦♦ 
Yet now we must skip past the unknown unknowns of the election and ask: what might we expect if Trump becomes president? 
One immediate point to be borne in mind is that it will be a challenge to fill the cabinet and the sub-cabinet—to say nothing of the thousands of “Schedule C” positions across the administration—with true Trump loyalists. Yes, of course, if Trump wins that means he will have garnered 50 million or more votes, but still, the number of people who have the right credentials and can pass all the background checks—including, for most of the top jobs, Senate confirmation—is minuscule. 
So here we might single out the foreign-policy realists as likely having a bright future in a Trump administration: after all, they are often well-credentialed and, by their nature, have prudently tended to keep their anti-Trump commentary to a minimum. (There’s a piece of inside-the-Beltway realist wisdom that seems relevant here: “You’re for what happens.”) 
Yet the path to realist dominion in a Trump administration is not smooth. As a group, they have been in eclipse since the Bush 41 era, so an entire generation of their cadres is missing. The realists do not have long lists of age-appropriate alumni ready for another spin through the revolving door. 
By contrast, the libertarians have lots of young staffers on some think-tank payroll or another. And of course, the neocons have lots of experience and contacts—yes, they screwed up the last time they were in power, but at least they know the jargon. 
Thus, unless president-elect Trump makes a genuinely heroic effort to infuse his administration with new blood, he will end up hiring a lot of folks who might not really agree with him—and who perhaps even have strongly, if quietly, opposed him. That means that the path of a Trump presidency could be channeled in an unexpected direction, as the adherents of other foreign-policy schools—including, conceivably, schools from the left—clamber aboard. As they say in DC, “personnel is policy.” 
Still, Trump has a strong personality, and it’s entirely possible that, as president, he will succeed in imprinting his unique will on his appointees. (On the other hand, the career government, starting with the State Department’s foreign service officers, might well prove to be a different story.) 
Looking further ahead, as a hypothetical President Trump surveys the situation from the Sit Room, here are nine things that will be in view: 
1. 
Trump will recall, always, that the Bush 43 presidency drove itself into a ditch on Iraq. So he will surely see the supreme value of not sending U.S. ground troops—beyond a few advisors—into Middle Eastern war zones. 
2. 
Trump will also realize that Barack Obama, for all his talk about hope and change, ended up preserving the bulk of Bush 43’s policies. The only difference is that Obama did it on the cheap, reducing defense spending as he went along. 
Obama similar to Bush—really? Yes. To be sure, Obama dropped all of Bush’s democratic messianism, but even with his cool detachment he kept all of Bush’s alliances and commitments, including those in Afghanistan and Iraq. And then he added a new international commitment: “climate change.” 
In other words, America now has a policy of “quintuple containment”: Russia, China, Iran, ISIS/al-Qaeda, and, of course, the carbon-dioxide molecule. Many would argue that today we aren’t managing any of these containments well; others insist that the Obama administration, perversely, seems most dedicated to the containment of climate change: everything else can fall apart, but if the Obamans can maintain the illusion of their international CO2 deals, as far as they are concerned all will be well. 
In addition, Uncle Sam has another hundred or so minor commitments—including bilateral defense treaties with countries most Americans have never heard of, along with special commitments to champion the rights of children, women, dissidents, endangered species, etc. On a one-by-one basis, it’s possible to admire many of these efforts; on a cumulative basis, it’s impossible to imagine how we can sustain all of them. 
3. A populist president like Trump will further realize that if the U.S. has just 4 percent of the world’s population and barely more than a fifth of world GDP, it’s not possible that we can continue to police the planet. Yes, we have many allies—on paper. Yet Trump’s critique of many of them as feckless, even faithless, resonated for one big reason: it was true. 
So Trump will likely begin the process of rethinking U.S. commitments around the world. Do we really want to risk nuclear war over the Spratly Islands? Or the eastern marches of Ukraine? Here, Trump might well default to the wisdom of the realists: big powers are just that—big powers—and so one must deal with them in all their authoritarian essentiality. And as for all the other countries of the world—some we like and some we don’t—we’re not going to change them, either. (Although in some cases, notably Iraq and Syria, partition, supervised by the great powers, may be the only solution.) 
4. 
Trump will surely see world diplomacy as an extension of what he has done best all his life—making deals. This instinct will serve him well in two ways: first, he will be sharply separating himself from his predecessors, Bush the hot-blooded unilateralist war-of-choicer and Obama the cool and detached multilateralist leader-from-behind. Second, his deal-making desire will inspire him do what needs to be done: build rapport with world leaders as a prelude to making things happen. 
To cite one immediate example: there’s no way that we will ever achieve anything resembling “peace with honor” in Afghanistan without the full cooperation of the Taliban’s masters in Pakistan. Ergo, the needed deal must be struck in Islamabad, not Kabul. 
Almost certainly, a President Trump will treat China and Russia as legitimate powers, not as rogue states that must be single-handedly tamed by America. 
Moreover, Trump’s deal-making trope also suggests that instead of sacrificing American economic interests on the altar of U.S. “leadership,” he will view the strengthening of the American economy as central to American greatness. 
5. 
Trump will further realize that his friends the realists have had a blind spot of late when it comes to economic matters. Once upon a time—that is, in the 19th century—economic nationalism was at the forefront of American foreign-policy making. In the old days, as America’s Manifest Destiny stretched beyond the continental U.S., expansionism and Hamiltonianism went together: as they used to say, trade follows the flag. Theodore Roosevelt’s digging of the Panama Canal surely ranks as one of the most successful fusions of foreign and economic policy in American history. 
Yet in the past few decades, the economic nationalists and the foreign-policy realists have drifted apart. For example, a Reagan official, Clyde Prestowitz of the Economic Strategy Institute, has been mostly ignored by the realists, who have instead embraced the conventional elite view of free trade and globalization. 
So a President Trump will have the opportunity to reunite realism and economic nationalism; he can once again put manufacturing exports, for example, at the top of the U.S. agenda. Indeed, Trump might consider other economic-nationalist gambits: for example, if we are currently defending such wealthy countries as Kuwait, Saudi Arabia, and Norway, why aren’t they investing some of the trillions of dollars in their sovereign-wealth funds into, say, American infrastructure? 
6. 
Trump will also come into power realizing that he has few friends in the foreign-policy establishment; after all, most establishmentarians opposed him vehemently. Yet that could turn out to be a real plus for the 45th president because it could enable him to discard the stodgy and outworn thinking of the “experts.” In particular, he could refute the prevailing view that the U.S. is, and always must be, the benign hegemon, altruistically policing the world, while allowing its allies, satellites—and even rivals—to manufacture everything and thereby generate the jobs, profits, and knowhow. That was always, of course, a view that elevated the ambitions and pretensions of the American elite over the well-being of the larger U.S. population—and maybe Trump can come up with a better and fairer vision. 
7. 
As an instinctive deal-maker, Trump will have the capacity to clear away the underbrush of accumulated obsolete doctrines and dogmas. To cite just one small but tragic example, there’s the dopey chain of thinking that has guided U.S. policy toward South Sudan. Today, we officially condemn both sides in that country’s ongoing civil war. Yet we might ask, how can that work out well for American interests? After all, one side or the other is going to win, and we presumably want a friend in Juba, not a Chinese-affiliated foe. 
On the larger canvas, Trump will observe that if the U.S., China, and Russia are the three countries capable of destroying the world, then it’s smart to figure out amodus vivendi among this threesome. Such practical deal-making, of course, would undermine the moralistic narrative that Xi Jinping and Vladimir Putin are the potentates of new evil empires. 
8. 
Whether or not he’s currently familiar with the terminology, Trump seems likely to recapitulate the “multipolar” system envisioned by Richard Nixon and Henry Kissinger in the 1970s. Back then, the multipolar vision included the U.S., the USSR, Western Europe, China, and Japan. 
Yet multipolarity was lost in the ’80s, as the American economy was Reaganized, the Cold War grew colder, and the Soviet Union staggered to its self-implosion. Then in the ’90s we had the “unipolar moment,” when the U.S. enjoyed “hyper-power” primacy. 
Yet as with all moments, unipolarity soon passed, undone by the Iraq quagmire, America’s economic stagnation, and the rise of other powers. So today, multipolarity seems destined to re-emerge with a slightly upgraded cast of players: the U.S., China, Russia, the European Union, and perhaps India. 
9. 
And, of course, Trump will have to build that wall along the U.S.-Mexican border. 
♦♦♦ 
Some might object that I am reading too much into Trump. Indeed, the conventional wisdom, even today, maintains that Trump is visceral, not intellectual, that he is buffoonish, not Kissingerian. 
To such critics, this Trump supporter feels compelled to respond: when has the conventional wisdom about the New Yorker been proven correct? 
It’s not easy to become president. In all of U.S. history, just 42 individuals have been elected to the presidency—or to the vice presidency and succeeded a fallen president. That is, indeed, an exclusive club. Or as Trump himself might say, it’s not a club for dummies. 
If Trump does, in fact, become the 45th president, then by definition, he will have proven himself to be pretty darn strategic. And that’s a portent that bodes well for his foreign policy. Did you enjoy this article? - Consider helping us! Russia Insider depends on your donations: the more you give, the more we can do. $1 $10 Other amount 
If you wish you make a tax-deductible contribution of $1,000 or more, please visit our Support page for instructions Click here for our commenting guidelines On fire"
cnn,real_syn_multisource,welfake,REAL,FAKE,0.8008,isot,"Obama unveils wage insurance plan to spur job seekers. WASHINGTON - U.S. President Barack Obama on Saturday laid out a plan to help support the income of workers who lose their jobs and end up in lower paying positions, as part of a push to get unemployed Americans back to work. The proposal would offer experienced workers who now make less than $50,000 a form of wage insurance, allowing them to replace half of their lost pay. The benefit would cover up to $10,000 over two years. “It’s a way to give families some stability and encourage folks to rejoin the workforce - because we shouldn’t just be talking about unemployment; we should be talking about re-employment,” Obama said in his weekly radio and Internet address, broadcast on Saturday. The wage insurance proposal will be included in a broader effort to overhaul the unemployment insurance system. Details about the program’s proposed funding will be further outlined in Obama’s budget for fiscal year 2017 expected to be released next month. Obama promised in his State of the Union earlier this week to advocate for legislative action on issues with bipartisan support during his last year in office. During the address, he pointed to wage insurance as one measure where lawmakers may be able to work together. The White House plan would require states to provide insurance for workers laid off from jobs they had held for at least three years. The plan would be federally-funded, but it would be administered through state unemployment insurance programs. Other measures proposed by the White House on Saturday included a requirement that all states provide at least 26 weeks of unemployment insurance benefits, and the creation of a permanent program that would automatically provide up to 52 additional weeks of federally-funded benefits for states experiencing rapid job-losses or high unemployment."
cnn,real_syn_multisource,welfake,REAL,FAKE,0.7875,isot,"At least 65 media workers killed doing their jobs in 2017: Reporters Without Borders. BERLIN (Reuters) - At least 65 media workers around the world have been killed doing their jobs this year, media freedom organization Reporters Without Borders said on Tuesday. Among the dead were 50 professional journalists, seven citizen journalists and eight other media workers. The five most dangerous countries were Syria, Mexico, Afghanistan, Iraq and the Philippines. Of those killed, 35 died in regions where armed conflict is ongoing while 30 were killed outside of such areas. Thirty-nine of those killed were targeted for their journalistic work such as reporting on political corruption or organized crime while the other 26 were killed while working due to shelling and bomb attacks, for example.   It s alarming that so many journalists were murdered outside of war zones,  said Katja Gloger, a board member of Reporters Without Borders.  In far too many countries perpetrators can assume they ll get off scot-free if they re violent towards media professionals,  she added. The organization said more than 300 media workers were currently in prison, with around half of those in five countries, namely Turkey, China, Syria, Iran and Vietnam."
cnn,real_syn_multisource,welfake,REAL,FAKE,0.7798,isot,"Mexico to cut share of refined sugar sent to U.S., minister says. MEXICO CITY (Reuters) - Mexico will reduce the proportion of refined sugar it can export to the United States to 30 percent under a new agreement likely to be announced later today, Mexican Economy Minister Ildefonso Guajardo said on Mexican radio on Tuesday. Currently, the proportion of refined sugar exports from total sugar exports Mexico can send to the United States is 53 percent."
cnn,real_syn_multisource,welfake,REAL,FAKE,0.7793,isot,"National Party leads in New Zealand polls; New Zealand First still likely kingmaker. WELLINGTON (Reuters) - Votes cast for New Zealand s ruling National Party hit 46.5 percent on Saturday evening with 70 percent of results counted, putting the center-right party in the lead as it vies for a fourth term in government, according to the Electoral Commission.  Center-left Labour accounted for 35.5 percent and its possible coalition partner, the Green Party had 5.9 percent of the vote.  Still, the National Party would likely need the populist New Zealand First Party, which had 7.4 percent of the vote, to form a government. A complete preliminary count was expected by around 2330 local time, but the final result, which would also include ballots cast by New Zealanders overseas, would not be released until Oct. 7."
cnn,real_syn_multisource,welfake,REAL,FAKE,0.7787,isot,"Trump says still wants to drop U.S. corporate tax rate to 15 percent. SPRINGFIELD, Mo. (Reuters) - President Donald Trump said on Wednesday he still wants to see the U.S. corporate tax rate drop to 15 percent, saying cutting it is essential for the nation to regain its competitive edge. “We must reduce the tax rate on American businesses so they keep jobs in America, create jobs in America and compete for workers right here in America,” Trump said in a speech aimed at shoring up support for a broad tax-cut plan. “Ideally ... we would like to bring our business tax rate down to 15 percent,” he said."
cnn,real_syn_multisource,welfake,REAL,FAKE,0.7657,isot,"Bosnian pensioners stage street protests for pension rise. SARAJEVO (Reuters) - Thousands of pensioners from across Bosnia s Bosniak-Croat Federation, most of whom live on the edge of poverty, took to the streets in Sarajevo on Wednesday to protest for a rise in pensions and better social and health care. Out of about 410,000 pensioners living in the Bosnian region, nearly two-thirds live on minimum payments of 326 Bosnian marka ($196) a month, while the average pension amounts to 370 marka compared to an average wage of 870 marka.  With five pensioners to every six employed people in the Bosnian region, the government, which has yet to come up with an overall reform plan for the pension system, is struggling to make payments on time. Some pension fund officials say the system survives on low pensions, which are the lowest in the Balkans. The pensioners, some carrying placards reading  Stop the Robbery  and  Give Us back Our Dignity , called for a 10 percent rise in payments which have not been increased since 2014.  Pensions are low, medicines expensive and we have to pay electricity, water, telephone,  said Alosman Halic from the northern town of Lukavac, who has worked for 45 years and receives 326 marka pension.   After we pay our bills, there is nothing left for us,  says his wife Isura, adding they could not survive without help from their children. Youth unemployment is high at more than 60 percent, scores of young people having left the Balkan country which was left  impoverished by the 1992-95 war and is riven by political and ethnic divisions.  On Tuesday, the Federation government adopted a new draft pension law, envisaging a 10 percent rise of pensions for some categories and five percent increase for other categories. The law now needs to be approved by the region s parliament, where the passage of laws is often blocked over political bickering.  The situation is also grave in the Serb Republic, Bosnia s other autonomous region, where the level of employed is almost equal with that of retired people. Earlier this month, the government there decided to raise the minimum pension to 360 marka."
cnn,real_syn_multisource,welfake,FAKE,REAL,0.7617,welfake,"Clinton campaign urges FBI to detail new developments in email case. By Reuters   6:34 pm Democrat Hillary Clinton's top aides on Saturday lashed out at FBI Director James Comey for igniting a new controversy over a long-running private email investigation less than two weeks before the presidential election, saying there was no evidence of wrongdoing and accusing him of spreading ""innuendo.""   
By Roberta Rampton and Steve Holland 
DAYTONA BEACH, Fla./GOLDEN, Colo. (Reuters) – Democrat Hillary Clinton’s top aides on Saturday lashed out at FBI Director James Comey for igniting a new controversy over a long-running private email investigation less than two weeks before the presidential election, saying there was no evidence of wrongdoing and accusing him of spreading “innuendo.” 
Comey, who has headed the Federal Bureau of Investigation since 2013, notified the U.S. Congress on Friday that the agency is again reviewing emails, even though in July it decided not to seek prosecution of Clinton for her handling of classified materials on a private email server while she was secretary of state. 
John Podesta, who heads Clinton’s presidential campaign, told reporters that Comey’s letter to Congress was “light on facts, heavy on innuendo,” and he urged Comey to “come forward and give those answers to the American public” about the exact nature of the FBI’s latest review of emails. 
Sources close to the investigation on Friday said the latest emails were discovered as part of a separate probe into Anthony Weiner, the estranged husband of top Clinton aide Huma Abedin. 
Weiner, a former U.S. congressman from New York, is the target of an FBI investigation into illicit text messages he is alleged to have sent to a 15-year-old girl in North Carolina. 
With the Nov. 8 elections quickly approaching, Republican presidential candidate Donald Trump pounded away at the new FBI development, devoting a large part of a campaign speech in Golden, Colorado, to attacking Clinton and arguing that she is not to be trusted with the presidency. 
“Her criminal action was willful, deliberate, intentional and purposeful,” Trump said, standing in front of hay bales stacked in a horse barn. “Hillary set up an illegal server for the obvious purpose of shielding her illegal actions from public disclosure and exposure.” 
Comey, however, has not provided any details on whether the emails now under review are being seen for the first time by the FBI or the nature of their contents. 
Clinton’s campaign tried to play down the new review. “There’s no evidence of wrongdoing, no charge of wrongdoing,” Podesta said, in the FBI’s latest announcement that it was taking “appropriate investigative steps” after learning of emails “that appear to be pertinent” to the earlier probe. 
Clinton campaign manager Robby Mook, trying to tamp down speculation of a voter backlash this late in the campaign, said Americans had already “factored” what they knew about the email investigation into how they would cast their ballots. 
“We don’t see it changing the landscape” for undecided voters, Mook said. 
Clinton aides also said this latest controversy has further energized her supporters. 
Clinton was campaigning in Florida on Saturday, a battleground state that many analysts say Trump must win in order to have any chance of being elected. 
In recent weeks, Trump has been running behind Clinton in most public opinion polls. 
Justice Department officials, according to a source who asked not to be identified, were opposed to the FBI director’s letter being sent to Congress and believe his actions conflict with a Justice Department memo outlining instructions that agencies should not to act in ways that could influence elections. 
While Attorney General Loretta Lynch did not discuss the matter directly with Comey, the source said aides were in touch with each other. 
Comey let it be known he felt he had to send the letter as a follow-up to his congressional testimony earlier this year regarding the FBI’s probe of Clinton’s emails, the source said. 
Meanwhile, Clinton supporters rallied to her defense following Friday’s FBI disclosure. 
The Congressional Black Caucus, comprised of about 45 members of the House of Representatives, nearly all Democrats, held a news conference in Columbus, Ohio, and urged Comey to release more details. 
(Reporting by Steve Holland in Golden, Colorado, ans Roberta Rampton in Daytona Beach, Florida; Additional reporting by Mark Hosenball in Washington; Writing by Richard Cowan; Editing by James Dalgleish and Leslie Adlerand Leslie Adler) 
Clinton campaign urges FBI to detail new developments in email case added by Reuters on Sat, Oct 29th, 2016"
cnn,real_syn_multisource,welfake,FAKE,REAL,0.7554,welfake,"Elite Nazi-allied Order From Hungary Claims Trump Adviser Sebastian Gorka Is Sworn Member. Lili Bayer and Larry Cohler-Esses HaaretzSebastian Gorka, President Trump s top counter-terrorism adviser, is a formal member of a Hungarian far-right group that is listed by the U.S. State Department as having been  under the direction of the Nazi Government of Germany  during World War II, leaders of the organization have told the Forward.The elite order, known as the Vit zi Rend, was established as a loyalist group by Admiral Miklos Horthy, who ruled Hungary as a staunch nationalist from 1920 to October 1944. A self-confessed anti-Semite, Horthy imposed restrictive Jewish laws prior to World War II and collaborated with Hitler during the conflict. His cooperation with the Nazi regime included the deportation of hundreds of thousands of Jews into Nazi hands. STRANGE CHARACTER: People are now questioning why Trump hired bizarre Hungarian author as his  terrorism  expert.Gorka s membership in the organization   if these Vit zi Rend leaders are correct, and if Gorka did not disclose this when he entered the United States as an immigrant   could have implications for his immigration status. The State Department s Foreign Affairs Manual specifies that members of the Vit zi Rend  are presumed to be inadmissible  to the country under the Immigration and Nationality Act.Gorka   who Vit zi Rend leaders say took a lifelong oath of loyalty to their group   did not respond to multiple emails sent to his work and personal accounts, asking whether he is a member of the Vit zi Rend and, if so, whether he disclosed this on his immigration application and on his application to be naturalized as a U.S. citizen in 2012. The White House also did not respond to a request for comment.Continue this story at HaaretzREAD MORE TRUMP NEWS AT: 21st Century Wire Trump FilesSUPPORT OUR WORK BY SUBSCRIBING & BECOMING A MEMBER @21WIRE.TV"
